observation_index,capture_wall_time_ms,execution_state,timeline_s,commanded_json,actual_json,torque_json
0,1788494749264,ARMED,0.0,"{""left"":{""valid"":false,""status"":""MISSING"",""sample_index"":null,""time_from_start_s"":null,""joints_rad"":null,""source"":""LATEST SUCCESSFUL PHASE5 SERVO_J COMMAND \u2014 DRIVER MEMORY"",""error"":null},""right"":{""valid"":false,""status"":""MISSING"",""sample_index"":null,""time_from_start_s"":null,""joints_rad"":null,""source"":""LATEST SUCCESSFUL PHASE5 SERVO_J COMMAND \u2014 DRIVER MEMORY"",""error"":null}}","{""left"":{""valid"":true,""fresh"":true,""status"":""FRESH"",""joints_rad"":[3.0417284044491817,0.6269378007467059,-1.607982486370813,1.4895400800073477,-0.058725791473554,0.5928265622469531],""received_at_ms"":1788494749238,""age_ms"":26,""source"":""jaka_port10000_actual_feedback"",""mapping"":""port10000_joint_actual_position_deg_to_rad"",""error"":null},""right"":{""valid"":true,""fresh"":true,""status"":""FRESH"",""joints_rad"":[0.09737802762114563,2.5494717279594212,1.616937072631095,-1.4869535020558924,3.191701754546251,2.573250966353218],""received_at_ms"":1788494749257,""age_ms"":7,""source"":""jaka_port10000_actual_feedback"",""mapping"":""port10000_joint_actual_position_deg_to_rad"",""error"":null}}","{""left"":{""values"":[-125.16528163250769,-11.169457867654273,1.97265625,-4.660400390625,0.22808837890625,-0.123291015625],""received_at_ms"":1788494748718,""valid"":true,""status"":""VALID"",""error"":null,""source"":""/left_jaka_driver/joint_torque_raw"",""age_ms"":544,""fresh"":true},""right"":{""values"":[119.60861666317214,0.3928955028823111,-4.167236328125,4.88232421875,-0.271240234375,0.369873046875],""received_at_ms"":1788494749077,""valid"":true,""status"":""VALID"",""error"":null,""source"":""/right_jaka_driver/joint_torque_raw"",""age_ms"":185,""fresh"":true}}"
1,1788494749360,ARMED,0.0,"{""left"":{""valid"":false,""status"":""MISSING"",""sample_index"":null,""time_from_start_s"":null,""joints_rad"":null,""source"":""LATEST SUCCESSFUL PHASE5 SERVO_J COMMAND \u2014 DRIVER MEMORY"",""error"":null},""right"":{""valid"":false,""status"":""MISSING"",""sample_index"":null,""time_from_start_s"":null,""joints_rad"":null,""source"":""LATEST SUCCESSFUL PHASE5 SERVO_J COMMAND \u2014 DRIVER MEMORY"",""error"":null}}","{""left"":{""valid"":true,""fresh"":true,""status"":""FRESH"",""joints_rad"":[3.041704493438429,0.6269257579748672,-1.6079945291426516,1.4895161689965954,-0.05873765971246756,0.5928145194751143],""received_at_ms"":1788494749330,""age_ms"":30,""source"":""jaka_port10000_actual_feedback"",""mapping"":""port10000_joint_actual_position_deg_to_rad"",""error"":null},""right"":{""valid"":true,""fresh"":true,""status"":""FRESH"",""joints_rad"":[0.09737802762114563,2.5494717279594212,1.616937072631095,-1.4869535020558924,3.191701754546251,2.573250966353218],""received_at_ms"":1788494749257,""age_ms"":103,""source"":""jaka_port10000_actual_feedback"",""mapping"":""port10000_joint_actual_position_deg_to_rad"",""error"":null}}","{""left"":{""values"":[-125.16528163250769,-11.169457867654273,1.97265625,-4.660400390625,0.22808837890625,-0.123291015625],""received_at_ms"":1788494748718,""valid"":true,""status"":""VALID"",""error"":null,""source"":""/left_jaka_driver/joint_torque_raw"",""age_ms"":642,""fresh"":true},""right"":{""values"":[119.60861666317214,0.3928955028823111,-4.167236328125,4.88232421875,-0.271240234375,0.369873046875],""received_at_ms"":1788494749077,""valid"":true,""status"":""VALID"",""error"":null,""source"":""/right_jaka_driver/joint_torque_raw"",""age_ms"":283,""fresh"":true}}"
2,1788494749458,ARMED,0.0,"{""left"":{""valid"":false,""status"":""MISSING"",""sample_index"":null,""time_from_start_s"":null,""joints_rad"":null,""source"":""LATEST SUCCESSFUL PHASE5 SERVO_J COMMAND \u2014 DRIVER MEMORY"",""error"":null},""right"":{""valid"":false,""status"":""MISSING"",""sample_index"":null,""time_from_start_s"":null,""joints_rad"":null,""source"":""LATEST SUCCESSFUL PHASE5 SERVO_J COMMAND \u2014 DRIVER MEMORY"",""error"":null}}","{""left"":{""valid"":true,""fresh"":true,""status"":""FRESH"",""joints_rad"":[3.0417165362102683,0.6269496689856195,-1.6079706181318993,1.4895400800073477,-0.058725791473554,0.5928145194751143],""received_at_ms"":1788494749403,""age_ms"":55,""source"":""jaka_port10000_actual_feedback"",""mapping"":""port10000_joint_actual_position_deg_to_rad"",""error"":null},""right"":{""valid"":true,""fresh"":true,""status"":""FRESH"",""joints_rad"":[0.09737802762114563,2.5494717279594212,1.6169609836418473,-1.4869414592840535,3.191701754546251,2.5732389235813793],""received_at_ms"":1788494749370,""age_ms"":88,""source"":""jaka_port10000_actual_feedback"",""mapping"":""port10000_joint_actual_position_deg_to_rad"",""error"":null}}","{""left"":{""values"":[-125.16528163250769,-11.169457867654273,1.97265625,-4.660400390625,0.22808837890625,-0.123291015625],""received_at_ms"":1788494748718,""valid"":true,""status"":""VALID"",""error"":null,""source"":""/left_jaka_driver/joint_torque_raw"",""age_ms"":740,""fresh"":true},""right"":{""values"":[119.60861666317214,0.3928955028823111,-4.167236328125,4.88232421875,-0.271240234375,0.369873046875],""received_at_ms"":1788494749077,""valid"":true,""status"":""VALID"",""error"":null,""source"":""/right_jaka_driver/joint_torque_raw"",""age_ms"":381,""fresh"":true}}"
3,1788494749561,ARMED,0.0,"{""left"":{""valid"":false,""status"":""MISSING"",""sample_index"":null,""time_from_start_s"":null,""joints_rad"":null,""source"":""LATEST SUCCESSFUL PHASE5 SERVO_J COMMAND \u2014 DRIVER MEMORY"",""error"":null},""right"":{""valid"":false,""status"":""MISSING"",""sample_index"":null,""time_from_start_s"":null,""joints_rad"":null,""source"":""LATEST SUCCESSFUL PHASE5 SERVO_J COMMAND \u2014 DRIVER MEMORY"",""error"":null}}","{""left"":{""valid"":true,""fresh"":true,""status"":""FRESH"",""joints_rad"":[3.0417284044491817,0.6269496689856195,-1.6080065719144905,1.4895161689965954,-0.05873765971246756,0.5928024767032757],""received_at_ms"":1788494749520,""age_ms"":41,""source"":""jaka_port10000_actual_feedback"",""mapping"":""port10000_joint_actual_position_deg_to_rad"",""error"":null},""right"":{""valid"":true,""fresh"":true,""status"":""FRESH"",""joints_rad"":[0.09737802762114563,2.5494717279594212,1.6169609836418473,-1.4869414592840535,3.191701754546251,2.5732389235813793],""received_at_ms"":1788494749548,""age_ms"":13,""source"":""jaka_port10000_actual_feedback"",""mapping"":""port10000_joint_actual_position_deg_to_rad"",""error"":null}}","{""left"":{""values"":[-125.16528163250769,-11.169457867654273,1.97265625,-4.660400390625,0.22808837890625,-0.123291015625],""received_at_ms"":1788494748718,""valid"":true,""status"":""VALID"",""error"":null,""source"":""/left_jaka_driver/joint_torque_raw"",""age_ms"":843,""fresh"":true},""right"":{""values"":[119.60861666317214,0.3928955028823111,-4.167236328125,4.88232421875,-0.271240234375,0.369873046875],""received_at_ms"":1788494749077,""valid"":true,""status"":""VALID"",""error"":null,""source"":""/right_jaka_driver/joint_torque_raw"",""age_ms"":484,""fresh"":true}}"
4,1788494749659,ARMED,0.0,"{""left"":{""valid"":false,""status"":""MISSING"",""sample_index"":null,""time_from_start_s"":null,""joints_rad"":null,""source"":""LATEST SUCCESSFUL PHASE5 SERVO_J COMMAND \u2014 DRIVER MEMORY"",""error"":null},""right"":{""valid"":false,""status"":""MISSING"",""sample_index"":null,""time_from_start_s"":null,""joints_rad"":null,""source"":""LATEST SUCCESSFUL PHASE5 SERVO_J COMMAND \u2014 DRIVER MEMORY"",""error"":null}}","{""left"":{""valid"":true,""fresh"":true,""status"":""FRESH"",""joints_rad"":[3.0417165362102683,0.6269378007467059,-1.6079945291426516,1.4895161689965954,-0.05873765971246756,0.5928265622469531],""received_at_ms"":1788494749656,""age_ms"":3,""source"":""jaka_port10000_actual_feedback"",""mapping"":""port10000_joint_actual_position_deg_to_rad"",""error"":null},""right"":{""valid"":true,""fresh"":true,""status"":""FRESH"",""joints_rad"":[0.09737802762114563,2.5494835961983346,1.6169491154029338,-1.4869535020558924,3.191713622785165,2.5732389235813793],""received_at_ms"":1788494749616,""age_ms"":43,""source"":""jaka_port10000_actual_feedback"",""mapping"":""port10000_joint_actual_position_deg_to_rad"",""error"":null}}","{""left"":{""values"":[-125.16528163250769,-11.169457867654273,1.97265625,-4.660400390625,0.22808837890625,-0.123291015625],""received_at_ms"":1788494748718,""valid"":true,""status"":""VALID"",""error"":null,""source"":""/left_jaka_driver/joint_torque_raw"",""age_ms"":941,""fresh"":true},""right"":{""values"":[119.60861666317214,0.3928955028823111,-4.167236328125,4.88232421875,-0.271240234375,0.369873046875],""received_at_ms"":1788494749077,""valid"":true,""status"":""VALID"",""error"":null,""source"":""/right_jaka_driver/joint_torque_raw"",""age_ms"":582,""fresh"":true}}"
5,1788494749769,ARMED,0.0,"{""left"":{""valid"":false,""status"":""MISSING"",""sample_index"":null,""time_from_start_s"":null,""joints_rad"":null,""source"":""LATEST SUCCESSFUL PHASE5 SERVO_J COMMAND \u2014 DRIVER MEMORY"",""error"":null},""right"":{""valid"":false,""status"":""MISSING"",""sample_index"":null,""time_from_start_s"":null,""joints_rad"":null,""source"":""LATEST SUCCESSFUL PHASE5 SERVO_J COMMAND \u2014 DRIVER MEMORY"",""error"":null}}","{""left"":{""valid"":true,""fresh"":true,""status"":""FRESH"",""joints_rad"":[3.0417165362102683,0.6269378007467059,-1.6079945291426516,1.4895161689965954,-0.05873765971246756,0.5928265622469531],""received_at_ms"":1788494749656,""age_ms"":113,""source"":""jaka_port10000_actual_feedback"",""mapping"":""port10000_joint_actual_position_deg_to_rad"",""error"":null},""right"":{""valid"":true,""fresh"":true,""status"":""FRESH"",""joints_rad"":[0.09736598484930686,2.5494835961983346,1.6169491154029338,-1.4869295910451399,3.1916897117744125,2.5732268808095404],""received_at_ms"":1788494749722,""age_ms"":47,""source"":""jaka_port10000_actual_feedback"",""mapping"":""port10000_joint_actual_position_deg_to_rad"",""error"":null}}","{""left"":{""values"":[-125.16528163250769,-11.169457867654273,1.97265625,-4.660400390625,0.22808837890625,-0.123291015625],""received_at_ms"":1788494748718,""valid"":true,""status"":""VALID"",""error"":null,""source"":""/left_jaka_driver/joint_torque_raw"",""age_ms"":1051,""fresh"":true},""right"":{""values"":[119.60861666317214,0.3928955028823111,-4.167236328125,4.88232421875,-0.271240234375,0.369873046875],""received_at_ms"":1788494749077,""valid"":true,""status"":""VALID"",""error"":null,""source"":""/right_jaka_driver/joint_torque_raw"",""age_ms"":692,""fresh"":true}}"
6,1788494749862,ARMED,0.0,"{""left"":{""valid"":false,""status"":""MISSING"",""sample_index"":null,""time_from_start_s"":null,""joints_rad"":null,""source"":""LATEST SUCCESSFUL PHASE5 SERVO_J COMMAND \u2014 DRIVER MEMORY"",""error"":null},""right"":{""valid"":false,""status"":""MISSING"",""sample_index"":null,""time_from_start_s"":null,""joints_rad"":null,""source"":""LATEST SUCCESSFUL PHASE5 SERVO_J COMMAND \u2014 DRIVER MEMORY"",""error"":null}}","{""left"":{""valid"":true,""fresh"":true,""status"":""FRESH"",""joints_rad"":[3.0416924506665906,0.6269378007467059,-1.6079706181318993,1.4895400800073477,-0.05873765971246756,0.5928024767032757],""received_at_ms"":1788494749779,""age_ms"":83,""source"":""jaka_port10000_actual_feedback"",""mapping"":""port10000_joint_actual_position_deg_to_rad"",""error"":null},""right"":{""valid"":true,""fresh"":true,""status"":""FRESH"",""joints_rad"":[0.09737802762114563,2.5494717279594212,1.6169609836418473,-1.4869414592840535,3.191701754546251,2.5732268808095404],""received_at_ms"":1788494749790,""age_ms"":72,""source"":""jaka_port10000_actual_feedback"",""mapping"":""port10000_joint_actual_position_deg_to_rad"",""error"":null}}","{""left"":{""values"":[-125.16528163250769,-11.169457867654273,1.97265625,-4.660400390625,0.22808837890625,-0.123291015625],""received_at_ms"":1788494748718,""valid"":true,""status"":""VALID"",""error"":null,""source"":""/left_jaka_driver/joint_torque_raw"",""age_ms"":1144,""fresh"":true},""right"":{""values"":[119.60861666317214,0.3928955028823111,-4.167236328125,4.88232421875,-0.271240234375,0.369873046875],""received_at_ms"":1788494749077,""valid"":true,""status"":""VALID"",""error"":null,""source"":""/right_jaka_driver/joint_torque_raw"",""age_ms"":785,""fresh"":true}}"
7,1788494749964,ARMED,0.0,"{""left"":{""valid"":false,""status"":""MISSING"",""sample_index"":null,""time_from_start_s"":null,""joints_rad"":null,""source"":""LATEST SUCCESSFUL PHASE5 SERVO_J COMMAND \u2014 DRIVER MEMORY"",""error"":null},""right"":{""valid"":false,""status"":""MISSING"",""sample_index"":null,""time_from_start_s"":null,""joints_rad"":null,""source"":""LATEST SUCCESSFUL PHASE5 SERVO_J COMMAND \u2014 DRIVER MEMORY"",""error"":null}}","{""left"":{""valid"":true,""fresh"":true,""status"":""FRESH"",""joints_rad"":[3.041704493438429,0.6269137152030284,-1.6079945291426516,1.4895400800073477,-0.05873765971246756,0.5928145194751143],""received_at_ms"":1788494749898,""age_ms"":66,""source"":""jaka_port10000_actual_feedback"",""mapping"":""port10000_joint_actual_position_deg_to_rad"",""error"":null},""right"":{""valid"":true,""fresh"":true,""status"":""FRESH"",""joints_rad"":[0.09738989586005918,2.5494717279594212,1.616937072631095,-1.4869295910451399,3.191701754546251,2.5732389235813793],""received_at_ms"":1788494749880,""age_ms"":84,""source"":""jaka_port10000_actual_feedback"",""mapping"":""port10000_joint_actual_position_deg_to_rad"",""error"":null}}","{""left"":{""values"":[-125.16528163250769,-11.169457867654273,1.97265625,-4.660400390625,0.22808837890625,-0.123291015625],""received_at_ms"":1788494748718,""valid"":true,""status"":""VALID"",""error"":null,""source"":""/left_jaka_driver/joint_torque_raw"",""age_ms"":1246,""fresh"":true},""right"":{""values"":[119.60861666317214,0.3928955028823111,-4.167236328125,4.88232421875,-0.271240234375,0.369873046875],""received_at_ms"":1788494749077,""valid"":true,""status"":""VALID"",""error"":null,""source"":""/right_jaka_driver/joint_torque_raw"",""age_ms"":887,""fresh"":true}}"
8,1788494750059,ARMED,0.0,"{""left"":{""valid"":false,""status"":""MISSING"",""sample_index"":null,""time_from_start_s"":null,""joints_rad"":null,""source"":""LATEST SUCCESSFUL PHASE5 SERVO_J COMMAND \u2014 DRIVER MEMORY"",""error"":null},""right"":{""valid"":false,""status"":""MISSING"",""sample_index"":null,""time_from_start_s"":null,""joints_rad"":null,""source"":""LATEST SUCCESSFUL PHASE5 SERVO_J COMMAND \u2014 DRIVER MEMORY"",""error"":null}}","{""left"":{""valid"":true,""fresh"":true,""status"":""FRESH"",""joints_rad"":[3.0417165362102683,0.6269378007467059,-1.6080184401534041,1.489528037235509,-0.058749702484306325,0.5928265622469531],""received_at_ms"":1788494750039,""age_ms"":20,""source"":""jaka_port10000_actual_feedback"",""mapping"":""port10000_joint_actual_position_deg_to_rad"",""error"":null},""right"":{""valid"":true,""fresh"":true,""status"":""FRESH"",""joints_rad"":[0.09737802762114563,2.5494717279594212,1.6169609836418473,-1.4869414592840535,3.191701754546251,2.5732389235813793],""received_at_ms"":1788494749979,""age_ms"":80,""source"":""jaka_port10000_actual_feedback"",""mapping"":""port10000_joint_actual_position_deg_to_rad"",""error"":null}}","{""left"":{""values"":[-125.16528163250769,-11.169457867654273,1.97265625,-4.660400390625,0.22808837890625,-0.123291015625],""received_at_ms"":1788494748718,""valid"":true,""status"":""VALID"",""error"":null,""source"":""/left_jaka_driver/joint_torque_raw"",""age_ms"":1341,""fresh"":true},""right"":{""values"":[119.60861666317214,0.3928955028823111,-4.167236328125,4.88232421875,-0.271240234375,0.369873046875],""received_at_ms"":1788494749077,""valid"":true,""status"":""VALID"",""error"":null,""source"":""/right_jaka_driver/joint_torque_raw"",""age_ms"":982,""fresh"":true}}"
9,1788494750163,ARMED,0.0,"{""left"":{""valid"":false,""status"":""MISSING"",""sample_index"":null,""time_from_start_s"":null,""joints_rad"":null,""source"":""LATEST SUCCESSFUL PHASE5 SERVO_J COMMAND \u2014 DRIVER MEMORY"",""error"":null},""right"":{""valid"":false,""status"":""MISSING"",""sample_index"":null,""time_from_start_s"":null,""joints_rad"":null,""source"":""LATEST SUCCESSFUL PHASE5 SERVO_J COMMAND \u2014 DRIVER MEMORY"",""error"":null}}","{""left"":{""valid"":true,""fresh"":true,""status"":""FRESH"",""joints_rad"":[3.0417165362102683,0.6268898041922761,-1.6079945291426516,1.489528037235509,-0.05873765971246756,0.5928024767032757],""received_at_ms"":1788494750157,""age_ms"":6,""source"":""jaka_port10000_actual_feedback"",""mapping"":""port10000_joint_actual_position_deg_to_rad"",""error"":null},""right"":{""valid"":true,""fresh"":true,""status"":""FRESH"",""joints_rad"":[0.09737802762114563,2.5494717279594212,1.6169491154029338,-1.4869414592840535,3.191701754546251,2.5732628345921316],""received_at_ms"":1788494750095,""age_ms"":68,""source"":""jaka_port10000_actual_feedback"",""mapping"":""port10000_joint_actual_position_deg_to_rad"",""error"":null}}","{""left"":{""values"":[-125.16528163250769,-11.169457867654273,1.97265625,-4.660400390625,0.22808837890625,-0.123291015625],""received_at_ms"":1788494748718,""valid"":true,""status"":""VALID"",""error"":null,""source"":""/left_jaka_driver/joint_torque_raw"",""age_ms"":1445,""fresh"":true},""right"":{""values"":[119.60861666317214,0.3928955028823111,-4.167236328125,4.88232421875,-0.271240234375,0.369873046875],""received_at_ms"":1788494749077,""valid"":true,""status"":""VALID"",""error"":null,""source"":""/right_jaka_driver/joint_torque_raw"",""age_ms"":1086,""fresh"":true}}"
10,1788494750265,ARMED,0.0,"{""left"":{""valid"":false,""status"":""MISSING"",""sample_index"":null,""time_from_start_s"":null,""joints_rad"":null,""source"":""LATEST SUCCESSFUL PHASE5 SERVO_J COMMAND \u2014 DRIVER MEMORY"",""error"":null},""right"":{""valid"":false,""status"":""MISSING"",""sample_index"":null,""time_from_start_s"":null,""joints_rad"":null,""source"":""LATEST SUCCESSFUL PHASE5 SERVO_J COMMAND \u2014 DRIVER MEMORY"",""error"":null}}","{""left"":{""valid"":true,""fresh"":true,""status"":""FRESH"",""joints_rad"":[3.0417284044491817,0.6269018469641149,-1.607982486370813,1.489528037235509,-0.058725791473554,0.5928145194751143],""received_at_ms"":1788494750226,""age_ms"":39,""source"":""jaka_port10000_actual_feedback"",""mapping"":""port10000_joint_actual_position_deg_to_rad"",""error"":null},""right"":{""valid"":true,""fresh"":true,""status"":""FRESH"",""joints_rad"":[0.09737802762114563,2.549459685187583,1.616937072631095,-1.4869535020558924,3.191701754546251,2.5732389235813793],""received_at_ms"":1788494750194,""age_ms"":71,""source"":""jaka_port10000_actual_feedback"",""mapping"":""port10000_joint_actual_position_deg_to_rad"",""error"":null}}","{""left"":{""values"":[-125.16528163250769,-11.169457867654273,1.97265625,-4.660400390625,0.22808837890625,-0.123291015625],""received_at_ms"":1788494748718,""valid"":true,""status"":""STALE"",""error"":""Torque sample age 1547 ms exceeds 1500 ms"",""source"":""/left_jaka_driver/joint_torque_raw"",""age_ms"":1547,""fresh"":false},""right"":{""values"":[119.60861666317214,0.3928955028823111,-4.167236328125,4.88232421875,-0.271240234375,0.369873046875],""received_at_ms"":1788494749077,""valid"":true,""status"":""VALID"",""error"":null,""source"":""/right_jaka_driver/joint_torque_raw"",""age_ms"":1188,""fresh"":true}}"
11,1788494750363,ARMED,0.0,"{""left"":{""valid"":false,""status"":""MISSING"",""sample_index"":null,""time_from_start_s"":null,""joints_rad"":null,""source"":""LATEST SUCCESSFUL PHASE5 SERVO_J COMMAND \u2014 DRIVER MEMORY"",""error"":null},""right"":{""valid"":false,""status"":""MISSING"",""sample_index"":null,""time_from_start_s"":null,""joints_rad"":null,""source"":""LATEST SUCCESSFUL PHASE5 SERVO_J COMMAND \u2014 DRIVER MEMORY"",""error"":null}}","{""left"":{""valid"":true,""fresh"":true,""status"":""FRESH"",""joints_rad"":[3.041764358231773,0.6269137152030284,-1.6079706181318993,1.489528037235509,-0.05873765971246756,0.5928265622469531],""received_at_ms"":1788494750294,""age_ms"":69,""source"":""jaka_port10000_actual_feedback"",""mapping"":""port10000_joint_actual_position_deg_to_rad"",""error"":null},""right"":{""valid"":true,""fresh"":true,""status"":""FRESH"",""joints_rad"":[0.09737802762114563,2.5494717279594212,1.616937072631095,-1.4869414592840535,3.1916897117744125,2.5732268808095404],""received_at_ms"":1788494750270,""age_ms"":93,""source"":""jaka_port10000_actual_feedback"",""mapping"":""port10000_joint_actual_position_deg_to_rad"",""error"":null}}","{""left"":{""values"":[-125.16528163250769,-11.169457867654273,1.97265625,-4.660400390625,0.22808837890625,-0.123291015625],""received_at_ms"":1788494748718,""valid"":true,""status"":""STALE"",""error"":""Torque sample age 1645 ms exceeds 1500 ms"",""source"":""/left_jaka_driver/joint_torque_raw"",""age_ms"":1645,""fresh"":false},""right"":{""values"":[119.60861666317214,0.3928955028823111,-4.167236328125,4.88232421875,-0.271240234375,0.369873046875],""received_at_ms"":1788494749077,""valid"":true,""status"":""VALID"",""error"":null,""source"":""/right_jaka_driver/joint_torque_raw"",""age_ms"":1286,""fresh"":true}}"
12,1788494750462,ARMED,0.0,"{""left"":{""valid"":false,""status"":""MISSING"",""sample_index"":null,""time_from_start_s"":null,""joints_rad"":null,""source"":""LATEST SUCCESSFUL PHASE5 SERVO_J COMMAND \u2014 DRIVER MEMORY"",""error"":null},""right"":{""valid"":false,""status"":""MISSING"",""sample_index"":null,""time_from_start_s"":null,""joints_rad"":null,""source"":""LATEST SUCCESSFUL PHASE5 SERVO_J COMMAND \u2014 DRIVER MEMORY"",""error"":null}}","{""left"":{""valid"":true,""fresh"":true,""status"":""FRESH"",""joints_rad"":[3.0417284044491817,0.6269257579748672,-1.6079945291426516,1.4895161689965954,-0.05873765971246756,0.5928145194751143],""received_at_ms"":1788494750419,""age_ms"":43,""source"":""jaka_port10000_actual_feedback"",""mapping"":""port10000_joint_actual_position_deg_to_rad"",""error"":null},""right"":{""valid"":true,""fresh"":true,""status"":""FRESH"",""joints_rad"":[0.09737802762114563,2.5494717279594212,1.616937072631095,-1.4869295910451399,3.1916897117744125,2.5732389235813793],""received_at_ms"":1788494750366,""age_ms"":96,""source"":""jaka_port10000_actual_feedback"",""mapping"":""port10000_joint_actual_position_deg_to_rad"",""error"":null}}","{""left"":{""values"":[-125.16528163250769,-11.169457867654273,1.97265625,-4.660400390625,0.22808837890625,-0.123291015625],""received_at_ms"":1788494748718,""valid"":true,""status"":""STALE"",""error"":""Torque sample age 1744 ms exceeds 1500 ms"",""source"":""/left_jaka_driver/joint_torque_raw"",""age_ms"":1744,""fresh"":false},""right"":{""values"":[119.60861666317214,0.3928955028823111,-4.167236328125,4.88232421875,-0.271240234375,0.369873046875],""received_at_ms"":1788494749077,""valid"":true,""status"":""VALID"",""error"":null,""source"":""/right_jaka_driver/joint_torque_raw"",""age_ms"":1385,""fresh"":true}}"
13,1788494750564,ARMED,0.0,"{""left"":{""valid"":false,""status"":""MISSING"",""sample_index"":null,""time_from_start_s"":null,""joints_rad"":null,""source"":""LATEST SUCCESSFUL PHASE5 SERVO_J COMMAND \u2014 DRIVER MEMORY"",""error"":null},""right"":{""valid"":false,""status"":""MISSING"",""sample_index"":null,""time_from_start_s"":null,""joints_rad"":null,""source"":""LATEST SUCCESSFUL PHASE5 SERVO_J COMMAND \u2014 DRIVER MEMORY"",""error"":null}}","{""left"":{""valid"":true,""fresh"":true,""status"":""FRESH"",""joints_rad"":[3.04174044722102,0.6269257579748672,-1.607982486370813,1.4895161689965954,-0.058725791473554,0.5928145194751143],""received_at_ms"":1788494750551,""age_ms"":13,""source"":""jaka_port10000_actual_feedback"",""mapping"":""port10000_joint_actual_position_deg_to_rad"",""error"":null},""right"":{""valid"":true,""fresh"":true,""status"":""FRESH"",""joints_rad"":[0.09738989586005918,2.5494717279594212,1.6169491154029338,-1.4869295910451399,3.191701754546251,2.573250966353218],""received_at_ms"":1788494750545,""age_ms"":19,""source"":""jaka_port10000_actual_feedback"",""mapping"":""port10000_joint_actual_position_deg_to_rad"",""error"":null}}","{""left"":{""values"":[-125.16528163250769,-11.169457867654273,1.97265625,-4.660400390625,0.22808837890625,-0.123291015625],""received_at_ms"":1788494748718,""valid"":true,""status"":""STALE"",""error"":""Torque sample age 1845 ms exceeds 1500 ms"",""source"":""/left_jaka_driver/joint_torque_raw"",""age_ms"":1845,""fresh"":false},""right"":{""values"":[119.60861666317214,0.3928955028823111,-4.167236328125,4.88232421875,-0.271240234375,0.369873046875],""received_at_ms"":1788494749077,""valid"":true,""status"":""VALID"",""error"":null,""source"":""/right_jaka_driver/joint_torque_raw"",""age_ms"":1486,""fresh"":true}}"
14,1788494750666,ARMED,0.0,"{""left"":{""valid"":false,""status"":""MISSING"",""sample_index"":null,""time_from_start_s"":null,""joints_rad"":null,""source"":""LATEST SUCCESSFUL PHASE5 SERVO_J COMMAND \u2014 DRIVER MEMORY"",""error"":null},""right"":{""valid"":false,""status"":""MISSING"",""sample_index"":null,""time_from_start_s"":null,""joints_rad"":null,""source"":""LATEST SUCCESSFUL PHASE5 SERVO_J COMMAND \u2014 DRIVER MEMORY"",""error"":null}}","{""left"":{""valid"":true,""fresh"":true,""status"":""FRESH"",""joints_rad"":[3.0417524899928594,0.6269257579748672,-1.6080065719144905,1.489528037235509,-0.05873765971246756,0.5928265622469531],""received_at_ms"":1788494750622,""age_ms"":44,""source"":""jaka_port10000_actual_feedback"",""mapping"":""port10000_joint_actual_position_deg_to_rad"",""error"":null},""right"":{""valid"":true,""fresh"":true,""status"":""FRESH"",""joints_rad"":[0.09737802762114563,2.5494717279594212,1.6169491154029338,-1.4869414592840535,3.191701754546251,2.5732389235813793],""received_at_ms"":1788494750616,""age_ms"":50,""source"":""jaka_port10000_actual_feedback"",""mapping"":""port10000_joint_actual_position_deg_to_rad"",""error"":null}}","{""left"":{""values"":[-125.16528163250769,-11.169457867654273,1.97265625,-4.660400390625,0.22808837890625,-0.123291015625],""received_at_ms"":1788494748718,""valid"":true,""status"":""STALE"",""error"":""Torque sample age 1948 ms exceeds 1500 ms"",""source"":""/left_jaka_driver/joint_torque_raw"",""age_ms"":1948,""fresh"":false},""right"":{""values"":[119.60861666317214,0.3928955028823111,-4.167236328125,4.88232421875,-0.271240234375,0.369873046875],""received_at_ms"":1788494749077,""valid"":true,""status"":""STALE"",""error"":""Torque sample age 1589 ms exceeds 1500 ms"",""source"":""/right_jaka_driver/joint_torque_raw"",""age_ms"":1589,""fresh"":false}}"
15,1788494750767,ARMED,0.0,"{""left"":{""valid"":false,""status"":""MISSING"",""sample_index"":null,""time_from_start_s"":null,""joints_rad"":null,""source"":""LATEST SUCCESSFUL PHASE5 SERVO_J COMMAND \u2014 DRIVER MEMORY"",""error"":null},""right"":{""valid"":false,""status"":""MISSING"",""sample_index"":null,""time_from_start_s"":null,""joints_rad"":null,""source"":""LATEST SUCCESSFUL PHASE5 SERVO_J COMMAND \u2014 DRIVER MEMORY"",""error"":null}}","{""left"":{""valid"":true,""fresh"":true,""status"":""FRESH"",""joints_rad"":[3.04174044722102,0.6269496689856195,-1.607982486370813,1.489528037235509,-0.058749702484306325,0.5928145194751143],""received_at_ms"":1788494750692,""age_ms"":75,""source"":""jaka_port10000_actual_feedback"",""mapping"":""port10000_joint_actual_position_deg_to_rad"",""error"":null},""right"":{""valid"":true,""fresh"":true,""status"":""FRESH"",""joints_rad"":[0.09738989586005918,2.5494717279594212,1.6169609836418473,-1.4869414592840535,3.1916897117744125,2.5732389235813793],""received_at_ms"":1788494750730,""age_ms"":37,""source"":""jaka_port10000_actual_feedback"",""mapping"":""port10000_joint_actual_position_deg_to_rad"",""error"":null}}","{""left"":{""values"":[-125.16528163250769,-11.169457867654273,1.97265625,-4.660400390625,0.22808837890625,-0.123291015625],""received_at_ms"":1788494748718,""valid"":true,""status"":""STALE"",""error"":""Torque sample age 2049 ms exceeds 1500 ms"",""source"":""/left_jaka_driver/joint_torque_raw"",""age_ms"":2049,""fresh"":false},""right"":{""values"":[119.60861666317214,0.3928955028823111,-4.167236328125,4.88232421875,-0.271240234375,0.369873046875],""received_at_ms"":1788494749077,""valid"":true,""status"":""STALE"",""error"":""Torque sample age 1690 ms exceeds 1500 ms"",""source"":""/right_jaka_driver/joint_torque_raw"",""age_ms"":1690,""fresh"":false}}"
16,1788494750865,ARMED,0.0,"{""left"":{""valid"":false,""status"":""MISSING"",""sample_index"":null,""time_from_start_s"":null,""joints_rad"":null,""source"":""LATEST SUCCESSFUL PHASE5 SERVO_J COMMAND \u2014 DRIVER MEMORY"",""error"":null},""right"":{""valid"":false,""status"":""MISSING"",""sample_index"":null,""time_from_start_s"":null,""joints_rad"":null,""source"":""LATEST SUCCESSFUL PHASE5 SERVO_J COMMAND \u2014 DRIVER MEMORY"",""error"":null}}","{""left"":{""valid"":true,""fresh"":true,""status"":""FRESH"",""joints_rad"":[3.04174044722102,0.6269378007467059,-1.6080065719144905,1.4895400800073477,-0.05873765971246756,0.5928024767032757],""received_at_ms"":1788494750802,""age_ms"":63,""source"":""jaka_port10000_actual_feedback"",""mapping"":""port10000_joint_actual_position_deg_to_rad"",""error"":null},""right"":{""valid"":true,""fresh"":true,""status"":""FRESH"",""joints_rad"":[0.09737802762114563,2.5494717279594212,1.6169491154029338,-1.4869414592840535,3.191701754546251,2.5732389235813793],""received_at_ms"":1788494750801,""age_ms"":64,""source"":""jaka_port10000_actual_feedback"",""mapping"":""port10000_joint_actual_position_deg_to_rad"",""error"":null}}","{""left"":{""values"":[-125.16528163250769,-11.169457867654273,1.97265625,-4.660400390625,0.22808837890625,-0.123291015625],""received_at_ms"":1788494748718,""valid"":true,""status"":""STALE"",""error"":""Torque sample age 2147 ms exceeds 1500 ms"",""source"":""/left_jaka_driver/joint_torque_raw"",""age_ms"":2147,""fresh"":false},""right"":{""values"":[119.60861666317214,0.3928955028823111,-4.167236328125,4.88232421875,-0.271240234375,0.369873046875],""received_at_ms"":1788494749077,""valid"":true,""status"":""STALE"",""error"":""Torque sample age 1788 ms exceeds 1500 ms"",""source"":""/right_jaka_driver/joint_torque_raw"",""age_ms"":1788,""fresh"":false}}"
17,1788494750966,ARMED,0.0,"{""left"":{""valid"":false,""status"":""MISSING"",""sample_index"":null,""time_from_start_s"":null,""joints_rad"":null,""source"":""LATEST SUCCESSFUL PHASE5 SERVO_J COMMAND \u2014 DRIVER MEMORY"",""error"":null},""right"":{""valid"":false,""status"":""MISSING"",""sample_index"":null,""time_from_start_s"":null,""joints_rad"":null,""source"":""LATEST SUCCESSFUL PHASE5 SERVO_J COMMAND \u2014 DRIVER MEMORY"",""error"":null}}","{""left"":{""valid"":true,""fresh"":true,""status"":""FRESH"",""joints_rad"":[3.04174044722102,0.6269496689856195,-1.6080065719144905,1.4895400800073477,-0.05873765971246756,0.5928145194751143],""received_at_ms"":1788494750941,""age_ms"":25,""source"":""jaka_port10000_actual_feedback"",""mapping"":""port10000_joint_actual_position_deg_to_rad"",""error"":null},""right"":{""valid"":true,""fresh"":true,""status"":""FRESH"",""joints_rad"":[0.09736598484930686,2.5494717279594212,1.6169491154029338,-1.4869414592840535,3.191701754546251,2.5732268808095404],""received_at_ms"":1788494750871,""age_ms"":95,""source"":""jaka_port10000_actual_feedback"",""mapping"":""port10000_joint_actual_position_deg_to_rad"",""error"":null}}","{""left"":{""values"":[-125.16528163250769,-11.169457867654273,1.97265625,-4.660400390625,0.22808837890625,-0.123291015625],""received_at_ms"":1788494748718,""valid"":true,""status"":""STALE"",""error"":""Torque sample age 2248 ms exceeds 1500 ms"",""source"":""/left_jaka_driver/joint_torque_raw"",""age_ms"":2248,""fresh"":false},""right"":{""values"":[119.60861666317214,0.3928955028823111,-4.167236328125,4.88232421875,-0.271240234375,0.369873046875],""received_at_ms"":1788494749077,""valid"":true,""status"":""STALE"",""error"":""Torque sample age 1889 ms exceeds 1500 ms"",""source"":""/right_jaka_driver/joint_torque_raw"",""age_ms"":1889,""fresh"":false}}"
18,1788494751067,ARMED,0.0,"{""left"":{""valid"":false,""status"":""MISSING"",""sample_index"":null,""time_from_start_s"":null,""joints_rad"":null,""source"":""LATEST SUCCESSFUL PHASE5 SERVO_J COMMAND \u2014 DRIVER MEMORY"",""error"":null},""right"":{""valid"":false,""status"":""MISSING"",""sample_index"":null,""time_from_start_s"":null,""joints_rad"":null,""source"":""LATEST SUCCESSFUL PHASE5 SERVO_J COMMAND \u2014 DRIVER MEMORY"",""error"":null}}","{""left"":{""valid"":true,""fresh"":true,""status"":""FRESH"",""joints_rad"":[3.04174044722102,0.6269378007467059,-1.6080065719144905,1.489528037235509,-0.05873765971246756,0.5928145194751143],""received_at_ms"":1788494751049,""age_ms"":18,""source"":""jaka_port10000_actual_feedback"",""mapping"":""port10000_joint_actual_position_deg_to_rad"",""error"":null},""right"":{""valid"":true,""fresh"":true,""status"":""FRESH"",""joints_rad"":[0.0973539420774681,2.5494835961983346,1.616937072631095,-1.4869414592840535,3.191701754546251,2.5732389235813793],""received_at_ms"":1788494751053,""age_ms"":14,""source"":""jaka_port10000_actual_feedback"",""mapping"":""port10000_joint_actual_position_deg_to_rad"",""error"":null}}","{""left"":{""values"":[-125.16528163250769,-11.169457867654273,1.97265625,-4.660400390625,0.22808837890625,-0.123291015625],""received_at_ms"":1788494748718,""valid"":true,""status"":""STALE"",""error"":""Torque sample age 2349 ms exceeds 1500 ms"",""source"":""/left_jaka_driver/joint_torque_raw"",""age_ms"":2349,""fresh"":false},""right"":{""values"":[119.60861666317214,0.3928955028823111,-4.167236328125,4.88232421875,-0.271240234375,0.369873046875],""received_at_ms"":1788494749077,""valid"":true,""status"":""STALE"",""error"":""Torque sample age 1990 ms exceeds 1500 ms"",""source"":""/right_jaka_driver/joint_torque_raw"",""age_ms"":1990,""fresh"":false}}"
19,1788494751166,ARMED,0.0,"{""left"":{""valid"":false,""status"":""MISSING"",""sample_index"":null,""time_from_start_s"":null,""joints_rad"":null,""source"":""LATEST SUCCESSFUL PHASE5 SERVO_J COMMAND \u2014 DRIVER MEMORY"",""error"":null},""right"":{""valid"":false,""status"":""MISSING"",""sample_index"":null,""time_from_start_s"":null,""joints_rad"":null,""source"":""LATEST SUCCESSFUL PHASE5 SERVO_J COMMAND \u2014 DRIVER MEMORY"",""error"":null}}","{""left"":{""valid"":true,""fresh"":true,""status"":""FRESH"",""joints_rad"":[3.04174044722102,0.6269257579748672,-1.607982486370813,1.4895161689965954,-0.05873765971246756,0.5928145194751143],""received_at_ms"":1788494751118,""age_ms"":48,""source"":""jaka_port10000_actual_feedback"",""mapping"":""port10000_joint_actual_position_deg_to_rad"",""error"":null},""right"":{""valid"":true,""fresh"":true,""status"":""FRESH"",""joints_rad"":[0.09737802762114563,2.5494717279594212,1.6169609836418473,-1.4869414592840535,3.191701754546251,2.5732389235813793],""received_at_ms"":1788494751123,""age_ms"":43,""source"":""jaka_port10000_actual_feedback"",""mapping"":""port10000_joint_actual_position_deg_to_rad"",""error"":null}}","{""left"":{""values"":[-125.16528163250769,-11.169457867654273,1.97265625,-4.660400390625,0.22808837890625,-0.123291015625],""received_at_ms"":1788494748718,""valid"":true,""status"":""STALE"",""error"":""Torque sample age 2448 ms exceeds 1500 ms"",""source"":""/left_jaka_driver/joint_torque_raw"",""age_ms"":2448,""fresh"":false},""right"":{""values"":[119.60861666317214,0.3928955028823111,-4.167236328125,4.88232421875,-0.271240234375,0.369873046875],""received_at_ms"":1788494749077,""valid"":true,""status"":""STALE"",""error"":""Torque sample age 2089 ms exceeds 1500 ms"",""source"":""/right_jaka_driver/joint_torque_raw"",""age_ms"":2089,""fresh"":false}}"
20,1788494751266,RUNNING,0.0,"{""left"":{""valid"":true,""status"":""VALID"",""sample_index"":0,""time_from_start_s"":0.0,""joints_rad"":[3.0450509860493864,0.6267272620175923,-1.6071980655895495,1.4871284680401784,-0.06072136262108425,0.5934000560524754],""source"":""LATEST SUCCESSFUL PHASE5 SERVO_J COMMAND \u2014 DRIVER MEMORY"",""error"":null},""right"":{""valid"":true,""status"":""VALID"",""sample_index"":0,""time_from_start_s"":0.0,""joints_rad"":[0.09637832511404981,2.549236177922302,1.6175845398905346,-1.48803885116188,3.193299395235395,2.5726202737646786],""source"":""LATEST SUCCESSFUL PHASE5 SERVO_J COMMAND \u2014 DRIVER MEMORY"",""error"":null}}","{""left"":{""valid"":true,""fresh"":true,""status"":""FRESH"",""joints_rad"":[3.0417524899928594,0.6269378007467059,-1.6079945291426516,1.4895161689965954,-0.05873765971246756,0.5928145194751143],""received_at_ms"":1788494751187,""age_ms"":79,""source"":""jaka_port10000_actual_feedback"",""mapping"":""port10000_joint_actual_position_deg_to_rad"",""error"":null},""right"":{""valid"":true,""fresh"":true,""status"":""FRESH"",""joints_rad"":[0.09736598484930686,2.5494717279594212,1.6169491154029338,-1.4869414592840535,3.191713622785165,2.5732268808095404],""received_at_ms"":1788494751236,""age_ms"":30,""source"":""jaka_port10000_actual_feedback"",""mapping"":""port10000_joint_actual_position_deg_to_rad"",""error"":null}}","{""left"":{""values"":[-125.16528163250769,-11.169457867654273,1.97265625,-4.660400390625,0.22808837890625,-0.123291015625],""received_at_ms"":1788494748718,""valid"":true,""status"":""STALE"",""error"":""Torque sample age 2548 ms exceeds 1500 ms"",""source"":""/left_jaka_driver/joint_torque_raw"",""age_ms"":2548,""fresh"":false},""right"":{""values"":[119.60861666317214,0.3928955028823111,-4.167236328125,4.88232421875,-0.271240234375,0.369873046875],""received_at_ms"":1788494749077,""valid"":true,""status"":""STALE"",""error"":""Torque sample age 2189 ms exceeds 1500 ms"",""source"":""/right_jaka_driver/joint_torque_raw"",""age_ms"":2189,""fresh"":false}}"
21,1788494751369,RUNNING,0.096,"{""left"":{""valid"":true,""status"":""VALID"",""sample_index"":4,""time_from_start_s"":0.096,""joints_rad"":[3.044797168904269,0.6267055904174197,-1.6071230849837737,1.4869204849171909,-0.060867394913751344,0.5934394181102598],""source"":""LATEST SUCCESSFUL PHASE5 SERVO_J COMMAND \u2014 DRIVER MEMORY"",""error"":null},""right"":{""valid"":true,""status"":""VALID"",""sample_index"":4,""time_from_start_s"":0.096,""joints_rad"":[0.09663350235865999,2.549255378003558,1.6175076972787716,-1.4878235400097322,3.193437051811848,2.5725756781984344],""source"":""LATEST SUCCESSFUL PHASE5 SERVO_J COMMAND \u2014 DRIVER MEMORY"",""error"":null}}","{""left"":{""valid"":true,""fresh"":true,""status"":""FRESH"",""joints_rad"":[3.044376941589083,0.6267339462900731,-1.6074431796319468,1.4871912159000138,-0.06055925985277405,0.5933658689858194],""received_at_ms"":1788494751364,""age_ms"":5,""source"":""jaka_port10000_actual_feedback"",""mapping"":""port10000_joint_actual_position_deg_to_rad"",""error"":null},""right"":{""valid"":true,""fresh"":true,""status"":""FRESH"",""joints_rad"":[0.09738989586005918,2.5494717279594212,1.6169491154029338,-1.4869535020558924,3.191701754546251,2.5732268808095404],""received_at_ms"":1788494751347,""age_ms"":22,""source"":""jaka_port10000_actual_feedback"",""mapping"":""port10000_joint_actual_position_deg_to_rad"",""error"":null}}","{""left"":{""values"":[-125.16528163250769,-11.169457867654273,1.97265625,-4.660400390625,0.22808837890625,-0.123291015625],""received_at_ms"":1788494748718,""valid"":true,""status"":""STALE"",""error"":""Torque sample age 2651 ms exceeds 1500 ms"",""source"":""/left_jaka_driver/joint_torque_raw"",""age_ms"":2651,""fresh"":false},""right"":{""values"":[119.60861666317214,0.3928955028823111,-4.167236328125,4.88232421875,-0.271240234375,0.369873046875],""received_at_ms"":1788494749077,""valid"":true,""status"":""STALE"",""error"":""Torque sample age 2292 ms exceeds 1500 ms"",""source"":""/right_jaka_driver/joint_torque_raw"",""age_ms"":2292,""fresh"":false}}"
22,1788494751467,RUNNING,0.192,"{""left"":{""valid"":true,""status"":""VALID"",""sample_index"":8,""time_from_start_s"":0.192,""joints_rad"":[3.043287238011953,0.6265762058107934,-1.6066754853131733,1.4856835602920186,-0.06173663846394137,0.5936743093496752],""source"":""LATEST SUCCESSFUL PHASE5 SERVO_J COMMAND \u2014 DRIVER MEMORY"",""error"":null},""right"":{""valid"":true,""status"":""VALID"",""sample_index"":8,""time_from_start_s"":0.192,""joints_rad"":[0.09815151157957311,2.549370022599113,1.6170490128620993,-1.4865430342706347,3.1942565094196604,2.572309606408051],""source"":""LATEST SUCCESSFUL PHASE5 SERVO_J COMMAND \u2014 DRIVER MEMORY"",""error"":null}}","{""left"":{""valid"":true,""fresh"":true,""status"":""FRESH"",""joints_rad"":[3.0441732616653754,0.6267580318337505,-1.6069400012085968,1.4869274966500374,-0.06090692943977132,0.5933897799965717],""received_at_ms"":1788494751452,""age_ms"":15,""source"":""jaka_port10000_actual_feedback"",""mapping"":""port10000_joint_actual_position_deg_to_rad"",""error"":null},""right"":{""valid"":true,""fresh"":true,""status"":""FRESH"",""joints_rad"":[0.09661095541489412,2.5491840976986926,1.6175721979458957,-1.4875287625773495,3.1934034505669455,2.5726875740706747],""received_at_ms"":1788494751418,""age_ms"":49,""source"":""jaka_port10000_actual_feedback"",""mapping"":""port10000_joint_actual_position_deg_to_rad"",""error"":null}}","{""left"":{""values"":[-125.16528163250769,-11.169457867654273,1.97265625,-4.660400390625,0.22808837890625,-0.123291015625],""received_at_ms"":1788494748718,""valid"":true,""status"":""STALE"",""error"":""Torque sample age 2749 ms exceeds 1500 ms"",""source"":""/left_jaka_driver/joint_torque_raw"",""age_ms"":2749,""fresh"":false},""right"":{""values"":[119.60861666317214,0.3928955028823111,-4.167236328125,4.88232421875,-0.271240234375,0.369873046875],""received_at_ms"":1788494749077,""valid"":true,""status"":""STALE"",""error"":""Torque sample age 2390 ms exceeds 1500 ms"",""source"":""/right_jaka_driver/joint_torque_raw"",""age_ms"":2390,""fresh"":false}}"
23,1788494751569,RUNNING,0.28800000000000003,"{""left"":{""valid"":true,""status"":""VALID"",""sample_index"":13,""time_from_start_s"":0.312,""joints_rad"":[3.0387826186403486,0.6261878707772777,-1.6053323264351897,1.4819951336200599,-0.06433245075610378,0.5943787541867436],""source"":""LATEST SUCCESSFUL PHASE5 SERVO_J COMMAND \u2014 DRIVER MEMORY"",""error"":null},""right"":{""valid"":true,""status"":""VALID"",""sample_index"":12,""time_from_start_s"":0.28800000000000003,""joints_rad"":[0.1015312668161358,2.5496266275720836,1.6160228246590334,-1.483693157842015,3.1960827508540817,2.5717147398509606],""source"":""LATEST SUCCESSFUL PHASE5 SERVO_J COMMAND \u2014 DRIVER MEMORY"",""error"":null}}","{""left"":{""valid"":true,""fresh"":true,""status"":""FRESH"",""joints_rad"":[3.0432264205461688,0.626422405018592,-1.6062687475782798,1.4858370149333913,-0.06167382711309763,0.5938810901810081],""received_at_ms"":1788494751540,""age_ms"":29,""source"":""jaka_port10000_actual_feedback"",""mapping"":""port10000_joint_actual_position_deg_to_rad"",""error"":null},""right"":{""valid"":true,""fresh"":true,""status"":""FRESH"",""joints_rad"":[0.09712635114300805,2.549172054926854,1.616865165065913,-1.4869295910451399,3.1938348959580387,2.572232217668829],""received_at_ms"":1788494751489,""age_ms"":80,""source"":""jaka_port10000_actual_feedback"",""mapping"":""port10000_joint_actual_position_deg_to_rad"",""error"":null}}","{""left"":{""values"":[-125.16528163250769,-11.169457867654273,1.97265625,-4.660400390625,0.22808837890625,-0.123291015625],""received_at_ms"":1788494748718,""valid"":true,""status"":""STALE"",""error"":""Torque sample age 2851 ms exceeds 1500 ms"",""source"":""/left_jaka_driver/joint_torque_raw"",""age_ms"":2851,""fresh"":false},""right"":{""values"":[119.60861666317214,0.3928955028823111,-4.167236328125,4.88232421875,-0.271240234375,0.369873046875],""received_at_ms"":1788494749077,""valid"":true,""status"":""STALE"",""error"":""Torque sample age 2492 ms exceeds 1500 ms"",""source"":""/right_jaka_driver/joint_torque_raw"",""age_ms"":2492,""fresh"":false}}"
24,1788494751671,RUNNING,0.40800000000000003,"{""left"":{""valid"":true,""status"":""VALID"",""sample_index"":17,""time_from_start_s"":0.40800000000000003,""joints_rad"":[3.0331244517026716,0.625696174238463,-1.6036321152218578,1.477365029619504,-0.06759727324305802,0.5952697584955162],""source"":""LATEST SUCCESSFUL PHASE5 SERVO_J COMMAND \u2014 DRIVER MEMORY"",""error"":null},""right"":{""valid"":true,""status"":""VALID"",""sample_index"":17,""time_from_start_s"":0.40800000000000003,""joints_rad"":[0.10836842001477308,2.5501501114083487,1.61393088959531,-1.477931420983923,3.1997828475050483,2.570503374745634],""source"":""LATEST SUCCESSFUL PHASE5 SERVO_J COMMAND \u2014 DRIVER MEMORY"",""error"":null}}","{""left"":{""valid"":true,""fresh"":true,""status"":""FRESH"",""joints_rad"":[3.0415247245254737,0.6262187250948842,-1.6059332952960463,1.4842430057275449,-0.06274039781899136,0.5941687204417367],""received_at_ms"":1788494751647,""age_ms"":24,""source"":""jaka_port10000_actual_feedback"",""mapping"":""port10000_joint_actual_position_deg_to_rad"",""error"":null},""right"":{""valid"":true,""fresh"":true,""status"":""FRESH"",""joints_rad"":[0.09854041690297385,2.5494717279594212,1.6166373995985275,-1.485946796143342,3.194518017827269,2.5720164949732824],""received_at_ms"":1788494751618,""age_ms"":53,""source"":""jaka_port10000_actual_feedback"",""mapping"":""port10000_joint_actual_position_deg_to_rad"",""error"":null}}","{""left"":{""values"":[-125.16528163250769,-11.169457867654273,1.97265625,-4.660400390625,0.22808837890625,-0.123291015625],""received_at_ms"":1788494748718,""valid"":true,""status"":""STALE"",""error"":""Torque sample age 2953 ms exceeds 1500 ms"",""source"":""/left_jaka_driver/joint_torque_raw"",""age_ms"":2953,""fresh"":false},""right"":{""values"":[119.60861666317214,0.3928955028823111,-4.167236328125,4.88232421875,-0.271240234375,0.369873046875],""received_at_ms"":1788494749077,""valid"":true,""status"":""STALE"",""error"":""Torque sample age 2594 ms exceeds 1500 ms"",""source"":""/right_jaka_driver/joint_torque_raw"",""age_ms"":2594,""fresh"":false}}"
25,1788494751779,RUNNING,0.504,"{""left"":{""valid"":true,""status"":""VALID"",""sample_index"":21,""time_from_start_s"":0.504,""joints_rad"":[3.0261180297779755,0.6250810591324684,-1.6015058659698185,1.4716361547555041,-0.0716468099569377,0.5963829022095845],""source"":""LATEST SUCCESSFUL PHASE5 SERVO_J COMMAND \u2014 DRIVER MEMORY"",""error"":null},""right"":{""valid"":true,""status"":""VALID"",""sample_index"":21,""time_from_start_s"":0.504,""joints_rad"":[0.11541192931232154,2.5506956595553287,1.6117529808232303,-1.472000710634511,3.2036026333849748,2.5692440892352657],""source"":""LATEST SUCCESSFUL PHASE5 SERVO_J COMMAND \u2014 DRIVER MEMORY"",""error"":null}}","{""left"":{""valid"":true,""fresh"":true,""status"":""FRESH"",""joints_rad"":[3.036299557810853,0.6258710555078869,-1.6044831012205643,1.4798568187843582,-0.06585633413257684,0.5949357926479883],""received_at_ms"":1788494751718,""age_ms"":61,""source"":""jaka_port10000_actual_feedback"",""mapping"":""port10000_joint_actual_position_deg_to_rad"",""error"":null},""right"":{""valid"":true,""fresh"":true,""status"":""FRESH"",""joints_rad"":[0.10352577537837045,2.5497832692309026,1.6153191524144965,-1.481980011819409,3.1972025087497613,2.571225511756279],""received_at_ms"":1788494751747,""age_ms"":32,""source"":""jaka_port10000_actual_feedback"",""mapping"":""port10000_joint_actual_position_deg_to_rad"",""error"":null}}","{""left"":{""values"":[-125.16528163250769,-11.169457867654273,1.97265625,-4.660400390625,0.22808837890625,-0.123291015625],""received_at_ms"":1788494748718,""valid"":true,""status"":""STALE"",""error"":""Torque sample age 3061 ms exceeds 1500 ms"",""source"":""/left_jaka_driver/joint_torque_raw"",""age_ms"":3061,""fresh"":false},""right"":{""values"":[119.60861666317214,0.3928955028823111,-4.167236328125,4.88232421875,-0.271240234375,0.369873046875],""received_at_ms"":1788494749077,""valid"":true,""status"":""STALE"",""error"":""Torque sample age 2702 ms exceeds 1500 ms"",""source"":""/right_jaka_driver/joint_torque_raw"",""age_ms"":2702,""fresh"":false}}"
26,1788494751872,RUNNING,0.6,"{""left"":{""valid"":true,""status"":""VALID"",""sample_index"":25,""time_from_start_s"":0.6,""joints_rad"":[3.0184316914155134,0.624396414164354,-1.5991404201197368,1.4653583483340633,-0.0760998400287985,0.5976194924467224],""source"":""LATEST SUCCESSFUL PHASE5 SERVO_J COMMAND \u2014 DRIVER MEMORY"",""error"":null},""right"":{""valid"":true,""status"":""VALID"",""sample_index"":25,""time_from_start_s"":0.6,""joints_rad"":[0.12313869399541934,2.5513032158957096,1.6093307301703141,-1.465501737345738,3.2078044522560303,2.5678462283001977],""source"":""LATEST SUCCESSFUL PHASE5 SERVO_J COMMAND \u2014 DRIVER MEMORY"",""error"":null}}","{""left"":{""valid"":true,""fresh"":true,""status"":""FRESH"",""joints_rad"":[3.031661694389529,0.6255476459974925,-1.6031049892431897,1.476021806818951,-0.06845687471804839,0.5956187399842937],""received_at_ms"":1788494751787,""age_ms"":85,""source"":""jaka_port10000_actual_feedback"",""mapping"":""port10000_joint_actual_position_deg_to_rad"",""error"":null},""right"":{""valid"":true,""fresh"":true,""status"":""FRESH"",""joints_rad"":[0.11179497084139439,2.5503824407631117,1.6128385159486367,-1.4752208752252105,3.201720468051474,2.5698592680178174],""received_at_ms"":1788494751858,""age_ms"":14,""source"":""jaka_port10000_actual_feedback"",""mapping"":""port10000_joint_actual_position_deg_to_rad"",""error"":null}}","{""left"":{""values"":[-125.16528163250769,-11.169457867654273,1.97265625,-4.660400390625,0.22808837890625,-0.123291015625],""received_at_ms"":1788494748718,""valid"":true,""status"":""STALE"",""error"":""Torque sample age 3154 ms exceeds 1500 ms"",""source"":""/left_jaka_driver/joint_torque_raw"",""age_ms"":3154,""fresh"":false},""right"":{""values"":[119.60861666317214,0.3928955028823111,-4.167236328125,4.88232421875,-0.271240234375,0.369873046875],""received_at_ms"":1788494749077,""valid"":true,""status"":""STALE"",""error"":""Torque sample age 2795 ms exceeds 1500 ms"",""source"":""/right_jaka_driver/joint_torque_raw"",""age_ms"":2795,""fresh"":false}}"
27,1788494751975,RUNNING,0.6960000000000001,"{""left"":{""valid"":true,""status"":""VALID"",""sample_index"":29,""time_from_start_s"":0.6960000000000001,""joints_rad"":[3.0107764917480275,0.623700036193869,-1.5967361298735097,1.459116162977724,-0.08055015880094968,0.598873766193878],""source"":""LATEST SUCCESSFUL PHASE5 SERVO_J COMMAND \u2014 DRIVER MEMORY"",""error"":null},""right"":{""valid"":true,""status"":""VALID"",""sample_index"":29,""time_from_start_s"":0.6960000000000001,""joints_rad"":[0.13083377787221384,2.5519216904967696,1.606869686639085,-1.459039651929161,3.2120057988715374,2.5664299646601267],""source"":""LATEST SUCCESSFUL PHASE5 SERVO_J COMMAND \u2014 DRIVER MEMORY"",""error"":null}}","{""left"":{""valid"":true,""fresh"":true,""status"":""FRESH"",""joints_rad"":[3.023057046644271,0.6247926165630797,-1.6005044486577182,1.4691549834099042,-0.07343036495453144,0.5969970264945936],""received_at_ms"":1788494751906,""age_ms"":69,""source"":""jaka_port10000_actual_feedback"",""mapping"":""port10000_joint_actual_position_deg_to_rad"",""error"":null},""right"":{""valid"":true,""fresh"":true,""status"":""FRESH"",""joints_rad"":[0.12061534128219813,2.551053519860504,1.6100341209065323,-1.4676827981858471,3.2064782355924106,2.5683373409100785],""received_at_ms"":1788494751930,""age_ms"":45,""source"":""jaka_port10000_actual_feedback"",""mapping"":""port10000_joint_actual_position_deg_to_rad"",""error"":null}}","{""left"":{""values"":[-125.16528163250769,-11.169457867654273,1.97265625,-4.660400390625,0.22808837890625,-0.123291015625],""received_at_ms"":1788494748718,""valid"":true,""status"":""STALE"",""error"":""Torque sample age 3257 ms exceeds 1500 ms"",""source"":""/left_jaka_driver/joint_torque_raw"",""age_ms"":3257,""fresh"":false},""right"":{""values"":[119.60861666317214,0.3928955028823111,-4.167236328125,4.88232421875,-0.271240234375,0.369873046875],""received_at_ms"":1788494749077,""valid"":true,""status"":""STALE"",""error"":""Torque sample age 2898 ms exceeds 1500 ms"",""source"":""/right_jaka_driver/joint_torque_raw"",""age_ms"":2898,""fresh"":false}}"
28,1788494752072,RUNNING,0.792,"{""left"":{""valid"":true,""status"":""VALID"",""sample_index"":33,""time_from_start_s"":0.792,""joints_rad"":[3.0037432668386264,0.623040072895869,-1.5944599156247483,1.4533950671221976,-0.08465990335527517,0.6000575912457542],""source"":""LATEST SUCCESSFUL PHASE5 SERVO_J COMMAND \u2014 DRIVER MEMORY"",""error"":null},""right"":{""valid"":true,""status"":""VALID"",""sample_index"":33,""time_from_start_s"":0.792,""joints_rad"":[0.13790312906160515,2.5525085289616385,1.6045411087502424,-1.4531170292240339,3.215888481105194,2.56509544271094],""source"":""LATEST SUCCESSFUL PHASE5 SERVO_J COMMAND \u2014 DRIVER MEMORY"",""error"":null}}","{""left"":{""valid"":true,""fresh"":true,""status"":""FRESH"",""joints_rad"":[3.0126307987587078,0.6238698609875503,-1.5972926937681982,1.460622068696904,-0.07944651488615588,0.5987107652871269],""received_at_ms"":1788494752025,""age_ms"":47,""source"":""jaka_port10000_actual_feedback"",""mapping"":""port10000_joint_actual_position_deg_to_rad"",""error"":null},""right"":{""valid"":true,""fresh"":true,""status"":""FRESH"",""joints_rad"":[0.12640372574643732,2.55159282659937,1.608200477994387,-1.462757304503794,3.2096899904819307,2.5672587274323457],""received_at_ms"":1788494752000,""age_ms"":72,""source"":""jaka_port10000_actual_feedback"",""mapping"":""port10000_joint_actual_position_deg_to_rad"",""error"":null}}","{""left"":{""values"":[-125.16528163250769,-11.169457867654273,1.97265625,-4.660400390625,0.22808837890625,-0.123291015625],""received_at_ms"":1788494748718,""valid"":true,""status"":""STALE"",""error"":""Torque sample age 3354 ms exceeds 1500 ms"",""source"":""/left_jaka_driver/joint_torque_raw"",""age_ms"":3354,""fresh"":false},""right"":{""values"":[119.60861666317214,0.3928955028823111,-4.167236328125,4.88232421875,-0.271240234375,0.369873046875],""received_at_ms"":1788494749077,""valid"":true,""status"":""STALE"",""error"":""Torque sample age 2995 ms exceeds 1500 ms"",""source"":""/right_jaka_driver/joint_torque_raw"",""age_ms"":2995,""fresh"":false}}"
29,1788494752173,RUNNING,0.912,"{""left"":{""valid"":true,""status"":""VALID"",""sample_index"":38,""time_from_start_s"":0.912,""joints_rad"":[2.9962549736558484,0.6223010163537573,-1.5919151501123558,1.4473282771575497,-0.08907267469639155,0.6013745596683822],""source"":""LATEST SUCCESSFUL PHASE5 SERVO_J COMMAND \u2014 DRIVER MEMORY"",""error"":null},""right"":{""valid"":true,""status"":""VALID"",""sample_index"":38,""time_from_start_s"":0.912,""joints_rad"":[0.14542897495732082,2.553166971886343,1.6019402631867978,-1.4468365638420242,3.220062488490506,2.5636147599327934],""source"":""LATEST SUCCESSFUL PHASE5 SERVO_J COMMAND \u2014 DRIVER MEMORY"",""error"":null}}","{""left"":{""valid"":true,""fresh"":true,""status"":""FRESH"",""joints_rad"":[3.0076932623048154,0.6234263728246185,-1.5956986845623518,1.456679369916649,-0.08229873194976502,0.5994897057322919],""received_at_ms"":1788494752139,""age_ms"":34,""source"":""jaka_port10000_actual_feedback"",""mapping"":""port10000_joint_actual_position_deg_to_rad"",""error"":null},""right"":{""valid"":true,""fresh"":true,""status"":""FRESH"",""joints_rad"":[0.13508028105687675,2.552300034012278,1.6054322112677988,-1.455434950159977,3.2144837118054586,2.5656050279660816],""received_at_ms"":1788494752108,""age_ms"":65,""source"":""jaka_port10000_actual_feedback"",""mapping"":""port10000_joint_actual_position_deg_to_rad"",""error"":null}}","{""left"":{""values"":[-125.16528163250769,-11.169457867654273,1.97265625,-4.660400390625,0.22808837890625,-0.123291015625],""received_at_ms"":1788494748718,""valid"":true,""status"":""STALE"",""error"":""Torque sample age 3455 ms exceeds 1500 ms"",""source"":""/left_jaka_driver/joint_torque_raw"",""age_ms"":3455,""fresh"":false},""right"":{""values"":[119.60861666317214,0.3928955028823111,-4.167236328125,4.88232421875,-0.271240234375,0.369873046875],""received_at_ms"":1788494749077,""valid"":true,""status"":""STALE"",""error"":""Torque sample age 3096 ms exceeds 1500 ms"",""source"":""/right_jaka_driver/joint_torque_raw"",""age_ms"":3096,""fresh"":false}}"
30,1788494752274,RUNNING,1.008,"{""left"":{""valid"":true,""status"":""VALID"",""sample_index"":42,""time_from_start_s"":1.008,""joints_rad"":[2.9910518785053815,0.6217569441786251,-1.5900453378519999,1.443132481893093,-0.09216878652181373,0.6023367690345047],""source"":""LATEST SUCCESSFUL PHASE5 SERVO_J COMMAND \u2014 DRIVER MEMORY"",""error"":null},""right"":{""valid"":true,""status"":""VALID"",""sample_index"":42,""time_from_start_s"":1.008,""joints_rad"":[0.1506574314540548,2.5536527775667452,1.6000313142309768,-1.4424930135452039,3.2229951449984933,2.5625362085723213],""source"":""LATEST SUCCESSFUL PHASE5 SERVO_J COMMAND \u2014 DRIVER MEMORY"",""error"":null}}","{""left"":{""valid"":true,""fresh"":true,""status"":""FRESH"",""joints_rad"":[2.9999874591243354,0.6226713433902058,-1.5931939625528144,1.4505433158654126,-0.08681669125147755,0.600819995688162],""received_at_ms"":1788494752210,""age_ms"":64,""source"":""jaka_port10000_actual_feedback"",""mapping"":""port10000_joint_actual_position_deg_to_rad"",""error"":null},""right"":{""valid"":true,""fresh"":true,""status"":""FRESH"",""joints_rad"":[0.13963436867410553,2.55264752906635,1.6039940599641556,-1.4517798816404504,3.216868529695384,2.564682097857627],""received_at_ms"":1788494752216,""age_ms"":58,""source"":""jaka_port10000_actual_feedback"",""mapping"":""port10000_joint_actual_position_deg_to_rad"",""error"":null}}","{""left"":{""values"":[-125.16528163250769,-11.169457867654273,1.97265625,-4.660400390625,0.22808837890625,-0.123291015625],""received_at_ms"":1788494748718,""valid"":true,""status"":""STALE"",""error"":""Torque sample age 3556 ms exceeds 1500 ms"",""source"":""/left_jaka_driver/joint_torque_raw"",""age_ms"":3556,""fresh"":false},""right"":{""values"":[119.60861666317214,0.3928955028823111,-4.167236328125,4.88232421875,-0.271240234375,0.369873046875],""received_at_ms"":1788494749077,""valid"":true,""status"":""STALE"",""error"":""Torque sample age 3197 ms exceeds 1500 ms"",""source"":""/right_jaka_driver/joint_torque_raw"",""age_ms"":3197,""fresh"":false}}"
31,1788494752376,RUNNING,1.104,"{""left"":{""valid"":true,""status"":""VALID"",""sample_index"":46,""time_from_start_s"":1.104,""joints_rad"":[2.985954982117819,0.6212042555223106,-1.5881481908061583,1.4390322955721968,-0.09521782290288155,0.6033092235961178],""source"":""LATEST SUCCESSFUL PHASE5 SERVO_J COMMAND \u2014 DRIVER MEMORY"",""error"":null},""right"":{""valid"":true,""status"":""VALID"",""sample_index"":46,""time_from_start_s"":1.104,""joints_rad"":[0.15577877673844215,2.5541470505615376,1.5980959548796778,-1.4382484788902588,3.2258854845391953,2.5614484176259227],""source"":""LATEST SUCCESSFUL PHASE5 SERVO_J COMMAND \u2014 DRIVER MEMORY"",""error"":null}}","{""left"":{""valid"":true,""fresh"":true,""status"":""FRESH"",""joints_rad"":[2.9956611369744923,0.6222638090098651,-1.5917559857820966,1.447043930715164,-0.08956122150023862,0.6015390713399836],""received_at_ms"":1788494752285,""age_ms"":91,""source"":""jaka_port10000_actual_feedback"",""mapping"":""port10000_joint_actual_position_deg_to_rad"",""error"":null},""right"":{""valid"":true,""fresh"":true,""status"":""FRESH"",""joints_rad"":[0.1502044316900336,2.5536542349789007,1.6002550411076082,-1.4427197029604226,3.222788686518148,2.5625728674565917],""received_at_ms"":1788494752361,""age_ms"":15,""source"":""jaka_port10000_actual_feedback"",""mapping"":""port10000_joint_actual_position_deg_to_rad"",""error"":null}}","{""left"":{""values"":[-125.16528163250769,-11.169457867654273,1.97265625,-4.660400390625,0.22808837890625,-0.123291015625],""received_at_ms"":1788494748718,""valid"":true,""status"":""STALE"",""error"":""Torque sample age 3658 ms exceeds 1500 ms"",""source"":""/left_jaka_driver/joint_torque_raw"",""age_ms"":3658,""fresh"":false},""right"":{""values"":[119.60861666317214,0.3928955028823111,-4.167236328125,4.88232421875,-0.271240234375,0.369873046875],""received_at_ms"":1788494749077,""valid"":true,""status"":""STALE"",""error"":""Torque sample age 3299 ms exceeds 1500 ms"",""source"":""/right_jaka_driver/joint_torque_raw"",""age_ms"":3299,""fresh"":false}}"
32,1788494752478,RUNNING,1.2,"{""left"":{""valid"":true,""status"":""VALID"",""sample_index"":50,""time_from_start_s"":1.2,""joints_rad"":[2.9808645848022812,0.6206317057772716,-1.5861848692728748,1.4349441509009195,-0.09827552231310407,0.6043112781757944],""source"":""LATEST SUCCESSFUL PHASE5 SERVO_J COMMAND \u2014 DRIVER MEMORY"",""error"":null},""right"":{""valid"":true,""status"":""VALID"",""sample_index"":50,""time_from_start_s"":1.2,""joints_rad"":[0.16089326680507232,2.5546599624465602,1.5960948566355941,-1.4340165127201372,3.2287859900066445,2.5603300164559424],""source"":""LATEST SUCCESSFUL PHASE5 SERVO_J COMMAND \u2014 DRIVER MEMORY"",""error"":null}}","{""left"":{""valid"":true,""fresh"":true,""status"":""FRESH"",""joints_rad"":[2.989752848390641,0.6216527692387419,-1.5895867160547927,1.4420585722397672,-0.09303652110680972,0.6026655068392207],""received_at_ms"":1788494752394,""age_ms"":84,""source"":""jaka_port10000_actual_feedback"",""mapping"":""port10000_joint_actual_position_deg_to_rad"",""error"":null},""right"":{""valid"":true,""fresh"":true,""status"":""FRESH"",""joints_rad"":[0.15624449263241036,2.5542413637392714,1.59798995280437,-1.437770298267617,3.226084391744689,2.561326527837742],""received_at_ms"":1788494752471,""age_ms"":7,""source"":""jaka_port10000_actual_feedback"",""mapping"":""port10000_joint_actual_position_deg_to_rad"",""error"":null}}","{""left"":{""values"":[-125.16528163250769,-11.169457867654273,1.97265625,-4.660400390625,0.22808837890625,-0.123291015625],""received_at_ms"":1788494748718,""valid"":true,""status"":""STALE"",""error"":""Torque sample age 3760 ms exceeds 1500 ms"",""source"":""/left_jaka_driver/joint_torque_raw"",""age_ms"":3760,""fresh"":false},""right"":{""values"":[119.60861666317214,0.3928955028823111,-4.167236328125,4.88232421875,-0.271240234375,0.369873046875],""received_at_ms"":1788494749077,""valid"":true,""status"":""STALE"",""error"":""Torque sample age 3401 ms exceeds 1500 ms"",""source"":""/right_jaka_driver/joint_torque_raw"",""age_ms"":3401,""fresh"":false}}"
33,1788494752577,RUNNING,1.296,"{""left"":{""valid"":true,""status"":""VALID"",""sample_index"":55,""time_from_start_s"":1.32,""joints_rad"":[2.9745104123748374,0.6198863839532935,-1.5836319981963396,1.4298501152488283,-0.10210970423907105,0.6056078165156777],""source"":""LATEST SUCCESSFUL PHASE5 SERVO_J COMMAND \u2014 DRIVER MEMORY"",""error"":null},""right"":{""valid"":true,""status"":""VALID"",""sample_index"":54,""time_from_start_s"":1.296,""joints_rad"":[0.1660011647310771,2.55519270600177,1.594023977939334,-1.4297964728575152,3.231696566015426,2.5591793003325582],""source"":""LATEST SUCCESSFUL PHASE5 SERVO_J COMMAND \u2014 DRIVER MEMORY"",""error"":null}}","{""left"":{""valid"":true,""fresh"":true,""status"":""FRESH"",""joints_rad"":[2.983473153741965,0.6209096080432427,-1.5871898553930288,1.4368094945143943,-0.09691952962664671,0.6037800740995444],""received_at_ms"":1788494752508,""age_ms"":69,""source"":""jaka_port10000_actual_feedback"",""mapping"":""port10000_joint_actual_position_deg_to_rad"",""error"":null},""right"":{""valid"":true,""fresh"":true,""status"":""FRESH"",""joints_rad"":[0.15624449263241036,2.5542413637392714,1.59798995280437,-1.437770298267617,3.226084391744689,2.561326527837742],""received_at_ms"":1788494752471,""age_ms"":106,""source"":""jaka_port10000_actual_feedback"",""mapping"":""port10000_joint_actual_position_deg_to_rad"",""error"":null}}","{""left"":{""values"":[-125.16528163250769,-11.169457867654273,1.97265625,-4.660400390625,0.22808837890625,-0.123291015625],""received_at_ms"":1788494748718,""valid"":true,""status"":""STALE"",""error"":""Torque sample age 3859 ms exceeds 1500 ms"",""source"":""/left_jaka_driver/joint_torque_raw"",""age_ms"":3859,""fresh"":false},""right"":{""values"":[119.60861666317214,0.3928955028823111,-4.167236328125,4.88232421875,-0.271240234375,0.369873046875],""received_at_ms"":1788494749077,""valid"":true,""status"":""STALE"",""error"":""Torque sample age 3500 ms exceeds 1500 ms"",""source"":""/right_jaka_driver/joint_torque_raw"",""age_ms"":3500,""fresh"":false}}"
34,1788494752683,RUNNING,1.416,"{""left"":{""valid"":true,""status"":""VALID"",""sample_index"":59,""time_from_start_s"":1.416,""joints_rad"":[2.9694348496572647,0.6192673406279611,-1.5815141874104988,1.4257894029302558,-0.10518723391779727,0.606678667193732],""source"":""LATEST SUCCESSFUL PHASE5 SERVO_J COMMAND \u2014 DRIVER MEMORY"",""error"":null},""right"":{""valid"":true,""status"":""VALID"",""sample_index"":59,""time_from_start_s"":1.416,""joints_rad"":[0.17237591733751906,2.5558855786863597,1.5913410449072596,-1.4245400757107687,3.2353496015077123,2.557697277994032],""source"":""LATEST SUCCESSFUL PHASE5 SERVO_J COMMAND \u2014 DRIVER MEMORY"",""error"":null}}","{""left"":{""valid"":true,""fresh"":true,""status"":""FRESH"",""joints_rad"":[2.979686138330988,0.6204662944132362,-1.585703882067881,1.4336696471900565,-0.0991725751580462,0.6045710573165481],""received_at_ms"":1788494752620,""age_ms"":63,""source"":""jaka_port10000_actual_feedback"",""mapping"":""port10000_joint_actual_position_deg_to_rad"",""error"":null},""right"":{""valid"":true,""fresh"":true,""status"":""FRESH"",""joints_rad"":[0.1657479849424447,2.5551522510758873,1.5942388911759835,-1.4300404095434596,3.2314294625789217,2.5592773367629755],""received_at_ms"":1788494752647,""age_ms"":36,""source"":""jaka_port10000_actual_feedback"",""mapping"":""port10000_joint_actual_position_deg_to_rad"",""error"":null}}","{""left"":{""values"":[-125.16528163250769,-11.169457867654273,1.97265625,-4.660400390625,0.22808837890625,-0.123291015625],""received_at_ms"":1788494748718,""valid"":true,""status"":""STALE"",""error"":""Torque sample age 3965 ms exceeds 1500 ms"",""source"":""/left_jaka_driver/joint_torque_raw"",""age_ms"":3965,""fresh"":false},""right"":{""values"":[119.60861666317214,0.3928955028823111,-4.167236328125,4.88232421875,-0.271240234375,0.369873046875],""received_at_ms"":1788494749077,""valid"":true,""status"":""STALE"",""error"":""Torque sample age 3606 ms exceeds 1500 ms"",""source"":""/right_jaka_driver/joint_torque_raw"",""age_ms"":3606,""fresh"":false}}"
35,1788494752778,RUNNING,1.512,"{""left"":{""valid"":true,""status"":""VALID"",""sample_index"":63,""time_from_start_s"":1.512,""joints_rad"":[2.964367383361522,0.6186301689209887,-1.5793369047974655,1.421744278209336,-0.10827465822872274,0.6077760537498537],""source"":""LATEST SUCCESSFUL PHASE5 SERVO_J COMMAND \u2014 DRIVER MEMORY"",""error"":null},""right"":{""valid"":true,""status"":""VALID"",""sample_index"":63,""time_from_start_s"":1.512,""joints_rad"":[0.1774662997438661,2.556459242044602,1.5891274404296074,-1.4203528554102942,3.23828481994779,2.5564805061476363],""source"":""LATEST SUCCESSFUL PHASE5 SERVO_J COMMAND \u2014 DRIVER MEMORY"",""error"":null}}","{""left"":{""valid"":true,""fresh"":true,""status"":""FRESH"",""joints_rad"":[2.970182646020954,0.6193396843810739,-1.5818210480809691,1.4263832466288306,-0.1047092831441478,0.6064884760327891],""received_at_ms"":1788494752766,""age_ms"":12,""source"":""jaka_port10000_actual_feedback"",""mapping"":""port10000_joint_actual_position_deg_to_rad"",""error"":null},""right"":{""valid"":true,""fresh"":true,""status"":""FRESH"",""joints_rad"":[0.1695828223749266,2.5555955647058934,1.5926450565030625,-1.4269845125561424,3.2336224687840525,2.5584024032089507],""received_at_ms"":1788494752714,""age_ms"":64,""source"":""jaka_port10000_actual_feedback"",""mapping"":""port10000_joint_actual_position_deg_to_rad"",""error"":null}}","{""left"":{""values"":[-125.16528163250769,-11.169457867654273,1.97265625,-4.660400390625,0.22808837890625,-0.123291015625],""received_at_ms"":1788494748718,""valid"":true,""status"":""STALE"",""error"":""Torque sample age 4060 ms exceeds 1500 ms"",""source"":""/left_jaka_driver/joint_torque_raw"",""age_ms"":4060,""fresh"":false},""right"":{""values"":[119.60861666317214,0.3928955028823111,-4.167236328125,4.88232421875,-0.271240234375,0.369873046875],""received_at_ms"":1788494749077,""valid"":true,""status"":""STALE"",""error"":""Torque sample age 3701 ms exceeds 1500 ms"",""source"":""/right_jaka_driver/joint_torque_raw"",""age_ms"":3701,""fresh"":false}}"
36,1788494752878,RUNNING,1.608,"{""left"":{""valid"":true,""status"":""VALID"",""sample_index"":67,""time_from_start_s"":1.608,""joints_rad"":[2.9593093264030457,0.6179773671110275,-1.5771091030690279,1.4177177184531011,-0.11137290285009313,0.6088960729226626],""source"":""LATEST SUCCESSFUL PHASE5 SERVO_J COMMAND \u2014 DRIVER MEMORY"",""error"":null},""right"":{""valid"":true,""status"":""VALID"",""sample_index"":67,""time_from_start_s"":1.608,""joints_rad"":[0.18254687635512376,2.55704758884725,1.5868634710557963,-1.41618476882585,3.2412324096774014,2.5552403156124495],""source"":""LATEST SUCCESSFUL PHASE5 SERVO_J COMMAND \u2014 DRIVER MEMORY"",""error"":null}}","{""left"":{""valid"":true,""fresh"":true,""status"":""FRESH"",""joints_rad"":[2.964154627850416,0.6186087404903385,-1.5792562867451634,1.4218771555660317,-0.10836435166367434,0.6078426769994115],""received_at_ms"":1788494752875,""age_ms"":3,""source"":""jaka_port10000_actual_feedback"",""mapping"":""port10000_joint_actual_position_deg_to_rad"",""error"":null},""right"":{""valid"":true,""fresh"":true,""status"":""FRESH"",""joints_rad"":[0.1729863889492408,2.5559551025318044,1.5911349976342368,-1.424180117514038,3.2356117950654757,2.5575875089811952],""received_at_ms"":1788494752827,""age_ms"":51,""source"":""jaka_port10000_actual_feedback"",""mapping"":""port10000_joint_actual_position_deg_to_rad"",""error"":null}}","{""left"":{""values"":[-125.16528163250769,-11.169457867654273,1.97265625,-4.660400390625,0.22808837890625,-0.123291015625],""received_at_ms"":1788494748718,""valid"":true,""status"":""STALE"",""error"":""Torque sample age 4160 ms exceeds 1500 ms"",""source"":""/left_jaka_driver/joint_torque_raw"",""age_ms"":4160,""fresh"":false},""right"":{""values"":[119.60861666317214,0.3928955028823111,-4.167236328125,4.88232421875,-0.271240234375,0.369873046875],""received_at_ms"":1788494749077,""valid"":true,""status"":""STALE"",""error"":""Torque sample age 3801 ms exceeds 1500 ms"",""source"":""/right_jaka_driver/joint_torque_raw"",""age_ms"":3801,""fresh"":false}}"
37,1788494752979,RUNNING,1.704,"{""left"":{""valid"":true,""status"":""VALID"",""sample_index"":71,""time_from_start_s"":1.704,""joints_rad"":[2.954261927084605,0.6173113076712956,-1.5748393173683466,1.4137125449209909,-0.11448285668443023,0.6100349999513253],""source"":""LATEST SUCCESSFUL PHASE5 SERVO_J COMMAND \u2014 DRIVER MEMORY"",""error"":null},""right"":{""valid"":true,""status"":""VALID"",""sample_index"":71,""time_from_start_s"":1.704,""joints_rad"":[0.18761638055320873,2.5576483816398077,1.584557505096411,-1.4120386576190027,3.244193267521888,2.5539805079159477],""source"":""LATEST SUCCESSFUL PHASE5 SERVO_J COMMAND \u2014 DRIVER MEMORY"",""error"":null}}","{""left"":{""valid"":true,""fresh"":true,""status"":""FRESH"",""joints_rad"":[2.964154627850416,0.6186087404903385,-1.5792562867451634,1.4218771555660317,-0.10836435166367434,0.6078426769994115],""received_at_ms"":1788494752875,""age_ms"":104,""source"":""jaka_port10000_actual_feedback"",""mapping"":""port10000_joint_actual_position_deg_to_rad"",""error"":null},""right"":{""valid"":true,""fresh"":true,""status"":""FRESH"",""joints_rad"":[0.18271764672666035,2.5570576270202894,1.5868086754843933,-1.4161386875183994,3.2413282719645324,2.55520269109127],""received_at_ms"":1788494752962,""age_ms"":17,""source"":""jaka_port10000_actual_feedback"",""mapping"":""port10000_joint_actual_position_deg_to_rad"",""error"":null}}","{""left"":{""values"":[-125.16528163250769,-11.169457867654273,1.97265625,-4.660400390625,0.22808837890625,-0.123291015625],""received_at_ms"":1788494748718,""valid"":true,""status"":""STALE"",""error"":""Torque sample age 4261 ms exceeds 1500 ms"",""source"":""/left_jaka_driver/joint_torque_raw"",""age_ms"":4261,""fresh"":false},""right"":{""values"":[119.60861666317214,0.3928955028823111,-4.167236328125,4.88232421875,-0.271240234375,0.369873046875],""received_at_ms"":1788494749077,""valid"":true,""status"":""STALE"",""error"":""Torque sample age 3902 ms exceeds 1500 ms"",""source"":""/right_jaka_driver/joint_torque_raw"",""age_ms"":3902,""fresh"":false}}"
38,1788494753079,RUNNING,1.8,"{""left"":{""valid"":true,""status"":""VALID"",""sample_index"":75,""time_from_start_s"":1.8,""joints_rad"":[2.9492261112878664,0.6166336369402846,-1.5725335737907986,1.409730826318533,-0.11760520382575866,0.611190186663017],""source"":""LATEST SUCCESSFUL PHASE5 SERVO_J COMMAND \u2014 DRIVER MEMORY"",""error"":null},""right"":{""valid"":true,""status"":""VALID"",""sample_index"":75,""time_from_start_s"":1.8,""joints_rad"":[0.19267387338650385,2.5582600747698376,1.5822154511020667,-1.4079166049352299,3.247168090070208,2.5527037958272856],""source"":""LATEST SUCCESSFUL PHASE5 SERVO_J COMMAND \u2014 DRIVER MEMORY"",""error"":null}}","{""left"":{""valid"":true,""fresh"":true,""status"":""FRESH"",""joints_rad"":[2.9578749332017398,0.6177818034907436,-1.576464109007823,1.4169157081013872,-0.11215136707465162,0.6092569172923026],""received_at_ms"":1788494752985,""age_ms"":94,""source"":""jaka_port10000_actual_feedback"",""mapping"":""port10000_joint_actual_position_deg_to_rad"",""error"":null},""right"":{""valid"":true,""fresh"":true,""status"":""FRESH"",""joints_rad"":[0.18771504797389574,2.5576688413243382,1.5844598113770594,-1.4119561804989202,3.244300393147754,2.5539203976898297],""received_at_ms"":1788494753078,""age_ms"":1,""source"":""jaka_port10000_actual_feedback"",""mapping"":""port10000_joint_actual_position_deg_to_rad"",""error"":null}}","{""left"":{""values"":[-125.16528163250769,-11.169457867654273,1.97265625,-4.660400390625,0.22808837890625,-0.123291015625],""received_at_ms"":1788494748718,""valid"":true,""status"":""STALE"",""error"":""Torque sample age 4361 ms exceeds 1500 ms"",""source"":""/left_jaka_driver/joint_torque_raw"",""age_ms"":4361,""fresh"":false},""right"":{""values"":[119.60861666317214,0.3928955028823111,-4.167236328125,4.88232421875,-0.271240234375,0.369873046875],""received_at_ms"":1788494749077,""valid"":true,""status"":""STALE"",""error"":""Torque sample age 4002 ms exceeds 1500 ms"",""source"":""/right_jaka_driver/joint_torque_raw"",""age_ms"":4002,""fresh"":false}}"
39,1788494753179,RUNNING,1.92,"{""left"":{""valid"":true,""status"":""VALID"",""sample_index"":80,""time_from_start_s"":1.92,""joints_rad"":[2.942948081337184,0.6157705325716413,-1.569602393011595,1.4047875812695292,-0.12152599091513788,0.6126562699037452],""source"":""LATEST SUCCESSFUL PHASE5 SERVO_J COMMAND \u2014 DRIVER MEMORY"",""error"":null},""right"":{""valid"":true,""status"":""VALID"",""sample_index"":80,""time_from_start_s"":1.92,""joints_rad"":[0.19897839358111802,2.5590397553536763,1.5792386714566944,-1.4027987952960674,3.2509067124146918,2.5510849605556616],""source"":""LATEST SUCCESSFUL PHASE5 SERVO_J COMMAND \u2014 DRIVER MEMORY"",""error"":null}}","{""left"":{""valid"":true,""fresh"":true,""status"":""FRESH"",""joints_rad"":[2.948647028380596,0.6165354638718945,-1.5722456482057525,1.409413584844615,-0.11780797918036526,0.6113661476933377],""received_at_ms"":1788494753168,""age_ms"":11,""source"":""jaka_port10000_actual_feedback"",""mapping"":""port10000_joint_actual_position_deg_to_rad"",""error"":null},""right"":{""valid"":true,""fresh"":true,""status"":""FRESH"",""joints_rad"":[0.18771504797389574,2.5576688413243382,1.5844598113770594,-1.4119561804989202,3.244300393147754,2.5539203976898297],""received_at_ms"":1788494753078,""age_ms"":101,""source"":""jaka_port10000_actual_feedback"",""mapping"":""port10000_joint_actual_position_deg_to_rad"",""error"":null}}","{""left"":{""values"":[-125.16528163250769,-11.169457867654273,1.97265625,-4.660400390625,0.22808837890625,-0.123291015625],""received_at_ms"":1788494748718,""valid"":true,""status"":""STALE"",""error"":""Torque sample age 4461 ms exceeds 1500 ms"",""source"":""/left_jaka_driver/joint_torque_raw"",""age_ms"":4461,""fresh"":false},""right"":{""values"":[119.60861666317214,0.3928955028823111,-4.167236328125,4.88232421875,-0.271240234375,0.369873046875],""received_at_ms"":1788494749077,""valid"":true,""status"":""STALE"",""error"":""Torque sample age 4102 ms exceeds 1500 ms"",""source"":""/right_jaka_driver/joint_torque_raw"",""age_ms"":4102,""fresh"":false}}"
40,1788494753289,RUNNING,2.016,"{""left"":{""valid"":true,""status"":""VALID"",""sample_index"":84,""time_from_start_s"":2.016,""joints_rad"":[2.93793829311762,0.6150649201675024,-1.5672105882330547,1.400858248173648,-0.12467652452024586,0.6138500286076705],""source"":""LATEST SUCCESSFUL PHASE5 SERVO_J COMMAND \u2014 DRIVER MEMORY"",""error"":null},""right"":{""valid"":true,""status"":""VALID"",""sample_index"":84,""time_from_start_s"":2.016,""joints_rad"":[0.2040089036076895,2.559677781973068,1.5768103743831468,-1.3987304756886145,3.25391334605399,2.549768329604001],""source"":""LATEST SUCCESSFUL PHASE5 SERVO_J COMMAND \u2014 DRIVER MEMORY"",""error"":null}}","{""left"":{""valid"":true,""fresh"":true,""status"":""FRESH"",""joints_rad"":[2.944872055741457,0.6160200681437806,-1.5704600018480372,1.4063215595417817,-0.12026470463547247,0.6122049529318462],""received_at_ms"":1788494753240,""age_ms"":49,""source"":""jaka_port10000_actual_feedback"",""mapping"":""port10000_joint_actual_position_deg_to_rad"",""error"":null},""right"":{""valid"":true,""fresh"":true,""status"":""FRESH"",""joints_rad"":[0.19817724964205055,2.558987088508369,1.579534317695006,-1.4033635755255016,3.2504842692204954,2.5512477750062508],""received_at_ms"":1788494753264,""age_ms"":25,""source"":""jaka_port10000_actual_feedback"",""mapping"":""port10000_joint_actual_position_deg_to_rad"",""error"":null}}","{""left"":{""values"":[-125.16528163250769,-11.169457867654273,1.97265625,-4.660400390625,0.22808837890625,-0.123291015625],""received_at_ms"":1788494748718,""valid"":true,""status"":""STALE"",""error"":""Torque sample age 4571 ms exceeds 1500 ms"",""source"":""/left_jaka_driver/joint_torque_raw"",""age_ms"":4571,""fresh"":false},""right"":{""values"":[119.60861666317214,0.3928955028823111,-4.167236328125,4.88232421875,-0.271240234375,0.369873046875],""received_at_ms"":1788494749077,""valid"":true,""status"":""STALE"",""error"":""Torque sample age 4212 ms exceeds 1500 ms"",""source"":""/right_jaka_driver/joint_torque_raw"",""age_ms"":4212,""fresh"":false}}"
41,1788494753380,RUNNING,2.112,"{""left"":{""valid"":true,""status"":""VALID"",""sample_index"":88,""time_from_start_s"":2.112,""joints_rad"":[2.9329381438491433,0.6143417752704473,-1.5647634140745812,1.3969473746889693,-0.12783859999239008,0.6150681389642843],""source"":""LATEST SUCCESSFUL PHASE5 SERVO_J COMMAND \u2014 DRIVER MEMORY"",""error"":null},""right"":{""valid"":true,""status"":""VALID"",""sample_index"":88,""time_from_start_s"":2.112,""joints_rad"":[0.20902938288626027,2.5603324210058376,1.5743269748068716,-1.3946811793689358,3.256933222971802,2.548426724451906],""source"":""LATEST SUCCESSFUL PHASE5 SERVO_J COMMAND \u2014 DRIVER MEMORY"",""error"":null}}","{""left"":{""valid"":true,""fresh"":true,""status"":""FRESH"",""joints_rad"":[2.9382567342776227,0.6150493160138214,-1.5672721579692697,1.4009286666860445,-0.12442330064419936,0.613822873148445],""received_at_ms"":1788494753363,""age_ms"":17,""source"":""jaka_port10000_actual_feedback"",""mapping"":""port10000_joint_actual_position_deg_to_rad"",""error"":null},""right"":{""valid"":true,""fresh"":true,""status"":""FRESH"",""joints_rad"":[0.2019763078248666,2.559466530453892,1.577736628565452,-1.4003434577878509,3.2527612257626473,2.550145250517766],""received_at_ms"":1788494753333,""age_ms"":47,""source"":""jaka_port10000_actual_feedback"",""mapping"":""port10000_joint_actual_position_deg_to_rad"",""error"":null}}","{""left"":{""values"":[-125.16528163250769,-11.169457867654273,1.97265625,-4.660400390625,0.22808837890625,-0.123291015625],""received_at_ms"":1788494748718,""valid"":true,""status"":""STALE"",""error"":""Torque sample age 4662 ms exceeds 1500 ms"",""source"":""/left_jaka_driver/joint_torque_raw"",""age_ms"":4662,""fresh"":false},""right"":{""values"":[119.60861666317214,0.3928955028823111,-4.167236328125,4.88232421875,-0.271240234375,0.369873046875],""received_at_ms"":1788494749077,""valid"":true,""status"":""STALE"",""error"":""Torque sample age 4303 ms exceeds 1500 ms"",""source"":""/right_jaka_driver/joint_torque_raw"",""age_ms"":4303,""fresh"":false}}"
42,1788494753481,RUNNING,2.208,"{""left"":{""valid"":true,""status"":""VALID"",""sample_index"":92,""time_from_start_s"":2.208,""joints_rad"":[2.92794661438303,0.6135984239537257,-1.5622521026701153,1.393052178357668,-0.1310118320210313,0.6163142382065296],""source"":""LATEST SUCCESSFUL PHASE5 SERVO_J COMMAND \u2014 DRIVER MEMORY"",""error"":null},""right"":{""valid"":true,""status"":""VALID"",""sample_index"":92,""time_from_start_s"":2.208,""joints_rad"":[0.21404086662792698,2.5610062487253153,1.5717798865569024,-1.390648110098542,3.259966038643828,2.5470565038656403],""source"":""LATEST SUCCESSFUL PHASE5 SERVO_J COMMAND \u2014 DRIVER MEMORY"",""error"":null}}","{""left"":{""valid"":true,""fresh"":true,""status"":""FRESH"",""joints_rad"":[2.9349489862792435,0.6145819168401373,-1.5656783232963485,1.3983401688724115,-0.12655644205598682,0.6145897708217712],""received_at_ms"":1788494753473,""age_ms"":8,""source"":""jaka_port10000_actual_feedback"",""mapping"":""port10000_joint_actual_position_deg_to_rad"",""error"":null},""right"":{""valid"":true,""fresh"":true,""status"":""FRESH"",""joints_rad"":[0.2057872342465962,2.559933929627576,1.5759029856533069,-1.3972516070179428,3.255062267848476,2.5492345377140753],""received_at_ms"":1788494753441,""age_ms"":40,""source"":""jaka_port10000_actual_feedback"",""mapping"":""port10000_joint_actual_position_deg_to_rad"",""error"":null}}","{""left"":{""values"":[-125.16528163250769,-11.169457867654273,1.97265625,-4.660400390625,0.22808837890625,-0.123291015625],""received_at_ms"":1788494748718,""valid"":true,""status"":""STALE"",""error"":""Torque sample age 4763 ms exceeds 1500 ms"",""source"":""/left_jaka_driver/joint_torque_raw"",""age_ms"":4763,""fresh"":false},""right"":{""values"":[119.60861666317214,0.3928955028823111,-4.167236328125,4.88232421875,-0.271240234375,0.369873046875],""received_at_ms"":1788494749077,""valid"":true,""status"":""STALE"",""error"":""Torque sample age 4404 ms exceeds 1500 ms"",""source"":""/right_jaka_driver/joint_torque_raw"",""age_ms"":4404,""fresh"":false}}"
43,1788494753580,RUNNING,2.3040000000000003,"{""left"":{""valid"":true,""status"":""VALID"",""sample_index"":96,""time_from_start_s"":2.3040000000000003,""joints_rad"":[2.92296358505913,0.612834107294497,-1.5596743321436521,1.3891722741928187,-0.13419624440025127,0.6175892553491655],""source"":""LATEST SUCCESSFUL PHASE5 SERVO_J COMMAND \u2014 DRIVER MEMORY"",""error"":null},""right"":{""valid"":true,""status"":""VALID"",""sample_index"":96,""time_from_start_s"":2.3040000000000003,""joints_rad"":[0.21904347799766224,2.561700008679224,1.5691668379332302,-1.3866308786167292,3.2630118459201336,2.5456567627077153],""source"":""LATEST SUCCESSFUL PHASE5 SERVO_J COMMAND \u2014 DRIVER MEMORY"",""error"":null}}","{""left"":{""valid"":true,""fresh"":true,""status"":""FRESH"",""joints_rad"":[2.929160601815004,0.6137071578190377,-1.5628618854824052,1.3937981240270216,-0.13015182031509515,0.6160279221254146],""received_at_ms"":1788494753544,""age_ms"":36,""source"":""jaka_port10000_actual_feedback"",""mapping"":""port10000_joint_actual_position_deg_to_rad"",""error"":null},""right"":{""valid"":true,""fresh"":true,""status"":""FRESH"",""joints_rad"":[0.21460760468739998,2.561108361681243,1.5714689766886152,-1.3902767477281979,3.2602993028020104,2.5469814921826757],""received_at_ms"":1788494753576,""age_ms"":4,""source"":""jaka_port10000_actual_feedback"",""mapping"":""port10000_joint_actual_position_deg_to_rad"",""error"":null}}","{""left"":{""values"":[-125.16528163250769,-11.169457867654273,1.97265625,-4.660400390625,0.22808837890625,-0.123291015625],""received_at_ms"":1788494748718,""valid"":true,""status"":""STALE"",""error"":""Torque sample age 4862 ms exceeds 1500 ms"",""source"":""/left_jaka_driver/joint_torque_raw"",""age_ms"":4862,""fresh"":false},""right"":{""values"":[119.60861666317214,0.3928955028823111,-4.167236328125,4.88232421875,-0.271240234375,0.369873046875],""received_at_ms"":1788494749077,""valid"":true,""status"":""STALE"",""error"":""Torque sample age 4503 ms exceeds 1500 ms"",""source"":""/right_jaka_driver/joint_torque_raw"",""age_ms"":4503,""fresh"":false}}"
44,1788494753687,RUNNING,2.424,"{""left"":{""valid"":true,""status"":""VALID"",""sample_index"":101,""time_from_start_s"":2.424,""joints_rad"":[2.9167476429386836,0.6118503445353105,-1.5563627475047952,1.384346213370114,-0.13819298439896313,0.6192219139214828],""source"":""LATEST SUCCESSFUL PHASE5 SERVO_J COMMAND \u2014 DRIVER MEMORY"",""error"":null},""right"":{""valid"":true,""status"":""VALID"",""sample_index"":101,""time_from_start_s"":2.424,""joints_rad"":[0.22528336488824152,2.562594195996219,1.5658117770094848,-1.3816339298201357,3.266837853597848,2.5438674206688203],""source"":""LATEST SUCCESSFUL PHASE5 SERVO_J COMMAND \u2014 DRIVER MEMORY"",""error"":null}}","{""left"":{""valid"":true,""fresh"":true,""status"":""FRESH"",""joints_rad"":[2.9241752433396075,0.6129282173738727,-1.5603212096902772,1.3899631120616145,-0.13338748621536745,0.6172143969509203],""received_at_ms"":1788494753634,""age_ms"":53,""source"":""jaka_port10000_actual_feedback"",""mapping"":""port10000_joint_actual_position_deg_to_rad"",""error"":null},""right"":{""valid"":true,""fresh"":true,""status"":""FRESH"",""joints_rad"":[0.21835866631578615,2.5616117146375186,1.5695634262112879,-1.387256804523472,3.2626123876596784,2.5458908359331045],""received_at_ms"":1788494753684,""age_ms"":3,""source"":""jaka_port10000_actual_feedback"",""mapping"":""port10000_joint_actual_position_deg_to_rad"",""error"":null}}","{""left"":{""values"":[-125.16528163250769,-11.169457867654273,1.97265625,-4.660400390625,0.22808837890625,-0.123291015625],""received_at_ms"":1788494748718,""valid"":true,""status"":""STALE"",""error"":""Torque sample age 4968 ms exceeds 1500 ms"",""source"":""/left_jaka_driver/joint_torque_raw"",""age_ms"":4968,""fresh"":false},""right"":{""values"":[119.60861666317214,0.3928955028823111,-4.167236328125,4.88232421875,-0.271240234375,0.369873046875],""received_at_ms"":1788494749077,""valid"":true,""status"":""STALE"",""error"":""Torque sample age 4609 ms exceeds 1500 ms"",""source"":""/right_jaka_driver/joint_torque_raw"",""age_ms"":4609,""fresh"":false}}"
45,1788494753795,RUNNING,2.52,"{""left"":{""valid"":true,""status"":""VALID"",""sample_index"":105,""time_from_start_s"":2.52,""joints_rad"":[2.911786413041117,0.6110426738481147,-1.55364908845922,1.380507714289109,-0.14140399214139782,0.620556120056426],""source"":""LATEST SUCCESSFUL PHASE5 SERVO_J COMMAND \u2014 DRIVER MEMORY"",""error"":null},""right"":{""valid"":true,""status"":""VALID"",""sample_index"":105,""time_from_start_s"":2.52,""joints_rad"":[0.23026330961368183,2.563329210443858,1.5630636908158921,-1.3776593456787627,3.2699142430406525,2.5424073169823576],""source"":""LATEST SUCCESSFUL PHASE5 SERVO_J COMMAND \u2014 DRIVER MEMORY"",""error"":null}}","{""left"":{""valid"":true,""fresh"":true,""status"":""FRESH"",""joints_rad"":[2.9199806935482897,0.6122810492872331,-1.558128203485146,1.3868232647372767,-0.1360478915941824,0.6182570566460618],""received_at_ms"":1788494753721,""age_ms"":74,""source"":""jaka_port10000_actual_feedback"",""mapping"":""port10000_joint_actual_position_deg_to_rad"",""error"":null},""right"":{""valid"":true,""fresh"":true,""status"":""FRESH"",""joints_rad"":[0.2237636019433622,2.5624026978545222,1.5666752553650876,-1.3829184396017897,3.265871964570703,2.5443689088253656],""received_at_ms"":1788494753755,""age_ms"":40,""source"":""jaka_port10000_actual_feedback"",""mapping"":""port10000_joint_actual_position_deg_to_rad"",""error"":null}}","{""left"":{""values"":[-125.16528163250769,-11.169457867654273,1.97265625,-4.660400390625,0.22808837890625,-0.123291015625],""received_at_ms"":1788494748718,""valid"":true,""status"":""STALE"",""error"":""Torque sample age 5077 ms exceeds 1500 ms"",""source"":""/left_jaka_driver/joint_torque_raw"",""age_ms"":5077,""fresh"":false},""right"":{""values"":[119.60861666317214,0.3928955028823111,-4.167236328125,4.88232421875,-0.271240234375,0.369873046875],""received_at_ms"":1788494749077,""valid"":true,""status"":""STALE"",""error"":""Torque sample age 4718 ms exceeds 1500 ms"",""source"":""/right_jaka_driver/joint_torque_raw"",""age_ms"":4718,""fresh"":false}}"
46,1788494753884,RUNNING,2.616,"{""left"":{""valid"":true,""status"":""VALID"",""sample_index"":109,""time_from_start_s"":2.616,""joints_rad"":[2.9068367240982664,0.6102188577397307,-1.5508859080328856,1.3766925104325318,-0.1446277536061466,0.6219120052736858],""source"":""LATEST SUCCESSFUL PHASE5 SERVO_J COMMAND \u2014 DRIVER MEMORY"",""error"":null},""right"":{""valid"":true,""status"":""VALID"",""sample_index"":109,""time_from_start_s"":2.616,""joints_rad"":[0.23523130575919404,2.5640795995297503,1.5602662410471204,-1.3737086220185994,3.273005077890374,2.540925115119976],""source"":""LATEST SUCCESSFUL PHASE5 SERVO_J COMMAND \u2014 DRIVER MEMORY"",""error"":null}}","{""left"":{""valid"":true,""fresh"":true,""status"":""FRESH"",""joints_rad"":[2.91621776368099,0.611693745993937,-1.5561147916600455,1.3839471366629152,-0.13858856738631053,0.619263762558612],""received_at_ms"":1788494753833,""age_ms"":51,""source"":""jaka_port10000_actual_feedback"",""mapping"":""port10000_joint_actual_position_deg_to_rad"",""error"":null},""right"":{""valid"":true,""fresh"":true,""status"":""FRESH"",""joints_rad"":[0.2274907525609961,2.5629420045933884,1.5646019787466434,-1.3799103646359776,3.2682089604391233,2.543206345010612],""received_at_ms"":1788494753823,""age_ms"":61,""source"":""jaka_port10000_actual_feedback"",""mapping"":""port10000_joint_actual_position_deg_to_rad"",""error"":null}}","{""left"":{""values"":[-125.16528163250769,-11.169457867654273,1.97265625,-4.660400390625,0.22808837890625,-0.123291015625],""received_at_ms"":1788494748718,""valid"":true,""status"":""STALE"",""error"":""Torque sample age 5166 ms exceeds 1500 ms"",""source"":""/left_jaka_driver/joint_torque_raw"",""age_ms"":5166,""fresh"":false},""right"":{""values"":[119.60861666317214,0.3928955028823111,-4.167236328125,4.88232421875,-0.271240234375,0.369873046875],""received_at_ms"":1788494749077,""valid"":true,""status"":""STALE"",""error"":""Torque sample age 4807 ms exceeds 1500 ms"",""source"":""/right_jaka_driver/joint_torque_raw"",""age_ms"":4807,""fresh"":false}}"
47,1788494753982,RUNNING,2.712,"{""left"":{""valid"":true,""status"":""VALID"",""sample_index"":113,""time_from_start_s"":2.712,""joints_rad"":[2.9018996819805887,0.6093807701797237,-1.5480797630427292,1.372903508269287,-0.1478648348950483,0.6232867777482091],""source"":""LATEST SUCCESSFUL PHASE5 SERVO_J COMMAND \u2014 DRIVER MEMORY"",""error"":null},""right"":{""valid"":true,""status"":""VALID"",""sample_index"":113,""time_from_start_s"":2.712,""joints_rad"":[0.240186234353879,2.5648435890384054,1.5574258503661216,-1.3697846733132228,3.2761108778214374,2.5394236702518995],""source"":""LATEST SUCCESSFUL PHASE5 SERVO_J COMMAND \u2014 DRIVER MEMORY"",""error"":null}}","{""left"":{""valid"":true,""fresh"":true,""status"":""FRESH"",""joints_rad"":[2.91039342543416,0.6107709904184077,-1.5529150795423643,1.3794888676216208,-0.14227976422135333,0.6209174620248766],""received_at_ms"":1788494753948,""age_ms"":34,""source"":""jaka_port10000_actual_feedback"",""mapping"":""port10000_joint_actual_position_deg_to_rad"",""error"":null},""right"":{""valid"":true,""fresh"":true,""status"":""FRESH"",""joints_rad"":[0.2331831439163756,2.563816763614488,1.5613062735201026,-1.3753444087798352,3.2718521607197366,2.541456652435488],""received_at_ms"":1788494753930,""age_ms"":52,""source"":""jaka_port10000_actual_feedback"",""mapping"":""port10000_joint_actual_position_deg_to_rad"",""error"":null}}","{""left"":{""values"":[-125.16528163250769,-11.169457867654273,1.97265625,-4.660400390625,0.22808837890625,-0.123291015625],""received_at_ms"":1788494748718,""valid"":true,""status"":""STALE"",""error"":""Torque sample age 5264 ms exceeds 1500 ms"",""source"":""/left_jaka_driver/joint_torque_raw"",""age_ms"":5264,""fresh"":false},""right"":{""values"":[119.60861666317214,0.3928955028823111,-4.167236328125,4.88232421875,-0.271240234375,0.369873046875],""received_at_ms"":1788494749077,""valid"":true,""status"":""STALE"",""error"":""Torque sample age 4905 ms exceeds 1500 ms"",""source"":""/right_jaka_driver/joint_torque_raw"",""age_ms"":4905,""fresh"":false}}"
48,1788494754084,RUNNING,2.8080000000000003,"{""left"":{""valid"":true,""status"":""VALID"",""sample_index"":117,""time_from_start_s"":2.8080000000000003,""joints_rad"":[2.896976056171205,0.6085295980120815,-1.545234931209124,1.3691426921566336,-0.1511156626532921,0.624678599702267],""source"":""LATEST SUCCESSFUL PHASE5 SERVO_J COMMAND \u2014 DRIVER MEMORY"",""error"":null},""right"":{""valid"":true,""status"":""VALID"",""sample_index"":117,""time_from_start_s"":2.8080000000000003,""joints_rad"":[0.24512731750908986,2.565620064579552,1.5545467077907524,-1.3658894889181026,3.279232044968146,2.537904874612231],""source"":""LATEST SUCCESSFUL PHASE5 SERVO_J COMMAND \u2014 DRIVER MEMORY"",""error"":null}}","{""left"":{""valid"":true,""fresh"":true,""status"":""FRESH"",""joints_rad"":[2.9042455031440095,0.6096923769406751,-1.5494156943921156,1.3746832780591796,-0.1464743140126713,0.6226432435892487],""received_at_ms"":1788494754023,""age_ms"":61,""source"":""jaka_port10000_actual_feedback"",""mapping"":""port10000_joint_actual_position_deg_to_rad"",""error"":null},""right"":{""valid"":true,""fresh"":true,""status"":""FRESH"",""joints_rad"":[0.23647884914291648,2.5643080737989243,1.559412765814614,-1.3726000530639992,3.273901526327428,2.5404260355121853],""received_at_ms"":1788494753998,""age_ms"":86,""source"":""jaka_port10000_actual_feedback"",""mapping"":""port10000_joint_actual_position_deg_to_rad"",""error"":null}}","{""left"":{""values"":[-125.16528163250769,-11.169457867654273,1.97265625,-4.660400390625,0.22808837890625,-0.123291015625],""received_at_ms"":1788494748718,""valid"":true,""status"":""STALE"",""error"":""Torque sample age 5366 ms exceeds 1500 ms"",""source"":""/left_jaka_driver/joint_torque_raw"",""age_ms"":5366,""fresh"":false},""right"":{""values"":[119.60861666317214,0.3928955028823111,-4.167236328125,4.88232421875,-0.271240234375,0.369873046875],""received_at_ms"":1788494749077,""valid"":true,""status"":""STALE"",""error"":""Torque sample age 5007 ms exceeds 1500 ms"",""source"":""/right_jaka_driver/joint_torque_raw"",""age_ms"":5007,""fresh"":false}}"
49,1788494754183,RUNNING,2.904,"{""left"":{""valid"":true,""status"":""VALID"",""sample_index"":121,""time_from_start_s"":2.904,""joints_rad"":[2.89206604176686,0.6076653431915303,-1.542351747079391,1.3654104780271,-0.1543804223328554,0.626087284372712],""source"":""LATEST SUCCESSFUL PHASE5 SERVO_J COMMAND \u2014 DRIVER MEMORY"",""error"":null},""right"":{""valid"":true,""status"":""VALID"",""sample_index"":121,""time_from_start_s"":2.904,""joints_rad"":[0.25005435969443873,2.566409048631984,1.5516291384547098,-1.3620234845116115,3.2823687773032946,2.5363689536077443],""source"":""LATEST SUCCESSFUL PHASE5 SERVO_J COMMAND \u2014 DRIVER MEMORY"",""error"":null}}","{""left"":{""valid"":true,""fresh"":true,""status"":""FRESH"",""joints_rad"":[2.899787234102715,0.6089254792673489,-1.5468031110348055,1.3712198466915222,-0.14942234965221493,0.6239134942188502],""received_at_ms"":1788494754112,""age_ms"":71,""source"":""jaka_port10000_actual_feedback"",""mapping"":""port10000_joint_actual_position_deg_to_rad"",""error"":null},""right"":{""valid"":true,""fresh"":true,""status"":""FRESH"",""joints_rad"":[0.24550289950742799,2.565734356863654,1.5541516453174022,-1.365409471078708,3.2796419142372373,2.537705590807102],""received_at_ms"":1788494754174,""age_ms"":9,""source"":""jaka_port10000_actual_feedback"",""mapping"":""port10000_joint_actual_position_deg_to_rad"",""error"":null}}","{""left"":{""values"":[-125.16528163250769,-11.169457867654273,1.97265625,-4.660400390625,0.22808837890625,-0.123291015625],""received_at_ms"":1788494748718,""valid"":true,""status"":""STALE"",""error"":""Torque sample age 5465 ms exceeds 1500 ms"",""source"":""/left_jaka_driver/joint_torque_raw"",""age_ms"":5465,""fresh"":false},""right"":{""values"":[119.60861666317214,0.3928955028823111,-4.167236328125,4.88232421875,-0.271240234375,0.369873046875],""received_at_ms"":1788494749077,""valid"":true,""status"":""STALE"",""error"":""Torque sample age 5106 ms exceeds 1500 ms"",""source"":""/right_jaka_driver/joint_torque_raw"",""age_ms"":5106,""fresh"":false}}"
50,1788494754300,RUNNING,3.024,"{""left"":{""valid"":true,""status"":""VALID"",""sample_index"":126,""time_from_start_s"":3.024,""joints_rad"":[2.8859280451484475,0.6065598229125961,-1.53867192892996,1.3607689506899068,-0.1584939511687056,0.6278817600056731],""source"":""LATEST SUCCESSFUL PHASE5 SERVO_J COMMAND \u2014 DRIVER MEMORY"",""error"":null},""right"":{""valid"":true,""status"":""VALID"",""sample_index"":126,""time_from_start_s"":3.024,""joints_rad"":[0.2562131046820614,2.5674192804464413,1.547906277392375,-1.3572150214952612,3.2863242486216104,2.534414585732788],""source"":""LATEST SUCCESSFUL PHASE5 SERVO_J COMMAND \u2014 DRIVER MEMORY"",""error"":null}}","{""left"":{""valid"":true,""fresh"":true,""status"":""FRESH"",""joints_rad"":[2.895293185811755,0.6081584070610974,-1.544142531123065,1.3677564153238646,-0.15246637840061825,0.6251600083706245],""received_at_ms"":1788494754200,""age_ms"":100,""source"":""jaka_port10000_actual_feedback"",""mapping"":""port10000_joint_actual_position_deg_to_rad"",""error"":null},""right"":{""valid"":true,""fresh"":true,""status"":""FRESH"",""joints_rad"":[0.2492420928969006,2.566321485624025,1.5519825501230238,-1.3624973892217553,3.281930913551228,2.5365432015252733],""received_at_ms"":1788494754282,""age_ms"":18,""source"":""jaka_port10000_actual_feedback"",""mapping"":""port10000_joint_actual_position_deg_to_rad"",""error"":null}}","{""left"":{""values"":[-125.16528163250769,-11.169457867654273,1.97265625,-4.660400390625,0.22808837890625,-0.123291015625],""received_at_ms"":1788494748718,""valid"":true,""status"":""STALE"",""error"":""Torque sample age 5582 ms exceeds 1500 ms"",""source"":""/left_jaka_driver/joint_torque_raw"",""age_ms"":5582,""fresh"":false},""right"":{""values"":[119.60861666317214,0.3928955028823111,-4.167236328125,4.88232421875,-0.271240234375,0.369873046875],""received_at_ms"":1788494749077,""valid"":true,""status"":""STALE"",""error"":""Torque sample age 5223 ms exceeds 1500 ms"",""source"":""/right_jaka_driver/joint_torque_raw"",""age_ms"":5223,""fresh"":false}}"
51,1788494754386,RUNNING,3.12,"{""left"":{""valid"":true,""status"":""VALID"",""sample_index"":130,""time_from_start_s"":3.12,""joints_rad"":[2.8806176712858265,0.6055642887203433,-1.5353705070974863,1.356781106996039,-0.16209425124512974,0.6294857384760091],""source"":""LATEST SUCCESSFUL PHASE5 SERVO_J COMMAND \u2014 DRIVER MEMORY"",""error"":null},""right"":{""valid"":true,""status"":""VALID"",""sample_index"":130,""time_from_start_s"":3.12,""joints_rad"":[0.26154074354261986,2.5683306904214827,1.544567909539813,-1.3530831940301453,3.289790746258984,2.5326713232935925],""source"":""LATEST SUCCESSFUL PHASE5 SERVO_J COMMAND \u2014 DRIVER MEMORY"",""error"":null}}","{""left"":{""valid"":true,""fresh"":true,""status"":""FRESH"",""joints_rad"":[2.8858856866105804,0.6064806220511552,-1.5385339155717814,1.3607456022515285,-0.15859021514709076,0.6279642288798039],""received_at_ms"":1788494754379,""age_ms"":7,""source"":""jaka_port10000_actual_feedback"",""mapping"":""port10000_joint_actual_position_deg_to_rad"",""error"":null},""right"":{""valid"":true,""fresh"":true,""status"":""FRESH"",""joints_rad"":[0.25456307818745577,2.5671964191780496,1.5487707952335037,-1.3583508359848673,3.285418255929638,2.534901370297922],""received_at_ms"":1788494754351,""age_ms"":35,""source"":""jaka_port10000_actual_feedback"",""mapping"":""port10000_joint_actual_position_deg_to_rad"",""error"":null}}","{""left"":{""values"":[-125.16528163250769,-11.169457867654273,1.97265625,-4.660400390625,0.22808837890625,-0.123291015625],""received_at_ms"":1788494748718,""valid"":true,""status"":""STALE"",""error"":""Torque sample age 5668 ms exceeds 1500 ms"",""source"":""/left_jaka_driver/joint_torque_raw"",""age_ms"":5668,""fresh"":false},""right"":{""values"":[119.60861666317214,0.3928955028823111,-4.167236328125,4.88232421875,-0.271240234375,0.369873046875],""received_at_ms"":1788494749077,""valid"":true,""status"":""STALE"",""error"":""Torque sample age 5309 ms exceeds 1500 ms"",""source"":""/right_jaka_driver/joint_torque_raw"",""age_ms"":5309,""fresh"":false}}"
52,1788494754486,RUNNING,3.216,"{""left"":{""valid"":true,""status"":""VALID"",""sample_index"":134,""time_from_start_s"":3.216,""joints_rad"":[2.8744855478503935,0.6043655751209523,-1.5314105958827093,1.3522089138531463,-0.1663017855433691,0.6314021641870339],""source"":""LATEST SUCCESSFUL PHASE5 SERVO_J COMMAND \u2014 DRIVER MEMORY"",""error"":null},""right"":{""valid"":true,""status"":""VALID"",""sample_index"":134,""time_from_start_s"":3.216,""joints_rad"":[0.2676919848482582,2.5694302292223026,1.5405657932919192,-1.348345269841908,3.293847437645807,2.5305930177908853],""source"":""LATEST SUCCESSFUL PHASE5 SERVO_J COMMAND \u2014 DRIVER MEMORY"",""error"":null}}","{""left"":{""valid"":true,""fresh"":true,""status"":""FRESH"",""joints_rad"":[2.882422255242923,0.6058694077471067,-1.5364007741599939,1.358109107883466,-0.16087921446108133,0.6289709347923541],""received_at_ms"":1788494754448,""age_ms"":38,""source"":""jaka_port10000_actual_feedback"",""mapping"":""port10000_joint_actual_position_deg_to_rad"",""error"":null},""right"":{""valid"":true,""fresh"":true,""status"":""FRESH"",""joints_rad"":[0.25843386940252877,2.567819501721012,1.5464219311261698,-1.3554026258123983,3.2878510703739927,2.5336550306790735],""received_at_ms"":1788494754420,""age_ms"":66,""source"":""jaka_port10000_actual_feedback"",""mapping"":""port10000_joint_actual_position_deg_to_rad"",""error"":null}}","{""left"":{""values"":[-125.16528163250769,-11.169457867654273,1.97265625,-4.660400390625,0.22808837890625,-0.123291015625],""received_at_ms"":1788494748718,""valid"":true,""status"":""STALE"",""error"":""Torque sample age 5768 ms exceeds 1500 ms"",""source"":""/left_jaka_driver/joint_torque_raw"",""age_ms"":5768,""fresh"":false},""right"":{""values"":[119.60861666317214,0.3928955028823111,-4.167236328125,4.88232421875,-0.271240234375,0.369873046875],""received_at_ms"":1788494749077,""valid"":true,""status"":""STALE"",""error"":""Torque sample age 5409 ms exceeds 1500 ms"",""source"":""/right_jaka_driver/joint_torque_raw"",""age_ms"":5409,""fresh"":false}}"
53,1788494754589,RUNNING,3.3120000000000003,"{""left"":{""valid"":true,""status"":""VALID"",""sample_index"":138,""time_from_start_s"":3.3120000000000003,""joints_rad"":[2.8675849872202788,0.6029743089685237,-1.526827405170519,1.3470914215053562,-0.17107928105404316,0.6336139602283982],""source"":""LATEST SUCCESSFUL PHASE5 SERVO_J COMMAND \u2014 DRIVER MEMORY"",""error"":null},""right"":{""valid"":true,""status"":""VALID"",""sample_index"":138,""time_from_start_s"":3.3120000000000003,""joints_rad"":[0.2746133651322534,2.5707081665812965,1.5359355259949126,-1.3430417305828906,3.298458337025179,2.5281982039468334],""source"":""LATEST SUCCESSFUL PHASE5 SERVO_J COMMAND \u2014 DRIVER MEMORY"",""error"":null}}","{""left"":{""valid"":true,""fresh"":true,""status"":""FRESH"",""joints_rad"":[2.875039861572837,0.6044553419871409,-1.5316670921627349,1.3526561757014601,-0.16592461226274652,0.6312239803237535],""received_at_ms"":1788494754556,""age_ms"":33,""source"":""jaka_port10000_actual_feedback"",""mapping"":""port10000_joint_actual_position_deg_to_rad"",""error"":null},""right"":{""valid"":true,""fresh"":true,""status"":""FRESH"",""joints_rad"":[0.26412643529083346,2.568838250405401,1.5428865921933301,-1.3510644354236414,3.2915422672090355,2.5318452987776805],""received_at_ms"":1788494754513,""age_ms"":76,""source"":""jaka_port10000_actual_feedback"",""mapping"":""port10000_joint_actual_position_deg_to_rad"",""error"":null}}","{""left"":{""values"":[-125.16528163250769,-11.169457867654273,1.97265625,-4.660400390625,0.22808837890625,-0.123291015625],""received_at_ms"":1788494748718,""valid"":true,""status"":""STALE"",""error"":""Torque sample age 5871 ms exceeds 1500 ms"",""source"":""/left_jaka_driver/joint_torque_raw"",""age_ms"":5871,""fresh"":false},""right"":{""values"":[119.60861666317214,0.3928955028823111,-4.167236328125,4.88232421875,-0.271240234375,0.369873046875],""received_at_ms"":1788494749077,""valid"":true,""status"":""STALE"",""error"":""Torque sample age 5512 ms exceeds 1500 ms"",""source"":""/right_jaka_driver/joint_torque_raw"",""age_ms"":5512,""fresh"":false}}"
54,1788494754688,RUNNING,3.408,"{""left"":{""valid"":true,""status"":""VALID"",""sample_index"":142,""time_from_start_s"":3.408,""joints_rad"":[2.8603224136490626,0.601479428843672,-1.5219119456086738,1.34172520459965,-0.1761380755017753,0.635981664503647],""source"":""LATEST SUCCESSFUL PHASE5 SERVO_J COMMAND \u2014 DRIVER MEMORY"",""error"":null},""right"":{""valid"":true,""status"":""VALID"",""sample_index"":142,""time_from_start_s"":3.408,""joints_rad"":[0.2818973540215774,2.5720825359118584,1.5309708324137514,-1.3374800304392007,3.3033440696019967,2.52563728530848],""source"":""LATEST SUCCESSFUL PHASE5 SERVO_J COMMAND \u2014 DRIVER MEMORY"",""error"":null}}","{""left"":{""valid"":true,""fresh"":true,""status"":""FRESH"",""joints_rad"":[2.8705098594992857,0.603592451204955,-1.5287068392184273,1.3493606450078444,-0.1689447300003975,0.6327099536489016],""received_at_ms"":1788494754671,""age_ms"":17,""source"":""jaka_port10000_actual_feedback"",""mapping"":""port10000_joint_actual_position_deg_to_rad"",""error"":null},""right"":{""valid"":true,""fresh"":true,""status"":""FRESH"",""joints_rad"":[0.27010663143986685,2.5698807355676174,1.539051580227923,-1.3465103478064124,3.2954132329570336,2.5297601539203227],""received_at_ms"":1788494754663,""age_ms"":25,""source"":""jaka_port10000_actual_feedback"",""mapping"":""port10000_joint_actual_position_deg_to_rad"",""error"":null}}","{""left"":{""values"":[-125.16528163250769,-11.169457867654273,1.97265625,-4.660400390625,0.22808837890625,-0.123291015625],""received_at_ms"":1788494748718,""valid"":true,""status"":""STALE"",""error"":""Torque sample age 5970 ms exceeds 1500 ms"",""source"":""/left_jaka_driver/joint_torque_raw"",""age_ms"":5970,""fresh"":false},""right"":{""values"":[119.60861666317214,0.3928955028823111,-4.167236328125,4.88232421875,-0.271240234375,0.369873046875],""received_at_ms"":1788494749077,""valid"":true,""status"":""STALE"",""error"":""Torque sample age 5611 ms exceeds 1500 ms"",""source"":""/right_jaka_driver/joint_torque_raw"",""age_ms"":5611,""fresh"":false}}"
55,1788494754787,RUNNING,3.504,"{""left"":{""valid"":true,""status"":""VALID"",""sample_index"":146,""time_from_start_s"":3.504,""joints_rad"":[2.853306362781608,0.6000150967900376,-1.5171028259877861,1.3365540288330116,-0.18104526008877223,0.6382952570856633],""source"":""LATEST SUCCESSFUL PHASE5 SERVO_J COMMAND \u2014 DRIVER MEMORY"",""error"":null},""right"":{""valid"":true,""status"":""VALID"",""sample_index"":147,""time_from_start_s"":3.528,""joints_rad"":[0.2905756417502574,2.5737461529595436,1.524974367550429,-1.3308709956360338,3.3091943817722735,2.5225501610992014],""source"":""LATEST SUCCESSFUL PHASE5 SERVO_J COMMAND \u2014 DRIVER MEMORY"",""error"":null}}","{""left"":{""valid"":true,""fresh"":true,""status"":""FRESH"",""joints_rad"":[2.86189316898219,0.601866669640583,-1.5230622698845524,1.3431408151525122,-0.17486488682316226,0.6355742134843495],""received_at_ms"":1788494754748,""age_ms"":39,""source"":""jaka_port10000_actual_feedback"",""mapping"":""port10000_joint_actual_position_deg_to_rad"",""error"":null},""right"":{""valid"":true,""fresh"":true,""status"":""FRESH"",""joints_rad"":[0.2797059423258357,2.5715944743601504,1.5326519814596353,-1.3393438513647984,3.3018126571923965,2.526404583900438],""received_at_ms"":1788494754734,""age_ms"":53,""source"":""jaka_port10000_actual_feedback"",""mapping"":""port10000_joint_actual_position_deg_to_rad"",""error"":null}}","{""left"":{""values"":[-125.16528163250769,-11.169457867654273,1.97265625,-4.660400390625,0.22808837890625,-0.123291015625],""received_at_ms"":1788494748718,""valid"":true,""status"":""STALE"",""error"":""Torque sample age 6069 ms exceeds 1500 ms"",""source"":""/left_jaka_driver/joint_torque_raw"",""age_ms"":6069,""fresh"":false},""right"":{""values"":[119.60861666317214,0.3928955028823111,-4.167236328125,4.88232421875,-0.271240234375,0.369873046875],""received_at_ms"":1788494749077,""valid"":true,""status"":""STALE"",""error"":""Torque sample age 5710 ms exceeds 1500 ms"",""source"":""/right_jaka_driver/joint_torque_raw"",""age_ms"":5710,""fresh"":false}}"
56,1788494754888,RUNNING,3.624,"{""left"":{""valid"":true,""status"":""VALID"",""sample_index"":151,""time_from_start_s"":3.624,""joints_rad"":[2.8458805476961277,0.5984489921859151,-1.5119641706172422,1.331091115261402,-0.18625514318329547,0.6407650774077573],""source"":""LATEST SUCCESSFUL PHASE5 SERVO_J COMMAND \u2014 DRIVER MEMORY"",""error"":null},""right"":{""valid"":true,""status"":""VALID"",""sample_index"":151,""time_from_start_s"":3.624,""joints_rad"":[0.29638087733113966,2.5748710198684956,1.5209257621751533,-1.326457821831247,3.3131212839574946,2.5204685740243824],""source"":""LATEST SUCCESSFUL PHASE5 SERVO_J COMMAND \u2014 DRIVER MEMORY"",""error"":null}}","{""left"":{""valid"":true,""fresh"":true,""status"":""FRESH"",""joints_rad"":[2.8564404113331094,0.6007163231305934,-1.5193352937998439,1.339078212252645,-0.1786998987885694,0.6373837708528172],""received_at_ms"":1788494754826,""age_ms"":62,""source"":""jaka_port10000_actual_feedback"",""mapping"":""port10000_joint_actual_position_deg_to_rad"",""error"":null},""right"":{""valid"":true,""fresh"":true,""status"":""FRESH"",""joints_rad"":[0.28455952844270666,2.5725174044686048,1.52926045765716,-1.3356765655405083,3.3051443162015284,2.5246788023360662],""received_at_ms"":1788494754803,""age_ms"":85,""source"":""jaka_port10000_actual_feedback"",""mapping"":""port10000_joint_actual_position_deg_to_rad"",""error"":null}}","{""left"":{""values"":[-125.16528163250769,-11.169457867654273,1.97265625,-4.660400390625,0.22808837890625,-0.123291015625],""received_at_ms"":1788494748718,""valid"":true,""status"":""STALE"",""error"":""Torque sample age 6170 ms exceeds 1500 ms"",""source"":""/left_jaka_driver/joint_torque_raw"",""age_ms"":6170,""fresh"":false},""right"":{""values"":[119.60861666317214,0.3928955028823111,-4.167236328125,4.88232421875,-0.271240234375,0.369873046875],""received_at_ms"":1788494749077,""valid"":true,""status"":""STALE"",""error"":""Torque sample age 5811 ms exceeds 1500 ms"",""source"":""/right_jaka_driver/joint_torque_raw"",""age_ms"":5811,""fresh"":false}}"
57,1788494754988,RUNNING,3.72,"{""left"":{""valid"":true,""status"":""VALID"",""sample_index"":155,""time_from_start_s"":3.72,""joints_rad"":[2.841664452602722,0.5975532214106939,-1.509026893326886,1.327993620400308,-0.1892196236652726,0.6421759057834583],""source"":""LATEST SUCCESSFUL PHASE5 SERVO_J COMMAND \u2014 DRIVER MEMORY"",""error"":null},""right"":{""valid"":true,""status"":""VALID"",""sample_index"":155,""time_from_start_s"":3.72,""joints_rad"":[0.3006089575617034,2.575695716434613,1.5179602005925756,-1.3232471361576692,3.31598736911998,2.5189450617824773],""source"":""LATEST SUCCESSFUL PHASE5 SERVO_J COMMAND \u2014 DRIVER MEMORY"",""error"":null}}","{""left"":{""valid"":true,""fresh"":true,""status"":""FRESH"",""joints_rad"":[2.848398981337471,0.599086360142156,-1.5137025927048824,1.3329901547558383,-0.18447624048096986,0.6399485321886229],""received_at_ms"":1788494754929,""age_ms"":59,""source"":""jaka_port10000_actual_feedback"",""mapping"":""port10000_joint_actual_position_deg_to_rad"",""error"":null},""right"":{""valid"":true,""fresh"":true,""status"":""FRESH"",""joints_rad"":[0.29013219021139935,2.573607886185251,1.5252816305613885,-1.3313982399450945,3.3089433743843446,2.5227973374024164],""received_at_ms"":1788494754918,""age_ms"":70,""source"":""jaka_port10000_actual_feedback"",""mapping"":""port10000_joint_actual_position_deg_to_rad"",""error"":null}}","{""left"":{""values"":[-125.16528163250769,-11.169457867654273,1.97265625,-4.660400390625,0.22808837890625,-0.123291015625],""received_at_ms"":1788494748718,""valid"":true,""status"":""STALE"",""error"":""Torque sample age 6270 ms exceeds 1500 ms"",""source"":""/left_jaka_driver/joint_torque_raw"",""age_ms"":6270,""fresh"":false},""right"":{""values"":[119.60861666317214,0.3928955028823111,-4.167236328125,4.88232421875,-0.271240234375,0.369873046875],""received_at_ms"":1788494749077,""valid"":true,""status"":""STALE"",""error"":""Torque sample age 5911 ms exceeds 1500 ms"",""source"":""/right_jaka_driver/joint_torque_raw"",""age_ms"":5911,""fresh"":false}}"
58,1788494755088,RUNNING,3.8160000000000003,"{""left"":{""valid"":true,""status"":""VALID"",""sample_index"":159,""time_from_start_s"":3.8160000000000003,""joints_rad"":[2.839243470440751,0.597036447205548,-1.5073330541182035,1.326216461375858,-0.1909242586507279,0.6429891498634352],""source"":""LATEST SUCCESSFUL PHASE5 SERVO_J COMMAND \u2014 DRIVER MEMORY"",""error"":null},""right"":{""valid"":true,""status"":""VALID"",""sample_index"":159,""time_from_start_s"":3.8160000000000003,""joints_rad"":[0.3030367840202285,2.576171583564925,1.5162501464250522,-1.3214050050080977,3.3176356806605622,2.518067069528577],""source"":""LATEST SUCCESSFUL PHASE5 SERVO_J COMMAND \u2014 DRIVER MEMORY"",""error"":null}}","{""left"":{""valid"":true,""fresh"":true,""status"":""FRESH"",""joints_rad"":[2.8449715037524044,0.5983554162514207,-1.5112697782605278,1.3304494789637102,-0.1869568769468294,0.64107496768786],""received_at_ms"":1788494755037,""age_ms"":51,""source"":""jaka_port10000_actual_feedback"",""mapping"":""port10000_joint_actual_position_deg_to_rad"",""error"":null},""right"":{""valid"":true,""fresh"":true,""status"":""FRESH"",""joints_rad"":[0.29696323437078,2.5749261333692823,1.520488083770786,-1.3263168883608383,3.313485419229734,2.5203645229580616],""received_at_ms"":1788494755036,""age_ms"":52,""source"":""jaka_port10000_actual_feedback"",""mapping"":""port10000_joint_actual_position_deg_to_rad"",""error"":null}}","{""left"":{""values"":[-125.16528163250769,-11.169457867654273,1.97265625,-4.660400390625,0.22808837890625,-0.123291015625],""received_at_ms"":1788494748718,""valid"":true,""status"":""STALE"",""error"":""Torque sample age 6370 ms exceeds 1500 ms"",""source"":""/left_jaka_driver/joint_torque_raw"",""age_ms"":6370,""fresh"":false},""right"":{""values"":[119.60861666317214,0.3928955028823111,-4.167236328125,4.88232421875,-0.271240234375,0.369873046875],""received_at_ms"":1788494749077,""valid"":true,""status"":""STALE"",""error"":""Torque sample age 6011 ms exceeds 1500 ms"",""source"":""/right_jaka_driver/joint_torque_raw"",""age_ms"":6011,""fresh"":false}}"
59,1788494755191,RUNNING,3.912,"{""left"":{""valid"":true,""status"":""VALID"",""sample_index"":163,""time_from_start_s"":3.912,""joints_rad"":[2.838400511116486,0.5968558903924431,-1.5067414184093806,1.3255980593798187,-0.19151840285465666,0.6432731178743984],""source"":""LATEST SUCCESSFUL PHASE5 SERVO_J COMMAND \u2014 DRIVER MEMORY"",""error"":null},""right"":{""valid"":true,""status"":""VALID"",""sample_index"":163,""time_from_start_s"":3.912,""joints_rad"":[0.3038821166977979,2.576337872600114,1.5156528718090918,-1.3207639868094154,3.3182102595810665,2.5177605461143266],""source"":""LATEST SUCCESSFUL PHASE5 SERVO_J COMMAND \u2014 DRIVER MEMORY"",""error"":null}}","{""left"":{""valid"":true,""fresh"":true,""status"":""FRESH"",""joints_rad"":[2.8390513469296392,0.5970731228499805,-1.5071113567847259,1.3261231568138667,-0.19104356539037412,0.6429684753933486],""received_at_ms"":1788494755182,""age_ms"":9,""source"":""jaka_port10000_actual_feedback"",""mapping"":""port10000_joint_actual_position_deg_to_rad"",""error"":null},""right"":{""valid"":true,""fresh"":true,""status"":""FRESH"",""joints_rad"":[0.30151732198800885,2.5758488889448117,1.5172402005657497,-1.3227096418628161,3.316625266554072,2.5186507841655286],""received_at_ms"":1788494755129,""age_ms"":62,""source"":""jaka_port10000_actual_feedback"",""mapping"":""port10000_joint_actual_position_deg_to_rad"",""error"":null}}","{""left"":{""values"":[-125.16528163250769,-11.169457867654273,1.97265625,-4.660400390625,0.22808837890625,-0.123291015625],""received_at_ms"":1788494748718,""valid"":true,""status"":""STALE"",""error"":""Torque sample age 6473 ms exceeds 1500 ms"",""source"":""/left_jaka_driver/joint_torque_raw"",""age_ms"":6473,""fresh"":false},""right"":{""values"":[119.60861666317214,0.3928955028823111,-4.167236328125,4.88232421875,-0.271240234375,0.369873046875],""received_at_ms"":1788494749077,""valid"":true,""status"":""STALE"",""error"":""Torque sample age 6114 ms exceeds 1500 ms"",""source"":""/right_jaka_driver/joint_torque_raw"",""age_ms"":6114,""fresh"":false}}"
60,1788494755289,RUNNING,3.9701160393651618,"{""left"":{""valid"":true,""status"":""VALID"",""sample_index"":166,""time_from_start_s"":3.9701160393651618,""joints_rad"":[2.838345263682904,0.5968440289392167,-1.5067025596081787,1.3255575465362743,-0.19155737013217294,0.6432917650694028],""source"":""LATEST SUCCESSFUL PHASE5 SERVO_J COMMAND \u2014 DRIVER MEMORY"",""error"":null},""right"":{""valid"":true,""status"":""VALID"",""sample_index"":166,""time_from_start_s"":3.9701160393651618,""joints_rad"":[0.3039375192463063,2.576348797859112,1.5156136437490983,-1.3207219919870925,3.318247946603638,2.5177404201652136],""source"":""LATEST SUCCESSFUL PHASE5 SERVO_J COMMAND \u2014 DRIVER MEMORY"",""error"":null}}","{""left"":{""valid"":true,""fresh"":true,""status"":""FRESH"",""joints_rad"":[2.8390513469296392,0.5970731228499805,-1.5071113567847259,1.3261231568138667,-0.19104356539037412,0.6429684753933486],""received_at_ms"":1788494755182,""age_ms"":107,""source"":""jaka_port10000_actual_feedback"",""mapping"":""port10000_joint_actual_position_deg_to_rad"",""error"":null},""right"":{""valid"":true,""fresh"":true,""status"":""FRESH"",""joints_rad"":[0.3035185165083455,2.5762325123144,1.5158980423709663,-1.321151760972486,3.3178716061729214,2.5179317085137067],""received_at_ms"":1788494755203,""age_ms"":86,""source"":""jaka_port10000_actual_feedback"",""mapping"":""port10000_joint_actual_position_deg_to_rad"",""error"":null}}","{""left"":{""values"":[-125.16528163250769,-11.169457867654273,1.97265625,-4.660400390625,0.22808837890625,-0.123291015625],""received_at_ms"":1788494748718,""valid"":true,""status"":""STALE"",""error"":""Torque sample age 6571 ms exceeds 1500 ms"",""source"":""/left_jaka_driver/joint_torque_raw"",""age_ms"":6571,""fresh"":false},""right"":{""values"":[119.60861666317214,0.3928955028823111,-4.167236328125,4.88232421875,-0.271240234375,0.369873046875],""received_at_ms"":1788494749077,""valid"":true,""status"":""STALE"",""error"":""Torque sample age 6212 ms exceeds 1500 ms"",""source"":""/right_jaka_driver/joint_torque_raw"",""age_ms"":6212,""fresh"":false}}"
61,1788494755395,COMPLETED,3.9701160393651618,"{""left"":{""valid"":true,""status"":""VALID"",""sample_index"":166,""time_from_start_s"":3.9701160393651618,""joints_rad"":[2.838345263682904,0.5968440289392167,-1.5067025596081787,1.3255575465362743,-0.19155737013217294,0.6432917650694028],""source"":""LATEST SUCCESSFUL PHASE5 SERVO_J COMMAND \u2014 DRIVER MEMORY"",""error"":null},""right"":{""valid"":true,""status"":""VALID"",""sample_index"":166,""time_from_start_s"":3.9701160393651618,""joints_rad"":[0.3039375192463063,2.576348797859112,1.5156136437490983,-1.3207219919870925,3.318247946603638,2.5177404201652136],""source"":""LATEST SUCCESSFUL PHASE5 SERVO_J COMMAND \u2014 DRIVER MEMORY"",""error"":null}}","{""left"":{""valid"":true,""fresh"":true,""status"":""FRESH"",""joints_rad"":[2.838344139516731,0.5969532187303686,-1.5066560003828806,1.3256198038575917,-0.19143905699887603,0.6431962408607339],""received_at_ms"":1788494755293,""age_ms"":102,""source"":""jaka_port10000_actual_feedback"",""mapping"":""port10000_joint_actual_position_deg_to_rad"",""error"":null},""right"":{""valid"":true,""fresh"":true,""status"":""FRESH"",""joints_rad"":[0.30405782324721176,2.576268466096991,1.5155744583276465,-1.320684361798802,3.3182072329880796,2.5178957547311156],""received_at_ms"":1788494755299,""age_ms"":96,""source"":""jaka_port10000_actual_feedback"",""mapping"":""port10000_joint_actual_position_deg_to_rad"",""error"":null}}","{""left"":{""values"":[-125.16528163250769,-11.169457867654273,1.97265625,-4.660400390625,0.22808837890625,-0.123291015625],""received_at_ms"":1788494748718,""valid"":true,""status"":""STALE"",""error"":""Torque sample age 6677 ms exceeds 1500 ms"",""source"":""/left_jaka_driver/joint_torque_raw"",""age_ms"":6677,""fresh"":false},""right"":{""values"":[119.60861666317214,0.3928955028823111,-4.167236328125,4.88232421875,-0.271240234375,0.369873046875],""received_at_ms"":1788494749077,""valid"":true,""status"":""STALE"",""error"":""Torque sample age 6318 ms exceeds 1500 ms"",""source"":""/right_jaka_driver/joint_torque_raw"",""age_ms"":6318,""fresh"":false}}"
