observation_index,capture_wall_time_ms,execution_state,timeline_s,commanded_json,actual_json,torque_json
0,1788503988620,ARMED,0.0,"{""left"":{""valid"":false,""status"":""MISSING"",""sample_index"":null,""time_from_start_s"":null,""joints_rad"":null,""source"":""LATEST SUCCESSFUL PHASE5 SERVO_J COMMAND \u2014 DRIVER MEMORY"",""error"":null},""right"":{""valid"":false,""status"":""MISSING"",""sample_index"":null,""time_from_start_s"":null,""joints_rad"":null,""source"":""LATEST SUCCESSFUL PHASE5 SERVO_J COMMAND \u2014 DRIVER MEMORY"",""error"":null}}","{""left"":{""valid"":true,""fresh"":true,""status"":""FRESH"",""joints_rad"":[3.045072106230152,0.6267339462900731,-1.6071436811323045,1.4871193083348315,-0.06070307498313838,0.5934496447899151],""received_at_ms"":1788503988560,""age_ms"":60,""source"":""jaka_port10000_actual_feedback"",""mapping"":""port10000_joint_actual_position_deg_to_rad"",""error"":null},""right"":{""valid"":true,""fresh"":true,""status"":""FRESH"",""joints_rad"":[0.09638318994750886,2.549256005263875,1.6175242013914661,-1.488020072761786,3.1933315430017633,2.5725797127229013],""received_at_ms"":1788503988537,""age_ms"":83,""source"":""jaka_port10000_actual_feedback"",""mapping"":""port10000_joint_actual_position_deg_to_rad"",""error"":null}}","{""left"":{""values"":[-112.36811382434098,-3.367675738991238,1.72607421875,-3.969970703125,-0.2589111328125,0.7274169921875],""received_at_ms"":1788503987887,""valid"":true,""status"":""VALID"",""error"":null,""source"":""/left_jaka_driver/joint_torque_raw"",""age_ms"":733,""fresh"":true},""right"":{""values"":[111.13329938671086,3.143164023058489,-2.6630859375,4.29052734375,-0.03082275390625,0.09246826171875],""received_at_ms"":1788503987893,""valid"":true,""status"":""VALID"",""error"":null,""source"":""/right_jaka_driver/joint_torque_raw"",""age_ms"":727,""fresh"":true}}"
1,1788503988655,ARMED,0.0,"{""left"":{""valid"":false,""status"":""MISSING"",""sample_index"":null,""time_from_start_s"":null,""joints_rad"":null,""source"":""LATEST SUCCESSFUL PHASE5 SERVO_J COMMAND \u2014 DRIVER MEMORY"",""error"":null},""right"":{""valid"":false,""status"":""MISSING"",""sample_index"":null,""time_from_start_s"":null,""joints_rad"":null,""source"":""LATEST SUCCESSFUL PHASE5 SERVO_J COMMAND \u2014 DRIVER MEMORY"",""error"":null}}","{""left"":{""valid"":true,""fresh"":true,""status"":""FRESH"",""joints_rad"":[3.045072106230152,0.6267339462900731,-1.6071436811323045,1.4871193083348315,-0.06070307498313838,0.5934496447899151],""received_at_ms"":1788503988560,""age_ms"":95,""source"":""jaka_port10000_actual_feedback"",""mapping"":""port10000_joint_actual_position_deg_to_rad"",""error"":null},""right"":{""valid"":true,""fresh"":true,""status"":""FRESH"",""joints_rad"":[0.09638318994750886,2.5492439624920364,1.6175362441633048,-1.488020072761786,3.1933435857736026,2.5725917554947397],""received_at_ms"":1788503988651,""age_ms"":4,""source"":""jaka_port10000_actual_feedback"",""mapping"":""port10000_joint_actual_position_deg_to_rad"",""error"":null}}","{""left"":{""values"":[-112.36811382434098,-3.367675738991238,1.72607421875,-3.969970703125,-0.2589111328125,0.7274169921875],""received_at_ms"":1788503987887,""valid"":true,""status"":""VALID"",""error"":null,""source"":""/left_jaka_driver/joint_torque_raw"",""age_ms"":768,""fresh"":true},""right"":{""values"":[111.13329938671086,3.143164023058489,-2.6630859375,4.29052734375,-0.03082275390625,0.09246826171875],""received_at_ms"":1788503987893,""valid"":true,""status"":""VALID"",""error"":null,""source"":""/right_jaka_driver/joint_torque_raw"",""age_ms"":762,""fresh"":true}}"
2,1788503988757,ARMED,0.0,"{""left"":{""valid"":false,""status"":""MISSING"",""sample_index"":null,""time_from_start_s"":null,""joints_rad"":null,""source"":""LATEST SUCCESSFUL PHASE5 SERVO_J COMMAND \u2014 DRIVER MEMORY"",""error"":null},""right"":{""valid"":false,""status"":""MISSING"",""sample_index"":null,""time_from_start_s"":null,""joints_rad"":null,""source"":""LATEST SUCCESSFUL PHASE5 SERVO_J COMMAND \u2014 DRIVER MEMORY"",""error"":null}}","{""left"":{""valid"":true,""fresh"":true,""status"":""FRESH"",""joints_rad"":[3.0450480206864747,0.6267220780511594,-1.607131638360466,1.4871193083348315,-0.06070307498313838,0.5934496447899151],""received_at_ms"":1788503988669,""age_ms"":88,""source"":""jaka_port10000_actual_feedback"",""mapping"":""port10000_joint_actual_position_deg_to_rad"",""error"":null},""right"":{""valid"":true,""fresh"":true,""status"":""FRESH"",""joints_rad"":[0.09639523271934762,2.549256005263875,1.6175482869351436,-1.4880082045228724,3.1933435857736026,2.5726037982665786],""received_at_ms"":1788503988721,""age_ms"":36,""source"":""jaka_port10000_actual_feedback"",""mapping"":""port10000_joint_actual_position_deg_to_rad"",""error"":null}}","{""left"":{""values"":[-112.36811382434098,-3.367675738991238,1.72607421875,-3.969970703125,-0.2589111328125,0.7274169921875],""received_at_ms"":1788503987887,""valid"":true,""status"":""VALID"",""error"":null,""source"":""/left_jaka_driver/joint_torque_raw"",""age_ms"":870,""fresh"":true},""right"":{""values"":[111.13329938671086,3.143164023058489,-2.6630859375,4.29052734375,-0.03082275390625,0.09246826171875],""received_at_ms"":1788503987893,""valid"":true,""status"":""VALID"",""error"":null,""source"":""/right_jaka_driver/joint_torque_raw"",""age_ms"":864,""fresh"":true}}"
3,1788503988857,ARMED,0.0,"{""left"":{""valid"":false,""status"":""MISSING"",""sample_index"":null,""time_from_start_s"":null,""joints_rad"":null,""source"":""LATEST SUCCESSFUL PHASE5 SERVO_J COMMAND \u2014 DRIVER MEMORY"",""error"":null},""right"":{""valid"":false,""status"":""MISSING"",""sample_index"":null,""time_from_start_s"":null,""joints_rad"":null,""source"":""LATEST SUCCESSFUL PHASE5 SERVO_J COMMAND \u2014 DRIVER MEMORY"",""error"":null}}","{""left"":{""valid"":true,""fresh"":true,""status"":""FRESH"",""joints_rad"":[3.0450600634583136,0.6267220780511594,-1.6071197701215523,1.4871311765737452,-0.06071511775497714,0.5934377765510016],""received_at_ms"":1788503988852,""age_ms"":5,""source"":""jaka_port10000_actual_feedback"",""mapping"":""port10000_joint_actual_position_deg_to_rad"",""error"":null},""right"":{""valid"":true,""fresh"":true,""status"":""FRESH"",""joints_rad"":[0.09635927893675653,2.549256005263875,1.6175362441633048,-1.4880321155336247,3.1933315430017633,2.5725917554947397],""received_at_ms"":1788503988791,""age_ms"":66,""source"":""jaka_port10000_actual_feedback"",""mapping"":""port10000_joint_actual_position_deg_to_rad"",""error"":null}}","{""left"":{""values"":[-112.36811382434098,-3.367675738991238,1.72607421875,-3.969970703125,-0.2589111328125,0.7274169921875],""received_at_ms"":1788503987887,""valid"":true,""status"":""VALID"",""error"":null,""source"":""/left_jaka_driver/joint_torque_raw"",""age_ms"":970,""fresh"":true},""right"":{""values"":[111.13329938671086,3.143164023058489,-2.6630859375,4.29052734375,-0.03082275390625,0.09246826171875],""received_at_ms"":1788503987893,""valid"":true,""status"":""VALID"",""error"":null,""source"":""/right_jaka_driver/joint_torque_raw"",""age_ms"":964,""fresh"":true}}"
4,1788503988963,ARMED,0.0,"{""left"":{""valid"":false,""status"":""MISSING"",""sample_index"":null,""time_from_start_s"":null,""joints_rad"":null,""source"":""LATEST SUCCESSFUL PHASE5 SERVO_J COMMAND \u2014 DRIVER MEMORY"",""error"":null},""right"":{""valid"":false,""status"":""MISSING"",""sample_index"":null,""time_from_start_s"":null,""joints_rad"":null,""source"":""LATEST SUCCESSFUL PHASE5 SERVO_J COMMAND \u2014 DRIVER MEMORY"",""error"":null}}","{""left"":{""valid"":true,""fresh"":true,""status"":""FRESH"",""joints_rad"":[3.045072106230152,0.6267100352793207,-1.6071436811323045,1.4871193083348315,-0.06070307498313838,0.5934616875617539],""received_at_ms"":1788503988923,""age_ms"":40,""source"":""jaka_port10000_actual_feedback"",""mapping"":""port10000_joint_actual_position_deg_to_rad"",""error"":null},""right"":{""valid"":true,""fresh"":true,""status"":""FRESH"",""joints_rad"":[0.09638318994750886,2.549256005263875,1.6175362441633048,-1.4880321155336247,3.1933435857736026,2.5725797127229013],""received_at_ms"":1788503988904,""age_ms"":59,""source"":""jaka_port10000_actual_feedback"",""mapping"":""port10000_joint_actual_position_deg_to_rad"",""error"":null}}","{""left"":{""values"":[-112.36811382434098,-3.367675738991238,1.72607421875,-3.969970703125,-0.2589111328125,0.7274169921875],""received_at_ms"":1788503987887,""valid"":true,""status"":""VALID"",""error"":null,""source"":""/left_jaka_driver/joint_torque_raw"",""age_ms"":1076,""fresh"":true},""right"":{""values"":[111.13329938671086,3.143164023058489,-2.6630859375,4.29052734375,-0.03082275390625,0.09246826171875],""received_at_ms"":1788503987893,""valid"":true,""status"":""VALID"",""error"":null,""source"":""/right_jaka_driver/joint_torque_raw"",""age_ms"":1070,""fresh"":true}}"
5,1788503989066,ARMED,0.0,"{""left"":{""valid"":false,""status"":""MISSING"",""sample_index"":null,""time_from_start_s"":null,""joints_rad"":null,""source"":""LATEST SUCCESSFUL PHASE5 SERVO_J COMMAND \u2014 DRIVER MEMORY"",""error"":null},""right"":{""valid"":false,""status"":""MISSING"",""sample_index"":null,""time_from_start_s"":null,""joints_rad"":null,""source"":""LATEST SUCCESSFUL PHASE5 SERVO_J COMMAND \u2014 DRIVER MEMORY"",""error"":null}}","{""left"":{""valid"":true,""fresh"":true,""status"":""FRESH"",""joints_rad"":[3.0450600634583136,0.6267220780511594,-1.607131638360466,1.4871193083348315,-0.06070307498313838,0.5934616875617539],""received_at_ms"":1788503989037,""age_ms"":29,""source"":""jaka_port10000_actual_feedback"",""mapping"":""port10000_joint_actual_position_deg_to_rad"",""error"":null},""right"":{""valid"":true,""fresh"":true,""status"":""FRESH"",""joints_rad"":[0.0963713217085953,2.5492439624920364,1.6175242013914661,-1.488020072761786,3.1933315430017633,2.5725797127229013],""received_at_ms"":1788503989041,""age_ms"":25,""source"":""jaka_port10000_actual_feedback"",""mapping"":""port10000_joint_actual_position_deg_to_rad"",""error"":null}}","{""left"":{""values"":[-112.36811382434098,-3.367675738991238,1.72607421875,-3.969970703125,-0.2589111328125,0.7274169921875],""received_at_ms"":1788503987887,""valid"":true,""status"":""VALID"",""error"":null,""source"":""/left_jaka_driver/joint_torque_raw"",""age_ms"":1179,""fresh"":true},""right"":{""values"":[111.13329938671086,3.143164023058489,-2.6630859375,4.29052734375,-0.03082275390625,0.09246826171875],""received_at_ms"":1788503987893,""valid"":true,""status"":""VALID"",""error"":null,""source"":""/right_jaka_driver/joint_torque_raw"",""age_ms"":1173,""fresh"":true}}"
6,1788503989168,ARMED,0.0,"{""left"":{""valid"":false,""status"":""MISSING"",""sample_index"":null,""time_from_start_s"":null,""joints_rad"":null,""source"":""LATEST SUCCESSFUL PHASE5 SERVO_J COMMAND \u2014 DRIVER MEMORY"",""error"":null},""right"":{""valid"":false,""status"":""MISSING"",""sample_index"":null,""time_from_start_s"":null,""joints_rad"":null,""source"":""LATEST SUCCESSFUL PHASE5 SERVO_J COMMAND \u2014 DRIVER MEMORY"",""error"":null}}","{""left"":{""valid"":true,""fresh"":true,""status"":""FRESH"",""joints_rad"":[3.045072106230152,0.6267100352793207,-1.6071197701215523,1.4871193083348315,-0.06070307498313838,0.5934616875617539],""received_at_ms"":1788503989151,""age_ms"":17,""source"":""jaka_port10000_actual_feedback"",""mapping"":""port10000_joint_actual_position_deg_to_rad"",""error"":null},""right"":{""valid"":true,""fresh"":true,""status"":""FRESH"",""joints_rad"":[0.09639523271934762,2.549256005263875,1.6175362441633048,-1.488020072761786,3.1933315430017633,2.5725917554947397],""received_at_ms"":1788503989151,""age_ms"":17,""source"":""jaka_port10000_actual_feedback"",""mapping"":""port10000_joint_actual_position_deg_to_rad"",""error"":null}}","{""left"":{""values"":[-112.36811382434098,-3.367675738991238,1.72607421875,-3.969970703125,-0.2589111328125,0.7274169921875],""received_at_ms"":1788503987887,""valid"":true,""status"":""VALID"",""error"":null,""source"":""/left_jaka_driver/joint_torque_raw"",""age_ms"":1281,""fresh"":true},""right"":{""values"":[111.13329938671086,3.143164023058489,-2.6630859375,4.29052734375,-0.03082275390625,0.09246826171875],""received_at_ms"":1788503987893,""valid"":true,""status"":""VALID"",""error"":null,""source"":""/right_jaka_driver/joint_torque_raw"",""age_ms"":1275,""fresh"":true}}"
7,1788503989263,ARMED,0.0,"{""left"":{""valid"":false,""status"":""MISSING"",""sample_index"":null,""time_from_start_s"":null,""joints_rad"":null,""source"":""LATEST SUCCESSFUL PHASE5 SERVO_J COMMAND \u2014 DRIVER MEMORY"",""error"":null},""right"":{""valid"":false,""status"":""MISSING"",""sample_index"":null,""time_from_start_s"":null,""joints_rad"":null,""source"":""LATEST SUCCESSFUL PHASE5 SERVO_J COMMAND \u2014 DRIVER MEMORY"",""error"":null}}","{""left"":{""valid"":true,""fresh"":true,""status"":""FRESH"",""joints_rad"":[3.0450600634583136,0.6267220780511594,-1.607131638360466,1.4871193083348315,-0.06071511775497714,0.5934616875617539],""received_at_ms"":1788503989222,""age_ms"":41,""source"":""jaka_port10000_actual_feedback"",""mapping"":""port10000_joint_actual_position_deg_to_rad"",""error"":null},""right"":{""valid"":true,""fresh"":true,""status"":""FRESH"",""joints_rad"":[0.09639523271934762,2.549256005263875,1.6175362441633048,-1.488020072761786,3.1933315430017633,2.5725917554947397],""received_at_ms"":1788503989151,""age_ms"":112,""source"":""jaka_port10000_actual_feedback"",""mapping"":""port10000_joint_actual_position_deg_to_rad"",""error"":null}}","{""left"":{""values"":[-112.36811382434098,-3.367675738991238,1.72607421875,-3.969970703125,-0.2589111328125,0.7274169921875],""received_at_ms"":1788503987887,""valid"":true,""status"":""VALID"",""error"":null,""source"":""/left_jaka_driver/joint_torque_raw"",""age_ms"":1376,""fresh"":true},""right"":{""values"":[111.13329938671086,3.143164023058489,-2.6630859375,4.29052734375,-0.03082275390625,0.09246826171875],""received_at_ms"":1788503987893,""valid"":true,""status"":""VALID"",""error"":null,""source"":""/right_jaka_driver/joint_torque_raw"",""age_ms"":1370,""fresh"":true}}"
8,1788503989366,ARMED,0.0,"{""left"":{""valid"":false,""status"":""MISSING"",""sample_index"":null,""time_from_start_s"":null,""joints_rad"":null,""source"":""LATEST SUCCESSFUL PHASE5 SERVO_J COMMAND \u2014 DRIVER MEMORY"",""error"":null},""right"":{""valid"":false,""status"":""MISSING"",""sample_index"":null,""time_from_start_s"":null,""joints_rad"":null,""source"":""LATEST SUCCESSFUL PHASE5 SERVO_J COMMAND \u2014 DRIVER MEMORY"",""error"":null}}","{""left"":{""valid"":true,""fresh"":true,""status"":""FRESH"",""joints_rad"":[3.0450600634583136,0.6267100352793207,-1.607131638360466,1.4871193083348315,-0.06070307498313838,0.5934496447899151],""received_at_ms"":1788503989290,""age_ms"":76,""source"":""jaka_port10000_actual_feedback"",""mapping"":""port10000_joint_actual_position_deg_to_rad"",""error"":null},""right"":{""valid"":true,""fresh"":true,""status"":""FRESH"",""joints_rad"":[0.09638318994750886,2.549256005263875,1.6175362441633048,-1.488020072761786,3.1933435857736026,2.5725917554947397],""received_at_ms"":1788503989345,""age_ms"":21,""source"":""jaka_port10000_actual_feedback"",""mapping"":""port10000_joint_actual_position_deg_to_rad"",""error"":null}}","{""left"":{""values"":[-112.36811382434098,-3.367675738991238,1.72607421875,-3.969970703125,-0.2589111328125,0.7274169921875],""received_at_ms"":1788503987887,""valid"":true,""status"":""VALID"",""error"":null,""source"":""/left_jaka_driver/joint_torque_raw"",""age_ms"":1479,""fresh"":true},""right"":{""values"":[111.13329938671086,3.143164023058489,-2.6630859375,4.29052734375,-0.03082275390625,0.09246826171875],""received_at_ms"":1788503987893,""valid"":true,""status"":""VALID"",""error"":null,""source"":""/right_jaka_driver/joint_torque_raw"",""age_ms"":1473,""fresh"":true}}"
9,1788503989470,ARMED,0.0,"{""left"":{""valid"":false,""status"":""MISSING"",""sample_index"":null,""time_from_start_s"":null,""joints_rad"":null,""source"":""LATEST SUCCESSFUL PHASE5 SERVO_J COMMAND \u2014 DRIVER MEMORY"",""error"":null},""right"":{""valid"":false,""status"":""MISSING"",""sample_index"":null,""time_from_start_s"":null,""joints_rad"":null,""source"":""LATEST SUCCESSFUL PHASE5 SERVO_J COMMAND \u2014 DRIVER MEMORY"",""error"":null}}","{""left"":{""valid"":true,""fresh"":true,""status"":""FRESH"",""joints_rad"":[3.045083974469066,0.6267220780511594,-1.6071197701215523,1.4871311765737452,-0.06070307498313838,0.5934496447899151],""received_at_ms"":1788503989402,""age_ms"":68,""source"":""jaka_port10000_actual_feedback"",""mapping"":""port10000_joint_actual_position_deg_to_rad"",""error"":null},""right"":{""valid"":true,""fresh"":true,""status"":""FRESH"",""joints_rad"":[0.09639523271934762,2.549256005263875,1.6175242013914661,-1.488020072761786,3.1933435857736026,2.5726037982665786],""received_at_ms"":1788503989439,""age_ms"":31,""source"":""jaka_port10000_actual_feedback"",""mapping"":""port10000_joint_actual_position_deg_to_rad"",""error"":null}}","{""left"":{""values"":[-112.36811382434098,-3.367675738991238,1.72607421875,-3.969970703125,-0.2589111328125,0.7274169921875],""received_at_ms"":1788503987887,""valid"":true,""status"":""STALE"",""error"":""Torque sample age 1583 ms exceeds 1500 ms"",""source"":""/left_jaka_driver/joint_torque_raw"",""age_ms"":1583,""fresh"":false},""right"":{""values"":[111.13329938671086,3.143164023058489,-2.6630859375,4.29052734375,-0.03082275390625,0.09246826171875],""received_at_ms"":1788503987893,""valid"":true,""status"":""STALE"",""error"":""Torque sample age 1577 ms exceeds 1500 ms"",""source"":""/right_jaka_driver/joint_torque_raw"",""age_ms"":1577,""fresh"":false}}"
10,1788503989577,ARMED,0.0,"{""left"":{""valid"":false,""status"":""MISSING"",""sample_index"":null,""time_from_start_s"":null,""joints_rad"":null,""source"":""LATEST SUCCESSFUL PHASE5 SERVO_J COMMAND \u2014 DRIVER MEMORY"",""error"":null},""right"":{""valid"":false,""status"":""MISSING"",""sample_index"":null,""time_from_start_s"":null,""joints_rad"":null,""source"":""LATEST SUCCESSFUL PHASE5 SERVO_J COMMAND \u2014 DRIVER MEMORY"",""error"":null}}","{""left"":{""valid"":true,""fresh"":true,""status"":""FRESH"",""joints_rad"":[3.0450480206864747,0.6267100352793207,-1.6071197701215523,1.4871072655629929,-0.06071511775497714,0.5934377765510016],""received_at_ms"":1788503989565,""age_ms"":12,""source"":""jaka_port10000_actual_feedback"",""mapping"":""port10000_joint_actual_position_deg_to_rad"",""error"":null},""right"":{""valid"":true,""fresh"":true,""status"":""FRESH"",""joints_rad"":[0.09639523271934762,2.549256005263875,1.6175362441633048,-1.4880082045228724,3.1933435857736026,2.5726037982665786],""received_at_ms"":1788503989525,""age_ms"":52,""source"":""jaka_port10000_actual_feedback"",""mapping"":""port10000_joint_actual_position_deg_to_rad"",""error"":null}}","{""left"":{""values"":[-112.36811382434098,-3.367675738991238,1.72607421875,-3.969970703125,-0.2589111328125,0.7274169921875],""received_at_ms"":1788503987887,""valid"":true,""status"":""STALE"",""error"":""Torque sample age 1690 ms exceeds 1500 ms"",""source"":""/left_jaka_driver/joint_torque_raw"",""age_ms"":1690,""fresh"":false},""right"":{""values"":[111.13329938671086,3.143164023058489,-2.6630859375,4.29052734375,-0.03082275390625,0.09246826171875],""received_at_ms"":1788503987893,""valid"":true,""status"":""STALE"",""error"":""Torque sample age 1684 ms exceeds 1500 ms"",""source"":""/right_jaka_driver/joint_torque_raw"",""age_ms"":1684,""fresh"":false}}"
11,1788503989679,ARMED,0.0,"{""left"":{""valid"":false,""status"":""MISSING"",""sample_index"":null,""time_from_start_s"":null,""joints_rad"":null,""source"":""LATEST SUCCESSFUL PHASE5 SERVO_J COMMAND \u2014 DRIVER MEMORY"",""error"":null},""right"":{""valid"":false,""status"":""MISSING"",""sample_index"":null,""time_from_start_s"":null,""joints_rad"":null,""source"":""LATEST SUCCESSFUL PHASE5 SERVO_J COMMAND \u2014 DRIVER MEMORY"",""error"":null}}","{""left"":{""valid"":true,""fresh"":true,""status"":""FRESH"",""joints_rad"":[3.0450361524475613,0.6267220780511594,-1.6071436811323045,1.487095222791154,-0.06071511775497714,0.5934377765510016],""received_at_ms"":1788503989658,""age_ms"":21,""source"":""jaka_port10000_actual_feedback"",""mapping"":""port10000_joint_actual_position_deg_to_rad"",""error"":null},""right"":{""valid"":true,""fresh"":true,""status"":""FRESH"",""joints_rad"":[0.09638318994750886,2.549256005263875,1.6175242013914661,-1.4880082045228724,3.1933435857736026,2.5725917554947397],""received_at_ms"":1788503989637,""age_ms"":42,""source"":""jaka_port10000_actual_feedback"",""mapping"":""port10000_joint_actual_position_deg_to_rad"",""error"":null}}","{""left"":{""values"":[-112.36811382434098,-3.367675738991238,1.72607421875,-3.969970703125,-0.2589111328125,0.7274169921875],""received_at_ms"":1788503987887,""valid"":true,""status"":""STALE"",""error"":""Torque sample age 1792 ms exceeds 1500 ms"",""source"":""/left_jaka_driver/joint_torque_raw"",""age_ms"":1792,""fresh"":false},""right"":{""values"":[111.13329938671086,3.143164023058489,-2.6630859375,4.29052734375,-0.03082275390625,0.09246826171875],""received_at_ms"":1788503987893,""valid"":true,""status"":""STALE"",""error"":""Torque sample age 1786 ms exceeds 1500 ms"",""source"":""/right_jaka_driver/joint_torque_raw"",""age_ms"":1786,""fresh"":false}}"
12,1788503989771,ARMED,0.0,"{""left"":{""valid"":false,""status"":""MISSING"",""sample_index"":null,""time_from_start_s"":null,""joints_rad"":null,""source"":""LATEST SUCCESSFUL PHASE5 SERVO_J COMMAND \u2014 DRIVER MEMORY"",""error"":null},""right"":{""valid"":false,""status"":""MISSING"",""sample_index"":null,""time_from_start_s"":null,""joints_rad"":null,""source"":""LATEST SUCCESSFUL PHASE5 SERVO_J COMMAND \u2014 DRIVER MEMORY"",""error"":null}}","{""left"":{""valid"":true,""fresh"":true,""status"":""FRESH"",""joints_rad"":[3.0450361524475613,0.6267220780511594,-1.6071436811323045,1.487095222791154,-0.06071511775497714,0.5934377765510016],""received_at_ms"":1788503989658,""age_ms"":113,""source"":""jaka_port10000_actual_feedback"",""mapping"":""port10000_joint_actual_position_deg_to_rad"",""error"":null},""right"":{""valid"":true,""fresh"":true,""status"":""FRESH"",""joints_rad"":[0.09639523271934762,2.5492439624920364,1.6175362441633048,-1.488020072761786,3.193355454012516,2.5725917554947397],""received_at_ms"":1788503989751,""age_ms"":20,""source"":""jaka_port10000_actual_feedback"",""mapping"":""port10000_joint_actual_position_deg_to_rad"",""error"":null}}","{""left"":{""values"":[-112.36811382434098,-3.367675738991238,1.72607421875,-3.969970703125,-0.2589111328125,0.7274169921875],""received_at_ms"":1788503987887,""valid"":true,""status"":""STALE"",""error"":""Torque sample age 1884 ms exceeds 1500 ms"",""source"":""/left_jaka_driver/joint_torque_raw"",""age_ms"":1884,""fresh"":false},""right"":{""values"":[111.13329938671086,3.143164023058489,-2.6630859375,4.29052734375,-0.03082275390625,0.09246826171875],""received_at_ms"":1788503987893,""valid"":true,""status"":""STALE"",""error"":""Torque sample age 1878 ms exceeds 1500 ms"",""source"":""/right_jaka_driver/joint_torque_raw"",""age_ms"":1878,""fresh"":false}}"
13,1788503989873,ARMED,0.0,"{""left"":{""valid"":false,""status"":""MISSING"",""sample_index"":null,""time_from_start_s"":null,""joints_rad"":null,""source"":""LATEST SUCCESSFUL PHASE5 SERVO_J COMMAND \u2014 DRIVER MEMORY"",""error"":null},""right"":{""valid"":false,""status"":""MISSING"",""sample_index"":null,""time_from_start_s"":null,""joints_rad"":null,""source"":""LATEST SUCCESSFUL PHASE5 SERVO_J COMMAND \u2014 DRIVER MEMORY"",""error"":null}}","{""left"":{""valid"":true,""fresh"":true,""status"":""FRESH"",""joints_rad"":[3.045072106230152,0.6267339462900731,-1.607131638360466,1.4871072655629929,-0.06070307498313838,0.5934616875617539],""received_at_ms"":1788503989776,""age_ms"":97,""source"":""jaka_port10000_actual_feedback"",""mapping"":""port10000_joint_actual_position_deg_to_rad"",""error"":null},""right"":{""valid"":true,""fresh"":true,""status"":""FRESH"",""joints_rad"":[0.09638318994750886,2.549256005263875,1.6175482869351436,-1.4880082045228724,3.193355454012516,2.5725797127229013],""received_at_ms"":1788503989819,""age_ms"":54,""source"":""jaka_port10000_actual_feedback"",""mapping"":""port10000_joint_actual_position_deg_to_rad"",""error"":null}}","{""left"":{""values"":[-112.36811382434098,-3.367675738991238,1.72607421875,-3.969970703125,-0.2589111328125,0.7274169921875],""received_at_ms"":1788503987887,""valid"":true,""status"":""STALE"",""error"":""Torque sample age 1986 ms exceeds 1500 ms"",""source"":""/left_jaka_driver/joint_torque_raw"",""age_ms"":1986,""fresh"":false},""right"":{""values"":[111.13329938671086,3.143164023058489,-2.6630859375,4.29052734375,-0.03082275390625,0.09246826171875],""received_at_ms"":1788503987893,""valid"":true,""status"":""STALE"",""error"":""Torque sample age 1980 ms exceeds 1500 ms"",""source"":""/right_jaka_driver/joint_torque_raw"",""age_ms"":1980,""fresh"":false}}"
14,1788503989980,ARMED,0.0,"{""left"":{""valid"":false,""status"":""MISSING"",""sample_index"":null,""time_from_start_s"":null,""joints_rad"":null,""source"":""LATEST SUCCESSFUL PHASE5 SERVO_J COMMAND \u2014 DRIVER MEMORY"",""error"":null},""right"":{""valid"":false,""status"":""MISSING"",""sample_index"":null,""time_from_start_s"":null,""joints_rad"":null,""source"":""LATEST SUCCESSFUL PHASE5 SERVO_J COMMAND \u2014 DRIVER MEMORY"",""error"":null}}","{""left"":{""valid"":true,""fresh"":true,""status"":""FRESH"",""joints_rad"":[3.0450600634583136,0.6267220780511594,-1.607131638360466,1.4871193083348315,-0.06070307498313838,0.5934496447899151],""received_at_ms"":1788503989963,""age_ms"":17,""source"":""jaka_port10000_actual_feedback"",""mapping"":""port10000_joint_actual_position_deg_to_rad"",""error"":null},""right"":{""valid"":true,""fresh"":true,""status"":""FRESH"",""joints_rad"":[0.09640727549118637,2.5492678735027883,1.6175482869351436,-1.4880082045228724,3.193355454012516,2.5725917554947397],""received_at_ms"":1788503989889,""age_ms"":91,""source"":""jaka_port10000_actual_feedback"",""mapping"":""port10000_joint_actual_position_deg_to_rad"",""error"":null}}","{""left"":{""values"":[-112.36811382434098,-3.367675738991238,1.72607421875,-3.969970703125,-0.2589111328125,0.7274169921875],""received_at_ms"":1788503987887,""valid"":true,""status"":""STALE"",""error"":""Torque sample age 2092 ms exceeds 1500 ms"",""source"":""/left_jaka_driver/joint_torque_raw"",""age_ms"":2092,""fresh"":false},""right"":{""values"":[111.13329938671086,3.143164023058489,-2.6630859375,4.29052734375,-0.03082275390625,0.09246826171875],""received_at_ms"":1788503987893,""valid"":true,""status"":""STALE"",""error"":""Torque sample age 2086 ms exceeds 1500 ms"",""source"":""/right_jaka_driver/joint_torque_raw"",""age_ms"":2086,""fresh"":false}}"
15,1788503990079,ARMED,0.0,"{""left"":{""valid"":false,""status"":""MISSING"",""sample_index"":null,""time_from_start_s"":null,""joints_rad"":null,""source"":""LATEST SUCCESSFUL PHASE5 SERVO_J COMMAND \u2014 DRIVER MEMORY"",""error"":null},""right"":{""valid"":false,""status"":""MISSING"",""sample_index"":null,""time_from_start_s"":null,""joints_rad"":null,""source"":""LATEST SUCCESSFUL PHASE5 SERVO_J COMMAND \u2014 DRIVER MEMORY"",""error"":null}}","{""left"":{""valid"":true,""fresh"":true,""status"":""FRESH"",""joints_rad"":[3.045072106230152,0.6267339462900731,-1.607131638360466,1.4871311765737452,-0.06070307498313838,0.5934496447899151],""received_at_ms"":1788503990031,""age_ms"":48,""source"":""jaka_port10000_actual_feedback"",""mapping"":""port10000_joint_actual_position_deg_to_rad"",""error"":null},""right"":{""valid"":true,""fresh"":true,""status"":""FRESH"",""joints_rad"":[0.09639523271934762,2.5492439624920364,1.6175482869351436,-1.488020072761786,3.193355454012516,2.5725917554947397],""received_at_ms"":1788503990072,""age_ms"":7,""source"":""jaka_port10000_actual_feedback"",""mapping"":""port10000_joint_actual_position_deg_to_rad"",""error"":null}}","{""left"":{""values"":[-112.36811382434098,-3.367675738991238,1.72607421875,-3.969970703125,-0.2589111328125,0.7274169921875],""received_at_ms"":1788503987887,""valid"":true,""status"":""STALE"",""error"":""Torque sample age 2192 ms exceeds 1500 ms"",""source"":""/left_jaka_driver/joint_torque_raw"",""age_ms"":2192,""fresh"":false},""right"":{""values"":[111.13329938671086,3.143164023058489,-2.6630859375,4.29052734375,-0.03082275390625,0.09246826171875],""received_at_ms"":1788503987893,""valid"":true,""status"":""STALE"",""error"":""Torque sample age 2186 ms exceeds 1500 ms"",""source"":""/right_jaka_driver/joint_torque_raw"",""age_ms"":2186,""fresh"":false}}"
16,1788503990179,ARMED,0.0,"{""left"":{""valid"":false,""status"":""MISSING"",""sample_index"":null,""time_from_start_s"":null,""joints_rad"":null,""source"":""LATEST SUCCESSFUL PHASE5 SERVO_J COMMAND \u2014 DRIVER MEMORY"",""error"":null},""right"":{""valid"":false,""status"":""MISSING"",""sample_index"":null,""time_from_start_s"":null,""joints_rad"":null,""source"":""LATEST SUCCESSFUL PHASE5 SERVO_J COMMAND \u2014 DRIVER MEMORY"",""error"":null}}","{""left"":{""valid"":true,""fresh"":true,""status"":""FRESH"",""joints_rad"":[3.045072106230152,0.6267339462900731,-1.607131638360466,1.4871193083348315,-0.06071511775497714,0.5934496447899151],""received_at_ms"":1788503990143,""age_ms"":36,""source"":""jaka_port10000_actual_feedback"",""mapping"":""port10000_joint_actual_position_deg_to_rad"",""error"":null},""right"":{""valid"":true,""fresh"":true,""status"":""FRESH"",""joints_rad"":[0.09638318994750886,2.549256005263875,1.6175242013914661,-1.488020072761786,3.193355454012516,2.5726037982665786],""received_at_ms"":1788503990159,""age_ms"":20,""source"":""jaka_port10000_actual_feedback"",""mapping"":""port10000_joint_actual_position_deg_to_rad"",""error"":null}}","{""left"":{""values"":[-112.36811382434098,-3.367675738991238,1.72607421875,-3.969970703125,-0.2589111328125,0.7274169921875],""received_at_ms"":1788503987887,""valid"":true,""status"":""STALE"",""error"":""Torque sample age 2292 ms exceeds 1500 ms"",""source"":""/left_jaka_driver/joint_torque_raw"",""age_ms"":2292,""fresh"":false},""right"":{""values"":[111.13329938671086,3.143164023058489,-2.6630859375,4.29052734375,-0.03082275390625,0.09246826171875],""received_at_ms"":1788503987893,""valid"":true,""status"":""STALE"",""error"":""Torque sample age 2286 ms exceeds 1500 ms"",""source"":""/right_jaka_driver/joint_torque_raw"",""age_ms"":2286,""fresh"":false}}"
17,1788503990279,ARMED,0.0,"{""left"":{""valid"":false,""status"":""MISSING"",""sample_index"":null,""time_from_start_s"":null,""joints_rad"":null,""source"":""LATEST SUCCESSFUL PHASE5 SERVO_J COMMAND \u2014 DRIVER MEMORY"",""error"":null},""right"":{""valid"":false,""status"":""MISSING"",""sample_index"":null,""time_from_start_s"":null,""joints_rad"":null,""source"":""LATEST SUCCESSFUL PHASE5 SERVO_J COMMAND \u2014 DRIVER MEMORY"",""error"":null}}","{""left"":{""valid"":true,""fresh"":true,""status"":""FRESH"",""joints_rad"":[3.0450600634583136,0.6267220780511594,-1.6071436811323045,1.4871311765737452,-0.06069120674422482,0.5934616875617539],""received_at_ms"":1788503990254,""age_ms"":25,""source"":""jaka_port10000_actual_feedback"",""mapping"":""port10000_joint_actual_position_deg_to_rad"",""error"":null},""right"":{""valid"":true,""fresh"":true,""status"":""FRESH"",""joints_rad"":[0.09641914373009994,2.5492678735027883,1.6175362441633048,-1.488020072761786,3.1933435857736026,2.5725797127229013],""received_at_ms"":1788503990249,""age_ms"":30,""source"":""jaka_port10000_actual_feedback"",""mapping"":""port10000_joint_actual_position_deg_to_rad"",""error"":null}}","{""left"":{""values"":[-112.36811382434098,-3.367675738991238,1.72607421875,-3.969970703125,-0.2589111328125,0.7274169921875],""received_at_ms"":1788503987887,""valid"":true,""status"":""STALE"",""error"":""Torque sample age 2392 ms exceeds 1500 ms"",""source"":""/left_jaka_driver/joint_torque_raw"",""age_ms"":2392,""fresh"":false},""right"":{""values"":[111.13329938671086,3.143164023058489,-2.6630859375,4.29052734375,-0.03082275390625,0.09246826171875],""received_at_ms"":1788503987893,""valid"":true,""status"":""STALE"",""error"":""Torque sample age 2386 ms exceeds 1500 ms"",""source"":""/right_jaka_driver/joint_torque_raw"",""age_ms"":2386,""fresh"":false}}"
18,1788503990380,ARMED,0.0,"{""left"":{""valid"":false,""status"":""MISSING"",""sample_index"":null,""time_from_start_s"":null,""joints_rad"":null,""source"":""LATEST SUCCESSFUL PHASE5 SERVO_J COMMAND \u2014 DRIVER MEMORY"",""error"":null},""right"":{""valid"":false,""status"":""MISSING"",""sample_index"":null,""time_from_start_s"":null,""joints_rad"":null,""source"":""LATEST SUCCESSFUL PHASE5 SERVO_J COMMAND \u2014 DRIVER MEMORY"",""error"":null}}","{""left"":{""valid"":true,""fresh"":true,""status"":""FRESH"",""joints_rad"":[3.0450361524475613,0.6267220780511594,-1.6071436811323045,1.4871193083348315,-0.06069120674422482,0.5934377765510016],""received_at_ms"":1788503990367,""age_ms"":13,""source"":""jaka_port10000_actual_feedback"",""mapping"":""port10000_joint_actual_position_deg_to_rad"",""error"":null},""right"":{""valid"":true,""fresh"":true,""status"":""FRESH"",""joints_rad"":[0.09638318994750886,2.549279916274627,1.6175242013914661,-1.488020072761786,3.193355454012516,2.5725917554947397],""received_at_ms"":1788503990357,""age_ms"":23,""source"":""jaka_port10000_actual_feedback"",""mapping"":""port10000_joint_actual_position_deg_to_rad"",""error"":null}}","{""left"":{""values"":[-112.36811382434098,-3.367675738991238,1.72607421875,-3.969970703125,-0.2589111328125,0.7274169921875],""received_at_ms"":1788503987887,""valid"":true,""status"":""STALE"",""error"":""Torque sample age 2493 ms exceeds 1500 ms"",""source"":""/left_jaka_driver/joint_torque_raw"",""age_ms"":2493,""fresh"":false},""right"":{""values"":[111.13329938671086,3.143164023058489,-2.6630859375,4.29052734375,-0.03082275390625,0.09246826171875],""received_at_ms"":1788503987893,""valid"":true,""status"":""STALE"",""error"":""Torque sample age 2487 ms exceeds 1500 ms"",""source"":""/right_jaka_driver/joint_torque_raw"",""age_ms"":2487,""fresh"":false}}"
19,1788503990481,ARMED,0.0,"{""left"":{""valid"":false,""status"":""MISSING"",""sample_index"":null,""time_from_start_s"":null,""joints_rad"":null,""source"":""LATEST SUCCESSFUL PHASE5 SERVO_J COMMAND \u2014 DRIVER MEMORY"",""error"":null},""right"":{""valid"":false,""status"":""MISSING"",""sample_index"":null,""time_from_start_s"":null,""joints_rad"":null,""source"":""LATEST SUCCESSFUL PHASE5 SERVO_J COMMAND \u2014 DRIVER MEMORY"",""error"":null}}","{""left"":{""valid"":true,""fresh"":true,""status"":""FRESH"",""joints_rad"":[3.0450600634583136,0.6267220780511594,-1.6071436811323045,1.4871193083348315,-0.06070307498313838,0.5934377765510016],""received_at_ms"":1788503990440,""age_ms"":41,""source"":""jaka_port10000_actual_feedback"",""mapping"":""port10000_joint_actual_position_deg_to_rad"",""error"":null},""right"":{""valid"":true,""fresh"":true,""status"":""FRESH"",""joints_rad"":[0.09639523271934762,2.5492678735027883,1.6175362441633048,-1.488020072761786,3.193355454012516,2.5726037982665786],""received_at_ms"":1788503990425,""age_ms"":56,""source"":""jaka_port10000_actual_feedback"",""mapping"":""port10000_joint_actual_position_deg_to_rad"",""error"":null}}","{""left"":{""values"":[-112.36811382434098,-3.367675738991238,1.72607421875,-3.969970703125,-0.2589111328125,0.7274169921875],""received_at_ms"":1788503987887,""valid"":true,""status"":""STALE"",""error"":""Torque sample age 2594 ms exceeds 1500 ms"",""source"":""/left_jaka_driver/joint_torque_raw"",""age_ms"":2594,""fresh"":false},""right"":{""values"":[111.13329938671086,3.143164023058489,-2.6630859375,4.29052734375,-0.03082275390625,0.09246826171875],""received_at_ms"":1788503987893,""valid"":true,""status"":""STALE"",""error"":""Torque sample age 2588 ms exceeds 1500 ms"",""source"":""/right_jaka_driver/joint_torque_raw"",""age_ms"":2588,""fresh"":false}}"
20,1788503990591,RUNNING,0.0,"{""left"":{""valid"":true,""status"":""VALID"",""sample_index"":0,""time_from_start_s"":0.0,""joints_rad"":[3.0450600691572416,0.6267219807091676,-1.6071795325373186,1.487119276462235,-0.06070328584318964,0.5934138311069906],""source"":""LATEST SUCCESSFUL PHASE5 SERVO_J COMMAND \u2014 DRIVER MEMORY"",""error"":null},""right"":{""valid"":true,""status"":""VALID"",""sample_index"":0,""time_from_start_s"":0.0,""joints_rad"":[0.09638686400027256,2.5492402534834806,1.617575833207675,-1.4880237781935557,3.193331539539108,2.5726193589568442],""source"":""LATEST SUCCESSFUL PHASE5 SERVO_J COMMAND \u2014 DRIVER MEMORY"",""error"":null}}","{""left"":{""valid"":true,""fresh"":true,""status"":""FRESH"",""joints_rad"":[3.0450600634583136,0.6267220780511594,-1.607131638360466,1.4871193083348315,-0.06070307498313838,0.5934616875617539],""received_at_ms"":1788503990512,""age_ms"":79,""source"":""jaka_port10000_actual_feedback"",""mapping"":""port10000_joint_actual_position_deg_to_rad"",""error"":null},""right"":{""valid"":true,""fresh"":true,""status"":""FRESH"",""joints_rad"":[0.09638318994750886,2.549256005263875,1.6175482869351436,-1.488020072761786,3.1933435857736026,2.5726156665054924],""received_at_ms"":1788503990498,""age_ms"":93,""source"":""jaka_port10000_actual_feedback"",""mapping"":""port10000_joint_actual_position_deg_to_rad"",""error"":null}}","{""left"":{""values"":[-112.36811382434098,-3.367675738991238,1.72607421875,-3.969970703125,-0.2589111328125,0.7274169921875],""received_at_ms"":1788503987887,""valid"":true,""status"":""STALE"",""error"":""Torque sample age 2704 ms exceeds 1500 ms"",""source"":""/left_jaka_driver/joint_torque_raw"",""age_ms"":2704,""fresh"":false},""right"":{""values"":[111.13329938671086,3.143164023058489,-2.6630859375,4.29052734375,-0.03082275390625,0.09246826171875],""received_at_ms"":1788503987893,""valid"":true,""status"":""STALE"",""error"":""Torque sample age 2698 ms exceeds 1500 ms"",""source"":""/right_jaka_driver/joint_torque_raw"",""age_ms"":2698,""fresh"":false}}"
21,1788503990682,RUNNING,0.096,"{""left"":{""valid"":true,""status"":""VALID"",""sample_index"":4,""time_from_start_s"":0.096,""joints_rad"":[3.0446434872107906,0.6268015806650717,-1.6074708360466041,1.4867531717663285,-0.06091073903167532,0.5917928216332039],""source"":""LATEST SUCCESSFUL PHASE5 SERVO_J COMMAND \u2014 DRIVER MEMORY"",""error"":null},""right"":{""valid"":true,""status"":""VALID"",""sample_index"":4,""time_from_start_s"":0.096,""joints_rad"":[0.0967568538682133,2.549358188766189,1.6170641495257454,-1.4877228041624793,3.1935493522405083,2.570862682683098],""source"":""LATEST SUCCESSFUL PHASE5 SERVO_J COMMAND \u2014 DRIVER MEMORY"",""error"":null}}","{""left"":{""valid"":true,""fresh"":true,""status"":""FRESH"",""joints_rad"":[3.0450480206864747,0.6267220780511594,-1.607131638360466,1.4871193083348315,-0.06070307498313838,0.5934377765510016],""received_at_ms"":1788503990620,""age_ms"":62,""source"":""jaka_port10000_actual_feedback"",""mapping"":""port10000_joint_actual_position_deg_to_rad"",""error"":null},""right"":{""valid"":true,""fresh"":true,""status"":""FRESH"",""joints_rad"":[0.09640727549118637,2.5492678735027883,1.6175362441633048,-1.4880321155336247,3.1933435857736026,2.5726037982665786],""received_at_ms"":1788503990623,""age_ms"":59,""source"":""jaka_port10000_actual_feedback"",""mapping"":""port10000_joint_actual_position_deg_to_rad"",""error"":null}}","{""left"":{""values"":[-112.36811382434098,-3.367675738991238,1.72607421875,-3.969970703125,-0.2589111328125,0.7274169921875],""received_at_ms"":1788503987887,""valid"":true,""status"":""STALE"",""error"":""Torque sample age 2794 ms exceeds 1500 ms"",""source"":""/left_jaka_driver/joint_torque_raw"",""age_ms"":2794,""fresh"":false},""right"":{""values"":[111.13329938671086,3.143164023058489,-2.6630859375,4.29052734375,-0.03082275390625,0.09246826171875],""received_at_ms"":1788503987893,""valid"":true,""status"":""STALE"",""error"":""Torque sample age 2788 ms exceeds 1500 ms"",""source"":""/right_jaka_driver/joint_torque_raw"",""age_ms"":2788,""fresh"":false}}"
22,1788503990780,RUNNING,0.192,"{""left"":{""valid"":true,""status"":""VALID"",""sample_index"":8,""time_from_start_s"":0.192,""joints_rad"":[3.042307695102538,0.6272380373202489,-1.6090984788919882,1.4846995062928627,-0.062072237166727474,0.582706787395833],""source"":""LATEST SUCCESSFUL PHASE5 SERVO_J COMMAND \u2014 DRIVER MEMORY"",""error"":null},""right"":{""valid"":true,""status"":""VALID"",""sample_index"":8,""time_from_start_s"":0.192,""joints_rad"":[0.0988277727890369,2.5500255563902194,1.6141910532496235,-1.486040260884553,3.194771816597801,2.561020340626599],""source"":""LATEST SUCCESSFUL PHASE5 SERVO_J COMMAND \u2014 DRIVER MEMORY"",""error"":null}}","{""left"":{""valid"":true,""fresh"":true,""status"":""FRESH"",""joints_rad"":[3.0450480206864747,0.6267459890619117,-1.6073833148386032,1.487095222791154,-0.060679163972386055,0.5930661959532519],""received_at_ms"":1788503990733,""age_ms"":47,""source"":""jaka_port10000_actual_feedback"",""mapping"":""port10000_joint_actual_position_deg_to_rad"",""error"":null},""right"":{""valid"":true,""fresh"":true,""status"":""FRESH"",""joints_rad"":[0.09711430837116929,2.549603500317947,1.6164696734574109,-1.4870493206318267,3.1939068035232205,2.569176320681512],""received_at_ms"":1788503990764,""age_ms"":16,""source"":""jaka_port10000_actual_feedback"",""mapping"":""port10000_joint_actual_position_deg_to_rad"",""error"":null}}","{""left"":{""values"":[-112.36811382434098,-3.367675738991238,1.72607421875,-3.969970703125,-0.2589111328125,0.7274169921875],""received_at_ms"":1788503987887,""valid"":true,""status"":""STALE"",""error"":""Torque sample age 2893 ms exceeds 1500 ms"",""source"":""/left_jaka_driver/joint_torque_raw"",""age_ms"":2893,""fresh"":false},""right"":{""values"":[111.13329938671086,3.143164023058489,-2.6630859375,4.29052734375,-0.03082275390625,0.09246826171875],""received_at_ms"":1788503987893,""valid"":true,""status"":""STALE"",""error"":""Torque sample age 2887 ms exceeds 1500 ms"",""source"":""/right_jaka_driver/joint_torque_raw"",""age_ms"":2887,""fresh"":false}}"
23,1788503990885,RUNNING,0.312,"{""left"":{""valid"":true,""status"":""VALID"",""sample_index"":13,""time_from_start_s"":0.312,""joints_rad"":[3.0359696240074125,0.6283737280287364,-1.6134864130502737,1.4791224259314286,-0.06521536354945849,0.5580675023154924],""source"":""LATEST SUCCESSFUL PHASE5 SERVO_J COMMAND \u2014 DRIVER MEMORY"",""error"":null},""right"":{""valid"":true,""status"":""VALID"",""sample_index"":13,""time_from_start_s"":0.312,""joints_rad"":[0.10442940572826823,2.5518658192517147,1.606375669873099,-1.4814991971391875,3.198094503208343,2.534350278953146],""source"":""LATEST SUCCESSFUL PHASE5 SERVO_J COMMAND \u2014 DRIVER MEMORY"",""error"":null}}","{""left"":{""valid"":true,""fresh"":true,""status"":""FRESH"",""joints_rad"":[3.041872219579546,0.6274771074855722,-1.6098040865111194,1.4840272830319985,-0.06247685310194022,0.5803029521992679],""received_at_ms"":1788503990872,""age_ms"":13,""source"":""jaka_port10000_actual_feedback"",""mapping"":""port10000_joint_actual_position_deg_to_rad"",""error"":null},""right"":{""valid"":true,""fresh"":true,""status"":""FRESH"",""joints_rad"":[0.09930748910922535,2.550286622187177,1.6133537371438256,-1.4853835783937233,3.195141100370231,2.5585701293500676],""received_at_ms"":1788503990871,""age_ms"":14,""source"":""jaka_port10000_actual_feedback"",""mapping"":""port10000_joint_actual_position_deg_to_rad"",""error"":null}}","{""left"":{""values"":[-112.36811382434098,-3.367675738991238,1.72607421875,-3.969970703125,-0.2589111328125,0.7274169921875],""received_at_ms"":1788503987887,""valid"":true,""status"":""STALE"",""error"":""Torque sample age 2998 ms exceeds 1500 ms"",""source"":""/left_jaka_driver/joint_torque_raw"",""age_ms"":2998,""fresh"":false},""right"":{""values"":[111.13329938671086,3.143164023058489,-2.6630859375,4.29052734375,-0.03082275390625,0.09246826171875],""received_at_ms"":1788503987893,""valid"":true,""status"":""STALE"",""error"":""Torque sample age 2992 ms exceeds 1500 ms"",""source"":""/right_jaka_driver/joint_torque_raw"",""age_ms"":2992,""fresh"":false}}"
24,1788503990984,RUNNING,0.40800000000000003,"{""left"":{""valid"":true,""status"":""VALID"",""sample_index"":17,""time_from_start_s"":0.40800000000000003,""joints_rad"":[3.0288957259526996,0.6295611046016485,-1.618335637850753,1.472890152903255,-0.06870895577262426,0.5305935523078537],""source"":""LATEST SUCCESSFUL PHASE5 SERVO_J COMMAND \u2014 DRIVER MEMORY"",""error"":null},""right"":{""valid"":true,""status"":""VALID"",""sample_index"":17,""time_from_start_s"":0.40800000000000003,""joints_rad"":[0.11065250924943995,2.553966809520727,1.5976224060619049,-1.4764705241267726,3.2018116719076337,2.504644791373709],""source"":""LATEST SUCCESSFUL PHASE5 SERVO_J COMMAND \u2014 DRIVER MEMORY"",""error"":null}}","{""left"":{""valid"":true,""fresh"":true,""status"":""FRESH"",""joints_rad"":[3.035760251071987,0.6285555464303795,-1.6139506397480077,1.4786944295025297,-0.0654369315133226,0.5566101076034449],""received_at_ms"":1788503990983,""age_ms"":1,""source"":""jaka_port10000_actual_feedback"",""mapping"":""port10000_joint_actual_position_deg_to_rad"",""error"":null},""right"":{""valid"":true,""fresh"":true,""status"":""FRESH"",""joints_rad"":[0.10340604579168365,2.551568915588618,1.6076611712555209,-1.4822676420801377,3.1974901390104904,2.539335553795539],""received_at_ms"":1788503990979,""age_ms"":5,""source"":""jaka_port10000_actual_feedback"",""mapping"":""port10000_joint_actual_position_deg_to_rad"",""error"":null}}","{""left"":{""values"":[-112.36811382434098,-3.367675738991238,1.72607421875,-3.969970703125,-0.2589111328125,0.7274169921875],""received_at_ms"":1788503987887,""valid"":true,""status"":""STALE"",""error"":""Torque sample age 3097 ms exceeds 1500 ms"",""source"":""/left_jaka_driver/joint_torque_raw"",""age_ms"":3097,""fresh"":false},""right"":{""values"":[111.13329938671086,3.143164023058489,-2.6630859375,4.29052734375,-0.03082275390625,0.09246826171875],""received_at_ms"":1788503987893,""valid"":true,""status"":""STALE"",""error"":""Torque sample age 3091 ms exceeds 1500 ms"",""source"":""/right_jaka_driver/joint_torque_raw"",""age_ms"":3091,""fresh"":false}}"
25,1788503991088,RUNNING,0.504,"{""left"":{""valid"":true,""status"":""VALID"",""sample_index"":21,""time_from_start_s"":0.504,""joints_rad"":[3.021263003720598,0.6307175977312932,-1.6234912208235275,1.4661531307176174,-0.0724554153520159,0.5009907454103669],""source"":""LATEST SUCCESSFUL PHASE5 SERVO_J COMMAND \u2014 DRIVER MEMORY"",""error"":null},""right"":{""valid"":true,""status"":""VALID"",""sample_index"":21,""time_from_start_s"":0.504,""joints_rad"":[0.11732302131563316,2.556304342328222,1.5881328028359225,-1.4711047979818244,3.205835155719701,2.472687960463693],""source"":""LATEST SUCCESSFUL PHASE5 SERVO_J COMMAND \u2014 DRIVER MEMORY"",""error"":null}}","{""left"":{""valid"":true,""fresh"":true,""status"":""FRESH"",""joints_rad"":[3.0311583414332537,0.6292866648540398,-1.6171025298441841,1.474619783830824,-0.06766606603396975,0.5385620068744219],""received_at_ms"":1788503991053,""age_ms"":35,""source"":""jaka_port10000_actual_feedback"",""mapping"":""port10000_joint_actual_position_deg_to_rad"",""error"":null},""right"":{""valid"":true,""fresh"":true,""status"":""FRESH"",""joints_rad"":[0.110560673994384,2.5540376838155634,1.5977742301088234,-1.4765991617355108,3.2018642831818385,2.505635863933407],""received_at_ms"":1788503991051,""age_ms"":37,""source"":""jaka_port10000_actual_feedback"",""mapping"":""port10000_joint_actual_position_deg_to_rad"",""error"":null}}","{""left"":{""values"":[-112.36811382434098,-3.367675738991238,1.72607421875,-3.969970703125,-0.2589111328125,0.7274169921875],""received_at_ms"":1788503987887,""valid"":true,""status"":""STALE"",""error"":""Torque sample age 3201 ms exceeds 1500 ms"",""source"":""/left_jaka_driver/joint_torque_raw"",""age_ms"":3201,""fresh"":false},""right"":{""values"":[111.13329938671086,3.143164023058489,-2.6630859375,4.29052734375,-0.03082275390625,0.09246826171875],""received_at_ms"":1788503987893,""valid"":true,""status"":""STALE"",""error"":""Torque sample age 3195 ms exceeds 1500 ms"",""source"":""/right_jaka_driver/joint_torque_raw"",""age_ms"":3195,""fresh"":false}}"
26,1788503991182,RUNNING,0.6,"{""left"":{""valid"":true,""status"":""VALID"",""sample_index"":25,""time_from_start_s"":0.6,""joints_rad"":[3.0141833078412623,0.631605048814191,-1.628155730305219,1.4598850083096926,-0.07589481772970112,0.473596982922219],""source"":""LATEST SUCCESSFUL PHASE5 SERVO_J COMMAND \u2014 DRIVER MEMORY"",""error"":null},""right"":{""valid"":true,""status"":""VALID"",""sample_index"":25,""time_from_start_s"":0.6,""joints_rad"":[0.12344584478508813,2.5585722929276717,1.5792691942283956,-1.4662146646971042,3.2095841986668403,2.443189440032229],""source"":""LATEST SUCCESSFUL PHASE5 SERVO_J COMMAND \u2014 DRIVER MEMORY"",""error"":null}}","{""left"":{""valid"":true,""fresh"":true,""status"":""FRESH"",""joints_rad"":[3.025358088730101,0.6301734666469782,-1.6209853638310958,1.469598297039911,-0.07041042174980565,0.5170503002448161],""received_at_ms"":1788503991123,""age_ms"":59,""source"":""jaka_port10000_actual_feedback"",""mapping"":""port10000_joint_actual_position_deg_to_rad"",""error"":null},""right"":{""valid"":true,""fresh"":true,""status"":""FRESH"",""joints_rad"":[0.11512662985052635,2.555619650249571,1.5913386775579448,-1.4729559614548977,3.204536731332492,2.484208107640822],""received_at_ms"":1788503991120,""age_ms"":62,""source"":""jaka_port10000_actual_feedback"",""mapping"":""port10000_joint_actual_position_deg_to_rad"",""error"":null}}","{""left"":{""values"":[-112.36811382434098,-3.367675738991238,1.72607421875,-3.969970703125,-0.2589111328125,0.7274169921875],""received_at_ms"":1788503987887,""valid"":true,""status"":""STALE"",""error"":""Torque sample age 3295 ms exceeds 1500 ms"",""source"":""/left_jaka_driver/joint_torque_raw"",""age_ms"":3295,""fresh"":false},""right"":{""values"":[111.13329938671086,3.143164023058489,-2.6630859375,4.29052734375,-0.03082275390625,0.09246826171875],""received_at_ms"":1788503987893,""valid"":true,""status"":""STALE"",""error"":""Torque sample age 3289 ms exceeds 1500 ms"",""source"":""/right_jaka_driver/joint_torque_raw"",""age_ms"":3289,""fresh"":false}}"
27,1788503991284,RUNNING,0.6960000000000001,"{""left"":{""valid"":true,""status"":""VALID"",""sample_index"":29,""time_from_start_s"":0.6960000000000001,""joints_rad"":[3.008241095884821,0.6321142028827833,-1.631914079631588,1.4545979098956519,-0.07873375485830449,0.45069122530760913],""source"":""LATEST SUCCESSFUL PHASE5 SERVO_J COMMAND \u2014 DRIVER MEMORY"",""error"":null},""right"":{""valid"":true,""status"":""VALID"",""sample_index"":29,""time_from_start_s"":0.6960000000000001,""joints_rad"":[0.12850563974162899,2.560592549791146,1.5717616110427972,-1.4622153706798027,3.212749093178032,2.418614747901505],""source"":""LATEST SUCCESSFUL PHASE5 SERVO_J COMMAND \u2014 DRIVER MEMORY"",""error"":null}}","{""left"":{""valid"":true,""fresh"":true,""status"":""FRESH"",""joints_rad"":[3.0171128042778292,0.6311442187769375,-1.6261386229805344,1.4623598930331148,-0.0743651633018996,0.4853999759903754],""received_at_ms"":1788503991251,""age_ms"":33,""source"":""jaka_port10000_actual_feedback"",""mapping"":""port10000_joint_actual_position_deg_to_rad"",""error"":null},""right"":{""valid"":true,""fresh"":true,""status"":""FRESH"",""joints_rad"":[0.12168191198809188,2.5578007882157885,1.5818831818023402,-1.467742837512116,3.2084796046456723,2.4537561264508003],""received_at_ms"":1788503991229,""age_ms"":55,""source"":""jaka_port10000_actual_feedback"",""mapping"":""port10000_joint_actual_position_deg_to_rad"",""error"":null}}","{""left"":{""values"":[-112.36811382434098,-3.367675738991238,1.72607421875,-3.969970703125,-0.2589111328125,0.7274169921875],""received_at_ms"":1788503987887,""valid"":true,""status"":""STALE"",""error"":""Torque sample age 3397 ms exceeds 1500 ms"",""source"":""/left_jaka_driver/joint_torque_raw"",""age_ms"":3397,""fresh"":false},""right"":{""values"":[111.13329938671086,3.143164023058489,-2.6630859375,4.29052734375,-0.03082275390625,0.09246826171875],""received_at_ms"":1788503987893,""valid"":true,""status"":""STALE"",""error"":""Torque sample age 3391 ms exceeds 1500 ms"",""source"":""/right_jaka_driver/joint_torque_raw"",""age_ms"":3391,""fresh"":false}}"
28,1788503991389,RUNNING,0.8160000000000001,"{""left"":{""valid"":true,""status"":""VALID"",""sample_index"":34,""time_from_start_s"":0.8160000000000001,""joints_rad"":[3.001744937996323,0.632413445717383,-1.6358274786752793,1.4487836560288065,-0.08177605168941741,0.4257630085698343],""source"":""LATEST SUCCESSFUL PHASE5 SERVO_J COMMAND \u2014 DRIVER MEMORY"",""error"":null},""right"":{""valid"":true,""status"":""VALID"",""sample_index"":34,""time_from_start_s"":0.8160000000000001,""joints_rad"":[0.13395723275743596,2.562900493720078,1.5635107731968048,-1.4579430044181338,3.2162181527750136,2.391963003065371],""source"":""LATEST SUCCESSFUL PHASE5 SERVO_J COMMAND \u2014 DRIVER MEMORY"",""error"":null}}","{""left"":{""valid"":true,""fresh"":true,""status"":""FRESH"",""joints_rad"":[3.010713380042467,0.6319352019939413,-1.6306447140433336,1.4567631457207446,-0.07767273676735403,0.4607363792645931],""received_at_ms"":1788503991368,""age_ms"":21,""source"":""jaka_port10000_actual_feedback"",""mapping"":""port10000_joint_actual_position_deg_to_rad"",""error"":null},""right"":{""valid"":true,""fresh"":true,""status"":""FRESH"",""joints_rad"":[0.1252652474753614,2.5593227153235274,1.5764782461747642,-1.464722719774465,3.2109124190900276,2.4352765803306844],""received_at_ms"":1788503991342,""age_ms"":47,""source"":""jaka_port10000_actual_feedback"",""mapping"":""port10000_joint_actual_position_deg_to_rad"",""error"":null}}","{""left"":{""values"":[-112.36811382434098,-3.367675738991238,1.72607421875,-3.969970703125,-0.2589111328125,0.7274169921875],""received_at_ms"":1788503987887,""valid"":true,""status"":""STALE"",""error"":""Torque sample age 3502 ms exceeds 1500 ms"",""source"":""/left_jaka_driver/joint_torque_raw"",""age_ms"":3502,""fresh"":false},""right"":{""values"":[111.13329938671086,3.143164023058489,-2.6630859375,4.29052734375,-0.03082275390625,0.09246826171875],""received_at_ms"":1788503987893,""valid"":true,""status"":""STALE"",""error"":""Torque sample age 3496 ms exceeds 1500 ms"",""source"":""/right_jaka_driver/joint_torque_raw"",""age_ms"":3496,""fresh"":false}}"
29,1788503991487,RUNNING,0.912,"{""left"":{""valid"":true,""status"":""VALID"",""sample_index"":38,""time_from_start_s"":0.912,""joints_rad"":[2.996568522098299,0.6325916357187259,-1.6388701788065165,1.4441318414936875,-0.0841712447772903,0.4059585662826835],""source"":""LATEST SUCCESSFUL PHASE5 SERVO_J COMMAND \u2014 DRIVER MEMORY"",""error"":null},""right"":{""valid"":true,""status"":""VALID"",""sample_index"":38,""time_from_start_s"":0.912,""joints_rad"":[0.13826811943647535,2.564795378728916,1.5569244539499472,-1.4545743200601373,3.2189837712076095,2.3708299486141016],""source"":""LATEST SUCCESSFUL PHASE5 SERVO_J COMMAND \u2014 DRIVER MEMORY"",""error"":null}}","{""left"":{""valid"":true,""fresh"":true,""status"":""FRESH"",""joints_rad"":[3.0043376922849316,0.6323186508306045,-1.6344797260087405,1.4511426619305474,-0.08047713180945854,0.43662413204951583],""received_at_ms"":1788503991439,""age_ms"":48,""source"":""jaka_port10000_actual_feedback"",""mapping"":""port10000_joint_actual_position_deg_to_rad"",""error"":null},""right"":{""valid"":true,""fresh"":true,""status"":""FRESH"",""joints_rad"":[0.13073004789628087,2.5616117146375186,1.568376951385782,-1.4603126218205253,3.2143398966750945,2.408911287584208],""received_at_ms"":1788503991415,""age_ms"":72,""source"":""jaka_port10000_actual_feedback"",""mapping"":""port10000_joint_actual_position_deg_to_rad"",""error"":null}}","{""left"":{""values"":[-112.36811382434098,-3.367675738991238,1.72607421875,-3.969970703125,-0.2589111328125,0.7274169921875],""received_at_ms"":1788503987887,""valid"":true,""status"":""STALE"",""error"":""Torque sample age 3600 ms exceeds 1500 ms"",""source"":""/left_jaka_driver/joint_torque_raw"",""age_ms"":3600,""fresh"":false},""right"":{""values"":[111.13329938671086,3.143164023058489,-2.6630859375,4.29052734375,-0.03082275390625,0.09246826171875],""received_at_ms"":1788503987893,""valid"":true,""status"":""STALE"",""error"":""Torque sample age 3594 ms exceeds 1500 ms"",""source"":""/right_jaka_driver/joint_torque_raw"",""age_ms"":3594,""fresh"":false}}"
30,1788503991583,RUNNING,0.984,"{""left"":{""valid"":true,""status"":""VALID"",""sample_index"":41,""time_from_start_s"":0.984,""joints_rad"":[2.992673382899529,0.6327151745944593,-1.6411252100999165,1.4406204884719371,-0.08595800896190685,0.39109016470327934],""source"":""LATEST SUCCESSFUL PHASE5 SERVO_J COMMAND \u2014 DRIVER MEMORY"",""error"":null},""right"":{""valid"":true,""status"":""VALID"",""sample_index"":42,""time_from_start_s"":1.008,""joints_rad"":[0.1425527478037663,2.5667985100495225,1.5502714965532431,-1.451243632987048,3.2217710969707753,2.349724611558972],""source"":""LATEST SUCCESSFUL PHASE5 SERVO_J COMMAND \u2014 DRIVER MEMORY"",""error"":null}}","{""left"":{""valid"":true,""fresh"":true,""status"":""FRESH"",""joints_rad"":[3.0004307727543424,0.6325223307543122,-1.6367446397790535,1.4477031415736423,-0.08238268228678594,0.4218834302530221],""received_at_ms"":1788503991509,""age_ms"":74,""source"":""jaka_port10000_actual_feedback"",""mapping"":""port10000_joint_actual_position_deg_to_rad"",""error"":null},""right"":{""valid"":true,""fresh"":true,""status"":""FRESH"",""joints_rad"":[0.1339178917750485,2.5630139121585707,1.5633915929103854,-1.4578318108217407,3.216341265728356,2.392840295831844],""received_at_ms"":1788503991488,""age_ms"":95,""source"":""jaka_port10000_actual_feedback"",""mapping"":""port10000_joint_actual_position_deg_to_rad"",""error"":null}}","{""left"":{""values"":[-112.36811382434098,-3.367675738991238,1.72607421875,-3.969970703125,-0.2589111328125,0.7274169921875],""received_at_ms"":1788503987887,""valid"":true,""status"":""STALE"",""error"":""Torque sample age 3696 ms exceeds 1500 ms"",""source"":""/left_jaka_driver/joint_torque_raw"",""age_ms"":3696,""fresh"":false},""right"":{""values"":[111.13329938671086,3.143164023058489,-2.6630859375,4.29052734375,-0.03082275390625,0.09246826171875],""received_at_ms"":1788503987893,""valid"":true,""status"":""STALE"",""error"":""Torque sample age 3690 ms exceeds 1500 ms"",""source"":""/right_jaka_driver/joint_torque_raw"",""age_ms"":3690,""fresh"":false}}"
31,1788503991686,RUNNING,1.104,"{""left"":{""valid"":true,""status"":""VALID"",""sample_index"":46,""time_from_start_s"":1.104,""joints_rad"":[2.986158577278134,0.6329166190330989,-1.6448205492704298,1.4347274488563826,-0.08891619558613155,0.36628490663146945],""source"":""LATEST SUCCESSFUL PHASE5 SERVO_J COMMAND \u2014 DRIVER MEMORY"",""error"":null},""right"":{""valid"":true,""status"":""VALID"",""sample_index"":46,""time_from_start_s"":1.104,""joints_rad"":[0.14680304276670528,2.5689255266136963,1.543539333528004,-1.447964137760275,3.2245837954802994,2.3286580698217203],""source"":""LATEST SUCCESSFUL PHASE5 SERVO_J COMMAND \u2014 DRIVER MEMORY"",""error"":null}}","{""left"":{""valid"":true,""fresh"":true,""status"":""FRESH"",""joints_rad"":[2.994390711811965,0.6327020996672675,-1.6402799787118933,1.4421304798049495,-0.085198945567804,0.39888575029826845],""received_at_ms"":1788503991622,""age_ms"":64,""source"":""jaka_port10000_actual_feedback"",""mapping"":""port10000_joint_actual_position_deg_to_rad"",""error"":null},""right"":{""valid"":true,""fresh"":true,""status"":""FRESH"",""joints_rad"":[0.13891529302228386,2.5652189611355403,1.5556377931754755,-1.4538650264978081,3.219540977846037,2.36823673843233],""received_at_ms"":1788503991594,""age_ms"":92,""source"":""jaka_port10000_actual_feedback"",""mapping"":""port10000_joint_actual_position_deg_to_rad"",""error"":null}}","{""left"":{""values"":[-112.36811382434098,-3.367675738991238,1.72607421875,-3.969970703125,-0.2589111328125,0.7274169921875],""received_at_ms"":1788503987887,""valid"":true,""status"":""STALE"",""error"":""Torque sample age 3799 ms exceeds 1500 ms"",""source"":""/left_jaka_driver/joint_torque_raw"",""age_ms"":3799,""fresh"":false},""right"":{""values"":[111.13329938671086,3.143164023058489,-2.6630859375,4.29052734375,-0.03082275390625,0.09246826171875],""received_at_ms"":1788503987893,""valid"":true,""status"":""STALE"",""error"":""Torque sample age 3793 ms exceeds 1500 ms"",""source"":""/right_jaka_driver/joint_torque_raw"",""age_ms"":3793,""fresh"":false}}"
32,1788503991786,RUNNING,1.2,"{""left"":{""valid"":true,""status"":""VALID"",""sample_index"":50,""time_from_start_s"":1.2,""joints_rad"":[2.9809288777574703,0.6330713414808606,-1.647697686464389,1.4299802316712649,-0.09126230925351121,0.3464257917856856],""source"":""LATEST SUCCESSFUL PHASE5 SERVO_J COMMAND \u2014 DRIVER MEMORY"",""error"":null},""right"":{""valid"":true,""status"":""VALID"",""sample_index"":50,""time_from_start_s"":1.2,""joints_rad"":[0.15101627924084482,2.5711659193132217,1.5367308127087602,-1.4447416372480764,3.2274204112607157,2.3076363463982874],""source"":""LATEST SUCCESSFUL PHASE5 SERVO_J COMMAND \u2014 DRIVER MEMORY"",""error"":null}}","{""left"":{""valid"":true,""fresh"":true,""status"":""FRESH"",""joints_rad"":[2.987907337239582,0.6329178223628141,-1.6439113107535925,1.4361263726451636,-0.08826688532695963,0.3737788399424796],""received_at_ms"":1788503991733,""age_ms"":53,""source"":""jaka_port10000_actual_feedback"",""mapping"":""port10000_joint_actual_position_deg_to_rad"",""error"":null},""right"":{""valid"":true,""fresh"":true,""status"":""FRESH"",""joints_rad"":[0.14206718311846042,2.5666689806780973,1.5506283491564012,-1.451480208607883,3.22162629723632,2.3525614128213936],""received_at_ms"":1788503991706,""age_ms"":80,""source"":""jaka_port10000_actual_feedback"",""mapping"":""port10000_joint_actual_position_deg_to_rad"",""error"":null}}","{""left"":{""values"":[-112.36811382434098,-3.367675738991238,1.72607421875,-3.969970703125,-0.2589111328125,0.7274169921875],""received_at_ms"":1788503987887,""valid"":true,""status"":""STALE"",""error"":""Torque sample age 3899 ms exceeds 1500 ms"",""source"":""/left_jaka_driver/joint_torque_raw"",""age_ms"":3899,""fresh"":false},""right"":{""values"":[111.13329938671086,3.143164023058489,-2.6630859375,4.29052734375,-0.03082275390625,0.09246826171875],""received_at_ms"":1788503987893,""valid"":true,""status"":""STALE"",""error"":""Torque sample age 3893 ms exceeds 1500 ms"",""source"":""/right_jaka_driver/joint_torque_raw"",""age_ms"":3893,""fresh"":false}}"
33,1788503991886,RUNNING,1.296,"{""left"":{""valid"":true,""status"":""VALID"",""sample_index"":55,""time_from_start_s"":1.32,""joints_rad"":[2.974373843293199,0.6332363882914901,-1.6511598915053944,1.4240115273398812,-0.09416518485176305,0.3215947397770875],""source"":""LATEST SUCCESSFUL PHASE5 SERVO_J COMMAND \u2014 DRIVER MEMORY"",""error"":null},""right"":{""valid"":true,""status"":""VALID"",""sample_index"":54,""time_from_start_s"":1.296,""joints_rad"":[0.1551947131429681,2.573492683461035,1.5298596094715182,-1.4415743811894834,3.230276059790518,2.286659622165232],""source"":""LATEST SUCCESSFUL PHASE5 SERVO_J COMMAND \u2014 DRIVER MEMORY"",""error"":null}}","{""left"":{""valid"":true,""fresh"":true,""status"":""FRESH"",""joints_rad"":[2.980549029113174,0.6331096340476082,-1.6480098674360508,1.4293672360509653,-0.09157445879241408,0.34552003949051424],""received_at_ms"":1788503991872,""age_ms"":14,""source"":""jaka_port10000_actual_feedback"",""mapping"":""port10000_joint_actual_position_deg_to_rad"",""error"":null},""right"":{""valid"":true,""fresh"":true,""status"":""FRESH"",""joints_rad"":[0.15089942179817772,2.5712949758605084,1.5367505381420936,-1.4446013424269977,3.2274026389287203,2.308603201214814],""received_at_ms"":1788503991867,""age_ms"":19,""source"":""jaka_port10000_actual_feedback"",""mapping"":""port10000_joint_actual_position_deg_to_rad"",""error"":null}}","{""left"":{""values"":[-112.36811382434098,-3.367675738991238,1.72607421875,-3.969970703125,-0.2589111328125,0.7274169921875],""received_at_ms"":1788503987887,""valid"":true,""status"":""STALE"",""error"":""Torque sample age 3999 ms exceeds 1500 ms"",""source"":""/left_jaka_driver/joint_torque_raw"",""age_ms"":3999,""fresh"":false},""right"":{""values"":[111.13329938671086,3.143164023058489,-2.6630859375,4.29052734375,-0.03082275390625,0.09246826171875],""received_at_ms"":1788503987893,""valid"":true,""status"":""STALE"",""error"":""Torque sample age 3993 ms exceeds 1500 ms"",""source"":""/right_jaka_driver/joint_torque_raw"",""age_ms"":3993,""fresh"":false}}"
34,1788503991994,RUNNING,1.416,"{""left"":{""valid"":true,""status"":""VALID"",""sample_index"":59,""time_from_start_s"":1.416,""joints_rad"":[2.9691176720217425,0.6333234343521428,-1.653806437178602,1.4192118901344966,-0.09646168287792842,0.301729898076725],""source"":""LATEST SUCCESSFUL PHASE5 SERVO_J COMMAND \u2014 DRIVER MEMORY"",""error"":null},""right"":{""valid"":true,""status"":""VALID"",""sample_index"":59,""time_from_start_s"":1.416,""joints_rad"":[0.1603796865026442,2.5764711631124593,1.5212130205728245,-1.437677831951292,3.233862268994657,2.260491478276901],""source"":""LATEST SUCCESSFUL PHASE5 SERVO_J COMMAND \u2014 DRIVER MEMORY"",""error"":null}}","{""left"":{""valid"":true,""fresh"":true,""status"":""FRESH"",""joints_rad"":[2.9744011068230236,0.6332534491779725,-1.6511617575322275,1.4240462507604104,-0.09413922012821974,0.32259426710094274],""received_at_ms"":1788503991984,""age_ms"":10,""source"":""jaka_port10000_actual_feedback"",""mapping"":""port10000_joint_actual_position_deg_to_rad"",""error"":null},""right"":{""valid"":true,""fresh"":true,""status"":""FRESH"",""joints_rad"":[0.15402740088360198,2.57302075742488,1.5315374141993117,-1.4422163500041474,3.2295598658841858,2.2927961032453514],""received_at_ms"":1788503991958,""age_ms"":36,""source"":""jaka_port10000_actual_feedback"",""mapping"":""port10000_joint_actual_position_deg_to_rad"",""error"":null}}","{""left"":{""values"":[-112.36811382434098,-3.367675738991238,1.72607421875,-3.969970703125,-0.2589111328125,0.7274169921875],""received_at_ms"":1788503987887,""valid"":true,""status"":""STALE"",""error"":""Torque sample age 4107 ms exceeds 1500 ms"",""source"":""/left_jaka_driver/joint_torque_raw"",""age_ms"":4107,""fresh"":false},""right"":{""values"":[111.13329938671086,3.143164023058489,-2.6630859375,4.29052734375,-0.03082275390625,0.09246826171875],""received_at_ms"":1788503987893,""valid"":true,""status"":""STALE"",""error"":""Torque sample age 4101 ms exceeds 1500 ms"",""source"":""/right_jaka_driver/joint_torque_raw"",""age_ms"":4101,""fresh"":false}}"
35,1788503992089,RUNNING,1.512,"{""left"":{""valid"":true,""status"":""VALID"",""sample_index"":63,""time_from_start_s"":1.512,""joints_rad"":[2.963850508636741,0.6333498247991151,-1.6563490412196666,1.4143898872377654,-0.0987356882055092,0.28186468027157907],""source"":""LATEST SUCCESSFUL PHASE5 SERVO_J COMMAND \u2014 DRIVER MEMORY"",""error"":null},""right"":{""valid"":true,""status"":""VALID"",""sample_index"":63,""time_from_start_s"":1.512,""joints_rad"":[0.16451134194707934,2.5788737361109773,1.5142756552829282,-1.4345882751123198,3.2367366286043024,2.2395810681111454],""source"":""LATEST SUCCESSFUL PHASE5 SERVO_J COMMAND \u2014 DRIVER MEMORY"",""error"":null}}","{""left"":{""valid"":true,""fresh"":true,""status"":""FRESH"",""joints_rad"":[2.9744011068230236,0.6332534491779725,-1.6511617575322275,1.4240462507604104,-0.09413922012821974,0.32259426710094274],""received_at_ms"":1788503991984,""age_ms"":105,""source"":""jaka_port10000_actual_feedback"",""mapping"":""port10000_joint_actual_position_deg_to_rad"",""error"":null},""right"":{""valid"":true,""fresh"":true,""status"":""FRESH"",""joints_rad"":[0.15781441629457926,2.575213763630011,1.5251498582028629,-1.4393641329405382,3.232172449241496,2.2735014883645546],""received_at_ms"":1788503992070,""age_ms"":19,""source"":""jaka_port10000_actual_feedback"",""mapping"":""port10000_joint_actual_position_deg_to_rad"",""error"":null}}","{""left"":{""values"":[-112.36811382434098,-3.367675738991238,1.72607421875,-3.969970703125,-0.2589111328125,0.7274169921875],""received_at_ms"":1788503987887,""valid"":true,""status"":""STALE"",""error"":""Torque sample age 4202 ms exceeds 1500 ms"",""source"":""/left_jaka_driver/joint_torque_raw"",""age_ms"":4202,""fresh"":false},""right"":{""values"":[111.13329938671086,3.143164023058489,-2.6630859375,4.29052734375,-0.03082275390625,0.09246826171875],""received_at_ms"":1788503987893,""valid"":true,""status"":""STALE"",""error"":""Torque sample age 4196 ms exceeds 1500 ms"",""source"":""/right_jaka_driver/joint_torque_raw"",""age_ms"":4196,""fresh"":false}}"
36,1788503992189,RUNNING,1.608,"{""left"":{""valid"":true,""status"":""VALID"",""sample_index"":67,""time_from_start_s"":1.608,""joints_rad"":[2.958569418316479,0.6332772059496614,-1.6588190633396558,1.4095410098378012,-0.10098997649190596,0.26199180453400145],""source"":""LATEST SUCCESSFUL PHASE5 SERVO_J COMMAND \u2014 DRIVER MEMORY"",""error"":null},""right"":{""valid"":true,""status"":""VALID"",""sample_index"":67,""time_from_start_s"":1.608,""joints_rad"":[0.16863675262063532,2.581295724248169,1.507325798004672,-1.431507977429492,3.2396146810852797,2.218678624232754],""source"":""LATEST SUCCESSFUL PHASE5 SERVO_J COMMAND \u2014 DRIVER MEMORY"",""error"":null}}","{""left"":{""valid"":true,""fresh"":true,""status"":""FRESH"",""joints_rad"":[2.9645141656763268,0.6332773601887249,-1.655847617507982,1.415393606460723,-0.09829764160402144,0.285263419730036],""received_at_ms"":1788503992165,""age_ms"":24,""source"":""jaka_port10000_actual_feedback"",""mapping"":""port10000_joint_actual_position_deg_to_rad"",""error"":null},""right"":{""valid"":true,""fresh"":true,""status"":""FRESH"",""joints_rad"":[0.162644091400698,2.5779581193458467,1.5169766558486986,-1.435732975431764,3.2355519302721323,2.2486940765084076],""received_at_ms"":1788503992143,""age_ms"":46,""source"":""jaka_port10000_actual_feedback"",""mapping"":""port10000_joint_actual_position_deg_to_rad"",""error"":null}}","{""left"":{""values"":[-112.36811382434098,-3.367675738991238,1.72607421875,-3.969970703125,-0.2589111328125,0.7274169921875],""received_at_ms"":1788503987887,""valid"":true,""status"":""STALE"",""error"":""Torque sample age 4302 ms exceeds 1500 ms"",""source"":""/left_jaka_driver/joint_torque_raw"",""age_ms"":4302,""fresh"":false},""right"":{""values"":[111.13329938671086,3.143164023058489,-2.6630859375,4.29052734375,-0.03082275390625,0.09246826171875],""received_at_ms"":1788503987893,""valid"":true,""status"":""STALE"",""error"":""Torque sample age 4296 ms exceeds 1500 ms"",""source"":""/right_jaka_driver/joint_torque_raw"",""age_ms"":4296,""fresh"":false}}"
37,1788503992290,RUNNING,1.704,"{""left"":{""valid"":true,""status"":""VALID"",""sample_index"":71,""time_from_start_s"":1.704,""joints_rad"":[2.953271720768621,0.6330413388198098,-1.6612466360935174,1.404661081448434,-0.10322648841457911,0.24210475537358683],""source"":""LATEST SUCCESSFUL PHASE5 SERVO_J COMMAND \u2014 DRIVER MEMORY"",""error"":null},""right"":{""valid"":true,""status"":""VALID"",""sample_index"":71,""time_from_start_s"":1.704,""joints_rad"":[0.1727438193635092,2.5837890114938173,1.5003336407644008,-1.4284535451560536,3.242505572318872,2.1977982982456123],""source"":""LATEST SUCCESSFUL PHASE5 SERVO_J COMMAND \u2014 DRIVER MEMORY"",""error"":null}}","{""left"":{""valid"":true,""fresh"":true,""status"":""FRESH"",""joints_rad"":[2.9605592495913076,0.6332534491779725,-1.6577770789960617,1.4117025841586055,-0.10001138039655466,0.27047489591203766],""received_at_ms"":1788503992234,""age_ms"":56,""source"":""jaka_port10000_actual_feedback"",""mapping"":""port10000_joint_actual_position_deg_to_rad"",""error"":null},""right"":{""valid"":true,""fresh"":true,""status"":""FRESH"",""joints_rad"":[0.1668265984201772,2.5804509731164704,1.5100616613522972,-1.4327009894551996,3.2384401011183326,2.227577861487304],""received_at_ms"":1788503992232,""age_ms"":58,""source"":""jaka_port10000_actual_feedback"",""mapping"":""port10000_joint_actual_position_deg_to_rad"",""error"":null}}","{""left"":{""values"":[-112.36811382434098,-3.367675738991238,1.72607421875,-3.969970703125,-0.2589111328125,0.7274169921875],""received_at_ms"":1788503987887,""valid"":true,""status"":""STALE"",""error"":""Torque sample age 4403 ms exceeds 1500 ms"",""source"":""/left_jaka_driver/joint_torque_raw"",""age_ms"":4403,""fresh"":false},""right"":{""values"":[111.13329938671086,3.143164023058489,-2.6630859375,4.29052734375,-0.03082275390625,0.09246826171875],""received_at_ms"":1788503987893,""valid"":true,""status"":""STALE"",""error"":""Torque sample age 4397 ms exceeds 1500 ms"",""source"":""/right_jaka_driver/joint_torque_raw"",""age_ms"":4397,""fresh"":false}}"
38,1788503992388,RUNNING,1.8,"{""left"":{""valid"":true,""status"":""VALID"",""sample_index"":75,""time_from_start_s"":1.8,""joints_rad"":[2.947957753259246,0.6326352338920411,-1.663631146311014,1.3997504745706977,-0.10544525935876797,0.22220449383004787],""source"":""LATEST SUCCESSFUL PHASE5 SERVO_J COMMAND \u2014 DRIVER MEMORY"",""error"":null},""right"":{""valid"":true,""status"":""VALID"",""sample_index"":75,""time_from_start_s"":1.8,""joints_rad"":[0.17682232622831792,2.5863842577917424,1.4932800649820928,-1.4254407731833512,3.2454149917889468,2.1769542000257207],""source"":""LATEST SUCCESSFUL PHASE5 SERVO_J COMMAND \u2014 DRIVER MEMORY"",""error"":null}}","{""left"":{""valid"":true,""fresh"":true,""status"":""FRESH"",""joints_rad"":[2.9539680136711506,0.6330138154716738,-1.660845018755217,1.4053867611944135,-0.10297145880793705,0.24534390001257128],""received_at_ms"":1788503992351,""age_ms"":37,""source"":""jaka_port10000_actual_feedback"",""mapping"":""port10000_joint_actual_position_deg_to_rad"",""error"":null},""right"":{""valid"":true,""fresh"":true,""status"":""FRESH"",""joints_rad"":[0.16954686859233556,2.582020896778639,1.5054957054961546,-1.4306636666193466,3.2404414701715947,2.2136042318970617],""received_at_ms"":1788503992324,""age_ms"":64,""source"":""jaka_port10000_actual_feedback"",""mapping"":""port10000_joint_actual_position_deg_to_rad"",""error"":null}}","{""left"":{""values"":[-112.36811382434098,-3.367675738991238,1.72607421875,-3.969970703125,-0.2589111328125,0.7274169921875],""received_at_ms"":1788503987887,""valid"":true,""status"":""STALE"",""error"":""Torque sample age 4501 ms exceeds 1500 ms"",""source"":""/left_jaka_driver/joint_torque_raw"",""age_ms"":4501,""fresh"":false},""right"":{""values"":[111.13329938671086,3.143164023058489,-2.6630859375,4.29052734375,-0.03082275390625,0.09246826171875],""received_at_ms"":1788503987893,""valid"":true,""status"":""STALE"",""error"":""Torque sample age 4495 ms exceeds 1500 ms"",""source"":""/right_jaka_driver/joint_torque_raw"",""age_ms"":4495,""fresh"":false}}"
39,1788503992497,RUNNING,1.92,"{""left"":{""valid"":true,""status"":""VALID"",""sample_index"":80,""time_from_start_s"":1.92,""joints_rad"":[2.941296306713732,0.6319521788238411,-1.6665158327612504,1.3935747571853954,-0.10819191350739243,0.19732037076462317],""source"":""LATEST SUCCESSFUL PHASE5 SERVO_J COMMAND \u2014 DRIVER MEMORY"",""error"":null},""right"":{""valid"":true,""status"":""VALID"",""sample_index"":80,""time_from_start_s"":1.92,""joints_rad"":[0.18187367242135513,2.5897769103341512,1.4843715234569326,-1.421745889841044,3.249079143116169,2.150962078426302],""source"":""LATEST SUCCESSFUL PHASE5 SERVO_J COMMAND \u2014 DRIVER MEMORY"",""error"":null}}","{""left"":{""valid"":true,""fresh"":true,""status"":""FRESH"",""joints_rad"":[2.9505284933142457,0.6328220037868796,-1.6624868499825682,1.4020072801637768,-0.10425375220937728,0.2321612536393329],""received_at_ms"":1788503992420,""age_ms"":77,""source"":""jaka_port10000_actual_feedback"",""mapping"":""port10000_joint_actual_position_deg_to_rad"",""error"":null},""right"":{""valid"":true,""fresh"":true,""status"":""FRESH"",""joints_rad"":[0.17362151426404152,2.5845256187881764,1.4984489386412276,-1.4276795026642868,3.2433416837896334,2.1924761486370445],""received_at_ms"":1788503992432,""age_ms"":65,""source"":""jaka_port10000_actual_feedback"",""mapping"":""port10000_joint_actual_position_deg_to_rad"",""error"":null}}","{""left"":{""values"":[-112.36811382434098,-3.367675738991238,1.72607421875,-3.969970703125,-0.2589111328125,0.7274169921875],""received_at_ms"":1788503987887,""valid"":true,""status"":""STALE"",""error"":""Torque sample age 4610 ms exceeds 1500 ms"",""source"":""/left_jaka_driver/joint_torque_raw"",""age_ms"":4610,""fresh"":false},""right"":{""values"":[111.13329938671086,3.143164023058489,-2.6630859375,4.29052734375,-0.03082275390625,0.09246826171875],""received_at_ms"":1788503987893,""valid"":true,""status"":""STALE"",""error"":""Torque sample age 4604 ms exceeds 1500 ms"",""source"":""/right_jaka_driver/joint_torque_raw"",""age_ms"":4604,""fresh"":false}}"
40,1788503992604,RUNNING,2.016,"{""left"":{""valid"":true,""status"":""VALID"",""sample_index"":84,""time_from_start_s"":2.016,""joints_rad"":[2.9359561431008605,0.6313408398691874,-1.6687082086417386,1.388610390690174,-0.11036570438711657,0.17741648159003376],""source"":""LATEST SUCCESSFUL PHASE5 SERVO_J COMMAND \u2014 DRIVER MEMORY"",""error"":null},""right"":{""valid"":true,""status"":""VALID"",""sample_index"":84,""time_from_start_s"":2.016,""joints_rad"":[0.18587831021779408,2.5925909300798935,1.4771811390138598,-1.4188477758021758,3.252029230285316,2.130220584004706],""source"":""LATEST SUCCESSFUL PHASE5 SERVO_J COMMAND \u2014 DRIVER MEMORY"",""error"":null}}","{""left"":{""valid"":true,""fresh"":true,""status"":""FRESH"",""joints_rad"":[2.9455909568603533,0.6324265121783778,-1.6647158099702903,1.3974893208620645,-0.10633907159966012,0.21402920257328903],""received_at_ms"":1788503992510,""age_ms"":94,""source"":""jaka_port10000_actual_feedback"",""mapping"":""port10000_joint_actual_position_deg_to_rad"",""error"":null},""right"":{""valid"":true,""fresh"":true,""status"":""FRESH"",""joints_rad"":[0.18099186516228838,2.5892952545680266,1.4854341929420312,-1.4221787484607764,3.248710665634618,2.154366186288047],""received_at_ms"":1788503992569,""age_ms"":35,""source"":""jaka_port10000_actual_feedback"",""mapping"":""port10000_joint_actual_position_deg_to_rad"",""error"":null}}","{""left"":{""values"":[-112.36811382434098,-3.367675738991238,1.72607421875,-3.969970703125,-0.2589111328125,0.7274169921875],""received_at_ms"":1788503987887,""valid"":true,""status"":""STALE"",""error"":""Torque sample age 4717 ms exceeds 1500 ms"",""source"":""/left_jaka_driver/joint_torque_raw"",""age_ms"":4717,""fresh"":false},""right"":{""values"":[111.13329938671086,3.143164023058489,-2.6630859375,4.29052734375,-0.03082275390625,0.09246826171875],""received_at_ms"":1788503987893,""valid"":true,""status"":""STALE"",""error"":""Torque sample age 4711 ms exceeds 1500 ms"",""source"":""/right_jaka_driver/joint_torque_raw"",""age_ms"":4711,""fresh"":false}}"
41,1788503992696,RUNNING,2.112,"{""left"":{""valid"":true,""status"":""VALID"",""sample_index"":88,""time_from_start_s"":2.112,""joints_rad"":[2.930609413069564,0.6307289534637995,-1.6707699088454118,1.3836296205705105,-0.11251702710542709,0.1575236484491451],""source"":""LATEST SUCCESSFUL PHASE5 SERVO_J COMMAND \u2014 DRIVER MEMORY"",""error"":null},""right"":{""valid"":true,""status"":""VALID"",""sample_index"":88,""time_from_start_s"":2.112,""joints_rad"":[0.1898562658417594,2.595465229860491,1.469950533580895,-1.415993957128269,3.254990981219665,2.1095198637301893],""source"":""LATEST SUCCESSFUL PHASE5 SERVO_J COMMAND \u2014 DRIVER MEMORY"",""error"":null}}","{""left"":{""valid"":true,""fresh"":true,""status"":""FRESH"",""joints_rad"":[2.940317968124228,0.6318632944287591,-1.6669808982735286,1.3925517844081725,-0.1087120212506716,0.19360797766032936],""received_at_ms"":1788503992612,""age_ms"":84,""source"":""jaka_port10000_actual_feedback"",""mapping"":""port10000_joint_actual_position_deg_to_rad"",""error"":null},""right"":{""valid"":true,""fresh"":true,""status"":""FRESH"",""joints_rad"":[0.18560581757286057,2.5926148708053196,1.4771290436964162,-1.4188352212127309,3.2521740970022757,2.1299663088122416],""received_at_ms"":1788503992677,""age_ms"":19,""source"":""jaka_port10000_actual_feedback"",""mapping"":""port10000_joint_actual_position_deg_to_rad"",""error"":null}}","{""left"":{""values"":[-112.36811382434098,-3.367675738991238,1.72607421875,-3.969970703125,-0.2589111328125,0.7274169921875],""received_at_ms"":1788503987887,""valid"":true,""status"":""STALE"",""error"":""Torque sample age 4809 ms exceeds 1500 ms"",""source"":""/left_jaka_driver/joint_torque_raw"",""age_ms"":4809,""fresh"":false},""right"":{""values"":[111.13329938671086,3.143164023058489,-2.6630859375,4.29052734375,-0.03082275390625,0.09246826171875],""received_at_ms"":1788503987893,""valid"":true,""status"":""STALE"",""error"":""Torque sample age 4803 ms exceeds 1500 ms"",""source"":""/right_jaka_driver/joint_torque_raw"",""age_ms"":4803,""fresh"":false}}"
42,1788503992796,RUNNING,2.208,"{""left"":{""valid"":true,""status"":""VALID"",""sample_index"":92,""time_from_start_s"":2.208,""joints_rad"":[2.925257282892786,0.6301310285470224,-1.6726948701050948,1.3786341194145337,-0.11464549822841191,0.13764480446445837],""source"":""LATEST SUCCESSFUL PHASE5 SERVO_J COMMAND \u2014 DRIVER MEMORY"",""error"":null},""right"":{""valid"":true,""status"":""VALID"",""sample_index"":92,""time_from_start_s"":2.208,""joints_rad"":[0.19381655905707054,2.5983709750970245,1.462697452885454,-1.4131707594841252,3.2579590877461735,2.0888478093951877],""source"":""LATEST SUCCESSFUL PHASE5 SERVO_J COMMAND \u2014 DRIVER MEMORY"",""error"":null}}","{""left"":{""valid"":true,""fresh"":true,""status"":""FRESH"",""joints_rad"":[2.934086095497057,0.6311562615487762,-1.6694976630549043,1.386847175748029,-0.11103697434725325,0.17064625148816678],""received_at_ms"":1788503992733,""age_ms"":63,""source"":""jaka_port10000_actual_feedback"",""mapping"":""port10000_joint_actual_position_deg_to_rad"",""error"":null},""right"":{""valid"":true,""fresh"":true,""status"":""FRESH"",""joints_rad"":[0.1882184009301709,2.5945322895215606,1.4723712761554795,-1.416905759724651,3.254139512272947,2.116316437798244],""received_at_ms"":1788503992744,""age_ms"":52,""source"":""jaka_port10000_actual_feedback"",""mapping"":""port10000_joint_actual_position_deg_to_rad"",""error"":null}}","{""left"":{""values"":[-112.36811382434098,-3.367675738991238,1.72607421875,-3.969970703125,-0.2589111328125,0.7274169921875],""received_at_ms"":1788503987887,""valid"":true,""status"":""STALE"",""error"":""Torque sample age 4909 ms exceeds 1500 ms"",""source"":""/left_jaka_driver/joint_torque_raw"",""age_ms"":4909,""fresh"":false},""right"":{""values"":[111.13329938671086,3.143164023058489,-2.6630859375,4.29052734375,-0.03082275390625,0.09246826171875],""received_at_ms"":1788503987893,""valid"":true,""status"":""STALE"",""error"":""Torque sample age 4903 ms exceeds 1500 ms"",""source"":""/right_jaka_driver/joint_torque_raw"",""age_ms"":4903,""fresh"":false}}"
43,1788503992898,RUNNING,2.328,"{""left"":{""valid"":true,""status"":""VALID"",""sample_index"":97,""time_from_start_s"":2.328,""joints_rad"":[2.918534739788699,0.629328102448954,-1.674938159537974,1.3723574375079728,-0.1172830027350398,0.11242696014358824],""source"":""LATEST SUCCESSFUL PHASE5 SERVO_J COMMAND \u2014 DRIVER MEMORY"",""error"":null},""right"":{""valid"":true,""status"":""VALID"",""sample_index"":97,""time_from_start_s"":2.328,""joints_rad"":[0.19886787406964032,2.602018584880441,1.4536783547274534,-1.4097101730090595,3.2617608802895885,2.062955179008007],""source"":""LATEST SUCCESSFUL PHASE5 SERVO_J COMMAND \u2014 DRIVER MEMORY"",""error"":null}}","{""left"":{""valid"":true,""fresh"":true,""status"":""FRESH"",""joints_rad"":[2.9292684631627774,0.6305689582554801,-1.6713072204233719,1.3822932626637254,-0.1129903468460853,0.1523822535306721],""received_at_ms"":1788503992843,""age_ms"":55,""source"":""jaka_port10000_actual_feedback"",""mapping"":""port10000_joint_actual_position_deg_to_rad"",""error"":null},""right"":{""valid"":true,""fresh"":true,""status"":""FRESH"",""joints_rad"":[0.19081894151564247,2.596485836553318,1.4674457824734264,-1.415024120258076,3.256045062750274,2.102462537794689],""received_at_ms"":1788503992816,""age_ms"":82,""source"":""jaka_port10000_actual_feedback"",""mapping"":""port10000_joint_actual_position_deg_to_rad"",""error"":null}}","{""left"":{""values"":[-112.36811382434098,-3.367675738991238,1.72607421875,-3.969970703125,-0.2589111328125,0.7274169921875],""received_at_ms"":1788503987887,""valid"":true,""status"":""STALE"",""error"":""Torque sample age 5011 ms exceeds 1500 ms"",""source"":""/left_jaka_driver/joint_torque_raw"",""age_ms"":5011,""fresh"":false},""right"":{""values"":[111.13329938671086,3.143164023058489,-2.6630859375,4.29052734375,-0.03082275390625,0.09246826171875],""received_at_ms"":1788503987893,""valid"":true,""status"":""STALE"",""error"":""Torque sample age 5005 ms exceeds 1500 ms"",""source"":""/right_jaka_driver/joint_torque_raw"",""age_ms"":5005,""fresh"":false}}"
44,1788503992999,RUNNING,2.424,"{""left"":{""valid"":true,""status"":""VALID"",""sample_index"":101,""time_from_start_s"":2.424,""joints_rad"":[2.91299499826211,0.6285638231221353,-1.676598912662235,1.367261220855412,-0.11939754569901621,0.08966282936161324],""source"":""LATEST SUCCESSFUL PHASE5 SERVO_J COMMAND \u2014 DRIVER MEMORY"",""error"":null},""right"":{""valid"":true,""status"":""VALID"",""sample_index"":101,""time_from_start_s"":2.424,""joints_rad"":[0.20363757880385405,2.6049781633244193,1.4468316044600014,-1.4073112941504071,3.265404870788183,2.0418018996396174],""source"":""LATEST SUCCESSFUL PHASE5 SERVO_J COMMAND \u2014 DRIVER MEMORY"",""error"":null}}","{""left"":{""valid"":true,""fresh"":true,""status"":""FRESH"",""joints_rad"":[2.9188902118316435,0.6293824834299744,-1.6748066055736206,1.3727299055603477,-0.1168731808329971,0.11416460436682709],""received_at_ms"":1788503992982,""age_ms"":17,""source"":""jaka_port10000_actual_feedback"",""mapping"":""port10000_joint_actual_position_deg_to_rad"",""error"":null},""right"":{""valid"":true,""fresh"":true,""status"":""FRESH"",""joints_rad"":[0.19478572583957515,2.5993979184102702,1.4600874743470185,-1.4121479921837146,3.258969187379065,2.081693992360582],""received_at_ms"":1788503992928,""age_ms"":71,""source"":""jaka_port10000_actual_feedback"",""mapping"":""port10000_joint_actual_position_deg_to_rad"",""error"":null}}","{""left"":{""values"":[-112.36811382434098,-3.367675738991238,1.72607421875,-3.969970703125,-0.2589111328125,0.7274169921875],""received_at_ms"":1788503987887,""valid"":true,""status"":""STALE"",""error"":""Torque sample age 5112 ms exceeds 1500 ms"",""source"":""/left_jaka_driver/joint_torque_raw"",""age_ms"":5112,""fresh"":false},""right"":{""values"":[111.13329938671086,3.143164023058489,-2.6630859375,4.29052734375,-0.03082275390625,0.09246826171875],""received_at_ms"":1788503987893,""valid"":true,""status"":""STALE"",""error"":""Torque sample age 5106 ms exceeds 1500 ms"",""source"":""/right_jaka_driver/joint_torque_raw"",""age_ms"":5106,""fresh"":false}}"
45,1788503993100,RUNNING,2.52,"{""left"":{""valid"":true,""status"":""VALID"",""sample_index"":105,""time_from_start_s"":2.52,""joints_rad"":[2.907272389695795,0.6276825448378828,-1.6781934182062328,1.3620844039042785,-0.12145754082591949,0.06397404187154729],""source"":""LATEST SUCCESSFUL PHASE5 SERVO_J COMMAND \u2014 DRIVER MEMORY"",""error"":null},""right"":{""valid"":true,""status"":""VALID"",""sample_index"":105,""time_from_start_s"":2.52,""joints_rad"":[0.2092010433260337,2.608011957011356,1.4403745878198797,-1.40533327549906,3.269717395032492,2.020178320528155],""source"":""LATEST SUCCESSFUL PHASE5 SERVO_J COMMAND \u2014 DRIVER MEMORY"",""error"":null}}","{""left"":{""valid"":true,""fresh"":true,""status"":""FRESH"",""joints_rad"":[2.9123467979329916,0.6284956816370361,-1.6767959318550438,1.3667017128568846,-0.11956971452732833,0.08749963858778291],""received_at_ms"":1788503993090,""age_ms"":10,""source"":""jaka_port10000_actual_feedback"",""mapping"":""port10000_joint_actual_position_deg_to_rad"",""error"":null},""right"":{""valid"":true,""fresh"":true,""status"":""FRESH"",""joints_rad"":[0.19854883023980013,2.602094452104602,1.4534841956550228,-1.409583405380834,3.2618692264641793,2.0628906876642215],""received_at_ms"":1788503993041,""age_ms"":59,""source"":""jaka_port10000_actual_feedback"",""mapping"":""port10000_joint_actual_position_deg_to_rad"",""error"":null}}","{""left"":{""values"":[-112.36811382434098,-3.367675738991238,1.72607421875,-3.969970703125,-0.2589111328125,0.7274169921875],""received_at_ms"":1788503987887,""valid"":true,""status"":""STALE"",""error"":""Torque sample age 5213 ms exceeds 1500 ms"",""source"":""/left_jaka_driver/joint_torque_raw"",""age_ms"":5213,""fresh"":false},""right"":{""values"":[111.13329938671086,3.143164023058489,-2.6630859375,4.29052734375,-0.03082275390625,0.09246826171875],""received_at_ms"":1788503987893,""valid"":true,""status"":""STALE"",""error"":""Torque sample age 5207 ms exceeds 1500 ms"",""source"":""/right_jaka_driver/joint_torque_raw"",""age_ms"":5207,""fresh"":false}}"
46,1788503993198,RUNNING,2.616,"{""left"":{""valid"":true,""status"":""VALID"",""sample_index"":109,""time_from_start_s"":2.616,""joints_rad"":[2.901476329073582,0.6267094605783645,-1.679819780610289,1.3568641621540605,-0.12336537087230506,0.03728595126906032],""source"":""LATEST SUCCESSFUL PHASE5 SERVO_J COMMAND \u2014 DRIVER MEMORY"",""error"":null},""right"":{""valid"":true,""status"":""VALID"",""sample_index"":109,""time_from_start_s"":2.616,""joints_rad"":[0.2149790208735301,2.6111365418444605,1.4339943347199446,-1.4035141543863703,3.2742404259958007,1.998447782206698],""source"":""LATEST SUCCESSFUL PHASE5 SERVO_J COMMAND \u2014 DRIVER MEMORY"",""error"":null}}","{""left"":{""valid"":true,""fresh"":true,""status"":""FRESH"",""joints_rad"":[2.9123467979329916,0.6284956816370361,-1.6767959318550438,1.3667017128568846,-0.11956971452732833,0.08749963858778291],""received_at_ms"":1788503993090,""age_ms"":108,""source"":""jaka_port10000_actual_feedback"",""mapping"":""port10000_joint_actual_position_deg_to_rad"",""error"":null},""right"":{""valid"":true,""fresh"":true,""status"":""FRESH"",""joints_rad"":[0.20865149408204411,2.6078348400144113,1.440912763585833,-1.4054368521439458,3.2694313890472206,2.0219045972408627],""received_at_ms"":1788503993184,""age_ms"":14,""source"":""jaka_port10000_actual_feedback"",""mapping"":""port10000_joint_actual_position_deg_to_rad"",""error"":null}}","{""left"":{""values"":[-112.36811382434098,-3.367675738991238,1.72607421875,-3.969970703125,-0.2589111328125,0.7274169921875],""received_at_ms"":1788503987887,""valid"":true,""status"":""STALE"",""error"":""Torque sample age 5311 ms exceeds 1500 ms"",""source"":""/left_jaka_driver/joint_torque_raw"",""age_ms"":5311,""fresh"":false},""right"":{""values"":[111.13329938671086,3.143164023058489,-2.6630859375,4.29052734375,-0.03082275390625,0.09246826171875],""received_at_ms"":1788503987893,""valid"":true,""status"":""STALE"",""error"":""Torque sample age 5305 ms exceeds 1500 ms"",""source"":""/right_jaka_driver/joint_torque_raw"",""age_ms"":5305,""fresh"":false}}"
47,1788503993298,RUNNING,2.712,"{""left"":{""valid"":true,""status"":""VALID"",""sample_index"":113,""time_from_start_s"":2.712,""joints_rad"":[2.8957858409587725,0.6256707169869827,-1.6815363653621922,1.3516620663563954,-0.12507927352682552,0.012667207720071297],""source"":""LATEST SUCCESSFUL PHASE5 SERVO_J COMMAND \u2014 DRIVER MEMORY"",""error"":null},""right"":{""valid"":true,""status"":""VALID"",""sample_index"":113,""time_from_start_s"":2.712,""joints_rad"":[0.22009102208851022,2.614353597825076,1.427224607709464,-1.401440718070544,3.2782678162552674,1.9771558884007931],""source"":""LATEST SUCCESSFUL PHASE5 SERVO_J COMMAND \u2014 DRIVER MEMORY"",""error"":null}}","{""left"":{""valid"":true,""fresh"":true,""status"":""FRESH"",""joints_rad"":[2.902375906449273,0.6268898041922761,-1.6795523303427184,1.3577375272857164,-0.12297310656871727,0.042031542645303045],""received_at_ms"":1788503993270,""age_ms"":28,""source"":""jaka_port10000_actual_feedback"",""mapping"":""port10000_joint_actual_position_deg_to_rad"",""error"":null},""right"":{""valid"":true,""fresh"":true,""status"":""FRESH"",""joints_rad"":[0.21547049546958594,2.611490083066863,1.4333626437746307,-1.4033276217429107,3.274740331565937,1.9964980138525068],""received_at_ms"":1788503993293,""age_ms"":5,""source"":""jaka_port10000_actual_feedback"",""mapping"":""port10000_joint_actual_position_deg_to_rad"",""error"":null}}","{""left"":{""values"":[-112.36811382434098,-3.367675738991238,1.72607421875,-3.969970703125,-0.2589111328125,0.7274169921875],""received_at_ms"":1788503987887,""valid"":true,""status"":""STALE"",""error"":""Torque sample age 5411 ms exceeds 1500 ms"",""source"":""/left_jaka_driver/joint_torque_raw"",""age_ms"":5411,""fresh"":false},""right"":{""values"":[111.13329938671086,3.143164023058489,-2.6630859375,4.29052734375,-0.03082275390625,0.09246826171875],""received_at_ms"":1788503987893,""valid"":true,""status"":""STALE"",""error"":""Torque sample age 5405 ms exceeds 1500 ms"",""source"":""/right_jaka_driver/joint_torque_raw"",""age_ms"":5405,""fresh"":false}}"
48,1788503993409,RUNNING,2.832,"{""left"":{""valid"":true,""status"":""VALID"",""sample_index"":118,""time_from_start_s"":2.832,""joints_rad"":[2.889093056161479,0.6242727470076818,-1.6836911337572331,1.3452798818204292,-0.1271344170264751,-0.010707622264997316],""source"":""LATEST SUCCESSFUL PHASE5 SERVO_J COMMAND \u2014 DRIVER MEMORY"",""error"":null},""right"":{""valid"":true,""status"":""VALID"",""sample_index"":118,""time_from_start_s"":2.832,""joints_rad"":[0.22433823808337802,2.6184876149308773,1.417583944612825,-1.3979126566832598,3.281629363662762,1.9518997410406347],""source"":""LATEST SUCCESSFUL PHASE5 SERVO_J COMMAND \u2014 DRIVER MEMORY"",""error"":null}}","{""left"":{""valid"":true,""fresh"":true,""status"":""FRESH"",""joints_rad"":[2.898073495310182,0.6261227319860245,-1.6808227555052453,1.353914558092148,-0.12432748206826488,0.023108508362255323],""received_at_ms"":1788503993344,""age_ms"":65,""source"":""jaka_port10000_actual_feedback"",""mapping"":""port10000_joint_actual_position_deg_to_rad"",""error"":null},""right"":{""valid"":true,""fresh"":true,""status"":""FRESH"",""joints_rad"":[0.21547049546958594,2.611490083066863,1.4333626437746307,-1.4033276217429107,3.274740331565937,1.9964980138525068],""received_at_ms"":1788503993293,""age_ms"":116,""source"":""jaka_port10000_actual_feedback"",""mapping"":""port10000_joint_actual_position_deg_to_rad"",""error"":null}}","{""left"":{""values"":[-112.36811382434098,-3.367675738991238,1.72607421875,-3.969970703125,-0.2589111328125,0.7274169921875],""received_at_ms"":1788503987887,""valid"":true,""status"":""STALE"",""error"":""Torque sample age 5522 ms exceeds 1500 ms"",""source"":""/left_jaka_driver/joint_torque_raw"",""age_ms"":5522,""fresh"":false},""right"":{""values"":[111.13329938671086,3.143164023058489,-2.6630859375,4.29052734375,-0.03082275390625,0.09246826171875],""received_at_ms"":1788503987893,""valid"":true,""status"":""STALE"",""error"":""Torque sample age 5516 ms exceeds 1500 ms"",""source"":""/right_jaka_driver/joint_torque_raw"",""age_ms"":5516,""fresh"":false}}"
49,1788503993501,RUNNING,2.928,"{""left"":{""valid"":true,""status"":""VALID"",""sample_index"":122,""time_from_start_s"":2.928,""joints_rad"":[2.8842010508788363,0.6229924743409561,-1.6850485608682433,1.3403166156245936,-0.12918335321504612,-0.021676328832726993],""source"":""LATEST SUCCESSFUL PHASE5 SERVO_J COMMAND \u2014 DRIVER MEMORY"",""error"":null},""right"":{""valid"":true,""status"":""VALID"",""sample_index"":122,""time_from_start_s"":2.928,""joints_rad"":[0.225663045761075,2.6218585633346843,1.4087495977642834,-1.3941555332944504,3.282681310502107,1.9329963759076765],""source"":""LATEST SUCCESSFUL PHASE5 SERVO_J COMMAND \u2014 DRIVER MEMORY"",""error"":null}}","{""left"":{""valid"":true,""fresh"":true,""status"":""FRESH"",""joints_rad"":[2.8921053419329876,0.6249603427041963,-1.682716263210734,1.3484019356497239,-0.1261609504474849,-0.0006803293424273896],""received_at_ms"":1788503993469,""age_ms"":32,""source"":""jaka_port10000_actual_feedback"",""mapping"":""port10000_joint_actual_position_deg_to_rad"",""error"":null},""right"":{""valid"":true,""fresh"":true,""status"":""FRESH"",""joints_rad"":[0.21941336878276635,2.6139228975112174,1.4282453384077833,-1.4018535166566763,3.2778203140969313,1.9806909158830446],""received_at_ms"":1788503993419,""age_ms"":82,""source"":""jaka_port10000_actual_feedback"",""mapping"":""port10000_joint_actual_position_deg_to_rad"",""error"":null}}","{""left"":{""values"":[-112.36811382434098,-3.367675738991238,1.72607421875,-3.969970703125,-0.2589111328125,0.7274169921875],""received_at_ms"":1788503987887,""valid"":true,""status"":""STALE"",""error"":""Torque sample age 5614 ms exceeds 1500 ms"",""source"":""/left_jaka_driver/joint_torque_raw"",""age_ms"":5614,""fresh"":false},""right"":{""values"":[111.13329938671086,3.143164023058489,-2.6630859375,4.29052734375,-0.03082275390625,0.09246826171875],""received_at_ms"":1788503987893,""valid"":true,""status"":""STALE"",""error"":""Torque sample age 5608 ms exceeds 1500 ms"",""source"":""/right_jaka_driver/joint_torque_raw"",""age_ms"":5608,""fresh"":false}}"
50,1788503993609,RUNNING,3.024,"{""left"":{""valid"":true,""status"":""VALID"",""sample_index"":126,""time_from_start_s"":3.024,""joints_rad"":[2.8796708383700813,0.621390283611408,-1.6853896016239516,1.3354671521201562,-0.1324281441291402,-0.027177364187278893],""source"":""LATEST SUCCESSFUL PHASE5 SERVO_J COMMAND \u2014 DRIVER MEMORY"",""error"":null},""right"":{""valid"":true,""status"":""VALID"",""sample_index"":126,""time_from_start_s"":3.024,""joints_rad"":[0.2257989067047762,2.6252546221747606,1.399272529066105,-1.3898460334312144,3.28278750532132,1.9148369320118859],""source"":""LATEST SUCCESSFUL PHASE5 SERVO_J COMMAND \u2014 DRIVER MEMORY"",""error"":null}}","{""left"":{""valid"":true,""fresh"":true,""status"":""FRESH"",""joints_rad"":[2.8845433538828718,0.6231507853357287,-1.6849932197528856,1.340708000708157,-0.1288094875873863,-0.020585983994347915],""received_at_ms"":1788503993583,""age_ms"":26,""source"":""jaka_port10000_actual_feedback"",""mapping"":""port10000_joint_actual_position_deg_to_rad"",""error"":null},""right"":{""valid"":true,""fresh"":true,""status"":""FRESH"",""joints_rad"":[0.22426695489963738,2.6183211272262437,1.4181308063266258,-1.39810245502829,3.2815593329534782,1.9535225971477252],""received_at_ms"":1788503993540,""age_ms"":69,""source"":""jaka_port10000_actual_feedback"",""mapping"":""port10000_joint_actual_position_deg_to_rad"",""error"":null}}","{""left"":{""values"":[-112.36811382434098,-3.367675738991238,1.72607421875,-3.969970703125,-0.2589111328125,0.7274169921875],""received_at_ms"":1788503987887,""valid"":true,""status"":""STALE"",""error"":""Torque sample age 5722 ms exceeds 1500 ms"",""source"":""/left_jaka_driver/joint_torque_raw"",""age_ms"":5722,""fresh"":false},""right"":{""values"":[111.13329938671086,3.143164023058489,-2.6630859375,4.29052734375,-0.03082275390625,0.09246826171875],""received_at_ms"":1788503987893,""valid"":true,""status"":""STALE"",""error"":""Torque sample age 5716 ms exceeds 1500 ms"",""source"":""/right_jaka_driver/joint_torque_raw"",""age_ms"":5716,""fresh"":false}}"
51,1788503993700,RUNNING,3.12,"{""left"":{""valid"":true,""status"":""VALID"",""sample_index"":130,""time_from_start_s"":3.12,""joints_rad"":[2.8753792554651474,0.6189770829971226,-1.682882246037026,1.3306524051485202,-0.13910271826438234,-0.03047367509201091],""source"":""LATEST SUCCESSFUL PHASE5 SERVO_J COMMAND \u2014 DRIVER MEMORY"",""error"":null},""right"":{""valid"":true,""status"":""VALID"",""sample_index"":130,""time_from_start_s"":3.12,""joints_rad"":[0.22548437090498807,2.628657012406163,1.3891527557461356,-1.3844057476363485,3.282354576197661,1.8970285315015107],""source"":""LATEST SUCCESSFUL PHASE5 SERVO_J COMMAND \u2014 DRIVER MEMORY"",""error"":null}}","{""left"":{""valid"":true,""fresh"":true,""status"":""FRESH"",""joints_rad"":[2.881499325134468,0.6221559476620918,-1.6854724871654831,1.3373763416990252,-0.13064313049953155,-0.024864484122686818],""received_at_ms"":1788503993673,""age_ms"":27,""source"":""jaka_port10000_actual_feedback"",""mapping"":""port10000_joint_actual_position_deg_to_rad"",""error"":null},""right"":{""valid"":true,""fresh"":true,""status"":""FRESH"",""joints_rad"":[0.22584892133364504,2.6251160430701077,1.4000106234994953,-1.390192797391177,3.282781761561575,1.916790921309028],""received_at_ms"":1788503993684,""age_ms"":16,""source"":""jaka_port10000_actual_feedback"",""mapping"":""port10000_joint_actual_position_deg_to_rad"",""error"":null}}","{""left"":{""values"":[-112.36811382434098,-3.367675738991238,1.72607421875,-3.969970703125,-0.2589111328125,0.7274169921875],""received_at_ms"":1788503987887,""valid"":true,""status"":""STALE"",""error"":""Torque sample age 5813 ms exceeds 1500 ms"",""source"":""/left_jaka_driver/joint_torque_raw"",""age_ms"":5813,""fresh"":false},""right"":{""values"":[111.13329938671086,3.143164023058489,-2.6630859375,4.29052734375,-0.03082275390625,0.09246826171875],""received_at_ms"":1788503987893,""valid"":true,""status"":""STALE"",""error"":""Torque sample age 5807 ms exceeds 1500 ms"",""source"":""/right_jaka_driver/joint_torque_raw"",""age_ms"":5807,""fresh"":false}}"
52,1788503993802,RUNNING,3.216,"{""left"":{""valid"":true,""status"":""VALID"",""sample_index"":134,""time_from_start_s"":3.216,""joints_rad"":[2.8713235977312905,0.6151763652187213,-1.6753404608310747,1.3258111787863147,-0.15189959404247227,-0.03290025871076048],""source"":""LATEST SUCCESSFUL PHASE5 SERVO_J COMMAND \u2014 DRIVER MEMORY"",""error"":null},""right"":{""valid"":true,""status"":""VALID"",""sample_index"":134,""time_from_start_s"":3.216,""joints_rad"":[0.22427988585338696,2.6320848351968817,1.3774010711013218,-1.3759048014045543,3.280760171206609,1.8799870459804127],""source"":""LATEST SUCCESSFUL PHASE5 SERVO_J COMMAND \u2014 DRIVER MEMORY"",""error"":null}}","{""left"":{""valid"":true,""fresh"":true,""status"":""FRESH"",""joints_rad"":[2.8764780128764804,0.6196753111962323,-1.68375874837295,1.3317677261477416,-0.13680292102859515,-0.029646162674375684],""received_at_ms"":1788503993761,""age_ms"":41,""source"":""jaka_port10000_actual_feedback"",""mapping"":""port10000_joint_actual_position_deg_to_rad"",""error"":null},""right"":{""valid"":true,""fresh"":true,""status"":""FRESH"",""joints_rad"":[0.22557315931182995,2.628519609644422,1.390003778233186,-1.3850156272309861,3.281978910105658,1.8989225894929607],""received_at_ms"":1788503993797,""age_ms"":5,""source"":""jaka_port10000_actual_feedback"",""mapping"":""port10000_joint_actual_position_deg_to_rad"",""error"":null}}","{""left"":{""values"":[-112.36811382434098,-3.367675738991238,1.72607421875,-3.969970703125,-0.2589111328125,0.7274169921875],""received_at_ms"":1788503987887,""valid"":true,""status"":""STALE"",""error"":""Torque sample age 5915 ms exceeds 1500 ms"",""source"":""/left_jaka_driver/joint_torque_raw"",""age_ms"":5915,""fresh"":false},""right"":{""values"":[111.13329938671086,3.143164023058489,-2.6630859375,4.29052734375,-0.03082275390625,0.09246826171875],""received_at_ms"":1788503987893,""valid"":true,""status"":""STALE"",""error"":""Torque sample age 5909 ms exceeds 1500 ms"",""source"":""/right_jaka_driver/joint_torque_raw"",""age_ms"":5909,""fresh"":false}}"
53,1788503993905,RUNNING,3.336,"{""left"":{""valid"":true,""status"":""VALID"",""sample_index"":139,""time_from_start_s"":3.336,""joints_rad"":[2.8665433860733533,0.6085296965993895,-1.6590096864726707,1.3197571244184139,-0.1762704942517395,-0.035641407474624125],""source"":""LATEST SUCCESSFUL PHASE5 SERVO_J COMMAND \u2014 DRIVER MEMORY"",""error"":null},""right"":{""valid"":true,""status"":""VALID"",""sample_index"":139,""time_from_start_s"":3.336,""joints_rad"":[0.22142377489335294,2.636461575933379,1.3602039892133881,-1.3605882622919299,3.2772408881839135,1.8598925207878336],""source"":""LATEST SUCCESSFUL PHASE5 SERVO_J COMMAND \u2014 DRIVER MEMORY"",""error"":null}}","{""left"":{""valid"":true,""fresh"":true,""status"":""FRESH"",""joints_rad"":[2.873398030345486,0.6171945001974476,-1.6796242379079007,1.3281725224215586,-0.14479652900272916,-0.031503716597273246],""received_at_ms"":1788503993836,""age_ms"":69,""source"":""jaka_port10000_actual_feedback"",""mapping"":""port10000_joint_actual_position_deg_to_rad"",""error"":null},""right"":{""valid"":true,""fresh"":true,""status"":""FRESH"",""joints_rad"":[0.2246024071818707,2.631647588729846,1.3795174910213537,-1.3776814046482555,3.2808163462909046,1.883630712718687],""received_at_ms"":1788503993866,""age_ms"":39,""source"":""jaka_port10000_actual_feedback"",""mapping"":""port10000_joint_actual_position_deg_to_rad"",""error"":null}}","{""left"":{""values"":[-112.36811382434098,-3.367675738991238,1.72607421875,-3.969970703125,-0.2589111328125,0.7274169921875],""received_at_ms"":1788503987887,""valid"":true,""status"":""STALE"",""error"":""Torque sample age 6018 ms exceeds 1500 ms"",""source"":""/left_jaka_driver/joint_torque_raw"",""age_ms"":6018,""fresh"":false},""right"":{""values"":[111.13329938671086,3.143164023058489,-2.6630859375,4.29052734375,-0.03082275390625,0.09246826171875],""received_at_ms"":1788503987893,""valid"":true,""status"":""STALE"",""error"":""Torque sample age 6012 ms exceeds 1500 ms"",""source"":""/right_jaka_driver/joint_torque_raw"",""age_ms"":6012,""fresh"":false}}"
54,1788503994003,RUNNING,3.432,"{""left"":{""valid"":true,""status"":""VALID"",""sample_index"":143,""time_from_start_s"":3.432,""joints_rad"":[2.8628815157303973,0.6022636056092241,-1.6425358969070525,1.315004069637884,-0.19983753319308825,-0.037940047453463896],""source"":""LATEST SUCCESSFUL PHASE5 SERVO_J COMMAND \u2014 DRIVER MEMORY"",""error"":null},""right"":{""valid"":true,""status"":""VALID"",""sample_index"":143,""time_from_start_s"":3.432,""joints_rad"":[0.2184502726823238,2.6400842203294186,1.345124530512301,-1.3458796595762632,3.2739764337541457,1.8444931673996547],""source"":""LATEST SUCCESSFUL PHASE5 SERVO_J COMMAND \u2014 DRIVER MEMORY"",""error"":null}}","{""left"":{""valid"":true,""fresh"":true,""status"":""FRESH"",""joints_rad"":[2.870150321673375,0.6135153461342435,-1.6715229431189185,1.3243015566735603,-0.15770341335415244,-0.03330123119390221],""received_at_ms"":1788503993946,""age_ms"":57,""source"":""jaka_port10000_actual_feedback"",""mapping"":""port10000_joint_actual_position_deg_to_rad"",""error"":null},""right"":{""valid"":true,""fresh"":true,""status"":""FRESH"",""joints_rad"":[0.2233321565522692,2.63394845628275,1.3705892592327766,-1.3703230965218474,3.2793183301939175,1.8727250228876005],""received_at_ms"":1788503993934,""age_ms"":69,""source"":""jaka_port10000_actual_feedback"",""mapping"":""port10000_joint_actual_position_deg_to_rad"",""error"":null}}","{""left"":{""values"":[-112.36811382434098,-3.367675738991238,1.72607421875,-3.969970703125,-0.2589111328125,0.7274169921875],""received_at_ms"":1788503987887,""valid"":true,""status"":""STALE"",""error"":""Torque sample age 6116 ms exceeds 1500 ms"",""source"":""/left_jaka_driver/joint_torque_raw"",""age_ms"":6116,""fresh"":false},""right"":{""values"":[111.13329938671086,3.143164023058489,-2.6630859375,4.29052734375,-0.03082275390625,0.09246826171875],""received_at_ms"":1788503987893,""valid"":true,""status"":""STALE"",""error"":""Torque sample age 6110 ms exceeds 1500 ms"",""source"":""/right_jaka_driver/joint_torque_raw"",""age_ms"":6110,""fresh"":false}}"
55,1788503994109,RUNNING,3.528,"{""left"":{""valid"":true,""status"":""VALID"",""sample_index"":147,""time_from_start_s"":3.528,""joints_rad"":[2.859294533403294,0.5958357809206355,-1.625581266468306,1.3104302120429134,-0.22385648312462125,-0.0403870800877275],""source"":""LATEST SUCCESSFUL PHASE5 SERVO_J COMMAND \u2014 DRIVER MEMORY"",""error"":null},""right"":{""valid"":true,""status"":""VALID"",""sample_index"":147,""time_from_start_s"":3.528,""joints_rad"":[0.21538861303092988,2.643845045128251,1.3298045171062711,-1.3307514958330846,3.271197523632813,1.8292804427469938],""source"":""LATEST SUCCESSFUL PHASE5 SERVO_J COMMAND \u2014 DRIVER MEMORY"",""error"":null}}","{""left"":{""valid"":true,""fresh"":true,""status"":""FRESH"",""joints_rad"":[2.8659079498605524,0.6073674238440936,-1.6562549773553974,1.319016525165596,-0.18025777967889958,-0.035734045638257106],""received_at_ms"":1788503994066,""age_ms"":43,""source"":""jaka_port10000_actual_feedback"",""mapping"":""port10000_joint_actual_position_deg_to_rad"",""error"":null},""right"":{""valid"":true,""fresh"":true,""status"":""FRESH"",""joints_rad"":[0.22075552697755,2.6374118876504076,1.3562203125669576,-1.356864688126794,3.2763462090106965,1.8566660739070755],""received_at_ms"":1788503994044,""age_ms"":65,""source"":""jaka_port10000_actual_feedback"",""mapping"":""port10000_joint_actual_position_deg_to_rad"",""error"":null}}","{""left"":{""values"":[-112.36811382434098,-3.367675738991238,1.72607421875,-3.969970703125,-0.2589111328125,0.7274169921875],""received_at_ms"":1788503987887,""valid"":true,""status"":""STALE"",""error"":""Torque sample age 6222 ms exceeds 1500 ms"",""source"":""/left_jaka_driver/joint_torque_raw"",""age_ms"":6222,""fresh"":false},""right"":{""values"":[111.13329938671086,3.143164023058489,-2.6630859375,4.29052734375,-0.03082275390625,0.09246826171875],""received_at_ms"":1788503987893,""valid"":true,""status"":""STALE"",""error"":""Torque sample age 6216 ms exceeds 1500 ms"",""source"":""/right_jaka_driver/joint_torque_raw"",""age_ms"":6216,""fresh"":false}}"
56,1788503994204,RUNNING,3.624,"{""left"":{""valid"":true,""status"":""VALID"",""sample_index"":151,""time_from_start_s"":3.624,""joints_rad"":[2.8557327906536467,0.5897723137561016,-1.6101187828281254,1.30610560620126,-0.24587817494468092,-0.042908892390057275],""source"":""LATEST SUCCESSFUL PHASE5 SERVO_J COMMAND \u2014 DRIVER MEMORY"",""error"":null},""right"":{""valid"":true,""status"":""VALID"",""sample_index"":151,""time_from_start_s"":3.624,""joints_rad"":[0.21266031580736838,2.6477477554236644,1.3150077346720765,-1.3166399251906968,3.269524018130102,1.813903949695296],""source"":""LATEST SUCCESSFUL PHASE5 SERVO_J COMMAND \u2014 DRIVER MEMORY"",""error"":null}}","{""left"":{""valid"":true,""fresh"":true,""status"":""FRESH"",""joints_rad"":[2.861270086439228,0.5995057627614103,-1.6355342539427955,1.3130722827991541,-0.21001459622785168,-0.038802159930337934],""received_at_ms"":1788503994137,""age_ms"":67,""source"":""jaka_port10000_actual_feedback"",""mapping"":""port10000_joint_actual_position_deg_to_rad"",""error"":null},""right"":{""valid"":true,""fresh"":true,""status"":""FRESH"",""joints_rad"":[0.21793926369653194,2.640683681866196,1.3424503629004234,-1.3431427350146896,3.2733740878274755,1.84230899548017],""received_at_ms"":1788503994113,""age_ms"":91,""source"":""jaka_port10000_actual_feedback"",""mapping"":""port10000_joint_actual_position_deg_to_rad"",""error"":null}}","{""left"":{""values"":[-112.36811382434098,-3.367675738991238,1.72607421875,-3.969970703125,-0.2589111328125,0.7274169921875],""received_at_ms"":1788503987887,""valid"":true,""status"":""STALE"",""error"":""Torque sample age 6317 ms exceeds 1500 ms"",""source"":""/left_jaka_driver/joint_torque_raw"",""age_ms"":6317,""fresh"":false},""right"":{""values"":[111.13329938671086,3.143164023058489,-2.6630859375,4.29052734375,-0.03082275390625,0.09246826171875],""received_at_ms"":1788503987893,""valid"":true,""status"":""STALE"",""error"":""Torque sample age 6311 ms exceeds 1500 ms"",""source"":""/right_jaka_driver/joint_torque_raw"",""age_ms"":6311,""fresh"":false}}"
57,1788503994310,RUNNING,3.72,"{""left"":{""valid"":true,""status"":""VALID"",""sample_index"":156,""time_from_start_s"":3.744,""joints_rad"":[2.8512969686007033,0.5829247437821444,-1.5937199076034327,1.301065314956898,-0.2695633107195856,-0.04603210951076374],""source"":""LATEST SUCCESSFUL PHASE5 SERVO_J COMMAND \u2014 DRIVER MEMORY"",""error"":null},""right"":{""valid"":true,""status"":""VALID"",""sample_index"":155,""time_from_start_s"":3.72,""joints_rad"":[0.21041733711513466,2.6517606176738653,1.301028757428395,-1.304091043071451,3.269032970173143,1.798210396976847],""source"":""LATEST SUCCESSFUL PHASE5 SERVO_J COMMAND \u2014 DRIVER MEMORY"",""error"":null}}","{""left"":{""valid"":true,""fresh"":true,""status"":""FRESH"",""joints_rad"":[2.8588611830056254,0.5953473412856085,-1.6243529766228189,1.3099444782466547,-0.22590564453433487,-0.04052776696178473],""received_at_ms"":1788503994208,""age_ms"":102,""source"":""jaka_port10000_actual_feedback"",""mapping"":""port10000_joint_actual_position_deg_to_rad"",""error"":null},""right"":{""valid"":true,""fresh"":true,""status"":""FRESH"",""joints_rad"":[0.2123426909170869,2.6480179044489267,1.313676166720344,-1.3153754192800857,3.269347438710199,1.8127199050723346],""received_at_ms"":1788503994295,""age_ms"":15,""source"":""jaka_port10000_actual_feedback"",""mapping"":""port10000_joint_actual_position_deg_to_rad"",""error"":null}}","{""left"":{""values"":[-112.36811382434098,-3.367675738991238,1.72607421875,-3.969970703125,-0.2589111328125,0.7274169921875],""received_at_ms"":1788503987887,""valid"":true,""status"":""STALE"",""error"":""Torque sample age 6423 ms exceeds 1500 ms"",""source"":""/left_jaka_driver/joint_torque_raw"",""age_ms"":6423,""fresh"":false},""right"":{""values"":[111.13329938671086,3.143164023058489,-2.6630859375,4.29052734375,-0.03082275390625,0.09246826171875],""received_at_ms"":1788503987893,""valid"":true,""status"":""STALE"",""error"":""Torque sample age 6417 ms exceeds 1500 ms"",""source"":""/right_jaka_driver/joint_torque_raw"",""age_ms"":6417,""fresh"":false}}"
58,1788503994404,RUNNING,3.8160000000000003,"{""left"":{""valid"":true,""status"":""VALID"",""sample_index"":159,""time_from_start_s"":3.8160000000000003,""joints_rad"":[2.848669205320387,0.5789294507710708,-1.5844128951603011,1.2981787622097487,-0.2830005738170012,-0.04787934370746367],""source"":""LATEST SUCCESSFUL PHASE5 SERVO_J COMMAND \u2014 DRIVER MEMORY"",""error"":null},""right"":{""valid"":true,""status"":""VALID"",""sample_index"":159,""time_from_start_s"":3.8160000000000003,""joints_rad"":[0.2083923336386314,2.655818550334181,1.2874236551169096,-1.2922494009270638,3.2690365292785293,1.7823663945644757],""source"":""LATEST SUCCESSFUL PHASE5 SERVO_J COMMAND \u2014 DRIVER MEMORY"",""error"":null}}","{""left"":{""valid"":true,""fresh"":true,""status"":""FRESH"",""joints_rad"":[2.8520781354006743,0.5843098790959964,-1.5967533870293318,1.3018431834576727,-0.26527381474109457,-0.045345399296064674],""received_at_ms"":1788503994389,""age_ms"":15,""source"":""jaka_port10000_actual_feedback"",""mapping"":""port10000_joint_actual_position_deg_to_rad"",""error"":null},""right"":{""valid"":true,""fresh"":true,""status"":""FRESH"",""joints_rad"":[0.2123426909170869,2.6480179044489267,1.313676166720344,-1.3153754192800857,3.269347438710199,1.8127199050723346],""received_at_ms"":1788503994295,""age_ms"":109,""source"":""jaka_port10000_actual_feedback"",""mapping"":""port10000_joint_actual_position_deg_to_rad"",""error"":null}}","{""left"":{""values"":[-112.36811382434098,-3.367675738991238,1.72607421875,-3.969970703125,-0.2589111328125,0.7274169921875],""received_at_ms"":1788503987887,""valid"":true,""status"":""STALE"",""error"":""Torque sample age 6517 ms exceeds 1500 ms"",""source"":""/left_jaka_driver/joint_torque_raw"",""age_ms"":6517,""fresh"":false},""right"":{""values"":[111.13329938671086,3.143164023058489,-2.6630859375,4.29052734375,-0.03082275390625,0.09246826171875],""received_at_ms"":1788503987893,""valid"":true,""status"":""STALE"",""error"":""Torque sample age 6511 ms exceeds 1500 ms"",""source"":""/right_jaka_driver/joint_torque_raw"",""age_ms"":6511,""fresh"":false}}"
59,1788503994507,RUNNING,3.936,"{""left"":{""valid"":true,""status"":""VALID"",""sample_index"":164,""time_from_start_s"":3.936,""joints_rad"":[2.844364724363153,0.5721650018172831,-1.568719237958256,1.2934584996357128,-0.3054253999960846,-0.05095910001292523],""source"":""LATEST SUCCESSFUL PHASE5 SERVO_J COMMAND \u2014 DRIVER MEMORY"",""error"":null},""right"":{""valid"":true,""status"":""VALID"",""sample_index"":164,""time_from_start_s"":3.936,""joints_rad"":[0.20586163260893892,2.661005304920527,1.270409493642304,-1.2773765468926614,3.269247075661171,1.762588685880012],""source"":""LATEST SUCCESSFUL PHASE5 SERVO_J COMMAND \u2014 DRIVER MEMORY"",""error"":null}}","{""left"":{""valid"":true,""fresh"":true,""status"":""FRESH"",""joints_rad"":[2.8494655520433643,0.5802472761961291,-1.5874415318711665,1.2990269201766547,-0.27868422658171815,-0.04732285733857425],""received_at_ms"":1788503994462,""age_ms"":45,""source"":""jaka_port10000_actual_feedback"",""mapping"":""port10000_joint_actual_position_deg_to_rad"",""error"":null},""right"":{""valid"":true,""fresh"":true,""status"":""FRESH"",""joints_rad"":[0.20845968239724993,2.655316347781991,1.2885812991363939,-1.293072729433476,3.2690598084494704,1.7839579261970193],""received_at_ms"":1788503994480,""age_ms"":27,""source"":""jaka_port10000_actual_feedback"",""mapping"":""port10000_joint_actual_position_deg_to_rad"",""error"":null}}","{""left"":{""values"":[-112.36811382434098,-3.367675738991238,1.72607421875,-3.969970703125,-0.2589111328125,0.7274169921875],""received_at_ms"":1788503987887,""valid"":true,""status"":""STALE"",""error"":""Torque sample age 6620 ms exceeds 1500 ms"",""source"":""/left_jaka_driver/joint_torque_raw"",""age_ms"":6620,""fresh"":false},""right"":{""values"":[111.13329938671086,3.143164023058489,-2.6630859375,4.29052734375,-0.03082275390625,0.09246826171875],""received_at_ms"":1788503987893,""valid"":true,""status"":""STALE"",""error"":""Torque sample age 6614 ms exceeds 1500 ms"",""source"":""/right_jaka_driver/joint_torque_raw"",""age_ms"":6614,""fresh"":false}}"
60,1788503994608,RUNNING,4.032,"{""left"":{""valid"":true,""status"":""VALID"",""sample_index"":168,""time_from_start_s"":4.032,""joints_rad"":[2.840986008532404,0.5666554505920064,-1.5559971806972226,1.2897444173288495,-0.32339227461866926,-0.05342755363063737],""source"":""LATEST SUCCESSFUL PHASE5 SERVO_J COMMAND \u2014 DRIVER MEMORY"",""error"":null},""right"":{""valid"":true,""status"":""VALID"",""sample_index"":168,""time_from_start_s"":4.032,""joints_rad"":[0.20383692591549463,2.6653247000083944,1.2567595266274962,-1.265365279122705,3.269692130599277,1.7468327989301213],""source"":""LATEST SUCCESSFUL PHASE5 SERVO_J COMMAND \u2014 DRIVER MEMORY"",""error"":null}}","{""left"":{""valid"":true,""fresh"":true,""status"":""FRESH"",""joints_rad"":[2.8455108104912705,0.5740154035689583,-1.5726530080531682,1.294592736679038,-0.29946481478766346,-0.05017507440218339],""received_at_ms"":1788503994576,""age_ms"":32,""source"":""jaka_port10000_actual_feedback"",""mapping"":""port10000_joint_actual_position_deg_to_rad"",""error"":null},""right"":{""valid"":true,""fresh"":true,""status"":""FRESH"",""joints_rad"":[0.20693775528951086,2.6584202413237383,1.2783107346201081,-1.2842043624382427,3.2695032966124025,1.7720334876815436],""received_at_ms"":1788503994549,""age_ms"":59,""source"":""jaka_port10000_actual_feedback"",""mapping"":""port10000_joint_actual_position_deg_to_rad"",""error"":null}}","{""left"":{""values"":[-112.36811382434098,-3.367675738991238,1.72607421875,-3.969970703125,-0.2589111328125,0.7274169921875],""received_at_ms"":1788503987887,""valid"":true,""status"":""STALE"",""error"":""Torque sample age 6721 ms exceeds 1500 ms"",""source"":""/left_jaka_driver/joint_torque_raw"",""age_ms"":6721,""fresh"":false},""right"":{""values"":[111.13329938671086,3.143164023058489,-2.6630859375,4.29052734375,-0.03082275390625,0.09246826171875],""received_at_ms"":1788503987893,""valid"":true,""status"":""STALE"",""error"":""Torque sample age 6715 ms exceeds 1500 ms"",""source"":""/right_jaka_driver/joint_torque_raw"",""age_ms"":6715,""fresh"":false}}"
61,1788503994708,RUNNING,4.128,"{""left"":{""valid"":true,""status"":""VALID"",""sample_index"":172,""time_from_start_s"":4.128,""joints_rad"":[2.8376666829685058,0.5610630398162134,-1.5431268139665177,1.2861376680638703,-0.3413818515033686,-0.05587950879718229],""source"":""LATEST SUCCESSFUL PHASE5 SERVO_J COMMAND \u2014 DRIVER MEMORY"",""error"":null},""right"":{""valid"":true,""status"":""VALID"",""sample_index"":172,""time_from_start_s"":4.128,""joints_rad"":[0.2018210978249401,2.6698188704316044,1.2430493222620511,-1.2532620177311304,3.2703982787759123,1.7311739210684716],""source"":""LATEST SUCCESSFUL PHASE5 SERVO_J COMMAND \u2014 DRIVER MEMORY"",""error"":null}}","{""left"":{""valid"":true,""fresh"":true,""status"":""FRESH"",""joints_rad"":[2.8417716171017977,0.568071161202516,-1.5590748700714279,1.290589998572514,-0.31845993116881854,-0.05294351566169679],""received_at_ms"":1788503994688,""age_ms"":20,""source"":""jaka_port10000_actual_feedback"",""mapping"":""port10000_joint_actual_position_deg_to_rad"",""error"":null},""right"":{""valid"":true,""fresh"":true,""status"":""FRESH"",""joints_rad"":[0.2045648056384994,2.6633937315602214,1.2621081450421439,-1.2703026404131823,3.2697788841012922,1.7533621298766335],""received_at_ms"":1788503994660,""age_ms"":48,""source"":""jaka_port10000_actual_feedback"",""mapping"":""port10000_joint_actual_position_deg_to_rad"",""error"":null}}","{""left"":{""values"":[-112.36811382434098,-3.367675738991238,1.72607421875,-3.969970703125,-0.2589111328125,0.7274169921875],""received_at_ms"":1788503987887,""valid"":true,""status"":""STALE"",""error"":""Torque sample age 6821 ms exceeds 1500 ms"",""source"":""/left_jaka_driver/joint_torque_raw"",""age_ms"":6821,""fresh"":false},""right"":{""values"":[111.13329938671086,3.143164023058489,-2.6630859375,4.29052734375,-0.03082275390625,0.09246826171875],""received_at_ms"":1788503987893,""valid"":true,""status"":""STALE"",""error"":""Torque sample age 6815 ms exceeds 1500 ms"",""source"":""/right_jaka_driver/joint_torque_raw"",""age_ms"":6815,""fresh"":false}}"
62,1788503994810,RUNNING,4.224,"{""left"":{""valid"":true,""status"":""VALID"",""sample_index"":176,""time_from_start_s"":4.224,""joints_rad"":[2.8344105219741658,0.5553951799980249,-1.5301099534627725,1.282720159061749,-0.35939213963299405,-0.05828421840409829],""source"":""LATEST SUCCESSFUL PHASE5 SERVO_J COMMAND \u2014 DRIVER MEMORY"",""error"":null},""right"":{""valid"":true,""status"":""VALID"",""sample_index"":176,""time_from_start_s"":4.224,""joints_rad"":[0.19982392759119602,2.674476442824716,1.2292592701649352,-1.2411004760717428,3.2713217908925087,1.7156388502960733],""source"":""LATEST SUCCESSFUL PHASE5 SERVO_J COMMAND \u2014 DRIVER MEMORY"",""error"":null}}","{""left"":{""valid"":true,""fresh"":true,""status"":""FRESH"",""joints_rad"":[2.8389673965926185,0.5634214295422778,-1.5484688532729087,1.2875459698241107,-0.33334427356275137,-0.05500474950830209],""received_at_ms"":1788503994758,""age_ms"":52,""source"":""jaka_port10000_actual_feedback"",""mapping"":""port10000_joint_actual_position_deg_to_rad"",""error"":null},""right"":{""valid"":true,""fresh"":true,""status"":""FRESH"",""joints_rad"":[0.203018967520008,2.666773212590858,1.2521012997758345,-1.2612066824834889,3.270090425372773,1.7415216416981787],""received_at_ms"":1788503994793,""age_ms"":17,""source"":""jaka_port10000_actual_feedback"",""mapping"":""port10000_joint_actual_position_deg_to_rad"",""error"":null}}","{""left"":{""values"":[-112.36811382434098,-3.367675738991238,1.72607421875,-3.969970703125,-0.2589111328125,0.7274169921875],""received_at_ms"":1788503987887,""valid"":true,""status"":""STALE"",""error"":""Torque sample age 6923 ms exceeds 1500 ms"",""source"":""/left_jaka_driver/joint_torque_raw"",""age_ms"":6923,""fresh"":false},""right"":{""values"":[111.13329938671086,3.143164023058489,-2.6630859375,4.29052734375,-0.03082275390625,0.09246826171875],""received_at_ms"":1788503987893,""valid"":true,""status"":""STALE"",""error"":""Torque sample age 6917 ms exceeds 1500 ms"",""source"":""/right_jaka_driver/joint_torque_raw"",""age_ms"":6917,""fresh"":false}}"
63,1788503994912,RUNNING,4.344,"{""left"":{""valid"":true,""status"":""VALID"",""sample_index"":181,""time_from_start_s"":4.344,""joints_rad"":[2.830434671601324,0.5482152049155816,-1.5136353385000507,1.2788308793825518,-0.3819311826522017,-0.06117917198569072],""source"":""LATEST SUCCESSFUL PHASE5 SERVO_J COMMAND \u2014 DRIVER MEMORY"",""error"":null},""right"":{""valid"":true,""status"":""VALID"",""sample_index"":181,""time_from_start_s"":4.344,""joints_rad"":[0.19736416761177286,2.6804768880883687,1.2118974042254864,-1.2258785903565967,3.2726714599583295,1.6964074278112924],""source"":""LATEST SUCCESSFUL PHASE5 SERVO_J COMMAND \u2014 DRIVER MEMORY"",""error"":null}}","{""left"":{""valid"":true,""fresh"":true,""status"":""FRESH"",""joints_rad"":[2.836498628365672,0.5590830646205955,-1.5385100045610292,1.284801614108275,-0.34716204525079053,-0.05673053107267409],""received_at_ms"":1788503994829,""age_ms"":83,""source"":""jaka_port10000_actual_feedback"",""mapping"":""port10000_joint_actual_position_deg_to_rad"",""error"":null},""right"":{""valid"":true,""fresh"":true,""status"":""FRESH"",""joints_rad"":[0.203018967520008,2.666773212590858,1.2521012997758345,-1.2612066824834889,3.270090425372773,1.7415216416981787],""received_at_ms"":1788503994793,""age_ms"":119,""source"":""jaka_port10000_actual_feedback"",""mapping"":""port10000_joint_actual_position_deg_to_rad"",""error"":null}}","{""left"":{""values"":[-112.36811382434098,-3.367675738991238,1.72607421875,-3.969970703125,-0.2589111328125,0.7274169921875],""received_at_ms"":1788503987887,""valid"":true,""status"":""STALE"",""error"":""Torque sample age 7025 ms exceeds 1500 ms"",""source"":""/left_jaka_driver/joint_torque_raw"",""age_ms"":7025,""fresh"":false},""right"":{""values"":[111.13329938671086,3.143164023058489,-2.6630859375,4.29052734375,-0.03082275390625,0.09246826171875],""received_at_ms"":1788503987893,""valid"":true,""status"":""STALE"",""error"":""Torque sample age 7019 ms exceeds 1500 ms"",""source"":""/right_jaka_driver/joint_torque_raw"",""age_ms"":7019,""fresh"":false}}"
64,1788503995012,RUNNING,4.44,"{""left"":{""valid"":true,""status"":""VALID"",""sample_index"":185,""time_from_start_s"":4.44,""joints_rad"":[2.8273310078128695,0.5423992705979148,-1.500292480416378,1.2760664338378231,-0.3999820611626462,-0.06338807773896434],""source"":""LATEST SUCCESSFUL PHASE5 SERVO_J COMMAND \u2014 DRIVER MEMORY"",""error"":null},""right"":{""valid"":true,""status"":""VALID"",""sample_index"":185,""time_from_start_s"":4.44,""joints_rad"":[0.1954254595573052,2.68536450762237,1.1979217944417135,-1.2137211866781183,3.2738178730884417,1.6811495841205506],""source"":""LATEST SUCCESSFUL PHASE5 SERVO_J COMMAND \u2014 DRIVER MEMORY"",""error"":null}}","{""left"":{""valid"":true,""fresh"":true,""status"":""FRESH"",""joints_rad"":[2.832711612954695,0.5524197466023316,-1.52336194291712,1.2808946945776856,-0.3680866231200253,-0.059486929560348734],""received_at_ms"":1788503994943,""age_ms"":69,""source"":""jaka_port10000_actual_feedback"",""mapping"":""port10000_joint_actual_position_deg_to_rad"",""error"":null},""right"":{""valid"":true,""fresh"":true,""status"":""FRESH"",""joints_rad"":[0.19790166215316063,2.678985281367062,1.2164243264041177,-1.2299277642938724,3.2722715633389905,1.7014343958395974],""received_at_ms"":1788503994982,""age_ms"":30,""source"":""jaka_port10000_actual_feedback"",""mapping"":""port10000_joint_actual_position_deg_to_rad"",""error"":null}}","{""left"":{""values"":[-112.36811382434098,-3.367675738991238,1.72607421875,-3.969970703125,-0.2589111328125,0.7274169921875],""received_at_ms"":1788503987887,""valid"":true,""status"":""STALE"",""error"":""Torque sample age 7125 ms exceeds 1500 ms"",""source"":""/left_jaka_driver/joint_torque_raw"",""age_ms"":7125,""fresh"":false},""right"":{""values"":[111.13329938671086,3.143164023058489,-2.6630859375,4.29052734375,-0.03082275390625,0.09246826171875],""received_at_ms"":1788503987893,""valid"":true,""status"":""STALE"",""error"":""Torque sample age 7119 ms exceeds 1500 ms"",""source"":""/right_jaka_driver/joint_torque_raw"",""age_ms"":7119,""fresh"":false}}"
65,1788503995116,RUNNING,4.5360000000000005,"{""left"":{""valid"":true,""status"":""VALID"",""sample_index"":189,""time_from_start_s"":4.5360000000000005,""joints_rad"":[2.8242922562939046,0.5365152127202295,-1.486800455149396,1.2735574420147275,-0.41805102337334,-0.06551521513950691],""source"":""LATEST SUCCESSFUL PHASE5 SERVO_J COMMAND \u2014 DRIVER MEMORY"",""error"":null},""right"":{""valid"":true,""status"":""VALID"",""sample_index"":189,""time_from_start_s"":4.5360000000000005,""joints_rad"":[0.19350044848403405,2.6902800461372522,1.1839087893421603,-1.2015820248337656,3.2749797096828233,1.665946477825541],""source"":""LATEST SUCCESSFUL PHASE5 SERVO_J COMMAND \u2014 DRIVER MEMORY"",""error"":null}}","{""left"":{""valid"":true,""fresh"":true,""status"":""FRESH"",""joints_rad"":[2.829859395891086,0.5471947544206361,-1.511102052119411,1.27810234230742,-0.384936380784629,-0.0615602061787928],""received_at_ms"":1788503995059,""age_ms"":57,""source"":""jaka_port10000_actual_feedback"",""mapping"":""port10000_joint_actual_position_deg_to_rad"",""error"":null},""right"":{""valid"":true,""fresh"":true,""status"":""FRESH"",""joints_rad"":[0.1964635108495173,2.6825804850932453,1.2058062668337597,-1.2207958525815876,3.2731943189145203,1.689929534476301],""received_at_ms"":1788503995051,""age_ms"":65,""source"":""jaka_port10000_actual_feedback"",""mapping"":""port10000_joint_actual_position_deg_to_rad"",""error"":null}}","{""left"":{""values"":[-112.36811382434098,-3.367675738991238,1.72607421875,-3.969970703125,-0.2589111328125,0.7274169921875],""received_at_ms"":1788503987887,""valid"":true,""status"":""STALE"",""error"":""Torque sample age 7229 ms exceeds 1500 ms"",""source"":""/left_jaka_driver/joint_torque_raw"",""age_ms"":7229,""fresh"":false},""right"":{""values"":[111.13329938671086,3.143164023058489,-2.6630859375,4.29052734375,-0.03082275390625,0.09246826171875],""received_at_ms"":1788503987893,""valid"":true,""status"":""STALE"",""error"":""Torque sample age 7223 ms exceeds 1500 ms"",""source"":""/right_jaka_driver/joint_torque_raw"",""age_ms"":7223,""fresh"":false}}"
66,1788503995214,RUNNING,4.632,"{""left"":{""valid"":true,""status"":""VALID"",""sample_index"":193,""time_from_start_s"":4.632,""joints_rad"":[2.821312134370857,0.5305532488218119,-1.4731536322795038,1.271090917465005,-0.4361395731987977,-0.06762303685534077],""source"":""LATEST SUCCESSFUL PHASE5 SERVO_J COMMAND \u2014 DRIVER MEMORY"",""error"":null},""right"":{""valid"":true,""status"":""VALID"",""sample_index"":193,""time_from_start_s"":4.632,""joints_rad"":[0.1915771750688981,2.6952380941271725,1.1698865491762749,-1.1894224968601852,3.2764219497508567,1.6507647392285287],""source"":""LATEST SUCCESSFUL PHASE5 SERVO_J COMMAND \u2014 DRIVER MEMORY"",""error"":null}}","{""left"":{""valid"":true,""fresh"":true,""status"":""FRESH"",""joints_rad"":[2.826527736881954,0.5409389707827129,-1.496804838485849,1.2752141714612197,-0.404746216860615,-0.06398097785130893],""received_at_ms"":1788503995173,""age_ms"":41,""source"":""jaka_port10000_actual_feedback"",""mapping"":""port10000_joint_actual_position_deg_to_rad"",""error"":null},""right"":{""valid"":true,""fresh"":true,""status"":""FRESH"",""joints_rad"":[0.19421046531811784,2.6882610082097114,1.189735449614321,-1.2064986389480257,3.2745486944140674,1.6722887935946935],""received_at_ms"":1788503995160,""age_ms"":54,""source"":""jaka_port10000_actual_feedback"",""mapping"":""port10000_joint_actual_position_deg_to_rad"",""error"":null}}","{""left"":{""values"":[-112.36811382434098,-3.367675738991238,1.72607421875,-3.969970703125,-0.2589111328125,0.7274169921875],""received_at_ms"":1788503987887,""valid"":true,""status"":""STALE"",""error"":""Torque sample age 7327 ms exceeds 1500 ms"",""source"":""/left_jaka_driver/joint_torque_raw"",""age_ms"":7327,""fresh"":false},""right"":{""values"":[111.13329938671086,3.143164023058489,-2.6630859375,4.29052734375,-0.03082275390625,0.09246826171875],""received_at_ms"":1788503987893,""valid"":true,""status"":""STALE"",""error"":""Torque sample age 7321 ms exceeds 1500 ms"",""source"":""/right_jaka_driver/joint_torque_raw"",""age_ms"":7321,""fresh"":false}}"
67,1788503995313,RUNNING,4.728,"{""left"":{""valid"":true,""status"":""VALID"",""sample_index"":197,""time_from_start_s"":4.728,""joints_rad"":[2.8183873716664087,0.5245083248294888,-1.4593488496905207,1.268500863250167,-0.45424809604969213,-0.06975845439260954],""source"":""LATEST SUCCESSFUL PHASE5 SERVO_J COMMAND \u2014 DRIVER MEMORY"",""error"":null},""right"":{""valid"":true,""status"":""VALID"",""sample_index"":197,""time_from_start_s"":4.728,""joints_rad"":[0.189659683798841,2.70030975920303,1.1558338752792066,-1.1772135298857096,3.2785663916778423,1.635642204329647],""source"":""LATEST SUCCESSFUL PHASE5 SERVO_J COMMAND \u2014 DRIVER MEMORY"",""error"":null}}","{""left"":{""valid"":true,""fresh"":true,""status"":""FRESH"",""joints_rad"":[2.8230283517317054,0.533964111492968,-1.480973654972709,1.2723858654083628,-0.42570674851244095,-0.06636579574123398],""received_at_ms"":1788503995245,""age_ms"":68,""source"":""jaka_port10000_actual_feedback"",""mapping"":""port10000_joint_actual_position_deg_to_rad"",""error"":null},""right"":{""valid"":true,""fresh"":true,""status"":""FRESH"",""joints_rad"":[0.19292817191667758,2.6915926672188433,1.1801600497391045,-1.1984332979416348,3.275339503098146,1.6621381331980198],""received_at_ms"":1788503995272,""age_ms"":41,""source"":""jaka_port10000_actual_feedback"",""mapping"":""port10000_joint_actual_position_deg_to_rad"",""error"":null}}","{""left"":{""values"":[-112.36811382434098,-3.367675738991238,1.72607421875,-3.969970703125,-0.2589111328125,0.7274169921875],""received_at_ms"":1788503987887,""valid"":true,""status"":""STALE"",""error"":""Torque sample age 7426 ms exceeds 1500 ms"",""source"":""/left_jaka_driver/joint_torque_raw"",""age_ms"":7426,""fresh"":false},""right"":{""values"":[111.13329938671086,3.143164023058489,-2.6630859375,4.29052734375,-0.03082275390625,0.09246826171875],""received_at_ms"":1788503987893,""valid"":true,""status"":""STALE"",""error"":""Torque sample age 7420 ms exceeds 1500 ms"",""source"":""/right_jaka_driver/joint_torque_raw"",""age_ms"":7420,""fresh"":false}}"
68,1788503995422,RUNNING,4.848,"{""left"":{""valid"":true,""status"":""VALID"",""sample_index"":202,""time_from_start_s"":4.848,""joints_rad"":[2.814807671383048,0.5168364813508872,-1.441867171128901,1.2652209489275033,-0.4769116443802776,-0.07242395093877774],""source"":""LATEST SUCCESSFUL PHASE5 SERVO_J COMMAND \u2014 DRIVER MEMORY"",""error"":null},""right"":{""valid"":true,""status"":""VALID"",""sample_index"":202,""time_from_start_s"":4.848,""joints_rad"":[0.1872854889401711,2.70686896662998,1.1381723527430143,-1.161892302232656,3.2823766230115123,1.616885927460952],""source"":""LATEST SUCCESSFUL PHASE5 SERVO_J COMMAND \u2014 DRIVER MEMORY"",""error"":null}}","{""left"":{""valid"":true,""fresh"":true,""status"":""FRESH"",""joints_rad"":[2.820799217211058,0.529422066647578,-1.4704875422938022,1.2705403542573042,-0.43950060918972766,-0.06786381183822071],""received_at_ms"":1788503995316,""age_ms"":106,""source"":""jaka_port10000_actual_feedback"",""mapping"":""port10000_joint_actual_position_deg_to_rad"",""error"":null},""right"":{""valid"":true,""fresh"":true,""status"":""FRESH"",""joints_rad"":[0.18927292886422586,2.7012998394525853,1.1533751798404484,-1.1750280836065405,3.2790546109439416,1.633112435072728],""received_at_ms"":1788503995413,""age_ms"":9,""source"":""jaka_port10000_actual_feedback"",""mapping"":""port10000_joint_actual_position_deg_to_rad"",""error"":null}}","{""left"":{""values"":[-112.36811382434098,-3.367675738991238,1.72607421875,-3.969970703125,-0.2589111328125,0.7274169921875],""received_at_ms"":1788503987887,""valid"":true,""status"":""STALE"",""error"":""Torque sample age 7535 ms exceeds 1500 ms"",""source"":""/left_jaka_driver/joint_torque_raw"",""age_ms"":7535,""fresh"":false},""right"":{""values"":[111.13329938671086,3.143164023058489,-2.6630859375,4.29052734375,-0.03082275390625,0.09246826171875],""received_at_ms"":1788503987893,""valid"":true,""status"":""STALE"",""error"":""Torque sample age 7529 ms exceeds 1500 ms"",""source"":""/right_jaka_driver/joint_torque_raw"",""age_ms"":7529,""fresh"":false}}"
69,1788503995519,RUNNING,4.944,"{""left"":{""valid"":true,""status"":""VALID"",""sample_index"":206,""time_from_start_s"":4.944,""joints_rad"":[2.8120051353798985,0.5106112019526754,-1.4276987792231437,1.2628484064875203,-0.49506434283749645,-0.07446514340091058],""source"":""LATEST SUCCESSFUL PHASE5 SERVO_J COMMAND \u2014 DRIVER MEMORY"",""error"":null},""right"":{""valid"":true,""status"":""VALID"",""sample_index"":206,""time_from_start_s"":4.944,""joints_rad"":[0.18541687484185607,2.7123012658058694,1.1239252005272526,-1.1496208295337222,3.2861451389480547,1.602037498562974],""source"":""LATEST SUCCESSFUL PHASE5 SERVO_J COMMAND \u2014 DRIVER MEMORY"",""error"":null}}","{""left"":{""valid"":true,""fresh"":true,""status"":""FRESH"",""joints_rad"":[2.8178750925822666,0.5232982299011054,-1.456897361540223,1.2679996784651761,-0.45750088789724597,-0.06998508501109463],""received_at_ms"":1788503995426,""age_ms"":93,""source"":""jaka_port10000_actual_feedback"",""mapping"":""port10000_joint_actual_position_deg_to_rad"",""error"":null},""right"":{""valid"":true,""fresh"":true,""status"":""FRESH"",""joints_rad"":[0.18927292886422586,2.7012998394525853,1.1533751798404484,-1.1750280836065405,3.2790546109439416,1.633112435072728],""received_at_ms"":1788503995413,""age_ms"":106,""source"":""jaka_port10000_actual_feedback"",""mapping"":""port10000_joint_actual_position_deg_to_rad"",""error"":null}}","{""left"":{""values"":[-112.36811382434098,-3.367675738991238,1.72607421875,-3.969970703125,-0.2589111328125,0.7274169921875],""received_at_ms"":1788503987887,""valid"":true,""status"":""STALE"",""error"":""Torque sample age 7632 ms exceeds 1500 ms"",""source"":""/left_jaka_driver/joint_torque_raw"",""age_ms"":7632,""fresh"":false},""right"":{""values"":[111.13329938671086,3.143164023058489,-2.6630859375,4.29052734375,-0.03082275390625,0.09246826171875],""received_at_ms"":1788503987893,""valid"":true,""status"":""STALE"",""error"":""Torque sample age 7626 ms exceeds 1500 ms"",""source"":""/right_jaka_driver/joint_torque_raw"",""age_ms"":7626,""fresh"":false}}"
70,1788503995623,RUNNING,5.04,"{""left"":{""valid"":true,""status"":""VALID"",""sample_index"":210,""time_from_start_s"":5.04,""joints_rad"":[2.8092576414423274,0.504313041294899,-1.4133654481584437,1.2609827015733233,-0.5132359949846484,-0.07633664428926977],""source"":""LATEST SUCCESSFUL PHASE5 SERVO_J COMMAND \u2014 DRIVER MEMORY"",""error"":null},""right"":{""valid"":true,""status"":""VALID"",""sample_index"":210,""time_from_start_s"":5.04,""joints_rad"":[0.1835835944262821,2.7178789815375684,1.1095495261246187,-1.1373724863064456,3.2902589257059587,1.5873437147679819],""source"":""LATEST SUCCESSFUL PHASE5 SERVO_J COMMAND \u2014 DRIVER MEMORY"",""error"":null}}","{""left"":{""valid"":true,""fresh"":true,""status"":""FRESH"",""joints_rad"":[2.8152385982142043,0.5174258950998453,-1.4435469890258679,1.2656626825967554,-0.4726489495411552,-0.0722381305424941],""received_at_ms"":1788503995548,""age_ms"":75,""source"":""jaka_port10000_actual_feedback"",""mapping"":""port10000_joint_actual_position_deg_to_rad"",""error"":null},""right"":{""valid"":true,""fresh"":true,""status"":""FRESH"",""joints_rad"":[0.18741537494132832,2.706560959949797,1.1392938634353582,-1.1626962852436493,3.282098639692345,1.618012369983249],""received_at_ms"":1788503995524,""age_ms"":99,""source"":""jaka_port10000_actual_feedback"",""mapping"":""port10000_joint_actual_position_deg_to_rad"",""error"":null}}","{""left"":{""values"":[-112.36811382434098,-3.367675738991238,1.72607421875,-3.969970703125,-0.2589111328125,0.7274169921875],""received_at_ms"":1788503987887,""valid"":true,""status"":""STALE"",""error"":""Torque sample age 7736 ms exceeds 1500 ms"",""source"":""/left_jaka_driver/joint_torque_raw"",""age_ms"":7736,""fresh"":false},""right"":{""values"":[111.13329938671086,3.143164023058489,-2.6630859375,4.29052734375,-0.03082275390625,0.09246826171875],""received_at_ms"":1788503987893,""valid"":true,""status"":""STALE"",""error"":""Torque sample age 7730 ms exceeds 1500 ms"",""source"":""/right_jaka_driver/joint_torque_raw"",""age_ms"":7730,""fresh"":false}}"
71,1788503995722,RUNNING,5.136,"{""left"":{""valid"":true,""status"":""VALID"",""sample_index"":214,""time_from_start_s"":5.136,""joints_rad"":[2.8065653146330596,0.4979452653339602,-1.3988647888640882,1.2597926173157628,-0.5314262755275382,-0.07798216075205903],""source"":""LATEST SUCCESSFUL PHASE5 SERVO_J COMMAND \u2014 DRIVER MEMORY"",""error"":null},""right"":{""valid"":true,""status"":""VALID"",""sample_index"":214,""time_from_start_s"":5.136,""joints_rad"":[0.1817863345174884,2.723566147228982,1.0950468919229643,-1.1251707094410186,3.2944458185860874,1.572792942103473],""source"":""LATEST SUCCESSFUL PHASE5 SERVO_J COMMAND \u2014 DRIVER MEMORY"",""error"":null}}","{""left"":{""valid"":true,""fresh"":true,""status"":""FRESH"",""joints_rad"":[2.8116193089443438,0.5098518642778908,-1.4262657859701713,1.2627266897290508,-0.4972764179514212,-0.07445522229130251],""received_at_ms"":1788503995674,""age_ms"":48,""source"":""jaka_port10000_actual_feedback"",""mapping"":""port10000_joint_actual_position_deg_to_rad"",""error"":null},""right"":{""valid"":true,""fresh"":true,""status"":""FRESH"",""joints_rad"":[0.1835684947370076,2.7180057819868244,1.1093211496579343,-1.1372418798337884,3.290343749611691,1.5873567088695197],""received_at_ms"":1788503995709,""age_ms"":13,""source"":""jaka_port10000_actual_feedback"",""mapping"":""port10000_joint_actual_position_deg_to_rad"",""error"":null}}","{""left"":{""values"":[-112.36811382434098,-3.367675738991238,1.72607421875,-3.969970703125,-0.2589111328125,0.7274169921875],""received_at_ms"":1788503987887,""valid"":true,""status"":""STALE"",""error"":""Torque sample age 7835 ms exceeds 1500 ms"",""source"":""/left_jaka_driver/joint_torque_raw"",""age_ms"":7835,""fresh"":false},""right"":{""values"":[111.13329938671086,3.143164023058489,-2.6630859375,4.29052734375,-0.03082275390625,0.09246826171875],""received_at_ms"":1788503987893,""valid"":true,""status"":""STALE"",""error"":""Torque sample age 7829 ms exceeds 1500 ms"",""source"":""/right_jaka_driver/joint_torque_raw"",""age_ms"":7829,""fresh"":false}}"
72,1788503995824,RUNNING,5.256,"{""left"":{""valid"":true,""status"":""VALID"",""sample_index"":219,""time_from_start_s"":5.256,""joints_rad"":[2.8032756235903404,0.489886434569769,-1.3804988622833891,1.259178854443282,-0.5541905499046011,-0.07973015113536272],""source"":""LATEST SUCCESSFUL PHASE5 SERVO_J COMMAND \u2014 DRIVER MEMORY"",""error"":null},""right"":{""valid"":true,""status"":""VALID"",""sample_index"":219,""time_from_start_s"":5.256,""joints_rad"":[0.1795752329965351,2.7307567911774053,1.0767960661875038,-1.10997976189411,3.2995626143513443,1.5547352826757002],""source"":""LATEST SUCCESSFUL PHASE5 SERVO_J COMMAND \u2014 DRIVER MEMORY"",""error"":null}}","{""left"":{""valid"":true,""fresh"":true,""status"":""FRESH"",""joints_rad"":[2.8062264160886063,0.4973284287631306,-1.3975634973552742,1.259742525773991,-0.5334089222579086,-0.07814624459342011],""received_at_ms"":1788503995816,""age_ms"":8,""source"":""jaka_port10000_actual_feedback"",""mapping"":""port10000_joint_actual_position_deg_to_rad"",""error"":null},""right"":{""valid"":true,""fresh"":true,""status"":""FRESH"",""joints_rad"":[0.18213034343336426,2.7222003317781422,1.0985474067182985,-1.1282417404800291,3.2935436362622976,1.5764271080276806],""received_at_ms"":1788503995778,""age_ms"":46,""source"":""jaka_port10000_actual_feedback"",""mapping"":""port10000_joint_actual_position_deg_to_rad"",""error"":null}}","{""left"":{""values"":[-112.36811382434098,-3.367675738991238,1.72607421875,-3.969970703125,-0.2589111328125,0.7274169921875],""received_at_ms"":1788503987887,""valid"":true,""status"":""STALE"",""error"":""Torque sample age 7937 ms exceeds 1500 ms"",""source"":""/left_jaka_driver/joint_torque_raw"",""age_ms"":7937,""fresh"":false},""right"":{""values"":[111.13329938671086,3.143164023058489,-2.6630859375,4.29052734375,-0.03082275390625,0.09246826171875],""received_at_ms"":1788503987893,""valid"":true,""status"":""STALE"",""error"":""Torque sample age 7931 ms exceeds 1500 ms"",""source"":""/right_jaka_driver/joint_torque_raw"",""age_ms"":7931,""fresh"":false}}"
73,1788503995924,RUNNING,5.352,"{""left"":{""valid"":true,""status"":""VALID"",""sample_index"":223,""time_from_start_s"":5.352,""joints_rad"":[2.8005789527640257,0.4829592408078162,-1.3650369141280998,1.2590217055722406,-0.5734237006877297,-0.08094811483193465],""source"":""LATEST SUCCESSFUL PHASE5 SERVO_J COMMAND \u2014 DRIVER MEMORY"",""error"":null},""right"":{""valid"":true,""status"":""VALID"",""sample_index"":223,""time_from_start_s"":5.352,""joints_rad"":[0.1777191699849879,2.736927508581667,1.0615278572188183,-1.0971102997292042,3.3038136612409432,1.5394957566794079],""source"":""LATEST SUCCESSFUL PHASE5 SERVO_J COMMAND \u2014 DRIVER MEMORY"",""error"":null}}","{""left"":{""valid"":true,""fresh"":true,""status"":""FRESH"",""joints_rad"":[2.8062264160886063,0.4973284287631306,-1.3975634973552742,1.259742525773991,-0.5334089222579086,-0.07814624459342011],""received_at_ms"":1788503995816,""age_ms"":108,""source"":""jaka_port10000_actual_feedback"",""mapping"":""port10000_joint_actual_position_deg_to_rad"",""error"":null},""right"":{""valid"":true,""fresh"":true,""status"":""FRESH"",""joints_rad"":[0.18103986171671824,2.7260472119824635,1.0889959178538342,-1.120020541571435,3.2962520381955427,1.5667438468046908],""received_at_ms"":1788503995891,""age_ms"":33,""source"":""jaka_port10000_actual_feedback"",""mapping"":""port10000_joint_actual_position_deg_to_rad"",""error"":null}}","{""left"":{""values"":[-112.36811382434098,-3.367675738991238,1.72607421875,-3.969970703125,-0.2589111328125,0.7274169921875],""received_at_ms"":1788503987887,""valid"":true,""status"":""STALE"",""error"":""Torque sample age 8037 ms exceeds 1500 ms"",""source"":""/left_jaka_driver/joint_torque_raw"",""age_ms"":8037,""fresh"":false},""right"":{""values"":[111.13329938671086,3.143164023058489,-2.6630859375,4.29052734375,-0.03082275390625,0.09246826171875],""received_at_ms"":1788503987893,""valid"":true,""status"":""STALE"",""error"":""Torque sample age 8031 ms exceeds 1500 ms"",""source"":""/right_jaka_driver/joint_torque_raw"",""age_ms"":8031,""fresh"":false}}"
74,1788503996024,RUNNING,5.448,"{""left"":{""valid"":true,""status"":""VALID"",""sample_index"":227,""time_from_start_s"":5.448,""joints_rad"":[2.797491294209572,0.4745350154120821,-1.3473369725442312,1.2589365301018902,-0.5962749657524109,-0.08200385617799624],""source"":""LATEST SUCCESSFUL PHASE5 SERVO_J COMMAND \u2014 DRIVER MEMORY"",""error"":null},""right"":{""valid"":true,""status"":""VALID"",""sample_index"":227,""time_from_start_s"":5.448,""joints_rad"":[0.1755337972699453,2.744568244224687,1.0439377522395805,-1.0816435817185577,3.3088368426621426,1.521365465462637],""source"":""LATEST SUCCESSFUL PHASE5 SERVO_J COMMAND \u2014 DRIVER MEMORY"",""error"":null}}","{""left"":{""valid"":true,""fresh"":true,""status"":""FRESH"",""joints_rad"":[2.8027629847209488,0.4888674216153125,-1.377609846148924,1.2591672652525334,-0.5575211694729858,-0.07984811514703978],""received_at_ms"":1788503995933,""age_ms"":91,""source"":""jaka_port10000_actual_feedback"",""mapping"":""port10000_joint_actual_position_deg_to_rad"",""error"":null},""right"":{""valid"":true,""fresh"":true,""status"":""FRESH"",""joints_rad"":[0.17894249955459662,2.732794305804823,1.0716667182437078,-1.1057713244923029,3.301021848508318,1.5496422381290245],""received_at_ms"":1788503995961,""age_ms"":63,""source"":""jaka_port10000_actual_feedback"",""mapping"":""port10000_joint_actual_position_deg_to_rad"",""error"":null}}","{""left"":{""values"":[-112.36811382434098,-3.367675738991238,1.72607421875,-3.969970703125,-0.2589111328125,0.7274169921875],""received_at_ms"":1788503987887,""valid"":true,""status"":""STALE"",""error"":""Torque sample age 8137 ms exceeds 1500 ms"",""source"":""/left_jaka_driver/joint_torque_raw"",""age_ms"":8137,""fresh"":false},""right"":{""values"":[111.13329938671086,3.143164023058489,-2.6630859375,4.29052734375,-0.03082275390625,0.09246826171875],""received_at_ms"":1788503987893,""valid"":true,""status"":""STALE"",""error"":""Torque sample age 8131 ms exceeds 1500 ms"",""source"":""/right_jaka_driver/joint_torque_raw"",""age_ms"":8131,""fresh"":false}}"
75,1788503996126,RUNNING,5.5440000000000005,"{""left"":{""valid"":true,""status"":""VALID"",""sample_index"":231,""time_from_start_s"":5.5440000000000005,""joints_rad"":[2.794056449308313,0.46476375358518707,-1.327610910636131,1.2588359323168736,-0.6223713595086835,-0.08296610863223104],""source"":""LATEST SUCCESSFUL PHASE5 SERVO_J COMMAND \u2014 DRIVER MEMORY"",""error"":null},""right"":{""valid"":true,""status"":""VALID"",""sample_index"":231,""time_from_start_s"":5.5440000000000005,""joints_rad"":[0.17307273427680764,2.7535586182424225,1.0242642894923855,-1.0639147464496694,3.3147550065995133,1.500762841101949],""source"":""LATEST SUCCESSFUL PHASE5 SERVO_J COMMAND \u2014 DRIVER MEMORY"",""error"":null}}","{""left"":{""valid"":true,""fresh"":true,""status"":""FRESH"",""joints_rad"":[2.7974779532129848,0.47440248184063394,-1.3472896373174281,1.2590594039047602,-0.5967694355601335,-0.08195734554807492],""received_at_ms"":1788503996116,""age_ms"":10,""source"":""jaka_port10000_actual_feedback"",""mapping"":""port10000_joint_actual_position_deg_to_rad"",""error"":null},""right"":{""valid"":true,""fresh"":true,""status"":""FRESH"",""joints_rad"":[0.17696521604501225,2.7393138086927227,1.0558955740568365,-1.0922291402931539,3.3054918112556,1.5339908235288402],""received_at_ms"":1788503996052,""age_ms"":74,""source"":""jaka_port10000_actual_feedback"",""mapping"":""port10000_joint_actual_position_deg_to_rad"",""error"":null}}","{""left"":{""values"":[-112.36811382434098,-3.367675738991238,1.72607421875,-3.969970703125,-0.2589111328125,0.7274169921875],""received_at_ms"":1788503987887,""valid"":true,""status"":""STALE"",""error"":""Torque sample age 8239 ms exceeds 1500 ms"",""source"":""/left_jaka_driver/joint_torque_raw"",""age_ms"":8239,""fresh"":false},""right"":{""values"":[111.13329938671086,3.143164023058489,-2.6630859375,4.29052734375,-0.03082275390625,0.09246826171875],""received_at_ms"":1788503987893,""valid"":true,""status"":""STALE"",""error"":""Torque sample age 8233 ms exceeds 1500 ms"",""source"":""/right_jaka_driver/joint_torque_raw"",""age_ms"":8233,""fresh"":false}}"
76,1788503996228,RUNNING,5.64,"{""left"":{""valid"":true,""status"":""VALID"",""sample_index"":235,""time_from_start_s"":5.64,""joints_rad"":[2.790627666293901,0.4547931421442638,-1.3075196713168882,1.2586874725570798,-0.6488079221811371,-0.0839459020347245],""source"":""LATEST SUCCESSFUL PHASE5 SERVO_J COMMAND \u2014 DRIVER MEMORY"",""error"":null},""right"":{""valid"":true,""status"":""VALID"",""sample_index"":235,""time_from_start_s"":5.64,""joints_rad"":[0.17062783829472952,2.76277739893978,1.0043523306995419,-1.0460917129999383,3.3212632491794434,1.4801701231338875],""source"":""LATEST SUCCESSFUL PHASE5 SERVO_J COMMAND \u2014 DRIVER MEMORY"",""error"":null}}","{""left"":{""valid"":true,""fresh"":true,""status"":""FRESH"",""joints_rad"":[2.7950212277578776,0.46717612060567654,-1.332561152825698,1.2588677667528911,-0.6158842815279755,-0.08268828943881015],""received_at_ms"":1788503996187,""age_ms"":41,""source"":""jaka_port10000_actual_feedback"",""mapping"":""port10000_joint_actual_position_deg_to_rad"",""error"":null},""right"":{""valid"":true,""fresh"":true,""status"":""FRESH"",""joints_rad"":[0.17466417395918293,2.7475828296228215,1.0375835795449122,-1.0760982837474466,3.3107649745246506,1.5146363438546995],""received_at_ms"":1788503996148,""age_ms"":80,""source"":""jaka_port10000_actual_feedback"",""mapping"":""port10000_joint_actual_position_deg_to_rad"",""error"":null}}","{""left"":{""values"":[-112.36811382434098,-3.367675738991238,1.72607421875,-3.969970703125,-0.2589111328125,0.7274169921875],""received_at_ms"":1788503987887,""valid"":true,""status"":""STALE"",""error"":""Torque sample age 8341 ms exceeds 1500 ms"",""source"":""/left_jaka_driver/joint_torque_raw"",""age_ms"":8341,""fresh"":false},""right"":{""values"":[111.13329938671086,3.143164023058489,-2.6630859375,4.29052734375,-0.03082275390625,0.09246826171875],""received_at_ms"":1788503987893,""valid"":true,""status"":""STALE"",""error"":""Torque sample age 8335 ms exceeds 1500 ms"",""source"":""/right_jaka_driver/joint_torque_raw"",""age_ms"":8335,""fresh"":false}}"
77,1788503996325,RUNNING,5.736,"{""left"":{""valid"":true,""status"":""VALID"",""sample_index"":239,""time_from_start_s"":5.736,""joints_rad"":[2.7876831247474576,0.4461675951977216,-1.2893058501639731,1.2585003286552825,-0.6716604720306387,-0.08501785589788205],""source"":""LATEST SUCCESSFUL PHASE5 SERVO_J COMMAND \u2014 DRIVER MEMORY"",""error"":null},""right"":{""valid"":true,""status"":""VALID"",""sample_index"":239,""time_from_start_s"":5.736,""joints_rad"":[0.168575932709633,2.7707201401724744,0.9866504262566806,-1.0310154250856858,3.3278492329784983,1.4628171318265368],""source"":""LATEST SUCCESSFUL PHASE5 SERVO_J COMMAND \u2014 DRIVER MEMORY"",""error"":null}}","{""left"":{""valid"":true,""fresh"":true,""status"":""FRESH"",""joints_rad"":[2.7909465820861716,0.4553715862098129,-1.3089163047843049,1.2585680937203239,-0.6469595197938841,-0.0838148994709725],""received_at_ms"":1788503996295,""age_ms"":30,""source"":""jaka_port10000_actual_feedback"",""mapping"":""port10000_joint_actual_position_deg_to_rad"",""error"":null},""right"":{""valid"":true,""fresh"":true,""status"":""FRESH"",""joints_rad"":[0.17280662003628536,2.7546056854669962,1.0224955572272716,-1.0622566010486552,3.315282933826363,1.4989011534504193],""received_at_ms"":1788503996265,""age_ms"":60,""source"":""jaka_port10000_actual_feedback"",""mapping"":""port10000_joint_actual_position_deg_to_rad"",""error"":null}}","{""left"":{""values"":[-112.36811382434098,-3.367675738991238,1.72607421875,-3.969970703125,-0.2589111328125,0.7274169921875],""received_at_ms"":1788503987887,""valid"":true,""status"":""STALE"",""error"":""Torque sample age 8438 ms exceeds 1500 ms"",""source"":""/left_jaka_driver/joint_torque_raw"",""age_ms"":8438,""fresh"":false},""right"":{""values"":[111.13329938671086,3.143164023058489,-2.6630859375,4.29052734375,-0.03082275390625,0.09246826171875],""received_at_ms"":1788503987893,""valid"":true,""status"":""STALE"",""error"":""Torque sample age 8432 ms exceeds 1500 ms"",""source"":""/right_jaka_driver/joint_torque_raw"",""age_ms"":8432,""fresh"":false}}"
78,1788503996427,RUNNING,5.856,"{""left"":{""valid"":true,""status"":""VALID"",""sample_index"":244,""time_from_start_s"":5.856,""joints_rad"":[2.785300509725614,0.43925075046207296,-1.2720623915343208,1.2582706752903723,-0.6901291805973213,-0.0864083726367517],""source"":""LATEST SUCCESSFUL PHASE5 SERVO_J COMMAND \u2014 DRIVER MEMORY"",""error"":null},""right"":{""valid"":true,""status"":""VALID"",""sample_index"":244,""time_from_start_s"":5.856,""joints_rad"":[0.16701479253257304,2.7769916427824084,0.9706342471738266,-1.0194789656014884,3.3354492091551013,1.4495752217740414],""source"":""LATEST SUCCESSFUL PHASE5 SERVO_J COMMAND \u2014 DRIVER MEMORY"",""error"":null}}","{""left"":{""valid"":true,""fresh"":true,""status"":""FRESH"",""joints_rad"":[2.788825308913298,0.4492716604740927,-1.2963207871714375,1.2585200971658939,-0.6629104328937105,-0.08459383991613756],""received_at_ms"":1788503996411,""age_ms"":16,""source"":""jaka_port10000_actual_feedback"",""mapping"":""port10000_joint_actual_position_deg_to_rad"",""error"":null},""right"":{""valid"":true,""fresh"":true,""status"":""FRESH"",""joints_rad"":[0.169966445744515,2.765175748482924,0.9997375109788168,-1.0418474189075344,3.322821010865727,1.4754718535716473],""received_at_ms"":1788503996387,""age_ms"":40,""source"":""jaka_port10000_actual_feedback"",""mapping"":""port10000_joint_actual_position_deg_to_rad"",""error"":null}}","{""left"":{""values"":[-112.36811382434098,-3.367675738991238,1.72607421875,-3.969970703125,-0.2589111328125,0.7274169921875],""received_at_ms"":1788503987887,""valid"":true,""status"":""STALE"",""error"":""Torque sample age 8540 ms exceeds 1500 ms"",""source"":""/left_jaka_driver/joint_torque_raw"",""age_ms"":8540,""fresh"":false},""right"":{""values"":[111.13329938671086,3.143164023058489,-2.6630859375,4.29052734375,-0.03082275390625,0.09246826171875],""received_at_ms"":1788503987893,""valid"":true,""status"":""STALE"",""error"":""Torque sample age 8534 ms exceeds 1500 ms"",""source"":""/right_jaka_driver/joint_torque_raw"",""age_ms"":8534,""fresh"":false}}"
79,1788503996528,RUNNING,5.952,"{""left"":{""valid"":true,""status"":""VALID"",""sample_index"":248,""time_from_start_s"":5.952,""joints_rad"":[2.7845865618059333,0.43726772639997735,-1.2633880338371686,1.2581549340478742,-0.6955748645489499,-0.08723684605315946],""source"":""LATEST SUCCESSFUL PHASE5 SERVO_J COMMAND \u2014 DRIVER MEMORY"",""error"":null},""right"":{""valid"":true,""status"":""VALID"",""sample_index"":248,""time_from_start_s"":5.952,""joints_rad"":[0.16662298011438403,2.778776641734374,0.9631681439245381,-1.0165716985035764,3.3407602347616527,1.4462447237675033],""source"":""LATEST SUCCESSFUL PHASE5 SERVO_J COMMAND \u2014 DRIVER MEMORY"",""error"":null}}","{""left"":{""valid"":true,""fresh"":true,""status"":""FRESH"",""joints_rad"":[2.785889316045593,0.4408946036632955,-1.2768104495950938,1.2583523710247773,-0.685572660566231,-0.0859960374371898],""received_at_ms"":1788503996480,""age_ms"":48,""source"":""jaka_port10000_actual_feedback"",""mapping"":""port10000_joint_actual_position_deg_to_rad"",""error"":null},""right"":{""valid"":true,""fresh"":true,""status"":""FRESH"",""joints_rad"":[0.16758145332166474,2.774427564314821,0.9785493883925307,-1.0247218992211156,3.3315216517198434,1.4549909383982698],""received_at_ms"":1788503996459,""age_ms"":69,""source"":""jaka_port10000_actual_feedback"",""mapping"":""port10000_joint_actual_position_deg_to_rad"",""error"":null}}","{""left"":{""values"":[-112.36811382434098,-3.367675738991238,1.72607421875,-3.969970703125,-0.2589111328125,0.7274169921875],""received_at_ms"":1788503987887,""valid"":true,""status"":""STALE"",""error"":""Torque sample age 8641 ms exceeds 1500 ms"",""source"":""/left_jaka_driver/joint_torque_raw"",""age_ms"":8641,""fresh"":false},""right"":{""values"":[111.13329938671086,3.143164023058489,-2.6630859375,4.29052734375,-0.03082275390625,0.09246826171875],""received_at_ms"":1788503987893,""valid"":true,""status"":""STALE"",""error"":""Torque sample age 8635 ms exceeds 1500 ms"",""source"":""/right_jaka_driver/joint_torque_raw"",""age_ms"":8635,""fresh"":false}}"
80,1788503996639,RUNNING,6.048,"{""left"":{""valid"":true,""status"":""VALID"",""sample_index"":252,""time_from_start_s"":6.048,""joints_rad"":[2.7845670776508986,0.4372003063996375,-1.2575201081198424,1.2581600821582692,-0.6957369194034915,-0.0871962604979186],""source"":""LATEST SUCCESSFUL PHASE5 SERVO_J COMMAND \u2014 DRIVER MEMORY"",""error"":null},""right"":{""valid"":true,""status"":""VALID"",""sample_index"":252,""time_from_start_s"":6.048,""joints_rad"":[0.16660953415423907,2.7791303750044745,0.9580634415371094,-1.0164548252797048,3.3456881701007797,1.4461069014171968],""source"":""LATEST SUCCESSFUL PHASE5 SERVO_J COMMAND \u2014 DRIVER MEMORY"",""error"":null}}","{""left"":{""valid"":true,""fresh"":true,""status"":""FRESH"",""joints_rad"":[2.78481070256786,0.4378146211323012,-1.2669474194591486,1.2582205986662516,-0.6939854966266941,-0.08691879301271921],""received_at_ms"":1788503996570,""age_ms"":69,""source"":""jaka_port10000_actual_feedback"",""mapping"":""port10000_joint_actual_position_deg_to_rad"",""error"":null},""right"":{""valid"":true,""fresh"":true,""status"":""FRESH"",""joints_rad"":[0.16689850598535938,2.777160051791743,0.9709992685813286,-1.0195447290609247,3.3355243898263676,1.4492744614992128],""received_at_ms"":1788503996531,""age_ms"":108,""source"":""jaka_port10000_actual_feedback"",""mapping"":""port10000_joint_actual_position_deg_to_rad"",""error"":null}}","{""left"":{""values"":[-112.36811382434098,-3.367675738991238,1.72607421875,-3.969970703125,-0.2589111328125,0.7274169921875],""received_at_ms"":1788503987887,""valid"":true,""status"":""STALE"",""error"":""Torque sample age 8752 ms exceeds 1500 ms"",""source"":""/left_jaka_driver/joint_torque_raw"",""age_ms"":8752,""fresh"":false},""right"":{""values"":[111.13329938671086,3.143164023058489,-2.6630859375,4.29052734375,-0.03082275390625,0.09246826171875],""received_at_ms"":1788503987893,""valid"":true,""status"":""STALE"",""error"":""Torque sample age 8746 ms exceeds 1500 ms"",""source"":""/right_jaka_driver/joint_torque_raw"",""age_ms"":8746,""fresh"":false}}"
81,1788503996730,RUNNING,6.144,"{""left"":{""valid"":true,""status"":""VALID"",""sample_index"":256,""time_from_start_s"":6.144,""joints_rad"":[2.7848683436403867,0.43774430244020407,-1.252614490713868,1.2584016747923084,-0.6937291653103799,-0.08541608153796851],""source"":""LATEST SUCCESSFUL PHASE5 SERVO_J COMMAND \u2014 DRIVER MEMORY"",""error"":null},""right"":{""valid"":true,""status"":""VALID"",""sample_index"":256,""time_from_start_s"":6.144,""joints_rad"":[0.16672408857506027,2.77940355063293,0.9531907030008099,-1.016901213285102,3.3505494532308266,1.4465196249407088],""source"":""LATEST SUCCESSFUL PHASE5 SERVO_J COMMAND \u2014 DRIVER MEMORY"",""error"":null}}","{""left"":{""valid"":true,""fresh"":true,""status"":""FRESH"",""joints_rad"":[2.7845349405460453,0.43703568068713605,-1.2606438137997207,1.258244509677004,-0.6960587732451382,-0.08745809975158546],""received_at_ms"":1788503996663,""age_ms"":67,""source"":""jaka_port10000_actual_feedback"",""mapping"":""port10000_joint_actual_position_deg_to_rad"",""error"":null},""right"":{""valid"":true,""fresh"":true,""status"":""FRESH"",""joints_rad"":[0.16656287917020085,2.77925723942094,0.9582360248273444,-1.0166565582147244,3.3457708687989762,1.446158525185627],""received_at_ms"":1788503996714,""age_ms"":16,""source"":""jaka_port10000_actual_feedback"",""mapping"":""port10000_joint_actual_position_deg_to_rad"",""error"":null}}","{""left"":{""values"":[-112.36811382434098,-3.367675738991238,1.72607421875,-3.969970703125,-0.2589111328125,0.7274169921875],""received_at_ms"":1788503987887,""valid"":true,""status"":""STALE"",""error"":""Torque sample age 8843 ms exceeds 1500 ms"",""source"":""/left_jaka_driver/joint_torque_raw"",""age_ms"":8843,""fresh"":false},""right"":{""values"":[111.13329938671086,3.143164023058489,-2.6630859375,4.29052734375,-0.03082275390625,0.09246826171875],""received_at_ms"":1788503987893,""valid"":true,""status"":""STALE"",""error"":""Torque sample age 8837 ms exceeds 1500 ms"",""source"":""/right_jaka_driver/joint_torque_raw"",""age_ms"":8837,""fresh"":false}}"
82,1788503996832,RUNNING,6.264,"{""left"":{""valid"":true,""status"":""VALID"",""sample_index"":261,""time_from_start_s"":6.264,""joints_rad"":[2.7856541931550187,0.43900935928565704,-1.247475414822272,1.2592435757484253,-0.6886039371624991,-0.0796425218246656],""source"":""LATEST SUCCESSFUL PHASE5 SERVO_J COMMAND \u2014 DRIVER MEMORY"",""error"":null},""right"":{""valid"":true,""status"":""VALID"",""sample_index"":261,""time_from_start_s"":6.264,""joints_rad"":[0.16727063948492749,2.779707581594248,0.9475284883250442,-1.019030572927759,3.3564551385733044,1.4484867508565669],""source"":""LATEST SUCCESSFUL PHASE5 SERVO_J COMMAND \u2014 DRIVER MEMORY"",""error"":null}}","{""left"":{""valid"":true,""fresh"":true,""status"":""FRESH"",""joints_rad"":[2.7845949798723137,0.4373353537197035,-1.256629032921358,1.2583403282529384,-0.6948722984196324,-0.08647530484978745],""received_at_ms"":1788503996775,""age_ms"":57,""source"":""jaka_port10000_actual_feedback"",""mapping"":""port10000_joint_actual_position_deg_to_rad"",""error"":null},""right"":{""valid"":true,""fresh"":true,""status"":""FRESH"",""joints_rad"":[0.16668278328981284,2.7794488765728085,0.953706022753793,-1.017423630420976,3.3502410060791834,1.4469613766415446],""received_at_ms"":1788503996807,""age_ms"":25,""source"":""jaka_port10000_actual_feedback"",""mapping"":""port10000_joint_actual_position_deg_to_rad"",""error"":null}}","{""left"":{""values"":[-112.36811382434098,-3.367675738991238,1.72607421875,-3.969970703125,-0.2589111328125,0.7274169921875],""received_at_ms"":1788503987887,""valid"":true,""status"":""STALE"",""error"":""Torque sample age 8945 ms exceeds 1500 ms"",""source"":""/left_jaka_driver/joint_torque_raw"",""age_ms"":8945,""fresh"":false},""right"":{""values"":[111.13329938671086,3.143164023058489,-2.6630859375,4.29052734375,-0.03082275390625,0.09246826171875],""received_at_ms"":1788503987893,""valid"":true,""status"":""STALE"",""error"":""Torque sample age 8939 ms exceeds 1500 ms"",""source"":""/right_jaka_driver/joint_torque_raw"",""age_ms"":8939,""fresh"":false}}"
83,1788503996940,RUNNING,6.36,"{""left"":{""valid"":true,""status"":""VALID"",""sample_index"":265,""time_from_start_s"":6.36,""joints_rad"":[2.7865882210075266,0.4403570530201726,-1.2439867389766623,1.2604375469181786,-0.6826300980322197,-0.0716972621755991],""source"":""LATEST SUCCESSFUL PHASE5 SERVO_J COMMAND \u2014 DRIVER MEMORY"",""error"":null},""right"":{""valid"":true,""status"":""VALID"",""sample_index"":265,""time_from_start_s"":6.36,""joints_rad"":[0.1681596514362178,2.7799098896827457,0.9434795143616479,-1.022493427499318,3.360992058290549,1.4516827856729526],""source"":""LATEST SUCCESSFUL PHASE5 SERVO_J COMMAND \u2014 DRIVER MEMORY"",""error"":null}}","{""left"":{""valid"":true,""fresh"":true,""status"":""FRESH"",""joints_rad"":[2.7854578706544997,0.43885728082744263,-1.2481202037520354,1.2591313114699423,-0.6890240491620497,-0.08049510870075408],""received_at_ms"":1788503996919,""age_ms"":21,""source"":""jaka_port10000_actual_feedback"",""mapping"":""port10000_joint_actual_position_deg_to_rad"",""error"":null},""right"":{""valid"":true,""fresh"":true,""status"":""FRESH"",""joints_rad"":[0.1670063673331326,2.779700553050946,0.94873253251731,-1.0186938810505777,3.355238407326419,1.4482077162603937],""received_at_ms"":1788503996906,""age_ms"":34,""source"":""jaka_port10000_actual_feedback"",""mapping"":""port10000_joint_actual_position_deg_to_rad"",""error"":null}}","{""left"":{""values"":[-112.36811382434098,-3.367675738991238,1.72607421875,-3.969970703125,-0.2589111328125,0.7274169921875],""received_at_ms"":1788503987887,""valid"":true,""status"":""STALE"",""error"":""Torque sample age 9053 ms exceeds 1500 ms"",""source"":""/left_jaka_driver/joint_torque_raw"",""age_ms"":9053,""fresh"":false},""right"":{""values"":[111.13329938671086,3.143164023058489,-2.6630859375,4.29052734375,-0.03082275390625,0.09246826171875],""received_at_ms"":1788503987893,""valid"":true,""status"":""STALE"",""error"":""Torque sample age 9047 ms exceeds 1500 ms"",""source"":""/right_jaka_driver/joint_torque_raw"",""age_ms"":9047,""fresh"":false}}"
84,1788503997035,RUNNING,6.456,"{""left"":{""valid"":true,""status"":""VALID"",""sample_index"":269,""time_from_start_s"":6.456,""joints_rad"":[2.787766412192267,0.44190074246323496,-1.2409136018026066,1.2621104704227395,-0.6752185321043487,-0.06066779103056099],""source"":""LATEST SUCCESSFUL PHASE5 SERVO_J COMMAND \u2014 DRIVER MEMORY"",""error"":null},""right"":{""valid"":true,""status"":""VALID"",""sample_index"":269,""time_from_start_s"":6.456,""joints_rad"":[0.16950637768158733,2.7800721033920737,0.9399185114829329,-1.0277379718717863,3.36534397869949,1.4565183813472329],""source"":""LATEST SUCCESSFUL PHASE5 SERVO_J COMMAND \u2014 DRIVER MEMORY"",""error"":null}}","{""left"":{""valid"":true,""fresh"":true,""status"":""FRESH"",""joints_rad"":[2.786548352371146,0.4403793824681068,-1.2439258284936425,1.260365782849878,-0.6823848166874633,-0.0716867810317891],""received_at_ms"":1788503997033,""age_ms"":2,""source"":""jaka_port10000_actual_feedback"",""mapping"":""port10000_joint_actual_position_deg_to_rad"",""error"":null},""right"":{""valid"":true,""fresh"":true,""status"":""FRESH"",""joints_rad"":[0.16753363130016008,2.7798084143987194,0.9458803154537009,-1.0203716660605195,3.3583183898574136,1.4498137682380787],""received_at_ms"":1788503997021,""age_ms"":14,""source"":""jaka_port10000_actual_feedback"",""mapping"":""port10000_joint_actual_position_deg_to_rad"",""error"":null}}","{""left"":{""values"":[-112.36811382434098,-3.367675738991238,1.72607421875,-3.969970703125,-0.2589111328125,0.7274169921875],""received_at_ms"":1788503987887,""valid"":true,""status"":""STALE"",""error"":""Torque sample age 9148 ms exceeds 1500 ms"",""source"":""/left_jaka_driver/joint_torque_raw"",""age_ms"":9148,""fresh"":false},""right"":{""values"":[111.13329938671086,3.143164023058489,-2.6630859375,4.29052734375,-0.03082275390625,0.09246826171875],""received_at_ms"":1788503987893,""valid"":true,""status"":""STALE"",""error"":""Torque sample age 9142 ms exceeds 1500 ms"",""source"":""/right_jaka_driver/joint_torque_raw"",""age_ms"":9142,""fresh"":false}}"
85,1788503997147,RUNNING,6.5520000000000005,"{""left"":{""valid"":true,""status"":""VALID"",""sample_index"":274,""time_from_start_s"":6.5760000000000005,""joints_rad"":[2.7895355538637623,0.4439837429119188,-1.237484523411165,1.2648212852769796,-0.6642872683069581,-0.04274390615163051],""source"":""LATEST SUCCESSFUL PHASE5 SERVO_J COMMAND \u2014 DRIVER MEMORY"",""error"":null},""right"":{""valid"":true,""status"":""VALID"",""sample_index"":273,""time_from_start_s"":6.5520000000000005,""joints_rad"":[0.17131670541270808,2.780195443373798,0.9368528387662609,-1.0347860738781358,3.3695150257618027,1.4630093744617871],""source"":""LATEST SUCCESSFUL PHASE5 SERVO_J COMMAND \u2014 DRIVER MEMORY"",""error"":null}}","{""left"":{""valid"":true,""fresh"":true,""status"":""FRESH"",""joints_rad"":[2.7874112431533318,0.4415297289780963,-1.241600875397061,1.2615641259142973,-0.6770877424076606,-0.06393298129687909],""received_at_ms"":1788503997145,""age_ms"":2,""source"":""jaka_port10000_actual_feedback"",""mapping"":""port10000_joint_actual_position_deg_to_rad"",""error"":null},""right"":{""valid"":true,""fresh"":true,""status"":""FRESH"",""joints_rad"":[0.1689476970601259,2.7800361798661046,0.9411227224456895,-1.0258364664814392,3.3638910516261062,1.4548111694853143],""received_at_ms"":1788503997091,""age_ms"":56,""source"":""jaka_port10000_actual_feedback"",""mapping"":""port10000_joint_actual_position_deg_to_rad"",""error"":null}}","{""left"":{""values"":[-112.36811382434098,-3.367675738991238,1.72607421875,-3.969970703125,-0.2589111328125,0.7274169921875],""received_at_ms"":1788503987887,""valid"":true,""status"":""STALE"",""error"":""Torque sample age 9260 ms exceeds 1500 ms"",""source"":""/left_jaka_driver/joint_torque_raw"",""age_ms"":9260,""fresh"":false},""right"":{""values"":[111.13329938671086,3.143164023058489,-2.6630859375,4.29052734375,-0.03082275390625,0.09246826171875],""received_at_ms"":1788503987893,""valid"":true,""status"":""STALE"",""error"":""Torque sample age 9254 ms exceeds 1500 ms"",""source"":""/right_jaka_driver/joint_torque_raw"",""age_ms"":9254,""fresh"":false}}"
86,1788503997244,RUNNING,6.672,"{""left"":{""valid"":true,""status"":""VALID"",""sample_index"":278,""time_from_start_s"":6.672,""joints_rad"":[2.7911459990041174,0.44569062962855277,-1.2349499111402051,1.2673966252342799,-0.6545078476263003,-0.02548398597426429],""source"":""LATEST SUCCESSFUL PHASE5 SERVO_J COMMAND \u2014 DRIVER MEMORY"",""error"":null},""right"":{""valid"":true,""status"":""VALID"",""sample_index"":278,""time_from_start_s"":6.672,""joints_rad"":[0.17418356900379126,2.7803024688380407,0.9336682142191044,-1.0459436654566363,3.374506289888109,1.4732691097179846],""source"":""LATEST SUCCESSFUL PHASE5 SERVO_J COMMAND \u2014 DRIVER MEMORY"",""error"":null}}","{""left"":{""valid"":true,""fresh"":true,""status"":""FRESH"",""joints_rad"":[2.789101070935113,0.44360300559654037,-1.2380054971379526,1.2641407554890165,-0.6666016297287535,-0.046615824458591346],""received_at_ms"":1788503997216,""age_ms"":28,""source"":""jaka_port10000_actual_feedback"",""mapping"":""port10000_joint_actual_position_deg_to_rad"",""error"":null},""right"":{""valid"":true,""fresh"":true,""status"":""FRESH"",""joints_rad"":[0.17050575248338123,2.780156083985717,0.9380306971428564,-1.0316128081738396,3.367881746960791,1.4601920195692129],""received_at_ms"":1788503997183,""age_ms"":61,""source"":""jaka_port10000_actual_feedback"",""mapping"":""port10000_joint_actual_position_deg_to_rad"",""error"":null}}","{""left"":{""values"":[-112.36811382434098,-3.367675738991238,1.72607421875,-3.969970703125,-0.2589111328125,0.7274169921875],""received_at_ms"":1788503987887,""valid"":true,""status"":""STALE"",""error"":""Torque sample age 9357 ms exceeds 1500 ms"",""source"":""/left_jaka_driver/joint_torque_raw"",""age_ms"":9357,""fresh"":false},""right"":{""values"":[111.13329938671086,3.143164023058489,-2.6630859375,4.29052734375,-0.03082275390625,0.09246826171875],""received_at_ms"":1788503987893,""valid"":true,""status"":""STALE"",""error"":""Torque sample age 9351 ms exceeds 1500 ms"",""source"":""/right_jaka_driver/joint_torque_raw"",""age_ms"":9351,""fresh"":false}}"
87,1788503997350,RUNNING,6.768,"{""left"":{""valid"":true,""status"":""VALID"",""sample_index"":282,""time_from_start_s"":6.768,""joints_rad"":[2.792890402454545,0.4473735302770236,-1.2325074523964317,1.2702237450748242,-0.6440786232396326,-0.006127637413759683],""source"":""LATEST SUCCESSFUL PHASE5 SERVO_J COMMAND \u2014 DRIVER MEMORY"",""error"":null},""right"":{""valid"":true,""status"":""VALID"",""sample_index"":282,""time_from_start_s"":6.768,""joints_rad"":[0.1768862161603939,2.7803598094364146,0.9315614325490525,-1.0564578466240826,3.3783622565648046,1.4829196520651953],""source"":""LATEST SUCCESSFUL PHASE5 SERVO_J COMMAND \u2014 DRIVER MEMORY"",""error"":null}}","{""left"":{""valid"":true,""fresh"":true,""status"":""FRESH"",""joints_rad"":[2.790143556097329,0.444717572856864,-1.2362798901065057,1.2657825867163677,-0.6602739385256481,-0.03584190698603035],""received_at_ms"":1788503997286,""age_ms"":64,""source"":""jaka_port10000_actual_feedback"",""mapping"":""port10000_joint_actual_position_deg_to_rad"",""error"":null},""right"":{""valid"":true,""fresh"":true,""status"":""FRESH"",""joints_rad"":[0.17238721741703114,2.7801799949964687,0.9354421993292237,-1.0388274757028084,3.371584812034748,1.4670349319675071],""received_at_ms"":1788503997273,""age_ms"":77,""source"":""jaka_port10000_actual_feedback"",""mapping"":""port10000_joint_actual_position_deg_to_rad"",""error"":null}}","{""left"":{""values"":[-112.36811382434098,-3.367675738991238,1.72607421875,-3.969970703125,-0.2589111328125,0.7274169921875],""received_at_ms"":1788503987887,""valid"":true,""status"":""STALE"",""error"":""Torque sample age 9463 ms exceeds 1500 ms"",""source"":""/left_jaka_driver/joint_torque_raw"",""age_ms"":9463,""fresh"":false},""right"":{""values"":[111.13329938671086,3.143164023058489,-2.6630859375,4.29052734375,-0.03082275390625,0.09246826171875],""received_at_ms"":1788503987893,""valid"":true,""status"":""STALE"",""error"":""Torque sample age 9457 ms exceeds 1500 ms"",""source"":""/right_jaka_driver/joint_torque_raw"",""age_ms"":9457,""fresh"":false}}"
88,1788503997438,RUNNING,6.864,"{""left"":{""valid"":true,""status"":""VALID"",""sample_index"":286,""time_from_start_s"":6.864,""joints_rad"":[2.7947319423390304,0.4489885288493328,-1.2300842301248367,1.2731826208405912,-0.6332433141671096,0.014766683117343169],""source"":""LATEST SUCCESSFUL PHASE5 SERVO_J COMMAND \u2014 DRIVER MEMORY"",""error"":null},""right"":{""valid"":true,""status"":""VALID"",""sample_index"":286,""time_from_start_s"":6.864,""joints_rad"":[0.17986395337364586,2.7804024721755436,0.9297537989407259,-1.0680371500276744,3.382142327278053,1.4935270950544417],""source"":""LATEST SUCCESSFUL PHASE5 SERVO_J COMMAND \u2014 DRIVER MEMORY"",""error"":null}}","{""left"":{""valid"":true,""fresh"":true,""status"":""FRESH"",""joints_rad"":[2.7924445981831587,0.4469826611601022,-1.2329482310973738,1.2694737835514103,-0.6467317543264988,-0.011430161271310866],""received_at_ms"":1788503997408,""age_ms"":30,""source"":""jaka_port10000_actual_feedback"",""mapping"":""port10000_joint_actual_position_deg_to_rad"",""error"":null},""right"":{""valid"":true,""fresh"":true,""status"":""FRESH"",""joints_rad"":[0.1742088175573376,2.780192037768308,0.9335965136452397,-1.0458381142422195,3.3745450649790554,1.47338670871429],""received_at_ms"":1788503997384,""age_ms"":54,""source"":""jaka_port10000_actual_feedback"",""mapping"":""port10000_joint_actual_position_deg_to_rad"",""error"":null}}","{""left"":{""values"":[-112.36811382434098,-3.367675738991238,1.72607421875,-3.969970703125,-0.2589111328125,0.7274169921875],""received_at_ms"":1788503987887,""valid"":true,""status"":""STALE"",""error"":""Torque sample age 9551 ms exceeds 1500 ms"",""source"":""/left_jaka_driver/joint_torque_raw"",""age_ms"":9551,""fresh"":false},""right"":{""values"":[111.13329938671086,3.143164023058489,-2.6630859375,4.29052734375,-0.03082275390625,0.09246826171875],""received_at_ms"":1788503987893,""valid"":true,""status"":""STALE"",""error"":""Torque sample age 9545 ms exceeds 1500 ms"",""source"":""/right_jaka_driver/joint_torque_raw"",""age_ms"":9545,""fresh"":false}}"
89,1788503997542,RUNNING,6.96,"{""left"":{""valid"":true,""status"":""VALID"",""sample_index"":290,""time_from_start_s"":6.96,""joints_rad"":[2.7966349879274692,0.45050185838637147,-1.2276196630200378,1.2761445086754402,-0.6222324796839932,0.03659181282421652],""source"":""LATEST SUCCESSFUL PHASE5 SERVO_J COMMAND \u2014 DRIVER MEMORY"",""error"":null},""right"":{""valid"":true,""status"":""VALID"",""sample_index"":290,""time_from_start_s"":6.96,""joints_rad"":[0.18302208701014203,2.7804411199193395,0.9281458367055289,-1.0803115430986328,3.385893647331935,1.5047450781151868],""source"":""LATEST SUCCESSFUL PHASE5 SERVO_J COMMAND \u2014 DRIVER MEMORY"",""error"":null}}","{""left"":{""valid"":true,""fresh"":true,""status"":""FRESH"",""joints_rad"":[2.793619030236825,0.44804923186599593,-1.2313184426418615,1.2714151132784037,-0.6395293041022938,0.002387784949653442],""received_at_ms"":1788503997525,""age_ms"":17,""source"":""jaka_port10000_actual_feedback"",""mapping"":""port10000_joint_actual_position_deg_to_rad"",""error"":null},""right"":{""valid"":true,""fresh"":true,""status"":""FRESH"",""joints_rad"":[0.17969752898900937,2.780287856344242,0.9298334092450147,-1.0672899560784816,3.381915241344377,1.492489511910293],""received_at_ms"":1788503997525,""age_ms"":17,""source"":""jaka_port10000_actual_feedback"",""mapping"":""port10000_joint_actual_position_deg_to_rad"",""error"":null}}","{""left"":{""values"":[-112.36811382434098,-3.367675738991238,1.72607421875,-3.969970703125,-0.2589111328125,0.7274169921875],""received_at_ms"":1788503987887,""valid"":true,""status"":""STALE"",""error"":""Torque sample age 9655 ms exceeds 1500 ms"",""source"":""/left_jaka_driver/joint_torque_raw"",""age_ms"":9655,""fresh"":false},""right"":{""values"":[111.13329938671086,3.143164023058489,-2.6630859375,4.29052734375,-0.03082275390625,0.09246826171875],""received_at_ms"":1788503987893,""valid"":true,""status"":""STALE"",""error"":""Torque sample age 9649 ms exceeds 1500 ms"",""source"":""/right_jaka_driver/joint_torque_raw"",""age_ms"":9649,""fresh"":false}}"
90,1788503997647,RUNNING,7.056,"{""left"":{""valid"":true,""status"":""VALID"",""sample_index"":295,""time_from_start_s"":7.08,""joints_rad"":[2.7990504221673738,0.45221452687656877,-1.2244083181358607,1.279655296372727,-0.6085386794106231,0.06424738390328896],""source"":""LATEST SUCCESSFUL PHASE5 SERVO_J COMMAND \u2014 DRIVER MEMORY"",""error"":null},""right"":{""valid"":true,""status"":""VALID"",""sample_index"":294,""time_from_start_s"":7.056,""joints_rad"":[0.18626145777756098,2.7804865151701503,0.9266331265053102,-1.0928937863835892,3.3896640746752245,1.5162121261905883],""source"":""LATEST SUCCESSFUL PHASE5 SERVO_J COMMAND \u2014 DRIVER MEMORY"",""error"":null}}","{""left"":{""valid"":true,""fresh"":true,""status"":""FRESH"",""joints_rad"":[2.7959799371159977,0.4500146471366668,-1.2282862821323717,1.2751902604504672,-0.6256994896424158,0.029088529978363493],""received_at_ms"":1788503997598,""age_ms"":49,""source"":""jaka_port10000_actual_feedback"",""mapping"":""port10000_joint_actual_position_deg_to_rad"",""error"":null},""right"":{""valid"":true,""fresh"":true,""status"":""FRESH"",""joints_rad"":[0.18284941908518593,2.7803477211375855,0.92817970977875,-1.0795617151151042,3.385750253309784,1.5037547395672903],""received_at_ms"":1788503997645,""age_ms"":2,""source"":""jaka_port10000_actual_feedback"",""mapping"":""port10000_joint_actual_position_deg_to_rad"",""error"":null}}","{""left"":{""values"":[-112.36811382434098,-3.367675738991238,1.72607421875,-3.969970703125,-0.2589111328125,0.7274169921875],""received_at_ms"":1788503987887,""valid"":true,""status"":""STALE"",""error"":""Torque sample age 9760 ms exceeds 1500 ms"",""source"":""/left_jaka_driver/joint_torque_raw"",""age_ms"":9760,""fresh"":false},""right"":{""values"":[111.13329938671086,3.143164023058489,-2.6630859375,4.29052734375,-0.03082275390625,0.09246826171875],""received_at_ms"":1788503987893,""valid"":true,""status"":""STALE"",""error"":""Torque sample age 9754 ms exceeds 1500 ms"",""source"":""/right_jaka_driver/joint_torque_raw"",""age_ms"":9754,""fresh"":false}}"
91,1788503997747,RUNNING,7.176,"{""left"":{""valid"":true,""status"":""VALID"",""sample_index"":299,""time_from_start_s"":7.176,""joints_rad"":[2.800977702486142,0.4534241804206519,-1.2216924389302537,1.2821658348254923,-0.5978542671184368,0.08597069869612865],""source"":""LATEST SUCCESSFUL PHASE5 SERVO_J COMMAND \u2014 DRIVER MEMORY"",""error"":null},""right"":{""valid"":true,""status"":""VALID"",""sample_index"":299,""time_from_start_s"":7.176,""joints_rad"":[0.1902790511388889,2.780567931245023,0.9247221857511772,-1.108485280575611,3.3944719482795658,1.5303664266391557],""source"":""LATEST SUCCESSFUL PHASE5 SERVO_J COMMAND \u2014 DRIVER MEMORY"",""error"":null}}","{""left"":{""valid"":true,""fresh"":true,""status"":""FRESH"",""joints_rad"":[2.797873444821487,0.45142871289663256,-1.2257696918839212,1.2781503388618498,-0.6147578460287383,0.05100777098830988],""received_at_ms"":1788503997690,""age_ms"":57,""source"":""jaka_port10000_actual_feedback"",""mapping"":""port10000_joint_actual_position_deg_to_rad"",""error"":null},""right"":{""valid"":true,""fresh"":true,""status"":""FRESH"",""joints_rad"":[0.18284941908518593,2.7803477211375855,0.92817970977875,-1.0795617151151042,3.385750253309784,1.5037547395672903],""received_at_ms"":1788503997645,""age_ms"":102,""source"":""jaka_port10000_actual_feedback"",""mapping"":""port10000_joint_actual_position_deg_to_rad"",""error"":null}}","{""left"":{""values"":[-112.36811382434098,-3.367675738991238,1.72607421875,-3.969970703125,-0.2589111328125,0.7274169921875],""received_at_ms"":1788503987887,""valid"":true,""status"":""STALE"",""error"":""Torque sample age 9860 ms exceeds 1500 ms"",""source"":""/left_jaka_driver/joint_torque_raw"",""age_ms"":9860,""fresh"":false},""right"":{""values"":[111.13329938671086,3.143164023058489,-2.6630859375,4.29052734375,-0.03082275390625,0.09246826171875],""received_at_ms"":1788503987893,""valid"":true,""status"":""STALE"",""error"":""Torque sample age 9854 ms exceeds 1500 ms"",""source"":""/right_jaka_driver/joint_torque_raw"",""age_ms"":9854,""fresh"":false}}"
92,1788503997847,RUNNING,7.272,"{""left"":{""valid"":true,""status"":""VALID"",""sample_index"":303,""time_from_start_s"":7.272,""joints_rad"":[2.802876607413781,0.4544853512994315,-1.2188223084750396,1.2843034296341167,-0.5875577143600217,0.10680598690412277],""source"":""LATEST SUCCESSFUL PHASE5 SERVO_J COMMAND \u2014 DRIVER MEMORY"",""error"":null},""right"":{""valid"":true,""status"":""VALID"",""sample_index"":303,""time_from_start_s"":7.272,""joints_rad"":[0.19336524965211144,2.780662879081628,0.9230687103992429,-1.1204494674704686,3.3984396696526753,1.5411755092373463],""source"":""LATEST SUCCESSFUL PHASE5 SERVO_J COMMAND \u2014 DRIVER MEMORY"",""error"":null}}","{""left"":{""valid"":true,""fresh"":true,""status"":""FRESH"",""joints_rad"":[2.799611094624772,0.4525792339395472,-1.2233607884503186,1.2806789718821392,-0.6049307696753842,0.07127296346614123],""received_at_ms"":1788503997778,""age_ms"":69,""source"":""jaka_port10000_actual_feedback"",""mapping"":""port10000_joint_actual_position_deg_to_rad"",""error"":null},""right"":{""valid"":true,""fresh"":true,""status"":""FRESH"",""joints_rad"":[0.1860372629639536,2.780419628702768,0.9266336971273335,-1.0919893320539298,3.3894653611555787,1.515295554713178],""received_at_ms"":1788503997787,""age_ms"":60,""source"":""jaka_port10000_actual_feedback"",""mapping"":""port10000_joint_actual_position_deg_to_rad"",""error"":null}}","{""left"":{""values"":[-112.36811382434098,-3.367675738991238,1.72607421875,-3.969970703125,-0.2589111328125,0.7274169921875],""received_at_ms"":1788503987887,""valid"":true,""status"":""STALE"",""error"":""Torque sample age 9960 ms exceeds 1500 ms"",""source"":""/left_jaka_driver/joint_torque_raw"",""age_ms"":9960,""fresh"":false},""right"":{""values"":[111.13329938671086,3.143164023058489,-2.6630859375,4.29052734375,-0.03082275390625,0.09246826171875],""received_at_ms"":1788503987893,""valid"":true,""status"":""STALE"",""error"":""Torque sample age 9954 ms exceeds 1500 ms"",""source"":""/right_jaka_driver/joint_torque_raw"",""age_ms"":9954,""fresh"":false}}"
93,1788503997953,RUNNING,7.368,"{""left"":{""valid"":true,""status"":""VALID"",""sample_index"":307,""time_from_start_s"":7.368,""joints_rad"":[2.8047329000607566,0.455400794120667,-1.2157886546055858,1.2859970622514085,-0.5777359146836996,0.1263921498617962],""source"":""LATEST SUCCESSFUL PHASE5 SERVO_J COMMAND \u2014 DRIVER MEMORY"",""error"":null},""right"":{""valid"":true,""status"":""VALID"",""sample_index"":307,""time_from_start_s"":7.368,""joints_rad"":[0.19626797856189185,2.780790470374429,0.9212299710239253,-1.1316894767132804,3.4025436351984695,1.551277269129384],""source"":""LATEST SUCCESSFUL PHASE5 SERVO_J COMMAND \u2014 DRIVER MEMORY"",""error"":null}}","{""left"":{""valid"":true,""fresh"":true,""status"":""FRESH"",""joints_rad"":[2.801217146602457,0.45356202884134517,-1.221083831908167,1.2827162947179922,-0.5960744454519894,0.08892574711958748],""received_at_ms"":1788503997897,""age_ms"":56,""source"":""jaka_port10000_actual_feedback"",""mapping"":""port10000_joint_actual_position_deg_to_rad"",""error"":null},""right"":{""valid"":true,""fresh"":true,""status"":""FRESH"",""joints_rad"":[0.19054335402675254,2.780551575594219,0.9244885129437073,-1.1095342543596027,3.3949781581309284,1.5313543291607774],""received_at_ms"":1788503997901,""age_ms"":52,""source"":""jaka_port10000_actual_feedback"",""mapping"":""port10000_joint_actual_position_deg_to_rad"",""error"":null}}","{""left"":{""values"":[-112.36811382434098,-3.367675738991238,1.72607421875,-3.969970703125,-0.2589111328125,0.7274169921875],""received_at_ms"":1788503987887,""valid"":true,""status"":""STALE"",""error"":""Torque sample age 10066 ms exceeds 1500 ms"",""source"":""/left_jaka_driver/joint_torque_raw"",""age_ms"":10066,""fresh"":false},""right"":{""values"":[111.13329938671086,3.143164023058489,-2.6630859375,4.29052734375,-0.03082275390625,0.09246826171875],""received_at_ms"":1788503987893,""valid"":true,""status"":""STALE"",""error"":""Torque sample age 10060 ms exceeds 1500 ms"",""source"":""/right_jaka_driver/joint_torque_raw"",""age_ms"":10060,""fresh"":false}}"
94,1788503998049,RUNNING,7.464,"{""left"":{""valid"":true,""status"":""VALID"",""sample_index"":311,""time_from_start_s"":7.464,""joints_rad"":[2.8065412200813027,0.4561803010629299,-1.2125940148856345,1.2872115988795674,-0.5684213139817706,0.14453259017036246],""source"":""LATEST SUCCESSFUL PHASE5 SERVO_J COMMAND \u2014 DRIVER MEMORY"",""error"":null},""right"":{""valid"":true,""status"":""VALID"",""sample_index"":311,""time_from_start_s"":7.464,""joints_rad"":[0.19895070130019563,2.780952872340141,0.9191663715318075,-1.1420637107334173,3.4067947410032167,1.560543955277754],""source"":""LATEST SUCCESSFUL PHASE5 SERVO_J COMMAND \u2014 DRIVER MEMORY"",""error"":null}}","{""left"":{""valid"":true,""fresh"":true,""status"":""FRESH"",""joints_rad"":[2.8033143342316538,0.45470050711242116,-1.2180038493771723,1.284873521673457,-0.5848692571212606,0.1112643907487881],""received_at_ms"":1788503998011,""age_ms"":38,""source"":""jaka_port10000_actual_feedback"",""mapping"":""port10000_joint_actual_position_deg_to_rad"",""error"":null},""right"":{""valid"":true,""fresh"":true,""status"":""FRESH"",""joints_rad"":[0.19631969571915298,2.7809111134201294,0.9211568539345751,-1.1318728979888035,3.402767911648429,1.5512601583456234],""received_at_ms"":1788503998041,""age_ms"":8,""source"":""jaka_port10000_actual_feedback"",""mapping"":""port10000_joint_actual_position_deg_to_rad"",""error"":null}}","{""left"":{""values"":[-112.36811382434098,-3.367675738991238,1.72607421875,-3.969970703125,-0.2589111328125,0.7274169921875],""received_at_ms"":1788503987887,""valid"":true,""status"":""STALE"",""error"":""Torque sample age 10162 ms exceeds 1500 ms"",""source"":""/left_jaka_driver/joint_torque_raw"",""age_ms"":10162,""fresh"":false},""right"":{""values"":[111.13329938671086,3.143164023058489,-2.6630859375,4.29052734375,-0.03082275390625,0.09246826171875],""received_at_ms"":1788503987893,""valid"":true,""status"":""STALE"",""error"":""Torque sample age 10156 ms exceeds 1500 ms"",""source"":""/right_jaka_driver/joint_torque_raw"",""age_ms"":10156,""fresh"":false}}"
95,1788503998153,RUNNING,7.5600000000000005,"{""left"":{""valid"":true,""status"":""VALID"",""sample_index"":316,""time_from_start_s"":7.5840000000000005,""joints_rad"":[2.808742848485146,0.4569888267832314,-1.2083971402586067,1.2880750416021114,-0.5574392429702971,0.16521088140406975],""source"":""LATEST SUCCESSFUL PHASE5 SERVO_J COMMAND \u2014 DRIVER MEMORY"",""error"":null},""right"":{""valid"":true,""status"":""VALID"",""sample_index"":315,""time_from_start_s"":7.5600000000000005,""joints_rad"":[0.20141081647521591,2.7811481077167444,0.9168737635353732,-1.151563375024954,3.4111857766908416,1.568972918905049],""source"":""LATEST SUCCESSFUL PHASE5 SERVO_J COMMAND \u2014 DRIVER MEMORY"",""error"":null}}","{""left"":{""valid"":true,""fresh"":true,""status"":""FRESH"",""joints_rad"":[2.8056392873282356,0.45580303160090596,-1.2142168339661952,1.2867670293789457,-0.5727650496928295,0.13489719601834255],""received_at_ms"":1788503998086,""age_ms"":67,""source"":""jaka_port10000_actual_feedback"",""mapping"":""port10000_joint_actual_position_deg_to_rad"",""error"":null},""right"":{""valid"":true,""fresh"":true,""status"":""FRESH"",""joints_rad"":[0.19631969571915298,2.7809111134201294,0.9211568539345751,-1.1318728979888035,3.402767911648429,1.5512601583456234],""received_at_ms"":1788503998041,""age_ms"":112,""source"":""jaka_port10000_actual_feedback"",""mapping"":""port10000_joint_actual_position_deg_to_rad"",""error"":null}}","{""left"":{""values"":[-112.36811382434098,-3.367675738991238,1.72607421875,-3.969970703125,-0.2589111328125,0.7274169921875],""received_at_ms"":1788503987887,""valid"":true,""status"":""STALE"",""error"":""Torque sample age 10266 ms exceeds 1500 ms"",""source"":""/left_jaka_driver/joint_torque_raw"",""age_ms"":10266,""fresh"":false},""right"":{""values"":[111.13329938671086,3.143164023058489,-2.6630859375,4.29052734375,-0.03082275390625,0.09246826171875],""received_at_ms"":1788503987893,""valid"":true,""status"":""STALE"",""error"":""Torque sample age 10260 ms exceeds 1500 ms"",""source"":""/right_jaka_driver/joint_torque_raw"",""age_ms"":10260,""fresh"":false}}"
96,1788503998257,RUNNING,7.68,"{""left"":{""valid"":true,""status"":""VALID"",""sample_index"":320,""time_from_start_s"":7.68,""joints_rad"":[2.8104795610446396,0.45753070394725576,-1.2049100498884942,1.2883267856281513,-0.5490489837918838,0.18050778891621133],""source"":""LATEST SUCCESSFUL PHASE5 SERVO_J COMMAND \u2014 DRIVER MEMORY"",""error"":null},""right"":{""valid"":true,""status"":""VALID"",""sample_index"":320,""time_from_start_s"":7.68,""joints_rad"":[0.20423631627319205,2.7814272292661983,0.9137500936224718,-1.1624582186115482,3.4168249627548115,1.5785749303966434],""source"":""LATEST SUCCESSFUL PHASE5 SERVO_J COMMAND \u2014 DRIVER MEMORY"",""error"":null}}","{""left"":{""valid"":true,""fresh"":true,""status"":""FRESH"",""joints_rad"":[2.807305029566339,0.4564501996875454,-1.211244712782974,1.287665873943723,-0.5643522136323664,0.15059660717295673],""received_at_ms"":1788503998178,""age_ms"":79,""source"":""jaka_port10000_actual_feedback"",""mapping"":""port10000_joint_actual_position_deg_to_rad"",""error"":null},""right"":{""valid"":true,""fresh"":true,""status"":""FRESH"",""joints_rad"":[0.19859665226130477,2.7810308430068162,0.9195270654790629,-1.1403578161473737,3.4062552540268394,1.5591937269934888],""received_at_ms"":1788503998155,""age_ms"":102,""source"":""jaka_port10000_actual_feedback"",""mapping"":""port10000_joint_actual_position_deg_to_rad"",""error"":null}}","{""left"":{""values"":[-112.36811382434098,-3.367675738991238,1.72607421875,-3.969970703125,-0.2589111328125,0.7274169921875],""received_at_ms"":1788503987887,""valid"":true,""status"":""STALE"",""error"":""Torque sample age 10370 ms exceeds 1500 ms"",""source"":""/left_jaka_driver/joint_torque_raw"",""age_ms"":10370,""fresh"":false},""right"":{""values"":[111.13329938671086,3.143164023058489,-2.6630859375,4.29052734375,-0.03082275390625,0.09246826171875],""received_at_ms"":1788503987893,""valid"":true,""status"":""STALE"",""error"":""Torque sample age 10364 ms exceeds 1500 ms"",""source"":""/right_jaka_driver/joint_torque_raw"",""age_ms"":10364,""fresh"":false}}"
97,1788503998350,RUNNING,7.776,"{""left"":{""valid"":true,""status"":""VALID"",""sample_index"":324,""time_from_start_s"":7.776,""joints_rad"":[2.8122291023520476,0.4580095529924175,-1.2013493452714947,1.288330759959985,-0.5408059280504223,0.19532589472958942],""source"":""LATEST SUCCESSFUL PHASE5 SERVO_J COMMAND \u2014 DRIVER MEMORY"",""error"":null},""right"":{""valid"":true,""status"":""VALID"",""sample_index"":324,""time_from_start_s"":7.776,""joints_rad"":[0.20640824369644206,2.7816633070861445,0.9111595938413203,-1.1708266770873277,3.4213887170447386,1.585926173155911],""source"":""LATEST SUCCESSFUL PHASE5 SERVO_J COMMAND \u2014 DRIVER MEMORY"",""error"":null}}","{""left"":{""valid"":true,""fresh"":true,""status"":""FRESH"",""joints_rad"":[2.80894686079369,0.45702546020900275,-1.2080929972197227,1.2881931379107503,-0.5563587801911576,0.16543312754538492],""received_at_ms"":1788503998268,""age_ms"":82,""source"":""jaka_port10000_actual_feedback"",""mapping"":""port10000_joint_actual_position_deg_to_rad"",""error"":null},""right"":{""valid"":true,""fresh"":true,""status"":""FRESH"",""joints_rad"":[0.20398954511704204,2.7814383773871567,0.914158083634078,-1.1612701767118447,3.4160702876083544,1.577541500755079],""received_at_ms"":1788503998335,""age_ms"":15,""source"":""jaka_port10000_actual_feedback"",""mapping"":""port10000_joint_actual_position_deg_to_rad"",""error"":null}}","{""left"":{""values"":[-112.36811382434098,-3.367675738991238,1.72607421875,-3.969970703125,-0.2589111328125,0.7274169921875],""received_at_ms"":1788503987887,""valid"":true,""status"":""STALE"",""error"":""Torque sample age 10463 ms exceeds 1500 ms"",""source"":""/left_jaka_driver/joint_torque_raw"",""age_ms"":10463,""fresh"":false},""right"":{""values"":[111.13329938671086,3.143164023058489,-2.6630859375,4.29052734375,-0.03082275390625,0.09246826171875],""received_at_ms"":1788503987893,""valid"":true,""status"":""STALE"",""error"":""Torque sample age 10457 ms exceeds 1500 ms"",""source"":""/right_jaka_driver/joint_torque_raw"",""age_ms"":10457,""fresh"":false}}"
98,1788503998451,RUNNING,7.872,"{""left"":{""valid"":true,""status"":""VALID"",""sample_index"":328,""time_from_start_s"":7.872,""joints_rad"":[2.8140185790061425,0.45844875224302356,-1.1977357591948807,1.2881688363823423,-0.532573902979201,0.21006175593606533],""source"":""LATEST SUCCESSFUL PHASE5 SERVO_J COMMAND \u2014 DRIVER MEMORY"",""error"":null},""right"":{""valid"":true,""status"":""VALID"",""sample_index"":328,""time_from_start_s"":7.872,""joints_rad"":[0.2085794580622885,2.7819163674681806,0.9085700113145115,-1.1791826214832115,3.425964803587515,1.5932649052646521],""source"":""LATEST SUCCESSFUL PHASE5 SERVO_J COMMAND \u2014 DRIVER MEMORY"",""error"":null}}","{""left"":{""valid"":true,""fresh"":true,""status"":""FRESH"",""joints_rad"":[2.811439540031388,0.45775640409973795,-1.2030715104288097,1.2883369530411148,-0.5446860181538196,0.18672911147944415],""received_at_ms"":1788503998401,""age_ms"":50,""source"":""jaka_port10000_actual_feedback"",""mapping"":""port10000_joint_actual_position_deg_to_rad"",""error"":null},""right"":{""valid"":true,""fresh"":true,""status"":""FRESH"",""joints_rad"":[0.20561950810547955,2.781594060756435,0.9121926683634071,-1.1675739569041979,3.4194019466174868,1.5829584791544937],""received_at_ms"":1788503998405,""age_ms"":46,""source"":""jaka_port10000_actual_feedback"",""mapping"":""port10000_joint_actual_position_deg_to_rad"",""error"":null}}","{""left"":{""values"":[-112.36811382434098,-3.367675738991238,1.72607421875,-3.969970703125,-0.2589111328125,0.7274169921875],""received_at_ms"":1788503987887,""valid"":true,""status"":""STALE"",""error"":""Torque sample age 10564 ms exceeds 1500 ms"",""source"":""/left_jaka_driver/joint_torque_raw"",""age_ms"":10564,""fresh"":false},""right"":{""values"":[111.13329938671086,3.143164023058489,-2.6630859375,4.29052734375,-0.03082275390625,0.09246826171875],""received_at_ms"":1788503987893,""valid"":true,""status"":""STALE"",""error"":""Torque sample age 10558 ms exceeds 1500 ms"",""source"":""/right_jaka_driver/joint_torque_raw"",""age_ms"":10558,""fresh"":false}}"
99,1788503998552,RUNNING,7.968,"{""left"":{""valid"":true,""status"":""VALID"",""sample_index"":332,""time_from_start_s"":7.968,""joints_rad"":[2.8158580456814297,0.4588617945655144,-1.194065929815807,1.287834050839983,-0.5243304936726921,0.22472041099341178],""source"":""LATEST SUCCESSFUL PHASE5 SERVO_J COMMAND \u2014 DRIVER MEMORY"",""error"":null},""right"":{""valid"":true,""status"":""VALID"",""sample_index"":332,""time_from_start_s"":7.968,""joints_rad"":[0.210756607135823,2.7822120662593104,0.9059909100719221,-1.1875381646465577,3.4305687541086765,1.6006003130567084],""source"":""LATEST SUCCESSFUL PHASE5 SERVO_J COMMAND \u2014 DRIVER MEMORY"",""error"":null}}","{""left"":{""valid"":true,""fresh"":true,""status"":""FRESH"",""joints_rad"":[2.8133810442913068,0.45827179982785193,-1.1991527226593068,1.2881212303455682,-0.5357937401478337,0.2034830505681133],""received_at_ms"":1788503998510,""age_ms"":42,""source"":""jaka_port10000_actual_feedback"",""mapping"":""port10000_joint_actual_position_deg_to_rad"",""error"":null},""right"":{""valid"":true,""fresh"":true,""status"":""FRESH"",""joints_rad"":[0.20829195625613328,2.781857780006411,0.908992956245726,-1.1780002047897615,3.4251543772991346,1.5920423943123487],""received_at_ms"":1788503998519,""age_ms"":33,""source"":""jaka_port10000_actual_feedback"",""mapping"":""port10000_joint_actual_position_deg_to_rad"",""error"":null}}","{""left"":{""values"":[-112.36811382434098,-3.367675738991238,1.72607421875,-3.969970703125,-0.2589111328125,0.7274169921875],""received_at_ms"":1788503987887,""valid"":true,""status"":""STALE"",""error"":""Torque sample age 10665 ms exceeds 1500 ms"",""source"":""/left_jaka_driver/joint_torque_raw"",""age_ms"":10665,""fresh"":false},""right"":{""values"":[111.13329938671086,3.143164023058489,-2.6630859375,4.29052734375,-0.03082275390625,0.09246826171875],""received_at_ms"":1788503987893,""valid"":true,""status"":""STALE"",""error"":""Torque sample age 10659 ms exceeds 1500 ms"",""source"":""/right_jaka_driver/joint_torque_raw"",""age_ms"":10659,""fresh"":false}}"
100,1788503998660,RUNNING,8.088000000000001,"{""left"":{""valid"":true,""status"":""VALID"",""sample_index"":337,""time_from_start_s"":8.088000000000001,""joints_rad"":[2.8182357047218067,0.4593558251400047,-1.1893953138944784,1.2871697207920803,-0.5139970536423749,0.24292431664678604],""source"":""LATEST SUCCESSFUL PHASE5 SERVO_J COMMAND \u2014 DRIVER MEMORY"",""error"":null},""right"":{""valid"":true,""status"":""VALID"",""sample_index"":337,""time_from_start_s"":8.088000000000001,""joints_rad"":[0.21348935892913662,2.7826700767985866,0.9027879231306766,-1.197982091910748,3.436383894769444,1.6097588915524461],""source"":""LATEST SUCCESSFUL PHASE5 SERVO_J COMMAND \u2014 DRIVER MEMORY"",""error"":null}}","{""left"":{""valid"":true,""fresh"":true,""status"":""FRESH"",""joints_rad"":[2.8148911031601322,0.45865524866451507,-1.1960966511390647,1.287965372443365,-0.528735105053993,0.21556317245286685],""received_at_ms"":1788503998580,""age_ms"":80,""source"":""jaka_port10000_actual_feedback"",""mapping"":""port10000_joint_actual_position_deg_to_rad"",""error"":null},""right"":{""valid"":true,""fresh"":true,""status"":""FRESH"",""joints_rad"":[0.20978997235312,2.782061459930119,0.907267174681354,-1.1834889162214333,3.42827031361272,1.5969321087447361],""received_at_ms"":1788503998632,""age_ms"":28,""source"":""jaka_port10000_actual_feedback"",""mapping"":""port10000_joint_actual_position_deg_to_rad"",""error"":null}}","{""left"":{""values"":[-112.36811382434098,-3.367675738991238,1.72607421875,-3.969970703125,-0.2589111328125,0.7274169921875],""received_at_ms"":1788503987887,""valid"":true,""status"":""STALE"",""error"":""Torque sample age 10773 ms exceeds 1500 ms"",""source"":""/left_jaka_driver/joint_torque_raw"",""age_ms"":10773,""fresh"":false},""right"":{""values"":[111.13329938671086,3.143164023058489,-2.6630859375,4.29052734375,-0.03082275390625,0.09246826171875],""received_at_ms"":1788503987893,""valid"":true,""status"":""STALE"",""error"":""Torque sample age 10767 ms exceeds 1500 ms"",""source"":""/right_jaka_driver/joint_torque_raw"",""age_ms"":10767,""fresh"":false}}"
101,1788503998755,RUNNING,8.184000000000001,"{""left"":{""valid"":true,""status"":""VALID"",""sample_index"":341,""time_from_start_s"":8.184000000000001,""joints_rad"":[2.820202598399117,0.45974085133392956,-1.185590624868142,1.2864493822386125,-0.5057054047653817,0.2573909302067491],""source"":""LATEST SUCCESSFUL PHASE5 SERVO_J COMMAND \u2014 DRIVER MEMORY"",""error"":null},""right"":{""valid"":true,""status"":""VALID"",""sample_index"":341,""time_from_start_s"":8.184000000000001,""joints_rad"":[0.21568524521928165,2.7831211185572293,0.9002445600431745,-1.206337137951152,3.4410964988604773,1.617071109940886],""source"":""LATEST SUCCESSFUL PHASE5 SERVO_J COMMAND \u2014 DRIVER MEMORY"",""error"":null}}","{""left"":{""valid"":true,""fresh"":true,""status"":""FRESH"",""joints_rad"":[2.8165688881700746,0.45896678993599604,-1.1927051273365892,1.2876417884000453,-0.5211849852427907,0.22890150219538313],""received_at_ms"":1788503998672,""age_ms"":83,""source"":""jaka_port10000_actual_feedback"",""mapping"":""port10000_joint_actual_position_deg_to_rad"",""error"":null},""right"":{""valid"":true,""fresh"":true,""status"":""FRESH"",""joints_rad"":[0.21230673713449583,2.7823970867452776,0.9042472314766282,-1.1932681705532828,3.4336750747073714,1.6054767171637245],""received_at_ms"":1788503998702,""age_ms"":53,""source"":""jaka_port10000_actual_feedback"",""mapping"":""port10000_joint_actual_position_deg_to_rad"",""error"":null}}","{""left"":{""values"":[-112.36811382434098,-3.367675738991238,1.72607421875,-3.969970703125,-0.2589111328125,0.7274169921875],""received_at_ms"":1788503987887,""valid"":true,""status"":""STALE"",""error"":""Torque sample age 10867 ms exceeds 1500 ms"",""source"":""/left_jaka_driver/joint_torque_raw"",""age_ms"":10867,""fresh"":false},""right"":{""values"":[111.13329938671086,3.143164023058489,-2.6630859375,4.29052734375,-0.03082275390625,0.09246826171875],""received_at_ms"":1788503987893,""valid"":true,""status"":""STALE"",""error"":""Torque sample age 10861 ms exceeds 1500 ms"",""source"":""/right_jaka_driver/joint_torque_raw"",""age_ms"":10861,""fresh"":false}}"
102,1788503998857,RUNNING,8.28,"{""left"":{""valid"":true,""status"":""VALID"",""sample_index"":345,""time_from_start_s"":8.28,""joints_rad"":[2.8222257124617722,0.46012044626496007,-1.1817253330034971,1.2855751849741692,-0.49739690250153235,0.27177659554743344],""source"":""LATEST SUCCESSFUL PHASE5 SERVO_J COMMAND \u2014 DRIVER MEMORY"",""error"":null},""right"":{""valid"":true,""status"":""VALID"",""sample_index"":345,""time_from_start_s"":8.28,""joints_rad"":[0.21788901796940927,2.783652953888818,0.8977182068852926,-1.2146925470625693,3.4458702129400733,1.6243641290092636],""source"":""LATEST SUCCESSFUL PHASE5 SERVO_J COMMAND \u2014 DRIVER MEMORY"",""error"":null}}","{""left"":{""valid"":true,""fresh"":true,""status"":""FRESH"",""joints_rad"":[2.8183904883103805,0.459362281544498,-1.1892657815126093,1.2871265672048566,-0.5138027661056302,0.24224000647082458],""received_at_ms"":1788503998769,""age_ms"":88,""source"":""jaka_port10000_actual_feedback"",""mapping"":""port10000_joint_actual_position_deg_to_rad"",""error"":null},""right"":{""valid"":true,""fresh"":true,""status"":""FRESH"",""joints_rad"":[0.21397247937259922,2.782708628016758,0.9022936844448709,-1.199511911419367,3.4372224564120497,1.6110375106935038],""received_at_ms"":1788503998775,""age_ms"":82,""source"":""jaka_port10000_actual_feedback"",""mapping"":""port10000_joint_actual_position_deg_to_rad"",""error"":null}}","{""left"":{""values"":[-112.36811382434098,-3.367675738991238,1.72607421875,-3.969970703125,-0.2589111328125,0.7274169921875],""received_at_ms"":1788503987887,""valid"":true,""status"":""STALE"",""error"":""Torque sample age 10970 ms exceeds 1500 ms"",""source"":""/left_jaka_driver/joint_torque_raw"",""age_ms"":10970,""fresh"":false},""right"":{""values"":[111.13329938671086,3.143164023058489,-2.6630859375,4.29052734375,-0.03082275390625,0.09246826171875],""received_at_ms"":1788503987893,""valid"":true,""status"":""STALE"",""error"":""Torque sample age 10964 ms exceeds 1500 ms"",""source"":""/right_jaka_driver/joint_torque_raw"",""age_ms"":10964,""fresh"":false}}"
103,1788503998957,RUNNING,8.376,"{""left"":{""valid"":true,""status"":""VALID"",""sample_index"":349,""time_from_start_s"":8.376,""joints_rad"":[2.8243013944664486,0.4604954420760885,-1.1778004749689808,1.2845649584697603,-0.4890813415827353,0.2860900103636374],""source"":""LATEST SUCCESSFUL PHASE5 SERVO_J COMMAND \u2014 DRIVER MEMORY"",""error"":null},""right"":{""valid"":true,""status"":""VALID"",""sample_index"":349,""time_from_start_s"":8.376,""joints_rad"":[0.22009906944027274,2.7842653765954477,0.8952074729149828,-1.2230488492708378,3.450708809636754,1.6316319004442243],""source"":""LATEST SUCCESSFUL PHASE5 SERVO_J COMMAND \u2014 DRIVER MEMORY"",""error"":null}}","{""left"":{""valid"":true,""fresh"":true,""status"":""FRESH"",""joints_rad"":[2.819840507852938,0.4596619545770654,-1.1864374754597526,1.2866591680311725,-0.5078105271847582,0.2533373334537801],""received_at_ms"":1788503998873,""age_ms"":84,""source"":""jaka_port10000_actual_feedback"",""mapping"":""port10000_joint_actual_position_deg_to_rad"",""error"":null},""right"":{""valid"":true,""fresh"":true,""status"":""FRESH"",""joints_rad"":[0.21658506272990952,2.7832479347556243,0.899357691577166,-1.2092550374357005,3.44272321061556,1.619570250873579],""received_at_ms"":1788503998885,""age_ms"":72,""source"":""jaka_port10000_actual_feedback"",""mapping"":""port10000_joint_actual_position_deg_to_rad"",""error"":null}}","{""left"":{""values"":[-112.36811382434098,-3.367675738991238,1.72607421875,-3.969970703125,-0.2589111328125,0.7274169921875],""received_at_ms"":1788503987887,""valid"":true,""status"":""STALE"",""error"":""Torque sample age 11070 ms exceeds 1500 ms"",""source"":""/left_jaka_driver/joint_torque_raw"",""age_ms"":11070,""fresh"":false},""right"":{""values"":[111.13329938671086,3.143164023058489,-2.6630859375,4.29052734375,-0.03082275390625,0.09246826171875],""received_at_ms"":1788503987893,""valid"":true,""status"":""STALE"",""error"":""Torque sample age 11064 ms exceeds 1500 ms"",""source"":""/right_jaka_driver/joint_torque_raw"",""age_ms"":11064,""fresh"":false}}"
104,1788503999058,RUNNING,8.472,"{""left"":{""valid"":true,""status"":""VALID"",""sample_index"":353,""time_from_start_s"":8.472,""joints_rad"":[2.82642426104832,0.4608646504494514,-1.1738178130826031,1.283439553938925,-0.4807719996895962,0.30034287450412006],""source"":""LATEST SUCCESSFUL PHASE5 SERVO_J COMMAND \u2014 DRIVER MEMORY"",""error"":null},""right"":{""valid"":true,""status"":""VALID"",""sample_index"":353,""time_from_start_s"":8.472,""joints_rad"":[0.22231313655888532,2.7849540433589737,0.8927098829434416,-1.2314066401204267,3.4556135547195765,1.6388683931568255],""source"":""LATEST SUCCESSFUL PHASE5 SERVO_J COMMAND \u2014 DRIVER MEMORY"",""error"":null}}","{""left"":{""valid"":true,""fresh"":true,""status"":""FRESH"",""joints_rad"":[2.8221176389280145,0.4601052682070719,-1.1818954306143625,1.2856404193467834,-0.4981993480598758,0.2704867641509512],""received_at_ms"":1788503998986,""age_ms"":72,""source"":""jaka_port10000_actual_feedback"",""mapping"":""port10000_joint_actual_position_deg_to_rad"",""error"":null},""right"":{""valid"":true,""fresh"":true,""status"":""FRESH"",""joints_rad"":[0.21822689395726058,2.7836554691359656,0.8974282300890863,-1.215582728638806,3.4463784536680118,1.6251069588596807],""received_at_ms"":1788503998998,""age_ms"":60,""source"":""jaka_port10000_actual_feedback"",""mapping"":""port10000_joint_actual_position_deg_to_rad"",""error"":null}}","{""left"":{""values"":[-112.36811382434098,-3.367675738991238,1.72607421875,-3.969970703125,-0.2589111328125,0.7274169921875],""received_at_ms"":1788503987887,""valid"":true,""status"":""STALE"",""error"":""Torque sample age 11171 ms exceeds 1500 ms"",""source"":""/left_jaka_driver/joint_torque_raw"",""age_ms"":11171,""fresh"":false},""right"":{""values"":[111.13329938671086,3.143164023058489,-2.6630859375,4.29052734375,-0.03082275390625,0.09246826171875],""received_at_ms"":1788503987893,""valid"":true,""status"":""STALE"",""error"":""Torque sample age 11165 ms exceeds 1500 ms"",""source"":""/right_jaka_driver/joint_torque_raw"",""age_ms"":11165,""fresh"":false}}"
105,1788503999162,RUNNING,8.568,"{""left"":{""valid"":true,""status"":""VALID"",""sample_index"":358,""time_from_start_s"":8.592,""joints_rad"":[2.8291340589769516,0.4613135135572027,-1.1687616763087014,1.2819049442444894,-0.47041807023945587,0.3180949030430678],""source"":""LATEST SUCCESSFUL PHASE5 SERVO_J COMMAND \u2014 DRIVER MEMORY"",""error"":null},""right"":{""valid"":true,""status"":""VALID"",""sample_index"":357,""time_from_start_s"":8.568,""joints_rad"":[0.22452852026486447,2.785711322108827,0.8902221718175723,-1.2397665388247776,3.4605835109197733,1.6460679160519693],""source"":""LATEST SUCCESSFUL PHASE5 SERVO_J COMMAND \u2014 DRIVER MEMORY"",""error"":null}}","{""left"":{""valid"":true,""fresh"":true,""status"":""FRESH"",""joints_rad"":[2.826611687218975,0.4608843831851622,-1.17333860489061,1.2833035980112881,-0.48005507968906797,0.30164577822095556],""received_at_ms"":1788503999148,""age_ms"":14,""source"":""jaka_port10000_actual_feedback"",""mapping"":""port10000_joint_actual_position_deg_to_rad"",""error"":null},""right"":{""valid"":true,""fresh"":true,""status"":""FRESH"",""joints_rad"":[0.22242126921565336,2.784877897744062,0.8925985549829676,-1.2314498659345368,3.4556302694999084,1.6387809154173554],""received_at_ms"":1788503999137,""age_ms"":25,""source"":""jaka_port10000_actual_feedback"",""mapping"":""port10000_joint_actual_position_deg_to_rad"",""error"":null}}","{""left"":{""values"":[-112.36811382434098,-3.367675738991238,1.72607421875,-3.969970703125,-0.2589111328125,0.7274169921875],""received_at_ms"":1788503987887,""valid"":true,""status"":""STALE"",""error"":""Torque sample age 11275 ms exceeds 1500 ms"",""source"":""/left_jaka_driver/joint_torque_raw"",""age_ms"":11275,""fresh"":false},""right"":{""values"":[111.13329938671086,3.143164023058489,-2.6630859375,4.29052734375,-0.03082275390625,0.09246826171875],""received_at_ms"":1788503987893,""valid"":true,""status"":""STALE"",""error"":""Torque sample age 11269 ms exceeds 1500 ms"",""source"":""/right_jaka_driver/joint_torque_raw"",""age_ms"":11269,""fresh"":false}}"
106,1788503999266,RUNNING,8.688,"{""left"":{""valid"":true,""status"":""VALID"",""sample_index"":362,""time_from_start_s"":8.688,""joints_rad"":[2.831337899775836,0.4616571779609672,-1.1646576294489872,1.2806021116757684,-0.46218185630692443,0.3322635132312991],""source"":""LATEST SUCCESSFUL PHASE5 SERVO_J COMMAND \u2014 DRIVER MEMORY"",""error"":null},""right"":{""valid"":true,""status"":""VALID"",""sample_index"":362,""time_from_start_s"":8.688,""joints_rad"":[0.22729515658424843,2.7867388976957685,0.8871206726007056,-1.2502202868937395,3.4668831818517836,1.6550077597433033],""source"":""LATEST SUCCESSFUL PHASE5 SERVO_J COMMAND \u2014 DRIVER MEMORY"",""error"":null}}","{""left"":{""valid"":true,""fresh"":true,""status"":""FRESH"",""joints_rad"":[2.828792825185192,0.46127987479366417,-1.1693119557733338,1.2820213046098479,-0.47167819741119593,0.31596690286526985],""received_at_ms"":1788503999242,""age_ms"":24,""source"":""jaka_port10000_actual_feedback"",""mapping"":""port10000_joint_actual_position_deg_to_rad"",""error"":null},""right"":{""valid"":true,""fresh"":true,""status"":""FRESH"",""joints_rad"":[0.2246024071818707,2.7856807491999795,0.8900938329734306,-1.2397548406472265,3.460735532094917,1.6453841941093508],""received_at_ms"":1788503999254,""age_ms"":12,""source"":""jaka_port10000_actual_feedback"",""mapping"":""port10000_joint_actual_position_deg_to_rad"",""error"":null}}","{""left"":{""values"":[-112.36811382434098,-3.367675738991238,1.72607421875,-3.969970703125,-0.2589111328125,0.7274169921875],""received_at_ms"":1788503987887,""valid"":true,""status"":""STALE"",""error"":""Torque sample age 11379 ms exceeds 1500 ms"",""source"":""/left_jaka_driver/joint_torque_raw"",""age_ms"":11379,""fresh"":false},""right"":{""values"":[111.13329938671086,3.143164023058489,-2.6630859375,4.29052734375,-0.03082275390625,0.09246826171875],""received_at_ms"":1788503987893,""valid"":true,""status"":""STALE"",""error"":""Torque sample age 11373 ms exceeds 1500 ms"",""source"":""/right_jaka_driver/joint_torque_raw"",""age_ms"":11373,""fresh"":false}}"
107,1788503999361,RUNNING,8.784,"{""left"":{""valid"":true,""status"":""VALID"",""sample_index"":366,""time_from_start_s"":8.784,""joints_rad"":[2.8335656216679395,0.46198130647883806,-1.1605038005973871,1.2792546628162946,-0.4540058200606113,0.34641905492562597],""source"":""LATEST SUCCESSFUL PHASE5 SERVO_J COMMAND \u2014 DRIVER MEMORY"",""error"":null},""right"":{""valid"":true,""status"":""VALID"",""sample_index"":366,""time_from_start_s"":8.784,""joints_rad"":[0.22950286708480433,2.7876113814397407,0.884641160885286,-1.2585870303601256,3.4719870906123935,1.662107247840828],""source"":""LATEST SUCCESSFUL PHASE5 SERVO_J COMMAND \u2014 DRIVER MEMORY"",""error"":null}}","{""left"":{""valid"":true,""fresh"":true,""status"":""FRESH"",""joints_rad"":[2.830254887499588,0.4614955974892106,-1.1666274648508415,1.2811943676102533,-0.46603362807732107,0.3254703951753042],""received_at_ms"":1788503999349,""age_ms"":12,""source"":""jaka_port10000_actual_feedback"",""mapping"":""port10000_joint_actual_position_deg_to_rad"",""error"":null},""right"":{""valid"":true,""fresh"":true,""status"":""FRESH"",""joints_rad"":[0.2246024071818707,2.7856807491999795,0.8900938329734306,-1.2397548406472265,3.460735532094917,1.6453841941093508],""received_at_ms"":1788503999254,""age_ms"":107,""source"":""jaka_port10000_actual_feedback"",""mapping"":""port10000_joint_actual_position_deg_to_rad"",""error"":null}}","{""left"":{""values"":[-112.36811382434098,-3.367675738991238,1.72607421875,-3.969970703125,-0.2589111328125,0.7274169921875],""received_at_ms"":1788503987887,""valid"":true,""status"":""STALE"",""error"":""Torque sample age 11474 ms exceeds 1500 ms"",""source"":""/left_jaka_driver/joint_torque_raw"",""age_ms"":11474,""fresh"":false},""right"":{""values"":[111.13329938671086,3.143164023058489,-2.6630859375,4.29052734375,-0.03082275390625,0.09246826171875],""received_at_ms"":1788503987893,""valid"":true,""status"":""STALE"",""error"":""Torque sample age 11468 ms exceeds 1500 ms"",""source"":""/right_jaka_driver/joint_torque_raw"",""age_ms"":11468,""fresh"":false}}"
108,1788503999462,RUNNING,8.88,"{""left"":{""valid"":true,""status"":""VALID"",""sample_index"":370,""time_from_start_s"":8.88,""joints_rad"":[2.8358101586828166,0.4622798783506651,-1.1563025279063646,1.2778796079459627,-0.4459058128676897,0.3605755785576543],""source"":""LATEST SUCCESSFUL PHASE5 SERVO_J COMMAND \u2014 DRIVER MEMORY"",""error"":null},""right"":{""valid"":true,""status"":""VALID"",""sample_index"":370,""time_from_start_s"":8.88,""joints_rad"":[0.23170276219473585,2.7885152133146565,0.8821590196737318,-1.2669575517964324,3.4771416216062185,1.6691575191154309],""source"":""LATEST SUCCESSFUL PHASE5 SERVO_J COMMAND \u2014 DRIVER MEMORY"",""error"":null}}","{""left"":{""valid"":true,""fresh"":true,""status"":""FRESH"",""joints_rad"":[2.8328793390958116,0.46184309254328265,-1.1618817400817436,1.2795884901654933,-0.45662595434322123,0.3416850275251071],""received_at_ms"":1788503999419,""age_ms"":43,""source"":""jaka_port10000_actual_feedback"",""mapping"":""port10000_joint_actual_position_deg_to_rad"",""error"":null},""right"":{""valid"":true,""fresh"":true,""status"":""FRESH"",""joints_rad"":[0.2291804058098518,2.7874784383295337,0.8849526165958309,-1.2573957560617592,3.471161779980481,1.6611434700573082],""received_at_ms"":1788503999437,""age_ms"":25,""source"":""jaka_port10000_actual_feedback"",""mapping"":""port10000_joint_actual_position_deg_to_rad"",""error"":null}}","{""left"":{""values"":[-112.36811382434098,-3.367675738991238,1.72607421875,-3.969970703125,-0.2589111328125,0.7274169921875],""received_at_ms"":1788503987887,""valid"":true,""status"":""STALE"",""error"":""Torque sample age 11575 ms exceeds 1500 ms"",""source"":""/left_jaka_driver/joint_torque_raw"",""age_ms"":11575,""fresh"":false},""right"":{""values"":[111.13329938671086,3.143164023058489,-2.6630859375,4.29052734375,-0.03082275390625,0.09246826171875],""received_at_ms"":1788503987893,""valid"":true,""status"":""STALE"",""error"":""Torque sample age 11569 ms exceeds 1500 ms"",""source"":""/right_jaka_driver/joint_torque_raw"",""age_ms"":11569,""fresh"":false}}"
109,1788503999565,RUNNING,8.976,"{""left"":{""valid"":true,""status"":""VALID"",""sample_index"":374,""time_from_start_s"":8.976,""joints_rad"":[2.8380653839571184,0.4625466191866662,-1.152055694859731,1.2764891281039503,-0.4378954142932573,0.37474523856166264],""source"":""LATEST SUCCESSFUL PHASE5 SERVO_J COMMAND \u2014 DRIVER MEMORY"",""error"":null},""right"":{""valid"":true,""status"":""VALID"",""sample_index"":374,""time_from_start_s"":8.976,""joints_rad"":[0.2338927369898789,2.789438248655586,0.8796709117846887,-1.2753321041239707,3.482339864163872,1.6761579283422763],""source"":""LATEST SUCCESSFUL PHASE5 SERVO_J COMMAND \u2014 DRIVER MEMORY"",""error"":null}}","{""left"":{""valid"":true,""fresh"":true,""status"":""FRESH"",""joints_rad"":[2.8345332130950016,0.4620827262495815,-1.1587179817466535,1.2785458304703516,-0.45054993961825335,0.3525067670191727],""received_at_ms"":1788503999487,""age_ms"":78,""source"":""jaka_port10000_actual_feedback"",""mapping"":""port10000_joint_actual_position_deg_to_rad"",""error"":null},""right"":{""valid"":true,""fresh"":true,""status"":""FRESH"",""joints_rad"":[0.2308103687982893,2.788173428437678,0.8831189736836856,-1.263663407938596,3.475032745728479,1.666368636771929],""received_at_ms"":1788503999511,""age_ms"":54,""source"":""jaka_port10000_actual_feedback"",""mapping"":""port10000_joint_actual_position_deg_to_rad"",""error"":null}}","{""left"":{""values"":[-112.36811382434098,-3.367675738991238,1.72607421875,-3.969970703125,-0.2589111328125,0.7274169921875],""received_at_ms"":1788503987887,""valid"":true,""status"":""STALE"",""error"":""Torque sample age 11678 ms exceeds 1500 ms"",""source"":""/left_jaka_driver/joint_torque_raw"",""age_ms"":11678,""fresh"":false},""right"":{""values"":[111.13329938671086,3.143164023058489,-2.6630859375,4.29052734375,-0.03082275390625,0.09246826171875],""received_at_ms"":1788503987893,""valid"":true,""status"":""STALE"",""error"":""Torque sample age 11672 ms exceeds 1500 ms"",""source"":""/right_jaka_driver/joint_torque_raw"",""age_ms"":11672,""fresh"":false}}"
110,1788503999666,RUNNING,9.072000000000001,"{""left"":{""valid"":true,""status"":""VALID"",""sample_index"":379,""time_from_start_s"":9.096,""joints_rad"":[2.8408924964789333,0.46282588563575483,-1.1466848356157768,1.2747375355225894,-0.42802357556775106,0.39248964846941],""source"":""LATEST SUCCESSFUL PHASE5 SERVO_J COMMAND \u2014 DRIVER MEMORY"",""error"":null},""right"":{""valid"":true,""status"":""VALID"",""sample_index"":378,""time_from_start_s"":9.072000000000001,""joints_rad"":[0.23607140212697986,2.790369507976205,0.8771742561054435,-1.2837107442223121,3.4875742996417394,1.6831098648298686],""source"":""LATEST SUCCESSFUL PHASE5 SERVO_J COMMAND \u2014 DRIVER MEMORY"",""error"":null}}","{""left"":{""valid"":true,""fresh"":true,""status"":""FRESH"",""joints_rad"":[2.838751673897072,0.4625621681951043,-1.150976050250657,1.2760171974500623,-0.43570155100691166,0.3782728882334398],""received_at_ms"":1788503999663,""age_ms"":3,""source"":""jaka_port10000_actual_feedback"",""mapping"":""port10000_joint_actual_position_deg_to_rad"",""error"":null},""right"":{""valid"":true,""fresh"":true,""status"":""FRESH"",""joints_rad"":[0.2330033750034202,2.789060230230616,0.880638337217826,-1.2720643757601455,3.480125965551649,1.673379449844265],""received_at_ms"":1788503999624,""age_ms"":42,""source"":""jaka_port10000_actual_feedback"",""mapping"":""port10000_joint_actual_position_deg_to_rad"",""error"":null}}","{""left"":{""values"":[-112.36811382434098,-3.367675738991238,1.72607421875,-3.969970703125,-0.2589111328125,0.7274169921875],""received_at_ms"":1788503987887,""valid"":true,""status"":""STALE"",""error"":""Torque sample age 11779 ms exceeds 1500 ms"",""source"":""/left_jaka_driver/joint_torque_raw"",""age_ms"":11779,""fresh"":false},""right"":{""values"":[111.13329938671086,3.143164023058489,-2.6630859375,4.29052734375,-0.03082275390625,0.09246826171875],""received_at_ms"":1788503987893,""valid"":true,""status"":""STALE"",""error"":""Torque sample age 11773 ms exceeds 1500 ms"",""source"":""/right_jaka_driver/joint_torque_raw"",""age_ms"":11773,""fresh"":false}}"
111,1788503999769,RUNNING,9.192,"{""left"":{""valid"":true,""status"":""VALID"",""sample_index"":383,""time_from_start_s"":9.192,""joints_rad"":[2.8431576907525264,0.4629990400896712,-1.1423384947952768,1.273321706051065,-0.42024522749233284,0.4067171415637949],""source"":""LATEST SUCCESSFUL PHASE5 SERVO_J COMMAND \u2014 DRIVER MEMORY"",""error"":null},""right"":{""valid"":true,""status"":""VALID"",""sample_index"":383,""time_from_start_s"":9.192,""joints_rad"":[0.23877824383858684,2.7915317484294873,0.8740392083227615,-1.2941894909749287,3.4941563183712643,1.691737578950685],""source"":""LATEST SUCCESSFUL PHASE5 SERVO_J COMMAND \u2014 DRIVER MEMORY"",""error"":null}}","{""left"":{""valid"":true,""fresh"":true,""status"":""FRESH"",""joints_rad"":[2.8408129077436772,0.4627658481188121,-1.146985354915972,1.2747947688419656,-0.428403107673847,0.39163530351963366],""received_at_ms"":1788503999760,""age_ms"":9,""source"":""jaka_port10000_actual_feedback"",""mapping"":""port10000_joint_actual_position_deg_to_rad"",""error"":null},""right"":{""valid"":true,""fresh"":true,""status"":""FRESH"",""joints_rad"":[0.23498083304592976,2.7899472065564797,0.8783612061427492,-1.279722356919121,3.485051459233702,1.6796711872647792],""received_at_ms"":1788503999736,""age_ms"":33,""source"":""jaka_port10000_actual_feedback"",""mapping"":""port10000_joint_actual_position_deg_to_rad"",""error"":null}}","{""left"":{""values"":[-112.36811382434098,-3.367675738991238,1.72607421875,-3.969970703125,-0.2589111328125,0.7274169921875],""received_at_ms"":1788503987887,""valid"":true,""status"":""STALE"",""error"":""Torque sample age 11882 ms exceeds 1500 ms"",""source"":""/left_jaka_driver/joint_torque_raw"",""age_ms"":11882,""fresh"":false},""right"":{""values"":[111.13329938671086,3.143164023058489,-2.6630859375,4.29052734375,-0.03082275390625,0.09246826171875],""received_at_ms"":1788503987893,""valid"":true,""status"":""STALE"",""error"":""Torque sample age 11876 ms exceeds 1500 ms"",""source"":""/right_jaka_driver/joint_torque_raw"",""age_ms"":11876,""fresh"":false}}"
112,1788503999878,RUNNING,9.288,"{""left"":{""valid"":true,""status"":""VALID"",""sample_index"":387,""time_from_start_s"":9.288,""joints_rad"":[2.8454262933163523,0.46312228750403434,-1.1379468576952554,1.271878614423802,-0.41257168407304484,0.42097290275757454],""source"":""LATEST SUCCESSFUL PHASE5 SERVO_J COMMAND \u2014 DRIVER MEMORY"",""error"":null},""right"":{""valid"":true,""status"":""VALID"",""sample_index"":387,""time_from_start_s"":9.288,""joints_rad"":[0.2409315801353096,2.7924531707113283,0.8715198011133607,-1.3025762365803526,3.4994436142451164,1.6985982639773534],""source"":""LATEST SUCCESSFUL PHASE5 SERVO_J COMMAND \u2014 DRIVER MEMORY"",""error"":null}}","{""left"":{""valid"":true,""fresh"":true,""status"":""FRESH"",""joints_rad"":[2.842886184362121,0.46293357425992876,-1.142946663026857,1.2735004326686865,-0.42129647602557646,0.40460222719732547],""received_at_ms"":1788503999846,""age_ms"":32,""source"":""jaka_port10000_actual_feedback"",""mapping"":""port10000_joint_actual_position_deg_to_rad"",""error"":null},""right"":{""valid"":true,""fresh"":true,""status"":""FRESH"",""joints_rad"":[0.23753337707697147,2.791013777262373,0.8754131705032054,-1.289393575370272,3.491247378078282,1.6877126172604178],""received_at_ms"":1788503999807,""age_ms"":71,""source"":""jaka_port10000_actual_feedback"",""mapping"":""port10000_joint_actual_position_deg_to_rad"",""error"":null}}","{""left"":{""values"":[-112.36811382434098,-3.367675738991238,1.72607421875,-3.969970703125,-0.2589111328125,0.7274169921875],""received_at_ms"":1788503987887,""valid"":true,""status"":""STALE"",""error"":""Torque sample age 11991 ms exceeds 1500 ms"",""source"":""/left_jaka_driver/joint_torque_raw"",""age_ms"":11991,""fresh"":false},""right"":{""values"":[111.13329938671086,3.143164023058489,-2.6630859375,4.29052734375,-0.03082275390625,0.09246826171875],""received_at_ms"":1788503987893,""valid"":true,""status"":""STALE"",""error"":""Torque sample age 11985 ms exceeds 1500 ms"",""source"":""/right_jaka_driver/joint_torque_raw"",""age_ms"":11985,""fresh"":false}}"
113,1788503999971,RUNNING,9.384,"{""left"":{""valid"":true,""status"":""VALID"",""sample_index"":391,""time_from_start_s"":9.384,""joints_rad"":[2.8477018423229747,0.463192030079475,-1.1335073672815235,1.270383234067529,-0.4049946408707715,0.435250619924896],""source"":""LATEST SUCCESSFUL PHASE5 SERVO_J COMMAND \u2014 DRIVER MEMORY"",""error"":null},""right"":{""valid"":true,""status"":""VALID"",""sample_index"":391,""time_from_start_s"":9.384,""joints_rad"":[0.24307668439528402,2.793365433977455,0.8689922381931444,-1.3109653951095512,3.5047421405947263,1.7054329434844275],""source"":""LATEST SUCCESSFUL PHASE5 SERVO_J COMMAND \u2014 DRIVER MEMORY"",""error"":null}}","{""left"":{""valid"":true,""fresh"":true,""status"":""FRESH"",""joints_rad"":[2.8445880549157407,0.46301752459694967,-1.1396989543547462,1.272421819190954,-0.41546009500690745,0.4151963757569311],""received_at_ms"":1788503999960,""age_ms"":11,""source"":""jaka_port10000_actual_feedback"",""mapping"":""port10000_joint_actual_position_deg_to_rad"",""error"":null},""right"":{""valid"":true,""fresh"":true,""status"":""FRESH"",""joints_rad"":[0.23905547871763574,2.791708767370517,0.8735315310366304,-1.2956134052256043,3.495286069967397,1.6928538336380177],""received_at_ms"":1788503999881,""age_ms"":90,""source"":""jaka_port10000_actual_feedback"",""mapping"":""port10000_joint_actual_position_deg_to_rad"",""error"":null}}","{""left"":{""values"":[-112.36811382434098,-3.367675738991238,1.72607421875,-3.969970703125,-0.2589111328125,0.7274169921875],""received_at_ms"":1788503987887,""valid"":true,""status"":""STALE"",""error"":""Torque sample age 12084 ms exceeds 1500 ms"",""source"":""/left_jaka_driver/joint_torque_raw"",""age_ms"":12084,""fresh"":false},""right"":{""values"":[111.13329938671086,3.143164023058489,-2.6630859375,4.29052734375,-0.03082275390625,0.09246826171875],""received_at_ms"":1788503987893,""valid"":true,""status"":""STALE"",""error"":""Torque sample age 12078 ms exceeds 1500 ms"",""source"":""/right_jaka_driver/joint_torque_raw"",""age_ms"":12078,""fresh"":false}}"
114,1788504000070,RUNNING,9.48,"{""left"":{""valid"":true,""status"":""VALID"",""sample_index"":395,""time_from_start_s"":9.48,""joints_rad"":[2.8499914740212127,0.4632060883866625,-1.1290158296024644,1.2687977747429093,-0.3974977446545504,0.44953721690663245],""source"":""LATEST SUCCESSFUL PHASE5 SERVO_J COMMAND \u2014 DRIVER MEMORY"",""error"":null},""right"":{""valid"":true,""status"":""VALID"",""sample_index"":395,""time_from_start_s"":9.48,""joints_rad"":[0.24521764630817927,2.794272009962672,0.8664604364696601,-1.3193557185343834,3.5100452515238256,1.7122552065151306],""source"":""LATEST SUCCESSFUL PHASE5 SERVO_J COMMAND \u2014 DRIVER MEMORY"",""error"":null}}","{""left"":{""valid"":true,""fresh"":true,""status"":""FRESH"",""joints_rad"":[2.8471645099575347,0.46306552115137956,-1.134533826966394,1.2706841693876685,-0.40661581355535137,0.4316026452586029],""received_at_ms"":1788504000027,""age_ms"":43,""source"":""jaka_port10000_actual_feedback"",""mapping"":""port10000_joint_actual_position_deg_to_rad"",""error"":null},""right"":{""valid"":true,""fresh"":true,""status"":""FRESH"",""joints_rad"":[0.24124848492276663,2.7927154732830677,0.8710629373426096,-1.304002330275315,3.5004991939101786,1.6997806963733326],""received_at_ms"":1788503999995,""age_ms"":75,""source"":""jaka_port10000_actual_feedback"",""mapping"":""port10000_joint_actual_position_deg_to_rad"",""error"":null}}","{""left"":{""values"":[-112.36811382434098,-3.367675738991238,1.72607421875,-3.969970703125,-0.2589111328125,0.7274169921875],""received_at_ms"":1788503987887,""valid"":true,""status"":""STALE"",""error"":""Torque sample age 12183 ms exceeds 1500 ms"",""source"":""/left_jaka_driver/joint_torque_raw"",""age_ms"":12183,""fresh"":false},""right"":{""values"":[111.13329938671086,3.143164023058489,-2.6630859375,4.29052734375,-0.03082275390625,0.09246826171875],""received_at_ms"":1788503987893,""valid"":true,""status"":""STALE"",""error"":""Torque sample age 12177 ms exceeds 1500 ms"",""source"":""/right_jaka_driver/joint_torque_raw"",""age_ms"":12177,""fresh"":false}}"
115,1788504000173,RUNNING,9.576,"{""left"":{""valid"":true,""status"":""VALID"",""sample_index"":400,""time_from_start_s"":9.6,""joints_rad"":[2.8528871910295837,0.46312632841766527,-1.1233191563788067,1.2665983160421224,-0.3881989144649558,0.46738420937295144],""source"":""LATEST SUCCESSFUL PHASE5 SERVO_J COMMAND \u2014 DRIVER MEMORY"",""error"":null},""right"":{""valid"":true,""status"":""VALID"",""sample_index"":399,""time_from_start_s"":9.576,""joints_rad"":[0.2473589790434898,2.795185305021709,0.8639301110545843,-1.3277451146003028,3.5153551372740006,1.7190758911158326],""source"":""LATEST SUCCESSFUL PHASE5 SERVO_J COMMAND \u2014 DRIVER MEMORY"",""error"":null}}","{""left"":{""valid"":true,""fresh"":true,""status"":""FRESH"",""joints_rad"":[2.848890291521907,0.46310147493397064,-1.1311302603920796,1.2695816448991837,-0.4009951552322288,0.442412516513755],""received_at_ms"":1788504000096,""age_ms"":77,""source"":""jaka_port10000_actual_feedback"",""mapping"":""port10000_joint_actual_position_deg_to_rad"",""error"":null},""right"":{""valid"":true,""fresh"":true,""status"":""FRESH"",""joints_rad"":[0.24326189674786725,2.793506456500072,0.8687138987023504,-1.3118280375754072,3.5053887338096406,1.7060483482501696],""received_at_ms"":1788504000109,""age_ms"":64,""source"":""jaka_port10000_actual_feedback"",""mapping"":""port10000_joint_actual_position_deg_to_rad"",""error"":null}}","{""left"":{""values"":[-112.36811382434098,-3.367675738991238,1.72607421875,-3.969970703125,-0.2589111328125,0.7274169921875],""received_at_ms"":1788503987887,""valid"":true,""status"":""STALE"",""error"":""Torque sample age 12285 ms exceeds 1500 ms"",""source"":""/left_jaka_driver/joint_torque_raw"",""age_ms"":12285,""fresh"":false},""right"":{""values"":[111.13329938671086,3.143164023058489,-2.6630859375,4.29052734375,-0.03082275390625,0.09246826171875],""received_at_ms"":1788503987893,""valid"":true,""status"":""STALE"",""error"":""Torque sample age 12279 ms exceeds 1500 ms"",""source"":""/right_jaka_driver/joint_torque_raw"",""age_ms"":12279,""fresh"":false}}"
116,1788504000270,RUNNING,9.696,"{""left"":{""valid"":true,""status"":""VALID"",""sample_index"":404,""time_from_start_s"":9.696,""joints_rad"":[2.85523818892712,0.4629539464381084,-1.118689323774338,1.26458565586663,-0.38078617501409073,0.481642204815236],""source"":""LATEST SUCCESSFUL PHASE5 SERVO_J COMMAND \u2014 DRIVER MEMORY"",""error"":null},""right"":{""valid"":true,""status"":""VALID"",""sample_index"":404,""time_from_start_s"":9.696,""joints_rad"":[0.25003917714985,2.7963660686495397,0.8607764678432949,-1.338226964181867,3.522026510747013,1.7275978247052686],""source"":""LATEST SUCCESSFUL PHASE5 SERVO_J COMMAND \u2014 DRIVER MEMORY"",""error"":null}}","{""left"":{""valid"":true,""fresh"":true,""status"":""FRESH"",""joints_rad"":[2.851371102520692,0.46306552115137956,-1.1262166349489402,1.2678319523240593,-0.39300172179102,0.45790807321173627],""received_at_ms"":1788504000204,""age_ms"":66,""source"":""jaka_port10000_actual_feedback"",""mapping"":""port10000_joint_actual_position_deg_to_rad"",""error"":null},""right"":{""valid"":true,""fresh"":true,""status"":""FRESH"",""joints_rad"":[0.2459584304421985,2.7946328919993086,0.8655021438128304,-1.3224220116020875,3.5118003753497673,1.7147009925498566],""received_at_ms"":1788504000180,""age_ms"":90,""source"":""jaka_port10000_actual_feedback"",""mapping"":""port10000_joint_actual_position_deg_to_rad"",""error"":null}}","{""left"":{""values"":[-112.36811382434098,-3.367675738991238,1.72607421875,-3.969970703125,-0.2589111328125,0.7274169921875],""received_at_ms"":1788503987887,""valid"":true,""status"":""STALE"",""error"":""Torque sample age 12383 ms exceeds 1500 ms"",""source"":""/left_jaka_driver/joint_torque_raw"",""age_ms"":12383,""fresh"":false},""right"":{""values"":[111.13329938671086,3.143164023058489,-2.6630859375,4.29052734375,-0.03082275390625,0.09246826171875],""received_at_ms"":1788503987893,""valid"":true,""status"":""STALE"",""error"":""Torque sample age 12377 ms exceeds 1500 ms"",""source"":""/right_jaka_driver/joint_torque_raw"",""age_ms"":12377,""fresh"":false}}"
117,1788504000381,RUNNING,9.792,"{""left"":{""valid"":true,""status"":""VALID"",""sample_index"":408,""time_from_start_s"":9.792,""joints_rad"":[2.857623370351486,0.46266754470830734,-1.113991332868493,1.26230359232068,-0.37338142333724855,0.4958781285545011],""source"":""LATEST SUCCESSFUL PHASE5 SERVO_J COMMAND \u2014 DRIVER MEMORY"",""error"":null},""right"":{""valid"":true,""status"":""VALID"",""sample_index"":408,""time_from_start_s"":9.792,""joints_rad"":[0.2521866214940643,2.7973606425099256,0.8582637557814986,-1.3466073110168115,3.527407424485677,1.7344066721415254],""source"":""LATEST SUCCESSFUL PHASE5 SERVO_J COMMAND \u2014 DRIVER MEMORY"",""error"":null}}","{""left"":{""valid"":true,""fresh"":true,""status"":""FRESH"",""joints_rad"":[2.8530727985413864,0.4629576598036063,-1.1228491966901424,1.2664896195963504,-0.38747705657675713,0.4685140900102554],""received_at_ms"":1788504000313,""age_ms"":68,""source"":""jaka_port10000_actual_feedback"",""mapping"":""port10000_joint_actual_position_deg_to_rad"",""error"":null},""right"":{""valid"":true,""fresh"":true,""status"":""FRESH"",""joints_rad"":[0.24991317199429244,2.79632271978109,0.8608642803915059,-1.3375102084526533,3.5214955048116705,1.7271286094886822],""received_at_ms"":1788504000359,""age_ms"":22,""source"":""jaka_port10000_actual_feedback"",""mapping"":""port10000_joint_actual_position_deg_to_rad"",""error"":null}}","{""left"":{""values"":[-112.36811382434098,-3.367675738991238,1.72607421875,-3.969970703125,-0.2589111328125,0.7274169921875],""received_at_ms"":1788503987887,""valid"":true,""status"":""STALE"",""error"":""Torque sample age 12494 ms exceeds 1500 ms"",""source"":""/left_jaka_driver/joint_torque_raw"",""age_ms"":12494,""fresh"":false},""right"":{""values"":[111.13329938671086,3.143164023058489,-2.6630859375,4.29052734375,-0.03082275390625,0.09246826171875],""received_at_ms"":1788503987893,""valid"":true,""status"":""STALE"",""error"":""Torque sample age 12488 ms exceeds 1500 ms"",""source"":""/right_jaka_driver/joint_torque_raw"",""age_ms"":12488,""fresh"":false}}"
118,1788504000476,RUNNING,9.888,"{""left"":{""valid"":true,""status"":""VALID"",""sample_index"":412,""time_from_start_s"":9.888,""joints_rad"":[2.860043724549084,0.4622607460832994,-1.1092236194294878,1.2597339479440612,-0.3659811607078155,0.5100910439511569],""source"":""LATEST SUCCESSFUL PHASE5 SERVO_J COMMAND \u2014 DRIVER MEMORY"",""error"":null},""right"":{""valid"":true,""status"":""VALID"",""sample_index"":412,""time_from_start_s"":9.888,""joints_rad"":[0.25433611840644615,2.798411054119925,0.8557602980431366,-1.354983399525466,3.5328378321800433,1.7412009040206895],""source"":""LATEST SUCCESSFUL PHASE5 SERVO_J COMMAND \u2014 DRIVER MEMORY"",""error"":null}}","{""left"":{""valid"":true,""fresh"":true,""status"":""FRESH"",""joints_rad"":[2.8574830710282506,0.46263407576028653,-1.1143283247489808,1.2626188283812776,-0.3739467406165215,0.4948675145178186],""received_at_ms"":1788504000457,""age_ms"":19,""source"":""jaka_port10000_actual_feedback"",""mapping"":""port10000_joint_actual_position_deg_to_rad"",""error"":null},""right"":{""valid"":true,""fresh"":true,""status"":""FRESH"",""joints_rad"":[0.25155500322164354,2.7970777492155023,0.8590067264686084,-1.3438378996557587,3.5256061042659677,1.7320900569533266],""received_at_ms"":1788504000470,""age_ms"":6,""source"":""jaka_port10000_actual_feedback"",""mapping"":""port10000_joint_actual_position_deg_to_rad"",""error"":null}}","{""left"":{""values"":[-112.36811382434098,-3.367675738991238,1.72607421875,-3.969970703125,-0.2589111328125,0.7274169921875],""received_at_ms"":1788503987887,""valid"":true,""status"":""STALE"",""error"":""Torque sample age 12589 ms exceeds 1500 ms"",""source"":""/left_jaka_driver/joint_torque_raw"",""age_ms"":12589,""fresh"":false},""right"":{""values"":[111.13329938671086,3.143164023058489,-2.6630859375,4.29052734375,-0.03082275390625,0.09246826171875],""received_at_ms"":1788503987893,""valid"":true,""status"":""STALE"",""error"":""Torque sample age 12583 ms exceeds 1500 ms"",""source"":""/right_jaka_driver/joint_torque_raw"",""age_ms"":12583,""fresh"":false}}"
119,1788504000579,RUNNING,10.008000000000001,"{""left"":{""valid"":true,""status"":""VALID"",""sample_index"":417,""time_from_start_s"":10.008000000000001,""joints_rad"":[2.863117188112926,0.46158560304835655,-1.103165917176755,1.2561189497555654,-0.3567453524063867,0.5278276616965413],""source"":""LATEST SUCCESSFUL PHASE5 SERVO_J COMMAND \u2014 DRIVER MEMORY"",""error"":null},""right"":{""valid"":true,""status"":""VALID"",""sample_index"":417,""time_from_start_s"":10.008000000000001,""joints_rad"":[0.2570231589322022,2.7998118849802505,0.8526414740470489,-1.3654496043294286,3.539704676656092,1.7496614670969788],""source"":""LATEST SUCCESSFUL PHASE5 SERVO_J COMMAND \u2014 DRIVER MEMORY"",""error"":null}}","{""left"":{""valid"":true,""fresh"":true,""status"":""FRESH"",""joints_rad"":[2.860371241874451,0.4622144986081071,-1.1087556629802882,1.2595508886221218,-0.36518640950198633,0.5116813183998312],""received_at_ms"":1788504000569,""age_ms"":10,""source"":""jaka_port10000_actual_feedback"",""mapping"":""port10000_joint_actual_position_deg_to_rad"",""error"":null},""right"":{""valid"":true,""fresh"":true,""status"":""FRESH"",""joints_rad"":[0.25155500322164354,2.7970777492155023,0.8590067264686084,-1.3438378996557587,3.5256061042659677,1.7320900569533266],""received_at_ms"":1788504000470,""age_ms"":109,""source"":""jaka_port10000_actual_feedback"",""mapping"":""port10000_joint_actual_position_deg_to_rad"",""error"":null}}","{""left"":{""values"":[-112.36811382434098,-3.367675738991238,1.72607421875,-3.969970703125,-0.2589111328125,0.7274169921875],""received_at_ms"":1788503987887,""valid"":true,""status"":""STALE"",""error"":""Torque sample age 12692 ms exceeds 1500 ms"",""source"":""/left_jaka_driver/joint_torque_raw"",""age_ms"":12692,""fresh"":false},""right"":{""values"":[111.13329938671086,3.143164023058489,-2.6630859375,4.29052734375,-0.03082275390625,0.09246826171875],""received_at_ms"":1788503987893,""valid"":true,""status"":""STALE"",""error"":""Torque sample age 12686 ms exceeds 1500 ms"",""source"":""/right_jaka_driver/joint_torque_raw"",""age_ms"":12686,""fresh"":false}}"
120,1788504000675,RUNNING,10.104000000000001,"{""left"":{""valid"":true,""status"":""VALID"",""sample_index"":421,""time_from_start_s"":10.104000000000001,""joints_rad"":[2.865611311432376,0.46092227511607425,-1.0982428279830294,1.2529248002898046,-0.3493835749702251,0.5419983478779999],""source"":""LATEST SUCCESSFUL PHASE5 SERVO_J COMMAND \u2014 DRIVER MEMORY"",""error"":null},""right"":{""valid"":true,""status"":""VALID"",""sample_index"":421,""time_from_start_s"":10.104000000000001,""joints_rad"":[0.2591699292274091,2.801005795260948,0.8501511883135294,-1.373822051210517,3.545264884011675,1.7563939642005155],""source"":""LATEST SUCCESSFUL PHASE5 SERVO_J COMMAND \u2014 DRIVER MEMORY"",""error"":null}}","{""left"":{""valid"":true,""fresh"":true,""status"":""FRESH"",""joints_rad"":[2.860371241874451,0.4622144986081071,-1.1087556629802882,1.2595508886221218,-0.36518640950198633,0.5116813183998312],""received_at_ms"":1788504000569,""age_ms"":106,""source"":""jaka_port10000_actual_feedback"",""mapping"":""port10000_joint_actual_position_deg_to_rad"",""error"":null},""right"":{""valid"":true,""fresh"":true,""status"":""FRESH"",""joints_rad"":[0.25689989952295095,2.7997861511487474,0.8528348931677061,-1.3649541146768625,3.5392083277913855,1.7492035338679066],""received_at_ms"":1788504000671,""age_ms"":4,""source"":""jaka_port10000_actual_feedback"",""mapping"":""port10000_joint_actual_position_deg_to_rad"",""error"":null}}","{""left"":{""values"":[-112.36811382434098,-3.367675738991238,1.72607421875,-3.969970703125,-0.2589111328125,0.7274169921875],""received_at_ms"":1788503987887,""valid"":true,""status"":""STALE"",""error"":""Torque sample age 12788 ms exceeds 1500 ms"",""source"":""/left_jaka_driver/joint_torque_raw"",""age_ms"":12788,""fresh"":false},""right"":{""values"":[111.13329938671086,3.143164023058489,-2.6630859375,4.29052734375,-0.03082275390625,0.09246826171875],""received_at_ms"":1788503987893,""valid"":true,""status"":""STALE"",""error"":""Torque sample age 12782 ms exceeds 1500 ms"",""source"":""/right_jaka_driver/joint_torque_raw"",""age_ms"":12782,""fresh"":false}}"
121,1788504000774,RUNNING,10.200000000000001,"{""left"":{""valid"":true,""status"":""VALID"",""sample_index"":425,""time_from_start_s"":10.200000000000001,""joints_rad"":[2.868132833601918,0.46016377308034223,-1.0932537482613298,1.2494931239814362,-0.34206505740262244,0.5561588122433604],""source"":""LATEST SUCCESSFUL PHASE5 SERVO_J COMMAND \u2014 DRIVER MEMORY"",""error"":null},""right"":{""valid"":true,""status"":""VALID"",""sample_index"":425,""time_from_start_s"":10.200000000000001,""joints_rad"":[0.2613110183881836,2.802264095848007,0.8476609017763729,-1.3821969319297027,3.550884785404322,1.7630852925972256],""source"":""LATEST SUCCESSFUL PHASE5 SERVO_J COMMAND \u2014 DRIVER MEMORY"",""error"":null}}","{""left"":{""valid"":true,""fresh"":true,""status"":""FRESH"",""joints_rad"":[2.8634751354161976,0.46154341951071526,-1.1027037337989978,1.2559195565804224,-0.3561621846045497,0.5289984752381189],""received_at_ms"":1788504000683,""age_ms"":91,""source"":""jaka_port10000_actual_feedback"",""mapping"":""port10000_joint_actual_position_deg_to_rad"",""error"":null},""right"":{""valid"":true,""fresh"":true,""status"":""FRESH"",""joints_rad"":[0.258541730750302,2.8006490419309333,0.8509652964729697,-1.3713057168907203,3.5432108913649842,1.7542609744414106],""received_at_ms"":1788504000744,""age_ms"":30,""source"":""jaka_port10000_actual_feedback"",""mapping"":""port10000_joint_actual_position_deg_to_rad"",""error"":null}}","{""left"":{""values"":[-112.36811382434098,-3.367675738991238,1.72607421875,-3.969970703125,-0.2589111328125,0.7274169921875],""received_at_ms"":1788503987887,""valid"":true,""status"":""STALE"",""error"":""Torque sample age 12887 ms exceeds 1500 ms"",""source"":""/left_jaka_driver/joint_torque_raw"",""age_ms"":12887,""fresh"":false},""right"":{""values"":[111.13329938671086,3.143164023058489,-2.6630859375,4.29052734375,-0.03082275390625,0.09246826171875],""received_at_ms"":1788503987893,""valid"":true,""status"":""STALE"",""error"":""Torque sample age 12881 ms exceeds 1500 ms"",""source"":""/right_jaka_driver/joint_torque_raw"",""age_ms"":12881,""fresh"":false}}"
122,1788504000879,RUNNING,10.296,"{""left"":{""valid"":true,""status"":""VALID"",""sample_index"":429,""time_from_start_s"":10.296,""joints_rad"":[2.8706772036905384,0.4593267137388209,-1.0882015421875726,1.2458611426838146,-0.33481129763287154,0.570316069392666],""source"":""LATEST SUCCESSFUL PHASE5 SERVO_J COMMAND \u2014 DRIVER MEMORY"",""error"":null},""right"":{""valid"":true,""status"":""VALID"",""sample_index"":429,""time_from_start_s"":10.296,""joints_rad"":[0.26344333457237645,2.8035835363406636,0.8451661340743292,-1.390577206840788,3.5565624670472444,1.7697273231290622],""source"":""LATEST SUCCESSFUL PHASE5 SERVO_J COMMAND \u2014 DRIVER MEMORY"",""error"":null}}","{""left"":{""valid"":true,""fresh"":true,""status"":""FRESH"",""joints_rad"":[2.865176831436892,0.4611001058807087,-1.0994200713442956,1.2537265503752917,-0.35123669092249643,0.5384300599829711],""received_at_ms"":1788504000797,""age_ms"":82,""source"":""jaka_port10000_actual_feedback"",""mapping"":""port10000_joint_actual_position_deg_to_rad"",""error"":null},""right"":{""valid"":true,""fresh"":true,""status"":""FRESH"",""joints_rad"":[0.2601716937387395,2.8015358437238715,0.8491316535608244,-1.3775735433004825,3.5474293521670544,1.759330283253828],""received_at_ms"":1788504000856,""age_ms"":23,""source"":""jaka_port10000_actual_feedback"",""mapping"":""port10000_joint_actual_position_deg_to_rad"",""error"":null}}","{""left"":{""values"":[-112.36811382434098,-3.367675738991238,1.72607421875,-3.969970703125,-0.2589111328125,0.7274169921875],""received_at_ms"":1788503987887,""valid"":true,""status"":""STALE"",""error"":""Torque sample age 12992 ms exceeds 1500 ms"",""source"":""/left_jaka_driver/joint_torque_raw"",""age_ms"":12992,""fresh"":false},""right"":{""values"":[111.13329938671086,3.143164023058489,-2.6630859375,4.29052734375,-0.03082275390625,0.09246826171875],""received_at_ms"":1788503987893,""valid"":true,""status"":""STALE"",""error"":""Torque sample age 12986 ms exceeds 1500 ms"",""source"":""/right_jaka_driver/joint_torque_raw"",""age_ms"":12986,""fresh"":false}}"
123,1788504000979,RUNNING,10.392,"{""left"":{""valid"":true,""status"":""VALID"",""sample_index"":433,""time_from_start_s"":10.392,""joints_rad"":[2.8732394299735398,0.4584293957119236,-1.083089412381057,1.2420708135750997,-0.3276455388522311,0.5844777408026417],""source"":""LATEST SUCCESSFUL PHASE5 SERVO_J COMMAND \u2014 DRIVER MEMORY"",""error"":null},""right"":{""valid"":true,""status"":""VALID"",""sample_index"":433,""time_from_start_s"":10.392,""joints_rad"":[0.2655638272172844,2.8049589273452433,0.8426622327459105,-1.3989658814555004,3.5622942598215905,1.7763127742188103],""source"":""LATEST SUCCESSFUL PHASE5 SERVO_J COMMAND \u2014 DRIVER MEMORY"",""error"":null}}","{""left"":{""valid"":true,""fresh"":true,""status"":""FRESH"",""joints_rad"":[2.8683885863264122,0.46016530753334056,-1.093212109727877,1.2493881854536093,-0.34190092475357875,0.5562266587667817],""received_at_ms"":1788504000911,""age_ms"":68,""source"":""jaka_port10000_actual_feedback"",""mapping"":""port10000_joint_actual_position_deg_to_rad"",""error"":null},""right"":{""valid"":true,""fresh"":true,""status"":""FRESH"",""joints_rad"":[0.26268828398719013,2.803009948810106,0.8462316144757107,-1.3871489431756987,3.553936812283115,1.7671079939994903],""received_at_ms"":1788504000968,""age_ms"":11,""source"":""jaka_port10000_actual_feedback"",""mapping"":""port10000_joint_actual_position_deg_to_rad"",""error"":null}}","{""left"":{""values"":[-112.36811382434098,-3.367675738991238,1.72607421875,-3.969970703125,-0.2589111328125,0.7274169921875],""received_at_ms"":1788503987887,""valid"":true,""status"":""STALE"",""error"":""Torque sample age 13092 ms exceeds 1500 ms"",""source"":""/left_jaka_driver/joint_torque_raw"",""age_ms"":13092,""fresh"":false},""right"":{""values"":[111.13329938671086,3.143164023058489,-2.6630859375,4.29052734375,-0.03082275390625,0.09246826171875],""received_at_ms"":1788503987893,""valid"":true,""status"":""STALE"",""error"":""Torque sample age 13086 ms exceeds 1500 ms"",""source"":""/right_jaka_driver/joint_torque_raw"",""age_ms"":13086,""fresh"":false}}"
124,1788504001079,RUNNING,10.488,"{""left"":{""valid"":true,""status"":""VALID"",""sample_index"":438,""time_from_start_s"":10.512,""joints_rad"":[2.8764595636430315,0.45725119442396006,-1.0766199536748702,1.2371764357617159,-0.318847648193574,0.6021978123922715],""source"":""LATEST SUCCESSFUL PHASE5 SERVO_J COMMAND \u2014 DRIVER MEMORY"",""error"":null},""right"":{""valid"":true,""status"":""VALID"",""sample_index"":437,""time_from_start_s"":10.488,""joints_rad"":[0.26766970215498936,2.806383614181842,0.8401447139129118,-1.407365789901448,3.56807509482407,1.7828356851655138],""source"":""LATEST SUCCESSFUL PHASE5 SERVO_J COMMAND \u2014 DRIVER MEMORY"",""error"":null}}","{""left"":{""valid"":true,""fresh"":true,""status"":""FRESH"",""joints_rad"":[2.8738654295191703,0.4582597570560132,-1.0821386937556738,1.2411669865450152,-0.326189645360051,0.5869662702175318],""received_at_ms"":1788504001073,""age_ms"":6,""source"":""jaka_port10000_actual_feedback"",""mapping"":""port10000_joint_actual_position_deg_to_rad"",""error"":null},""right"":{""valid"":true,""fresh"":true,""status"":""FRESH"",""joints_rad"":[0.2651451839752226,2.804567829700436,0.8432474505206508,-1.3969159802027844,3.5605880875295406,1.7747898861692184],""received_at_ms"":1788504001038,""age_ms"":41,""source"":""jaka_port10000_actual_feedback"",""mapping"":""port10000_joint_actual_position_deg_to_rad"",""error"":null}}","{""left"":{""values"":[-112.36811382434098,-3.367675738991238,1.72607421875,-3.969970703125,-0.2589111328125,0.7274169921875],""received_at_ms"":1788503987887,""valid"":true,""status"":""STALE"",""error"":""Torque sample age 13192 ms exceeds 1500 ms"",""source"":""/left_jaka_driver/joint_torque_raw"",""age_ms"":13192,""fresh"":false},""right"":{""values"":[111.13329938671086,3.143164023058489,-2.6630859375,4.29052734375,-0.03082275390625,0.09246826171875],""received_at_ms"":1788503987893,""valid"":true,""status"":""STALE"",""error"":""Torque sample age 13186 ms exceeds 1500 ms"",""source"":""/right_jaka_driver/joint_torque_raw"",""age_ms"":13186,""fresh"":false}}"
125,1788504001179,RUNNING,10.608,"{""left"":{""valid"":true,""status"":""VALID"",""sample_index"":442,""time_from_start_s"":10.608,""joints_rad"":[2.8790436666552885,0.4562842537265077,-1.0713846360319565,1.233186262308038,-0.3119632020866686,0.6163971517737198],""source"":""LATEST SUCCESSFUL PHASE5 SERVO_J COMMAND \u2014 DRIVER MEMORY"",""error"":null},""right"":{""valid"":true,""status"":""VALID"",""sample_index"":442,""time_from_start_s"":10.608,""joints_rad"":[0.27027801355699627,2.8082220903182313,0.836972686745955,-1.417885145207434,3.5753607205721596,1.790895238462632],""source"":""LATEST SUCCESSFUL PHASE5 SERVO_J COMMAND \u2014 DRIVER MEMORY"",""error"":null}}","{""left"":{""valid"":true,""fresh"":true,""status"":""FRESH"",""joints_rad"":[2.875770979996498,0.45755272417603027,-1.0782558597687621,1.2383027267095674,-0.32102451797169906,0.5976560628201466],""received_at_ms"":1788504001173,""age_ms"":6,""source"":""jaka_port10000_actual_feedback"",""mapping"":""port10000_joint_actual_position_deg_to_rad"",""error"":null},""right"":{""valid"":true,""fresh"":true,""status"":""FRESH"",""joints_rad"":[0.2667749724307349,2.8056345749392553,0.8413300318044097,-1.403279625188481,3.565022271027157,1.7796914688405192],""received_at_ms"":1788504001108,""age_ms"":71,""source"":""jaka_port10000_actual_feedback"",""mapping"":""port10000_joint_actual_position_deg_to_rad"",""error"":null}}","{""left"":{""values"":[-112.36811382434098,-3.367675738991238,1.72607421875,-3.969970703125,-0.2589111328125,0.7274169921875],""received_at_ms"":1788503987887,""valid"":true,""status"":""STALE"",""error"":""Torque sample age 13292 ms exceeds 1500 ms"",""source"":""/left_jaka_driver/joint_torque_raw"",""age_ms"":13292,""fresh"":false},""right"":{""values"":[111.13329938671086,3.143164023058489,-2.6630859375,4.29052734375,-0.03082275390625,0.09246826171875],""received_at_ms"":1788503987893,""valid"":true,""status"":""STALE"",""error"":""Torque sample age 13286 ms exceeds 1500 ms"",""source"":""/right_jaka_driver/joint_torque_raw"",""age_ms"":13286,""fresh"":false}}"
126,1788504001282,RUNNING,10.704,"{""left"":{""valid"":true,""status"":""VALID"",""sample_index"":446,""time_from_start_s"":10.704,""joints_rad"":[2.8816303308965794,0.45531097323616637,-1.0660989013516804,1.229168591510818,-0.30523530632232765,0.6306240467757268],""source"":""LATEST SUCCESSFUL PHASE5 SERVO_J COMMAND \u2014 DRIVER MEMORY"",""error"":null},""right"":{""valid"":true,""status"":""VALID"",""sample_index"":446,""time_from_start_s"":10.704,""joints_rad"":[0.2723435729490975,2.809728992297775,0.8344113236390284,-1.4263183322101678,3.581228534097909,1.7972656996240766],""source"":""LATEST SUCCESSFUL PHASE5 SERVO_J COMMAND \u2014 DRIVER MEMORY"",""error"":null}}","{""left"":{""valid"":true,""fresh"":true,""status"":""FRESH"",""joints_rad"":[2.875770979996498,0.45755272417603027,-1.0782558597687621,1.2383027267095674,-0.32102451797169906,0.5976560628201466],""received_at_ms"":1788504001173,""age_ms"":109,""source"":""jaka_port10000_actual_feedback"",""mapping"":""port10000_joint_actual_position_deg_to_rad"",""error"":null},""right"":{""valid"":true,""fresh"":true,""status"":""FRESH"",""joints_rad"":[0.26888420283177,2.807108505492564,0.8387294912189383,-1.4117045040207827,3.5706907513717843,1.786079024836968],""received_at_ms"":1788504001222,""age_ms"":60,""source"":""jaka_port10000_actual_feedback"",""mapping"":""port10000_joint_actual_position_deg_to_rad"",""error"":null}}","{""left"":{""values"":[-112.36811382434098,-3.367675738991238,1.72607421875,-3.969970703125,-0.2589111328125,0.7274169921875],""received_at_ms"":1788503987887,""valid"":true,""status"":""STALE"",""error"":""Torque sample age 13395 ms exceeds 1500 ms"",""source"":""/left_jaka_driver/joint_torque_raw"",""age_ms"":13395,""fresh"":false},""right"":{""values"":[111.13329938671086,3.143164023058489,-2.6630859375,4.29052734375,-0.03082275390625,0.09246826171875],""received_at_ms"":1788503987893,""valid"":true,""status"":""STALE"",""error"":""Torque sample age 13389 ms exceeds 1500 ms"",""source"":""/right_jaka_driver/joint_torque_raw"",""age_ms"":13389,""fresh"":false}}"
127,1788504001380,RUNNING,10.8,"{""left"":{""valid"":true,""status"":""VALID"",""sample_index"":450,""time_from_start_s"":10.8,""joints_rad"":[2.8842163580733198,0.45434095312413075,-1.060764400614389,1.225150231495493,-0.29867704216261987,0.6448833260871768],""source"":""LATEST SUCCESSFUL PHASE5 SERVO_J COMMAND \u2014 DRIVER MEMORY"",""error"":null},""right"":{""valid"":true,""status"":""VALID"",""sample_index"":450,""time_from_start_s"":10.8,""joints_rad"":[0.2743898041853053,2.8112591679560714,0.8318270521813738,-1.4347681632237237,3.587123545781189,1.803569090885071],""source"":""LATEST SUCCESSFUL PHASE5 SERVO_J COMMAND \u2014 DRIVER MEMORY"",""error"":null}}","{""left"":{""valid"":true,""fresh"":true,""status"":""FRESH"",""joints_rad"":[2.8815113679063074,0.4553595434379742,-1.0664394571339848,1.2295663066057845,-0.3057685949800166,0.6295221097701339],""received_at_ms"":1788504001370,""age_ms"":10,""source"":""jaka_port10000_actual_feedback"",""mapping"":""port10000_joint_actual_position_deg_to_rad"",""error"":null},""right"":{""valid"":true,""fresh"":true,""status"":""FRESH"",""joints_rad"":[0.2708136643198497,2.8085107030136163,0.8363804525786791,-1.4193984389623493,3.576167594564543,1.7919033630837982],""received_at_ms"":1788504001336,""age_ms"":44,""source"":""jaka_port10000_actual_feedback"",""mapping"":""port10000_joint_actual_position_deg_to_rad"",""error"":null}}","{""left"":{""values"":[-112.36811382434098,-3.367675738991238,1.72607421875,-3.969970703125,-0.2589111328125,0.7274169921875],""received_at_ms"":1788503987887,""valid"":true,""status"":""STALE"",""error"":""Torque sample age 13493 ms exceeds 1500 ms"",""source"":""/left_jaka_driver/joint_torque_raw"",""age_ms"":13493,""fresh"":false},""right"":{""values"":[111.13329938671086,3.143164023058489,-2.6630859375,4.29052734375,-0.03082275390625,0.09246826171875],""received_at_ms"":1788503987893,""valid"":true,""status"":""STALE"",""error"":""Torque sample age 13487 ms exceeds 1500 ms"",""source"":""/right_jaka_driver/joint_torque_raw"",""age_ms"":13487,""fresh"":false}}"
128,1788504001488,RUNNING,10.92,"{""left"":{""valid"":true,""status"":""VALID"",""sample_index"":455,""time_from_start_s"":10.92,""joints_rad"":[2.8874452299543787,0.4531381751380128,-1.0540284611647954,1.2201476927095771,-0.29072699185945966,0.6627571732550586],""source"":""LATEST SUCCESSFUL PHASE5 SERVO_J COMMAND \u2014 DRIVER MEMORY"",""error"":null},""right"":{""valid"":true,""status"":""VALID"",""sample_index"":455,""time_from_start_s"":10.92,""joints_rad"":[0.27692160126687676,2.813193132555383,0.8285647302857408,-1.4453532638157882,3.5945198547856103,1.8113618839715162],""source"":""LATEST SUCCESSFUL PHASE5 SERVO_J COMMAND \u2014 DRIVER MEMORY"",""error"":null}}","{""left"":{""valid"":true,""fresh"":true,""status"":""FRESH"",""joints_rad"":[2.8834408293943867,0.4546404677861525,-1.062592402396739,1.2265941854225633,-0.30083105852612463,0.6404159313623069],""received_at_ms"":1788504001440,""age_ms"":48,""source"":""jaka_port10000_actual_feedback"",""mapping"":""port10000_joint_actual_position_deg_to_rad"",""error"":null},""right"":{""valid"":true,""fresh"":true,""status"":""FRESH"",""joints_rad"":[0.27474449486119135,2.8114227848705693,0.8314190051140348,-1.4354812989536267,3.587744363493021,1.804055392533734],""received_at_ms"":1788504001477,""age_ms"":11,""source"":""jaka_port10000_actual_feedback"",""mapping"":""port10000_joint_actual_position_deg_to_rad"",""error"":null}}","{""left"":{""values"":[-112.36811382434098,-3.367675738991238,1.72607421875,-3.969970703125,-0.2589111328125,0.7274169921875],""received_at_ms"":1788503987887,""valid"":true,""status"":""STALE"",""error"":""Torque sample age 13601 ms exceeds 1500 ms"",""source"":""/left_jaka_driver/joint_torque_raw"",""age_ms"":13601,""fresh"":false},""right"":{""values"":[111.13329938671086,3.143164023058489,-2.6630859375,4.29052734375,-0.03082275390625,0.09246826171875],""received_at_ms"":1788503987893,""valid"":true,""status"":""STALE"",""error"":""Torque sample age 13595 ms exceeds 1500 ms"",""source"":""/right_jaka_driver/joint_torque_raw"",""age_ms"":13595,""fresh"":false}}"
129,1788504001592,RUNNING,11.016,"{""left"":{""valid"":true,""status"":""VALID"",""sample_index"":459,""time_from_start_s"":11.016,""joints_rad"":[2.8900253166508523,0.45217837860358323,-1.0485843042248626,1.2161592279374043,-0.2845618669936206,0.6770962418829312],""source"":""LATEST SUCCESSFUL PHASE5 SERVO_J COMMAND \u2014 DRIVER MEMORY"",""error"":null},""right"":{""valid"":true,""status"":""VALID"",""sample_index"":459,""time_from_start_s"":11.016,""joints_rad"":[0.2789290182597726,2.8147494977177194,0.8259320510464802,-1.4538373966015257,3.6004510256651683,1.8175382478378268],""source"":""LATEST SUCCESSFUL PHASE5 SERVO_J COMMAND \u2014 DRIVER MEMORY"",""error"":null}}","{""left"":{""valid"":true,""fresh"":true,""status"":""FRESH"",""joints_rad"":[2.886652584283907,0.4534300819498944,-1.0559652126939914,1.221596784175328,-0.29272976373714255,0.6579128571135501],""received_at_ms"":1788504001547,""age_ms"":45,""source"":""jaka_port10000_actual_feedback"",""mapping"":""port10000_joint_actual_position_deg_to_rad"",""error"":null},""right"":{""valid"":true,""fresh"":true,""status"":""FRESH"",""joints_rad"":[0.2762425109581781,2.81256143767457,0.8294776753870415,-1.4419168515045053,3.5921785469906373,1.8088011173028316],""received_at_ms"":1788504001591,""age_ms"":1,""source"":""jaka_port10000_actual_feedback"",""mapping"":""port10000_joint_actual_position_deg_to_rad"",""error"":null}}","{""left"":{""values"":[-112.36811382434098,-3.367675738991238,1.72607421875,-3.969970703125,-0.2589111328125,0.7274169921875],""received_at_ms"":1788503987887,""valid"":true,""status"":""STALE"",""error"":""Torque sample age 13705 ms exceeds 1500 ms"",""source"":""/left_jaka_driver/joint_torque_raw"",""age_ms"":13705,""fresh"":false},""right"":{""values"":[111.13329938671086,3.143164023058489,-2.6630859375,4.29052734375,-0.03082275390625,0.09246826171875],""received_at_ms"":1788503987893,""valid"":true,""status"":""STALE"",""error"":""Torque sample age 13699 ms exceeds 1500 ms"",""source"":""/right_jaka_driver/joint_torque_raw"",""age_ms"":13699,""fresh"":false}}"
130,1788504001684,RUNNING,11.112,"{""left"":{""valid"":true,""status"":""VALID"",""sample_index"":463,""time_from_start_s"":11.112,""joints_rad"":[2.8926049471559625,0.4512058007930973,-1.0430879784877225,1.2121588852972032,-0.2785556465344141,0.6914676261073233],""source"":""LATEST SUCCESSFUL PHASE5 SERVO_J COMMAND \u2014 DRIVER MEMORY"",""error"":null},""right"":{""valid"":true,""status"":""VALID"",""sample_index"":463,""time_from_start_s"":11.112,""joints_rad"":[0.28092476148006856,2.8163089023090353,0.8232842467673911,-1.462332052625367,3.6063887261636025,1.8236782103295668],""source"":""LATEST SUCCESSFUL PHASE5 SERVO_J COMMAND \u2014 DRIVER MEMORY"",""error"":null}}","{""left"":{""valid"":true,""fresh"":true,""status"":""FRESH"",""joints_rad"":[2.88836632307644,0.4527710456243414,-1.0523939199785606,1.218852428459492,-0.28858321050025443,0.6675601645539487],""received_at_ms"":1788504001657,""age_ms"":27,""source"":""jaka_port10000_actual_feedback"",""mapping"":""port10000_joint_actual_position_deg_to_rad"",""error"":null},""right"":{""valid"":true,""fresh"":true,""status"":""FRESH"",""joints_rad"":[0.2762425109581781,2.81256143767457,0.8294776753870415,-1.4419168515045053,3.5921785469906373,1.8088011173028316],""received_at_ms"":1788504001591,""age_ms"":93,""source"":""jaka_port10000_actual_feedback"",""mapping"":""port10000_joint_actual_position_deg_to_rad"",""error"":null}}","{""left"":{""values"":[-112.36811382434098,-3.367675738991238,1.72607421875,-3.969970703125,-0.2589111328125,0.7274169921875],""received_at_ms"":1788503987887,""valid"":true,""status"":""STALE"",""error"":""Torque sample age 13797 ms exceeds 1500 ms"",""source"":""/left_jaka_driver/joint_torque_raw"",""age_ms"":13797,""fresh"":false},""right"":{""values"":[111.13329938671086,3.143164023058489,-2.6630859375,4.29052734375,-0.03082275390625,0.09246826171875],""received_at_ms"":1788503987893,""valid"":true,""status"":""STALE"",""error"":""Torque sample age 13791 ms exceeds 1500 ms"",""source"":""/right_jaka_driver/joint_torque_raw"",""age_ms"":13791,""fresh"":false}}"
131,1788504001784,RUNNING,11.208,"{""left"":{""valid"":true,""status"":""VALID"",""sample_index"":467,""time_from_start_s"":11.208,""joints_rad"":[2.895188917174273,0.45019551499771865,-1.0375341221276488,1.208100445316808,-0.27268217347485385,0.7058658513348289],""source"":""LATEST SUCCESSFUL PHASE5 SERVO_J COMMAND \u2014 DRIVER MEMORY"",""error"":null},""right"":{""valid"":true,""status"":""VALID"",""sample_index"":467,""time_from_start_s"":11.208,""joints_rad"":[0.2829151102013138,2.817869255517958,0.8206283931849259,-1.4708334733953476,3.6123299325566265,1.8298006267903233],""source"":""LATEST SUCCESSFUL PHASE5 SERVO_J COMMAND \u2014 DRIVER MEMORY"",""error"":null}}","{""left"":{""valid"":true,""fresh"":true,""status"":""FRESH"",""joints_rad"":[2.891182586357458,0.45172838592919995,-1.0463898128187747,1.2144182449618752,-0.28190802424307687,0.6830916750345211],""received_at_ms"":1788504001750,""age_ms"":34,""source"":""jaka_port10000_actual_feedback"",""mapping"":""port10000_joint_actual_position_deg_to_rad"",""error"":null},""right"":{""valid"":true,""fresh"":true,""status"":""FRESH"",""joints_rad"":[0.2809042853902549,2.8161925951833444,0.8234016606620735,-1.4617985951456736,3.6056847774071956,1.823206192284167],""received_at_ms"":1788504001775,""age_ms"":9,""source"":""jaka_port10000_actual_feedback"",""mapping"":""port10000_joint_actual_position_deg_to_rad"",""error"":null}}","{""left"":{""values"":[-112.36811382434098,-3.367675738991238,1.72607421875,-3.969970703125,-0.2589111328125,0.7274169921875],""received_at_ms"":1788503987887,""valid"":true,""status"":""STALE"",""error"":""Torque sample age 13897 ms exceeds 1500 ms"",""source"":""/left_jaka_driver/joint_torque_raw"",""age_ms"":13897,""fresh"":false},""right"":{""values"":[111.13329938671086,3.143164023058489,-2.6630859375,4.29052734375,-0.03082275390625,0.09246826171875],""received_at_ms"":1788503987893,""valid"":true,""status"":""STALE"",""error"":""Torque sample age 13891 ms exceeds 1500 ms"",""source"":""/right_jaka_driver/joint_torque_raw"",""age_ms"":13891,""fresh"":false}}"
132,1788504001886,RUNNING,11.304,"{""left"":{""valid"":true,""status"":""VALID"",""sample_index"":471,""time_from_start_s"":11.304,""joints_rad"":[2.897814055963667,0.44909333947962643,-1.031845391694358,1.20382995342359,-0.2668350282588371,0.7204164820135509],""source"":""LATEST SUCCESSFUL PHASE5 SERVO_J COMMAND \u2014 DRIVER MEMORY"",""error"":null},""right"":{""valid"":true,""status"":""VALID"",""sample_index"":471,""time_from_start_s"":11.304,""joints_rad"":[0.28494103111052976,2.8194823071343995,0.8179102468177492,-1.4795163707754369,3.6184099720212566,1.8359081657024476],""source"":""LATEST SUCCESSFUL PHASE5 SERVO_J COMMAND \u2014 DRIVER MEMORY"",""error"":null}}","{""left"":{""valid"":true,""fresh"":true,""status"":""FRESH"",""joints_rad"":[2.894430295029569,0.45050595732110316,-1.0394748183223732,1.2093009395950278,-0.2745256305729913,0.7014754025787026],""received_at_ms"":1788504001839,""age_ms"":47,""source"":""jaka_port10000_actual_feedback"",""mapping"":""port10000_joint_actual_position_deg_to_rad"",""error"":null},""right"":{""valid"":true,""fresh"":true,""status"":""FRESH"",""joints_rad"":[0.28239043324832813,2.8173790700088506,0.8214481136303164,-1.4682221049247135,3.6102147794807466,1.827700240575127],""received_at_ms"":1788504001844,""age_ms"":42,""source"":""jaka_port10000_actual_feedback"",""mapping"":""port10000_joint_actual_position_deg_to_rad"",""error"":null}}","{""left"":{""values"":[-112.36811382434098,-3.367675738991238,1.72607421875,-3.969970703125,-0.2589111328125,0.7274169921875],""received_at_ms"":1788503987887,""valid"":true,""status"":""STALE"",""error"":""Torque sample age 13999 ms exceeds 1500 ms"",""source"":""/left_jaka_driver/joint_torque_raw"",""age_ms"":13999,""fresh"":false},""right"":{""values"":[111.13329938671086,3.143164023058489,-2.6630859375,4.29052734375,-0.03082275390625,0.09246826171875],""received_at_ms"":1788503987893,""valid"":true,""status"":""STALE"",""error"":""Torque sample age 13993 ms exceeds 1500 ms"",""source"":""/right_jaka_driver/joint_torque_raw"",""age_ms"":13993,""fresh"":false}}"
133,1788504001989,RUNNING,11.4,"{""left"":{""valid"":true,""status"":""VALID"",""sample_index"":475,""time_from_start_s"":11.4,""joints_rad"":[2.90055742768289,0.4478211417756051,-1.0258484963181544,1.1990798778733316,-0.260816527987224,0.7354307675787829],""source"":""LATEST SUCCESSFUL PHASE5 SERVO_J COMMAND \u2014 DRIVER MEMORY"",""error"":null},""right"":{""valid"":true,""status"":""VALID"",""sample_index"":475,""time_from_start_s"":11.4,""joints_rad"":[0.287086807645416,2.8212726258065293,0.8149867917329199,-1.4888018468564386,3.624952838868305,1.8419702713700068],""source"":""LATEST SUCCESSFUL PHASE5 SERVO_J COMMAND \u2014 DRIVER MEMORY"",""error"":null}}","{""left"":{""valid"":true,""fresh"":true,""status"":""FRESH"",""joints_rad"":[2.896347888278735,0.4497031058651857,-1.0351964927269595,1.2062209570640334,-0.27023526220573885,0.7122254090405112],""received_at_ms"":1788504001913,""age_ms"":76,""source"":""jaka_port10000_actual_feedback"",""mapping"":""port10000_joint_actual_position_deg_to_rad"",""error"":null},""right"":{""valid"":true,""fresh"":true,""status"":""FRESH"",""joints_rad"":[0.2847272545838233,2.819248492170661,0.818332351849656,-1.478192996408432,3.6172975001182652,1.8346871426367106],""received_at_ms"":1788504001955,""age_ms"":34,""source"":""jaka_port10000_actual_feedback"",""mapping"":""port10000_joint_actual_position_deg_to_rad"",""error"":null}}","{""left"":{""values"":[-112.36811382434098,-3.367675738991238,1.72607421875,-3.969970703125,-0.2589111328125,0.7274169921875],""received_at_ms"":1788503987887,""valid"":true,""status"":""STALE"",""error"":""Torque sample age 14102 ms exceeds 1500 ms"",""source"":""/left_jaka_driver/joint_torque_raw"",""age_ms"":14102,""fresh"":false},""right"":{""values"":[111.13329938671086,3.143164023058489,-2.6630859375,4.29052734375,-0.03082275390625,0.09246826171875],""received_at_ms"":1788503987893,""valid"":true,""status"":""STALE"",""error"":""Torque sample age 14096 ms exceeds 1500 ms"",""source"":""/right_jaka_driver/joint_torque_raw"",""age_ms"":14096,""fresh"":false}}"
134,1788504002091,RUNNING,11.52,"{""left"":{""valid"":true,""status"":""VALID"",""sample_index"":480,""time_from_start_s"":11.52,""joints_rad"":[2.9042221447104044,0.44591904294472157,-1.0177614623749638,1.1922248755570566,-0.2528753242383073,0.7551332659594703],""source"":""LATEST SUCCESSFUL PHASE5 SERVO_J COMMAND \u2014 DRIVER MEMORY"",""error"":null},""right"":{""valid"":true,""status"":""VALID"",""sample_index"":480,""time_from_start_s"":11.52,""joints_rad"":[0.2900100400065801,2.8238768405073236,0.8109142668987097,-1.50163109582876,3.634074522416185,1.8494489793903295],""source"":""LATEST SUCCESSFUL PHASE5 SERVO_J COMMAND \u2014 DRIVER MEMORY"",""error"":null}}","{""left"":{""valid"":true,""fresh"":true,""status"":""FRESH"",""joints_rad"":[2.8980855380820207,0.4489599446696866,-1.031421520087821,1.2033327862178334,-0.26640042477325687,0.7215850862201812],""received_at_ms"":1788504002023,""age_ms"":68,""source"":""jaka_port10000_actual_feedback"",""mapping"":""port10000_joint_actual_position_deg_to_rad"",""error"":null},""right"":{""valid"":true,""fresh"":true,""status"":""FRESH"",""joints_rad"":[0.28609349832228453,2.8203871449746627,0.816486666165672,-1.4841012849922832,3.621599736724431,1.83886964965619],""received_at_ms"":1788504002067,""age_ms"":24,""source"":""jaka_port10000_actual_feedback"",""mapping"":""port10000_joint_actual_position_deg_to_rad"",""error"":null}}","{""left"":{""values"":[-112.36811382434098,-3.367675738991238,1.72607421875,-3.969970703125,-0.2589111328125,0.7274169921875],""received_at_ms"":1788503987887,""valid"":true,""status"":""STALE"",""error"":""Torque sample age 14204 ms exceeds 1500 ms"",""source"":""/left_jaka_driver/joint_torque_raw"",""age_ms"":14204,""fresh"":false},""right"":{""values"":[111.13329938671086,3.143164023058489,-2.6630859375,4.29052734375,-0.03082275390625,0.09246826171875],""received_at_ms"":1788503987893,""valid"":true,""status"":""STALE"",""error"":""Torque sample age 14198 ms exceeds 1500 ms"",""source"":""/right_jaka_driver/joint_torque_raw"",""age_ms"":14198,""fresh"":false}}"
135,1788504002185,RUNNING,11.616,"{""left"":{""valid"":true,""status"":""VALID"",""sample_index"":484,""time_from_start_s"":11.616,""joints_rad"":[2.90735591810986,0.4441277959384032,-1.0107865804187497,1.1859521711145398,-0.24615181361901595,0.7716989013381662],""source"":""LATEST SUCCESSFUL PHASE5 SERVO_J COMMAND \u2014 DRIVER MEMORY"",""error"":null},""right"":{""valid"":true,""status"":""VALID"",""sample_index"":484,""time_from_start_s"":11.616,""joints_rad"":[0.2925516393299999,2.8262821978701926,0.807296676932424,-1.5129387528098026,3.6421831937576195,1.8553383187639991],""source"":""LATEST SUCCESSFUL PHASE5 SERVO_J COMMAND \u2014 DRIVER MEMORY"",""error"":null}}","{""left"":{""valid"":true,""fresh"":true,""status"":""FRESH"",""joints_rad"":[2.903514384720349,0.44634753584530146,-1.019437216779002,1.193625613984091,-0.2546438869318231,0.7511380483125004],""received_at_ms"":1788504002162,""age_ms"":23,""source"":""jaka_port10000_actual_feedback"",""mapping"":""port10000_joint_actual_position_deg_to_rad"",""error"":null},""right"":{""valid"":true,""fresh"":true,""status"":""FRESH"",""joints_rad"":[0.28862213134257386,2.8226520587449753,0.8128314231132203,-1.4955221960185585,3.6297012060463385,1.8459043737392784],""received_at_ms"":1788504002137,""age_ms"":48,""source"":""jaka_port10000_actual_feedback"",""mapping"":""port10000_joint_actual_position_deg_to_rad"",""error"":null}}","{""left"":{""values"":[-112.36811382434098,-3.367675738991238,1.72607421875,-3.969970703125,-0.2589111328125,0.7274169921875],""received_at_ms"":1788503987887,""valid"":true,""status"":""STALE"",""error"":""Torque sample age 14298 ms exceeds 1500 ms"",""source"":""/left_jaka_driver/joint_torque_raw"",""age_ms"":14298,""fresh"":false},""right"":{""values"":[111.13329938671086,3.143164023058489,-2.6630859375,4.29052734375,-0.03082275390625,0.09246826171875],""received_at_ms"":1788503987893,""valid"":true,""status"":""STALE"",""error"":""Torque sample age 14292 ms exceeds 1500 ms"",""source"":""/right_jaka_driver/joint_torque_raw"",""age_ms"":14292,""fresh"":false}}"
136,1788504002285,RUNNING,11.712,"{""left"":{""valid"":true,""status"":""VALID"",""sample_index"":488,""time_from_start_s"":11.712,""joints_rad"":[2.9106503666034773,0.4421075778532524,-1.0034030933097633,1.1790337464114031,-0.23914490680933229,0.7889024000052997],""source"":""LATEST SUCCESSFUL PHASE5 SERVO_J COMMAND \u2014 DRIVER MEMORY"",""error"":null},""right"":{""valid"":true,""status"":""VALID"",""sample_index"":488,""time_from_start_s"":11.712,""joints_rad"":[0.2952477487117032,2.828951633041676,0.8033950818377884,-1.525061835637078,3.6509333181441836,1.8611418063013554],""source"":""LATEST SUCCESSFUL PHASE5 SERVO_J COMMAND \u2014 DRIVER MEMORY"",""error"":null}}","{""left"":{""valid"":true,""fresh"":true,""status"":""FRESH"",""joints_rad"":[2.907121631218371,0.4443341240202008,-1.011419872327041,1.1863751672054563,-0.24665045349061426,0.7699773067914524],""received_at_ms"":1788504002272,""age_ms"":13,""source"":""jaka_port10000_actual_feedback"",""mapping"":""port10000_joint_actual_position_deg_to_rad"",""error"":null},""right"":{""valid"":true,""fresh"":true,""status"":""FRESH"",""joints_rad"":[0.2904318632439668,2.8243179755160037,0.8103027900929309,-1.5036714873619703,3.635453636727987,1.850458286823582],""received_at_ms"":1788504002208,""age_ms"":77,""source"":""jaka_port10000_actual_feedback"",""mapping"":""port10000_joint_actual_position_deg_to_rad"",""error"":null}}","{""left"":{""values"":[-112.36811382434098,-3.367675738991238,1.72607421875,-3.969970703125,-0.2589111328125,0.7274169921875],""received_at_ms"":1788503987887,""valid"":true,""status"":""STALE"",""error"":""Torque sample age 14397 ms exceeds 1500 ms"",""source"":""/left_jaka_driver/joint_torque_raw"",""age_ms"":14397,""fresh"":false},""right"":{""values"":[111.13329938671086,3.143164023058489,-2.6630859375,4.29052734375,-0.03082275390625,0.09246826171875],""received_at_ms"":1788503987893,""valid"":true,""status"":""STALE"",""error"":""Torque sample age 14391 ms exceeds 1500 ms"",""source"":""/right_jaka_driver/joint_torque_raw"",""age_ms"":14391,""fresh"":false}}"
137,1788504002388,RUNNING,11.808,"{""left"":{""valid"":true,""status"":""VALID"",""sample_index"":492,""time_from_start_s"":11.808,""joints_rad"":[2.9140651827805617,0.439889551581608,-0.9956998173489235,1.1715982053947334,-0.23195449887045813,0.8065798311822463],""source"":""LATEST SUCCESSFUL PHASE5 SERVO_J COMMAND \u2014 DRIVER MEMORY"",""error"":null},""right"":{""valid"":true,""status"":""VALID"",""sample_index"":492,""time_from_start_s"":11.808,""joints_rad"":[0.2980489656303171,2.8318294626634546,0.7992846540968792,-1.5377708524220328,3.6601560308934777,1.8668648308868356],""source"":""LATEST SUCCESSFUL PHASE5 SERVO_J COMMAND \u2014 DRIVER MEMORY"",""error"":null}}","{""left"":{""valid"":true,""fresh"":true,""status"":""FRESH"",""joints_rad"":[2.909278858173836,0.4429799230535784,-1.0065182896557399,1.1817851258056364,-0.2419286397322688,0.7812065806658587],""received_at_ms"":1788504002382,""age_ms"":6,""source"":""jaka_port10000_actual_feedback"",""mapping"":""port10000_joint_actual_position_deg_to_rad"",""error"":null},""right"":{""valid"":true,""fresh"":true,""status"":""FRESH"",""joints_rad"":[0.2955491686108142,2.8292553374369707,0.8029685675102004,-1.5261539461215352,3.651859906229659,1.8614838807742806],""received_at_ms"":1788504002386,""age_ms"":2,""source"":""jaka_port10000_actual_feedback"",""mapping"":""port10000_joint_actual_position_deg_to_rad"",""error"":null}}","{""left"":{""values"":[-112.36811382434098,-3.367675738991238,1.72607421875,-3.969970703125,-0.2589111328125,0.7274169921875],""received_at_ms"":1788503987887,""valid"":true,""status"":""STALE"",""error"":""Torque sample age 14501 ms exceeds 1500 ms"",""source"":""/left_jaka_driver/joint_torque_raw"",""age_ms"":14501,""fresh"":false},""right"":{""values"":[111.13329938671086,3.143164023058489,-2.6630859375,4.29052734375,-0.03082275390625,0.09246826171875],""received_at_ms"":1788503987893,""valid"":true,""status"":""STALE"",""error"":""Torque sample age 14495 ms exceeds 1500 ms"",""source"":""/right_jaka_driver/joint_torque_raw"",""age_ms"":14495,""fresh"":false}}"
138,1788504002489,RUNNING,11.904,"{""left"":{""valid"":true,""status"":""VALID"",""sample_index"":496,""time_from_start_s"":11.904,""joints_rad"":[2.917543895668908,0.4375202836751028,-0.9878020534287764,1.163829671921182,-0.22472081826296803,0.8245012088975847],""source"":""LATEST SUCCESSFUL PHASE5 SERVO_J COMMAND \u2014 DRIVER MEMORY"",""error"":null},""right"":{""valid"":true,""status"":""VALID"",""sample_index"":496,""time_from_start_s"":11.904,""joints_rad"":[0.30088839947574153,2.834835213102083,0.7950699383267573,-1.550749556549302,3.6696162906131105,1.8725185859514406],""source"":""LATEST SUCCESSFUL PHASE5 SERVO_J COMMAND \u2014 DRIVER MEMORY"",""error"":null}}","{""left"":{""valid"":true,""fresh"":true,""status"":""FRESH"",""joints_rad"":[2.91328159628036,0.4405111548266324,-0.9975780150953242,1.1734801510929467,-0.23356362569331038,0.8021908487955117],""received_at_ms"":1788504002454,""age_ms"":35,""source"":""jaka_port10000_actual_feedback"",""mapping"":""port10000_joint_actual_position_deg_to_rad"",""error"":null},""right"":{""valid"":true,""fresh"":true,""status"":""FRESH"",""joints_rad"":[0.2974185907726253,2.8311847989250505,0.8002360800332781,-1.5345908677256757,3.658019871291647,1.8652588534134191],""received_at_ms"":1788504002455,""age_ms"":34,""source"":""jaka_port10000_actual_feedback"",""mapping"":""port10000_joint_actual_position_deg_to_rad"",""error"":null}}","{""left"":{""values"":[-112.36811382434098,-3.367675738991238,1.72607421875,-3.969970703125,-0.2589111328125,0.7274169921875],""received_at_ms"":1788503987887,""valid"":true,""status"":""STALE"",""error"":""Torque sample age 14602 ms exceeds 1500 ms"",""source"":""/left_jaka_driver/joint_torque_raw"",""age_ms"":14602,""fresh"":false},""right"":{""values"":[111.13329938671086,3.143164023058489,-2.6630859375,4.29052734375,-0.03082275390625,0.09246826171875],""received_at_ms"":1788503987893,""valid"":true,""status"":""STALE"",""error"":""Torque sample age 14596 ms exceeds 1500 ms"",""source"":""/right_jaka_driver/joint_torque_raw"",""age_ms"":14596,""fresh"":false}}"
139,1788504002589,RUNNING,12.0,"{""left"":{""valid"":true,""status"":""VALID"",""sample_index"":500,""time_from_start_s"":12.0,""joints_rad"":[2.9210189850796815,0.43505728902036633,-0.9798602414943562,1.1559511865719674,-0.21761134159427675,0.8423912425293869],""source"":""LATEST SUCCESSFUL PHASE5 SERVO_J COMMAND \u2014 DRIVER MEMORY"",""error"":null},""right"":{""valid"":true,""status"":""VALID"",""sample_index"":500,""time_from_start_s"":12.0,""joints_rad"":[0.30368783040230485,2.8378716110438313,0.7908749095045597,-1.5636246957922548,3.679035252556263,1.8781185929785487],""source"":""LATEST SUCCESSFUL PHASE5 SERVO_J COMMAND \u2014 DRIVER MEMORY"",""error"":null}}","{""left"":{""valid"":true,""fresh"":true,""status"":""FRESH"",""joints_rad"":[2.916816935213199,0.43812633693670733,-0.9896084926648676,1.1658460809447235,-0.22637304370801892,0.8198317642100444],""received_at_ms"":1788504002547,""age_ms"":42,""source"":""jaka_port10000_actual_feedback"",""mapping"":""port10000_joint_actual_position_deg_to_rad"",""error"":null},""right"":{""valid"":true,""fresh"":true,""status"":""FRESH"",""joints_rad"":[0.30103788004248594,2.8348759957600933,0.7949749595360663,-1.550829411086231,3.669512689883105,1.8723174885072598],""received_at_ms"":1788504002567,""age_ms"":22,""source"":""jaka_port10000_actual_feedback"",""mapping"":""port10000_joint_actual_position_deg_to_rad"",""error"":null}}","{""left"":{""values"":[-112.36811382434098,-3.367675738991238,1.72607421875,-3.969970703125,-0.2589111328125,0.7274169921875],""received_at_ms"":1788503987887,""valid"":true,""status"":""STALE"",""error"":""Torque sample age 14702 ms exceeds 1500 ms"",""source"":""/left_jaka_driver/joint_torque_raw"",""age_ms"":14702,""fresh"":false},""right"":{""values"":[111.13329938671086,3.143164023058489,-2.6630859375,4.29052734375,-0.03082275390625,0.09246826171875],""received_at_ms"":1788503987893,""valid"":true,""status"":""STALE"",""error"":""Torque sample age 14696 ms exceeds 1500 ms"",""source"":""/right_jaka_driver/joint_torque_raw"",""age_ms"":14696,""fresh"":false}}"
140,1788504002698,RUNNING,12.120000000000001,"{""left"":{""valid"":true,""status"":""VALID"",""sample_index"":505,""time_from_start_s"":12.120000000000001,""joints_rad"":[2.9252456959633424,0.4319445121432735,-0.9701216285885615,1.1463230225696537,-0.20917616346978796,0.8642522537257061],""source"":""LATEST SUCCESSFUL PHASE5 SERVO_J COMMAND \u2014 DRIVER MEMORY"",""error"":null},""right"":{""valid"":true,""status"":""VALID"",""sample_index"":505,""time_from_start_s"":12.120000000000001,""joints_rad"":[0.3070038313102075,2.8415484045613506,0.7858622304833167,-1.5789626441714528,3.6902932004594025,1.885071160779345],""source"":""LATEST SUCCESSFUL PHASE5 SERVO_J COMMAND \u2014 DRIVER MEMORY"",""error"":null}}","{""left"":{""valid"":true,""fresh"":true,""status"":""FRESH"",""joints_rad"":[2.9194413868094236,0.4362926940245621,-0.9836284710487594,1.1599259241219586,-0.22095623984152932,0.8333619056373549],""received_at_ms"":1788504002650,""age_ms"":48,""source"":""jaka_port10000_actual_feedback"",""mapping"":""port10000_joint_actual_position_deg_to_rad"",""error"":null},""right"":{""valid"":true,""fresh"":true,""status"":""FRESH"",""joints_rad"":[0.30290747673722224,2.836889407585194,0.7921946500376393,-1.5596618242988733,3.675900245879554,1.8760926356793235],""received_at_ms"":1788504002635,""age_ms"":63,""source"":""jaka_port10000_actual_feedback"",""mapping"":""port10000_joint_actual_position_deg_to_rad"",""error"":null}}","{""left"":{""values"":[-112.36811382434098,-3.367675738991238,1.72607421875,-3.969970703125,-0.2589111328125,0.7274169921875],""received_at_ms"":1788503987887,""valid"":true,""status"":""STALE"",""error"":""Torque sample age 14811 ms exceeds 1500 ms"",""source"":""/left_jaka_driver/joint_torque_raw"",""age_ms"":14811,""fresh"":false},""right"":{""values"":[111.13329938671086,3.143164023058489,-2.6630859375,4.29052734375,-0.03082275390625,0.09246826171875],""received_at_ms"":1788503987893,""valid"":true,""status"":""STALE"",""error"":""Torque sample age 14805 ms exceeds 1500 ms"",""source"":""/right_jaka_driver/joint_torque_raw"",""age_ms"":14805,""fresh"":false}}"
141,1788504002796,RUNNING,12.216000000000001,"{""left"":{""valid"":true,""status"":""VALID"",""sample_index"":509,""time_from_start_s"":12.216000000000001,""joints_rad"":[2.92844329942433,0.42950734125448975,-0.9626838362762288,1.139101340002953,-0.20301066090118192,0.8809716371396373],""source"":""LATEST SUCCESSFUL PHASE5 SERVO_J COMMAND \u2014 DRIVER MEMORY"",""error"":null},""right"":{""valid"":true,""status"":""VALID"",""sample_index"":509,""time_from_start_s"":12.216000000000001,""joints_rad"":[0.30941045243551546,2.8442654095171185,0.7821978364328203,-1.5901470323164475,3.6985249302871765,1.8906193653952195],""source"":""LATEST SUCCESSFUL PHASE5 SERVO_J COMMAND \u2014 DRIVER MEMORY"",""error"":null}}","{""left"":{""valid"":true,""fresh"":true,""status"":""FRESH"",""joints_rad"":[2.923528075252968,0.4333085300695022,-0.9744724737927972,1.1505782897141275,-0.21284290228070848,0.8540944972888703],""received_at_ms"":1788504002767,""age_ms"":29,""source"":""jaka_port10000_actual_feedback"",""mapping"":""port10000_joint_actual_position_deg_to_rad"",""error"":null},""right"":{""valid"":true,""fresh"":true,""status"":""FRESH"",""joints_rad"":[0.30476503066011984,2.8389026448773693,0.7893904295284602,-1.56823051826154,3.682275933637089,1.8797597469706886],""received_at_ms"":1788504002704,""age_ms"":92,""source"":""jaka_port10000_actual_feedback"",""mapping"":""port10000_joint_actual_position_deg_to_rad"",""error"":null}}","{""left"":{""values"":[-112.36811382434098,-3.367675738991238,1.72607421875,-3.969970703125,-0.2589111328125,0.7274169921875],""received_at_ms"":1788503987887,""valid"":true,""status"":""STALE"",""error"":""Torque sample age 14909 ms exceeds 1500 ms"",""source"":""/left_jaka_driver/joint_torque_raw"",""age_ms"":14909,""fresh"":false},""right"":{""values"":[111.13329938671086,3.143164023058489,-2.6630859375,4.29052734375,-0.03082275390625,0.09246826171875],""received_at_ms"":1788503987893,""valid"":true,""status"":""STALE"",""error"":""Torque sample age 14903 ms exceeds 1500 ms"",""source"":""/right_jaka_driver/joint_torque_raw"",""age_ms"":14903,""fresh"":false}}"
142,1788504002914,RUNNING,12.336,"{""left"":{""valid"":true,""status"":""VALID"",""sample_index"":514,""time_from_start_s"":12.336,""joints_rad"":[2.9320991964121723,0.4266291498379127,-0.9540795185802489,1.1310594986346767,-0.19630300142369453,0.9004523684184041],""source"":""LATEST SUCCESSFUL PHASE5 SERVO_J COMMAND \u2014 DRIVER MEMORY"",""error"":null},""right"":{""valid"":true,""status"":""VALID"",""sample_index"":514,""time_from_start_s"":12.336,""joints_rad"":[0.3119924608530985,2.847223033480182,0.7782432214978138,-1.6021927887840373,3.707410260420002,1.8975690234539524],""source"":""LATEST SUCCESSFUL PHASE5 SERVO_J COMMAND \u2014 DRIVER MEMORY"",""error"":null}}","{""left"":{""valid"":true,""fresh"":true,""status"":""FRESH"",""joints_rad"":[2.929328502489046,0.4287785279959509,-0.9608224282458748,1.1373356040146205,-0.2014818560477766,0.884810197728868],""received_at_ms"":1788504002908,""age_ms"":6,""source"":""jaka_port10000_actual_feedback"",""mapping"":""port10000_joint_actual_position_deg_to_rad"",""error"":null},""right"":{""valid"":true,""fresh"":true,""status"":""FRESH"",""joints_rad"":[0.3097383463636777,2.844571299754922,0.7818883062716877,-1.5911444224121976,3.699509314671281,1.89071325882328],""received_at_ms"":1788504002891,""age_ms"":23,""source"":""jaka_port10000_actual_feedback"",""mapping"":""port10000_joint_actual_position_deg_to_rad"",""error"":null}}","{""left"":{""values"":[-112.36811382434098,-3.367675738991238,1.72607421875,-3.969970703125,-0.2589111328125,0.7274169921875],""received_at_ms"":1788503987887,""valid"":true,""status"":""STALE"",""error"":""Torque sample age 15027 ms exceeds 1500 ms"",""source"":""/left_jaka_driver/joint_torque_raw"",""age_ms"":15027,""fresh"":false},""right"":{""values"":[111.13329938671086,3.143164023058489,-2.6630859375,4.29052734375,-0.03082275390625,0.09246826171875],""received_at_ms"":1788503987893,""valid"":true,""status"":""STALE"",""error"":""Torque sample age 15021 ms exceeds 1500 ms"",""source"":""/right_jaka_driver/joint_torque_raw"",""age_ms"":15021,""fresh"":false}}"
143,1788504003007,RUNNING,12.432,"{""left"":{""valid"":true,""status"":""VALID"",""sample_index"":518,""time_from_start_s"":12.432,""joints_rad"":[2.934683276413029,0.4245256993026319,-0.9479048464935118,1.1256551125317167,-0.19189771580813275,0.9146231023771332],""source"":""LATEST SUCCESSFUL PHASE5 SERVO_J COMMAND \u2014 DRIVER MEMORY"",""error"":null},""right"":{""valid"":true,""status"":""VALID"",""sample_index"":518,""time_from_start_s"":12.432,""joints_rad"":[0.31364976964499197,2.849144861171385,0.7756921436132923,-1.609950017091657,3.713142986679619,1.9031610601352495],""source"":""LATEST SUCCESSFUL PHASE5 SERVO_J COMMAND \u2014 DRIVER MEMORY"",""error"":null}}","{""left"":{""valid"":true,""fresh"":true,""status"":""FRESH"",""joints_rad"":[2.929328502489046,0.4287785279959509,-0.9608224282458748,1.1373356040146205,-0.2014818560477766,0.884810197728868],""received_at_ms"":1788504002908,""age_ms"":99,""source"":""jaka_port10000_actual_feedback"",""mapping"":""port10000_joint_actual_position_deg_to_rad"",""error"":null},""right"":{""valid"":true,""fresh"":true,""status"":""FRESH"",""joints_rad"":[0.31115258665656864,2.8462010882104343,0.7796830827617929,-1.5978196086693752,3.7043028614618834,1.8944643204516662],""received_at_ms"":1788504002958,""age_ms"":49,""source"":""jaka_port10000_actual_feedback"",""mapping"":""port10000_joint_actual_position_deg_to_rad"",""error"":null}}","{""left"":{""values"":[-112.36811382434098,-3.367675738991238,1.72607421875,-3.969970703125,-0.2589111328125,0.7274169921875],""received_at_ms"":1788503987887,""valid"":true,""status"":""STALE"",""error"":""Torque sample age 15120 ms exceeds 1500 ms"",""source"":""/left_jaka_driver/joint_torque_raw"",""age_ms"":15120,""fresh"":false},""right"":{""values"":[111.13329938671086,3.143164023058489,-2.6630859375,4.29052734375,-0.03082275390625,0.09246826171875],""received_at_ms"":1788503987893,""valid"":true,""status"":""STALE"",""error"":""Torque sample age 15114 ms exceeds 1500 ms"",""source"":""/right_jaka_driver/joint_torque_raw"",""age_ms"":15114,""fresh"":false}}"
144,1788504003110,RUNNING,12.528,"{""left"":{""valid"":true,""status"":""VALID"",""sample_index"":522,""time_from_start_s"":12.528,""joints_rad"":[2.936923414436648,0.4226414580790817,-0.9424559028732087,1.1213211793718376,-0.18844006887436307,0.9273658630624982],""source"":""LATEST SUCCESSFUL PHASE5 SERVO_J COMMAND \u2014 DRIVER MEMORY"",""error"":null},""right"":{""valid"":true,""status"":""VALID"",""sample_index"":522,""time_from_start_s"":12.528,""joints_rad"":[0.3149095800313513,2.850619118562177,0.7737456596710086,-1.6158612315677698,3.7175175934220275,1.9087961000398832],""source"":""LATEST SUCCESSFUL PHASE5 SERVO_J COMMAND \u2014 DRIVER MEMORY"",""error"":null}}","{""left"":{""valid"":true,""fresh"":true,""status"":""FRESH"",""joints_rad"":[2.9319409113134314,0.4266692975949158,-0.9545427335971992,1.1315831733329724,-0.19672408850684003,0.8990594148080002],""received_at_ms"":1788504003017,""age_ms"":93,""source"":""jaka_port10000_actual_feedback"",""mapping"":""port10000_joint_actual_position_deg_to_rad"",""error"":null},""right"":{""valid"":true,""fresh"":true,""status"":""FRESH"",""joints_rad"":[0.31254274140578214,2.847842919437785,0.7774659910129845,-1.6044947949265527,3.709252440687614,1.898706866797414],""received_at_ms"":1788504003070,""age_ms"":40,""source"":""jaka_port10000_actual_feedback"",""mapping"":""port10000_joint_actual_position_deg_to_rad"",""error"":null}}","{""left"":{""values"":[-112.36811382434098,-3.367675738991238,1.72607421875,-3.969970703125,-0.2589111328125,0.7274169921875],""received_at_ms"":1788503987887,""valid"":true,""status"":""STALE"",""error"":""Torque sample age 15223 ms exceeds 1500 ms"",""source"":""/left_jaka_driver/joint_torque_raw"",""age_ms"":15223,""fresh"":false},""right"":{""values"":[111.13329938671086,3.143164023058489,-2.6630859375,4.29052734375,-0.03082275390625,0.09246826171875],""received_at_ms"":1788503987893,""valid"":true,""status"":""STALE"",""error"":""Torque sample age 15217 ms exceeds 1500 ms"",""source"":""/right_jaka_driver/joint_torque_raw"",""age_ms"":15217,""fresh"":false}}"
145,1788504003211,RUNNING,12.624,"{""left"":{""valid"":true,""status"":""VALID"",""sample_index"":526,""time_from_start_s"":12.624,""joints_rad"":[2.9388049325422334,0.4209965067016085,-0.9377699839890669,1.1181289958116218,-0.18595569715377652,0.938616674092596],""source"":""LATEST SUCCESSFUL PHASE5 SERVO_J COMMAND \u2014 DRIVER MEMORY"",""error"":null},""right"":{""valid"":true,""status"":""VALID"",""sample_index"":526,""time_from_start_s"":12.624,""joints_rad"":[0.3157701541809434,2.851634105166288,0.7724117112251611,-1.619907778203794,3.7205158646387035,1.9144818074458736],""source"":""LATEST SUCCESSFUL PHASE5 SERVO_J COMMAND \u2014 DRIVER MEMORY"",""error"":null}}","{""left"":{""valid"":true,""fresh"":true,""status"":""FRESH"",""joints_rad"":[2.9343138609644424,0.4246920140853314,-0.9488740787196468,1.1265857720857368,-0.19260144628070425,0.9121701536160565],""received_at_ms"":1788504003126,""age_ms"":85,""source"":""jaka_port10000_actual_feedback"",""mapping"":""port10000_joint_actual_position_deg_to_rad"",""error"":null},""right"":{""valid"":true,""fresh"":true,""status"":""FRESH"",""joints_rad"":[0.31429243398090645,2.849940107066981,0.7747216352971487,-1.6127758586284902,3.7152804588581523,1.9053220137283229],""received_at_ms"":1788504003144,""age_ms"":67,""source"":""jaka_port10000_actual_feedback"",""mapping"":""port10000_joint_actual_position_deg_to_rad"",""error"":null}}","{""left"":{""values"":[-112.36811382434098,-3.367675738991238,1.72607421875,-3.969970703125,-0.2589111328125,0.7274169921875],""received_at_ms"":1788503987887,""valid"":true,""status"":""STALE"",""error"":""Torque sample age 15324 ms exceeds 1500 ms"",""source"":""/left_jaka_driver/joint_torque_raw"",""age_ms"":15324,""fresh"":false},""right"":{""values"":[111.13329938671086,3.143164023058489,-2.6630859375,4.29052734375,-0.03082275390625,0.09246826171875],""received_at_ms"":1788503987893,""valid"":true,""status"":""STALE"",""error"":""Torque sample age 15318 ms exceeds 1500 ms"",""source"":""/right_jaka_driver/joint_torque_raw"",""age_ms"":15318,""fresh"":false}}"
146,1788504003310,RUNNING,12.72,"{""left"":{""valid"":true,""status"":""VALID"",""sample_index"":531,""time_from_start_s"":12.744,""joints_rad"":[2.940674776663276,0.41927068407352686,-0.93294444699071,1.1157130557620287,-0.1841421491177793,0.9506649259294987],""source"":""LATEST SUCCESSFUL PHASE5 SERVO_J COMMAND \u2014 DRIVER MEMORY"",""error"":null},""right"":{""valid"":true,""status"":""VALID"",""sample_index"":530,""time_from_start_s"":12.72,""joints_rad"":[0.31626461642562687,2.852221250278489,0.7716431068781981,-1.6222371157464317,3.722243581133486,1.9202191009772154],""source"":""LATEST SUCCESSFUL PHASE5 SERVO_J COMMAND \u2014 DRIVER MEMORY"",""error"":null}}","{""left"":{""valid"":true,""fresh"":true,""status"":""FRESH"",""joints_rad"":[2.936962398104344,0.422438968553932,-0.9424505689406069,1.1212288330125908,-0.18841911379415024,0.9272223966840311],""received_at_ms"":1788504003221,""age_ms"":89,""source"":""jaka_port10000_actual_feedback"",""mapping"":""port10000_joint_actual_position_deg_to_rad"",""error"":null},""right"":{""valid"":true,""fresh"":true,""status"":""FRESH"",""joints_rad"":[0.3153350936760479,2.8511745784469174,0.773067935830884,-1.6178692529845853,3.7190315204865385,1.9109786258340367],""received_at_ms"":1788504003236,""age_ms"":74,""source"":""jaka_port10000_actual_feedback"",""mapping"":""port10000_joint_actual_position_deg_to_rad"",""error"":null}}","{""left"":{""values"":[-112.36811382434098,-3.367675738991238,1.72607421875,-3.969970703125,-0.2589111328125,0.7274169921875],""received_at_ms"":1788503987887,""valid"":true,""status"":""STALE"",""error"":""Torque sample age 15423 ms exceeds 1500 ms"",""source"":""/left_jaka_driver/joint_torque_raw"",""age_ms"":15423,""fresh"":false},""right"":{""values"":[111.13329938671086,3.143164023058489,-2.6630859375,4.29052734375,-0.03082275390625,0.09246826171875],""received_at_ms"":1788503987893,""valid"":true,""status"":""STALE"",""error"":""Torque sample age 15417 ms exceeds 1500 ms"",""source"":""/right_jaka_driver/joint_torque_raw"",""age_ms"":15417,""fresh"":false}}"
147,1788504003421,RUNNING,12.84,"{""left"":{""valid"":true,""status"":""VALID"",""sample_index"":535,""time_from_start_s"":12.84,""joints_rad"":[2.941845460900677,0.41811397272943873,-0.9297827985971457,1.1148801940657045,-0.18355300521332196,0.9589299705047782],""source"":""LATEST SUCCESSFUL PHASE5 SERVO_J COMMAND \u2014 DRIVER MEMORY"",""error"":null},""right"":{""valid"":true,""status"":""VALID"",""sample_index"":535,""time_from_start_s"":12.84,""joints_rad"":[0.31648520943071445,2.8524848029529877,0.7712993354661561,-1.6232780465216263,3.723016392767249,1.927451232050396],""source"":""LATEST SUCCESSFUL PHASE5 SERVO_J COMMAND \u2014 DRIVER MEMORY"",""error"":null}}","{""left"":{""valid"":true,""fresh"":true,""status"":""FRESH"",""joints_rad"":[2.9404019184612493,0.4195148439251406,-0.9337021060649853,1.1159198904938745,-0.1843085143398532,0.9486260674329383],""received_at_ms"":1788504003393,""age_ms"":28,""source"":""jaka_port10000_actual_feedback"",""mapping"":""port10000_joint_actual_position_deg_to_rad"",""error"":null},""right"":{""valid"":true,""fresh"":true,""status"":""FRESH"",""joints_rad"":[0.3160182155452785,2.8519655616639206,0.7720371443746561,-1.6210209685478367,3.7214044701375495,1.9161557959942273],""received_at_ms"":1788504003326,""age_ms"":95,""source"":""jaka_port10000_actual_feedback"",""mapping"":""port10000_joint_actual_position_deg_to_rad"",""error"":null}}","{""left"":{""values"":[-112.36811382434098,-3.367675738991238,1.72607421875,-3.969970703125,-0.2589111328125,0.7274169921875],""received_at_ms"":1788503987887,""valid"":true,""status"":""STALE"",""error"":""Torque sample age 15534 ms exceeds 1500 ms"",""source"":""/left_jaka_driver/joint_torque_raw"",""age_ms"":15534,""fresh"":false},""right"":{""values"":[111.13329938671086,3.143164023058489,-2.6630859375,4.29052734375,-0.03082275390625,0.09246826171875],""received_at_ms"":1788503987893,""valid"":true,""status"":""STALE"",""error"":""Torque sample age 15528 ms exceeds 1500 ms"",""source"":""/right_jaka_driver/joint_torque_raw"",""age_ms"":15528,""fresh"":false}}"
148,1788504003512,RUNNING,12.936,"{""left"":{""valid"":true,""status"":""VALID"",""sample_index"":539,""time_from_start_s"":12.936,""joints_rad"":[2.9428245700704947,0.4170838677645536,-0.9270333389134294,1.1147448420381987,-0.18346394032811683,0.9663631037608229],""source"":""LATEST SUCCESSFUL PHASE5 SERVO_J COMMAND \u2014 DRIVER MEMORY"",""error"":null},""right"":{""valid"":true,""status"":""VALID"",""sample_index"":539,""time_from_start_s"":12.936,""joints_rad"":[0.31649876808089955,2.852501139059088,0.7712782260762389,-1.6233426801306985,3.7230641991716604,1.9332631038232664],""source"":""LATEST SUCCESSFUL PHASE5 SERVO_J COMMAND \u2014 DRIVER MEMORY"",""error"":null}}","{""left"":{""valid"":true,""fresh"":true,""status"":""FRESH"",""joints_rad"":[2.941851938003806,0.4180646498496586,-0.9296395031651181,1.1148292342443034,-0.18354144213360168,0.9590165360688363],""received_at_ms"":1788504003506,""age_ms"":6,""source"":""jaka_port10000_actual_feedback"",""mapping"":""port10000_joint_actual_position_deg_to_rad"",""error"":null},""right"":{""valid"":true,""fresh"":true,""status"":""FRESH"",""joints_rad"":[0.31632975681675946,2.8523369677287453,0.7715458341902197,-1.6224470770796413,3.722447129832691,1.9204102105788887],""received_at_ms"":1788504003445,""age_ms"":67,""source"":""jaka_port10000_actual_feedback"",""mapping"":""port10000_joint_actual_position_deg_to_rad"",""error"":null}}","{""left"":{""values"":[-112.36811382434098,-3.367675738991238,1.72607421875,-3.969970703125,-0.2589111328125,0.7274169921875],""received_at_ms"":1788503987887,""valid"":true,""status"":""STALE"",""error"":""Torque sample age 15625 ms exceeds 1500 ms"",""source"":""/left_jaka_driver/joint_torque_raw"",""age_ms"":15625,""fresh"":false},""right"":{""values"":[111.13329938671086,3.143164023058489,-2.6630859375,4.29052734375,-0.03082275390625,0.09246826171875],""received_at_ms"":1788503987893,""valid"":true,""status"":""STALE"",""error"":""Torque sample age 15619 ms exceeds 1500 ms"",""source"":""/right_jaka_driver/joint_torque_raw"",""age_ms"":15619,""fresh"":false}}"
149,1788504003615,RUNNING,13.032,"{""left"":{""valid"":true,""status"":""VALID"",""sample_index"":543,""time_from_start_s"":13.032,""joints_rad"":[2.943701217274166,0.41611474964762957,-0.9245065789195402,1.1150729959235346,-0.18362892844366854,0.973311891391232],""source"":""LATEST SUCCESSFUL PHASE5 SERVO_J COMMAND \u2014 DRIVER MEMORY"",""error"":null},""right"":{""valid"":true,""status"":""VALID"",""sample_index"":543,""time_from_start_s"":13.032,""joints_rad"":[0.3164743481605813,2.8524781840832922,0.7713245567955336,-1.6232963867880217,3.723002847822245,1.9390823995511741],""source"":""LATEST SUCCESSFUL PHASE5 SERVO_J COMMAND \u2014 DRIVER MEMORY"",""error"":null}}","{""left"":{""valid"":true,""fresh"":true,""status"":""FRESH"",""joints_rad"":[2.941851938003806,0.4180646498496586,-0.9296395031651181,1.1148292342443034,-0.18354144213360168,0.9590165360688363],""received_at_ms"":1788504003506,""age_ms"":109,""source"":""jaka_port10000_actual_feedback"",""mapping"":""port10000_joint_actual_position_deg_to_rad"",""error"":null},""right"":{""valid"":true,""fresh"":true,""status"":""FRESH"",""joints_rad"":[0.3164615291752851,2.852456871848357,0.7713301114946731,-1.6233818754270093,3.723118208930083,1.9276367463467712],""received_at_ms"":1788504003557,""age_ms"":58,""source"":""jaka_port10000_actual_feedback"",""mapping"":""port10000_joint_actual_position_deg_to_rad"",""error"":null}}","{""left"":{""values"":[-112.36811382434098,-3.367675738991238,1.72607421875,-3.969970703125,-0.2589111328125,0.7274169921875],""received_at_ms"":1788503987887,""valid"":true,""status"":""STALE"",""error"":""Torque sample age 15728 ms exceeds 1500 ms"",""source"":""/left_jaka_driver/joint_torque_raw"",""age_ms"":15728,""fresh"":false},""right"":{""values"":[111.13329938671086,3.143164023058489,-2.6630859375,4.29052734375,-0.03082275390625,0.09246826171875],""received_at_ms"":1788503987893,""valid"":true,""status"":""STALE"",""error"":""Torque sample age 15722 ms exceeds 1500 ms"",""source"":""/right_jaka_driver/joint_torque_raw"",""age_ms"":15722,""fresh"":false}}"
150,1788504003715,RUNNING,13.128,"{""left"":{""valid"":true,""status"":""VALID"",""sample_index"":547,""time_from_start_s"":13.128,""joints_rad"":[2.9444964096555726,0.41519845596956995,-0.9221650710716479,1.1158795595710564,-0.1839741041389991,0.9798360222735542],""source"":""LATEST SUCCESSFUL PHASE5 SERVO_J COMMAND \u2014 DRIVER MEMORY"",""error"":null},""right"":{""valid"":true,""status"":""VALID"",""sample_index"":547,""time_from_start_s"":13.128,""joints_rad"":[0.316362159269736,2.8523728275741664,0.7715372534261531,-1.6230842922365378,3.722720844029853,1.9449199256569039],""source"":""LATEST SUCCESSFUL PHASE5 SERVO_J COMMAND \u2014 DRIVER MEMORY"",""error"":null}}","{""left"":{""valid"":true,""fresh"":true,""status"":""FRESH"",""joints_rad"":[2.94360163057893,0.4162191386985997,-0.9247859170482471,1.1151409500487095,-0.18402088407912454,0.9720433245398715],""received_at_ms"":1788504003688,""age_ms"":27,""source"":""jaka_port10000_actual_feedback"",""mapping"":""port10000_joint_actual_position_deg_to_rad"",""error"":null},""right"":{""valid"":true,""fresh"":true,""status"":""FRESH"",""joints_rad"":[0.3164856147189625,2.8523970070550138,0.7714020190598553,-1.6232501030684838,3.7227705393430854,1.9383986210474935],""received_at_ms"":1788504003698,""age_ms"":17,""source"":""jaka_port10000_actual_feedback"",""mapping"":""port10000_joint_actual_position_deg_to_rad"",""error"":null}}","{""left"":{""values"":[-112.36811382434098,-3.367675738991238,1.72607421875,-3.969970703125,-0.2589111328125,0.7274169921875],""received_at_ms"":1788503987887,""valid"":true,""status"":""STALE"",""error"":""Torque sample age 15828 ms exceeds 1500 ms"",""source"":""/left_jaka_driver/joint_torque_raw"",""age_ms"":15828,""fresh"":false},""right"":{""values"":[111.13329938671086,3.143164023058489,-2.6630859375,4.29052734375,-0.03082275390625,0.09246826171875],""received_at_ms"":1788503987893,""valid"":true,""status"":""STALE"",""error"":""Torque sample age 15822 ms exceeds 1500 ms"",""source"":""/right_jaka_driver/joint_torque_raw"",""age_ms"":15822,""fresh"":false}}"
151,1788504003818,RUNNING,13.248000000000001,"{""left"":{""valid"":true,""status"":""VALID"",""sample_index"":552,""time_from_start_s"":13.248000000000001,""joints_rad"":[2.945392658021322,0.4141253160802866,-0.9194726935283696,1.1176062254258277,-0.1845907723695307,0.9874316574840334],""source"":""LATEST SUCCESSFUL PHASE5 SERVO_J COMMAND \u2014 DRIVER MEMORY"",""error"":null},""right"":{""valid"":true,""status"":""VALID"",""sample_index"":552,""time_from_start_s"":13.248000000000001,""joints_rad"":[0.31601693474275855,2.8520490544281927,0.7721911147803739,-1.6224340815431828,3.7218524590169437,1.952257911658549],""source"":""LATEST SUCCESSFUL PHASE5 SERVO_J COMMAND \u2014 DRIVER MEMORY"",""error"":null}}","{""left"":{""valid"":true,""fresh"":true,""status"":""FRESH"",""joints_rad"":[2.9442727096763224,0.41541611270975715,-0.9228323700164898,1.1156443030049845,-0.18412874542689778,0.9777837124496809],""received_at_ms"":1788504003760,""age_ms"":58,""source"":""jaka_port10000_actual_feedback"",""mapping"":""port10000_joint_actual_position_deg_to_rad"",""error"":null},""right"":{""valid"":true,""fresh"":true,""status"":""FRESH"",""joints_rad"":[0.3163777533711893,2.8520613802398556,0.7717376458750138,-1.622878522470734,3.722423044289014,1.9447620915002648],""received_at_ms"":1788504003811,""age_ms"":7,""source"":""jaka_port10000_actual_feedback"",""mapping"":""port10000_joint_actual_position_deg_to_rad"",""error"":null}}","{""left"":{""values"":[-112.36811382434098,-3.367675738991238,1.72607421875,-3.969970703125,-0.2589111328125,0.7274169921875],""received_at_ms"":1788503987887,""valid"":true,""status"":""STALE"",""error"":""Torque sample age 15931 ms exceeds 1500 ms"",""source"":""/left_jaka_driver/joint_torque_raw"",""age_ms"":15931,""fresh"":false},""right"":{""values"":[111.13329938671086,3.143164023058489,-2.6630859375,4.29052734375,-0.03082275390625,0.09246826171875],""received_at_ms"":1788503987893,""valid"":true,""status"":""STALE"",""error"":""Torque sample age 15925 ms exceeds 1500 ms"",""source"":""/right_jaka_driver/joint_torque_raw"",""age_ms"":15925,""fresh"":false}}"
152,1788504003916,RUNNING,13.32,"{""left"":{""valid"":true,""status"":""VALID"",""sample_index"":556,""time_from_start_s"":13.344,""joints_rad"":[2.946043813253736,0.4133218779094957,-0.917485741973602,1.1195773582702384,-0.18518519656212723,0.9930945896244059],""source"":""LATEST SUCCESSFUL PHASE5 SERVO_J COMMAND \u2014 DRIVER MEMORY"",""error"":null},""right"":{""valid"":true,""status"":""VALID"",""sample_index"":555,""time_from_start_s"":13.32,""joints_rad"":[0.31567076747166845,2.8517247888883017,0.7728461719079818,-1.621784334794712,3.7209811421506043,1.9566874683500983],""source"":""LATEST SUCCESSFUL PHASE5 SERVO_J COMMAND \u2014 DRIVER MEMORY"",""error"":null}}","{""left"":{""valid"":true,""fresh"":true,""status"":""FRESH"",""joints_rad"":[2.9447760626325974,0.4148768059708909,-0.921298400136912,1.1163033393305377,-0.18429647156801443,0.9820740808169334],""received_at_ms"":1788504003872,""age_ms"":44,""source"":""jaka_port10000_actual_feedback"",""mapping"":""port10000_joint_actual_position_deg_to_rad"",""error"":null},""right"":{""valid"":true,""fresh"":true,""status"":""FRESH"",""joints_rad"":[0.31619798445823394,2.8519414761202437,0.7720371443746561,-1.6226029349818443,3.7220395954523506,1.9496996279541567],""received_at_ms"":1788504003880,""age_ms"":36,""source"":""jaka_port10000_actual_feedback"",""mapping"":""port10000_joint_actual_position_deg_to_rad"",""error"":null}}","{""left"":{""values"":[-112.36811382434098,-3.367675738991238,1.72607421875,-3.969970703125,-0.2589111328125,0.7274169921875],""received_at_ms"":1788503987887,""valid"":true,""status"":""STALE"",""error"":""Torque sample age 16029 ms exceeds 1500 ms"",""source"":""/left_jaka_driver/joint_torque_raw"",""age_ms"":16029,""fresh"":false},""right"":{""values"":[111.13329938671086,3.143164023058489,-2.6630859375,4.29052734375,-0.03082275390625,0.09246826171875],""received_at_ms"":1788503987893,""valid"":true,""status"":""STALE"",""error"":""Torque sample age 16023 ms exceeds 1500 ms"",""source"":""/right_jaka_driver/joint_torque_raw"",""age_ms"":16023,""fresh"":false}}"
153,1788504004014,RUNNING,13.44,"{""left"":{""valid"":true,""status"":""VALID"",""sample_index"":560,""time_from_start_s"":13.44,""joints_rad"":[2.9466464772794425,0.41256416265543633,-0.915629075216336,1.1220689815949523,-0.18583386047673314,0.9984230636075748],""source"":""LATEST SUCCESSFUL PHASE5 SERVO_J COMMAND \u2014 DRIVER MEMORY"",""error"":null},""right"":{""valid"":true,""status"":""VALID"",""sample_index"":560,""time_from_start_s"":13.44,""joints_rad"":[0.3148266973963919,2.8509352650024384,0.774441697352687,-1.6202065690498568,3.7188549495301237,1.964118719295529],""source"":""LATEST SUCCESSFUL PHASE5 SERVO_J COMMAND \u2014 DRIVER MEMORY"",""error"":null}}","{""left"":{""valid"":true,""fresh"":true,""status"":""FRESH"",""joints_rad"":[2.9460824415777154,0.41328297129796965,-0.9175593812803645,1.1196229555678308,-0.18515936235020045,0.9930996747676318],""received_at_ms"":1788504004009,""age_ms"":5,""source"":""jaka_port10000_actual_feedback"",""mapping"":""port10000_joint_actual_position_deg_to_rad"",""error"":null},""right"":{""valid"":true,""fresh"":true,""status"":""FRESH"",""joints_rad"":[0.31595817621900985,2.851725753424697,0.7725165863201789,-1.622111624797408,3.7214522921590545,1.9541697652343648],""received_at_ms"":1788504003948,""age_ms"":66,""source"":""jaka_port10000_actual_feedback"",""mapping"":""port10000_joint_actual_position_deg_to_rad"",""error"":null}}","{""left"":{""values"":[-112.36811382434098,-3.367675738991238,1.72607421875,-3.969970703125,-0.2589111328125,0.7274169921875],""received_at_ms"":1788503987887,""valid"":true,""status"":""STALE"",""error"":""Torque sample age 16127 ms exceeds 1500 ms"",""source"":""/left_jaka_driver/joint_torque_raw"",""age_ms"":16127,""fresh"":false},""right"":{""values"":[111.13329938671086,3.143164023058489,-2.6630859375,4.29052734375,-0.03082275390625,0.09246826171875],""received_at_ms"":1788503987893,""valid"":true,""status"":""STALE"",""error"":""Torque sample age 16121 ms exceeds 1500 ms"",""source"":""/right_jaka_driver/joint_torque_raw"",""age_ms"":16121,""fresh"":false}}"
154,1788504004117,RUNNING,13.536,"{""left"":{""valid"":true,""status"":""VALID"",""sample_index"":564,""time_from_start_s"":13.536,""joints_rad"":[2.947209072546279,0.411848537065155,-0.9138863017909464,1.1250636345344764,-0.18650923257848206,1.0034498243552594],""source"":""LATEST SUCCESSFUL PHASE5 SERVO_J COMMAND \u2014 DRIVER MEMORY"",""error"":null},""right"":{""valid"":true,""status"":""VALID"",""sample_index"":564,""time_from_start_s"":13.536,""joints_rad"":[0.31389525563194154,2.8500655095037497,0.7762001304226677,-1.6184740247341083,3.7165065325966924,1.9701074054885763],""source"":""LATEST SUCCESSFUL PHASE5 SERVO_J COMMAND \u2014 DRIVER MEMORY"",""error"":null}}","{""left"":{""valid"":true,""fresh"":true,""status"":""FRESH"",""joints_rad"":[2.9460824415777154,0.41328297129796965,-0.9175593812803645,1.1196229555678308,-0.18515936235020045,0.9930996747676318],""received_at_ms"":1788504004009,""age_ms"":108,""source"":""jaka_port10000_actual_feedback"",""mapping"":""port10000_joint_actual_position_deg_to_rad"",""error"":null},""right"":{""valid"":true,""fresh"":true,""status"":""FRESH"",""joints_rad"":[0.3155267308279169,2.8514262549250544,0.7732236192001618,-1.6214285029281772,3.7205176683446117,1.9585919059601427],""received_at_ms"":1788504004065,""age_ms"":52,""source"":""jaka_port10000_actual_feedback"",""mapping"":""port10000_joint_actual_position_deg_to_rad"",""error"":null}}","{""left"":{""values"":[-112.36811382434098,-3.367675738991238,1.72607421875,-3.969970703125,-0.2589111328125,0.7274169921875],""received_at_ms"":1788503987887,""valid"":true,""status"":""STALE"",""error"":""Torque sample age 16230 ms exceeds 1500 ms"",""source"":""/left_jaka_driver/joint_torque_raw"",""age_ms"":16230,""fresh"":false},""right"":{""values"":[111.13329938671086,3.143164023058489,-2.6630859375,4.29052734375,-0.03082275390625,0.09246826171875],""received_at_ms"":1788503987893,""valid"":true,""status"":""STALE"",""error"":""Torque sample age 16224 ms exceeds 1500 ms"",""source"":""/right_jaka_driver/joint_torque_raw"",""age_ms"":16224,""fresh"":false}}"
155,1788504004223,RUNNING,13.632,"{""left"":{""valid"":true,""status"":""VALID"",""sample_index"":569,""time_from_start_s"":13.656,""joints_rad"":[2.947867562231662,0.41100684453324393,-0.9118436971333131,1.1294693885626026,-0.18735657519855836,1.0093612494994513],""source"":""LATEST SUCCESSFUL PHASE5 SERVO_J COMMAND \u2014 DRIVER MEMORY"",""error"":null},""right"":{""valid"":true,""status"":""VALID"",""sample_index"":568,""time_from_start_s"":13.632,""joints_rad"":[0.3127318991032253,2.848981066104659,0.7783935743366963,-1.6163207813338505,3.71357072353752,1.9761320895083503],""source"":""LATEST SUCCESSFUL PHASE5 SERVO_J COMMAND \u2014 DRIVER MEMORY"",""error"":null}}","{""left"":{""valid"":true,""fresh"":true,""status"":""FRESH"",""joints_rad"":[2.946837296479203,0.4123122191680104,-0.9152344281837829,1.1228947497836195,-0.18601021036054768,0.9992954190792865],""received_at_ms"":1788504004131,""age_ms"":92,""source"":""jaka_port10000_actual_feedback"",""mapping"":""port10000_joint_actual_position_deg_to_rad"",""error"":null},""right"":{""valid"":true,""fresh"":true,""status"":""FRESH"",""joints_rad"":[0.31393289615499564,2.850036100175841,0.7762316941659742,-1.618504378299386,3.7164189371292284,1.9700009487475043],""received_at_ms"":1788504004206,""age_ms"":17,""source"":""jaka_port10000_actual_feedback"",""mapping"":""port10000_joint_actual_position_deg_to_rad"",""error"":null}}","{""left"":{""values"":[-112.36811382434098,-3.367675738991238,1.72607421875,-3.969970703125,-0.2589111328125,0.7274169921875],""received_at_ms"":1788503987887,""valid"":true,""status"":""STALE"",""error"":""Torque sample age 16336 ms exceeds 1500 ms"",""source"":""/left_jaka_driver/joint_torque_raw"",""age_ms"":16336,""fresh"":false},""right"":{""values"":[111.13329938671086,3.143164023058489,-2.6630859375,4.29052734375,-0.03082275390625,0.09246826171875],""received_at_ms"":1788503987893,""valid"":true,""status"":""STALE"",""error"":""Torque sample age 16330 ms exceeds 1500 ms"",""source"":""/right_jaka_driver/joint_torque_raw"",""age_ms"":16330,""fresh"":false}}"
156,1788504004324,RUNNING,13.752,"{""left"":{""valid"":true,""status"":""VALID"",""sample_index"":573,""time_from_start_s"":13.752,""joints_rad"":[2.9483668666551752,0.41037016635110035,-0.91029952734025,1.1334755538655152,-0.1880149324173821,1.013835807981266],""source"":""LATEST SUCCESSFUL PHASE5 SERVO_J COMMAND \u2014 DRIVER MEMORY"",""error"":null},""right"":{""valid"":true,""status"":""VALID"",""sample_index"":573,""time_from_start_s"":13.752,""joints_rad"":[0.3109609092211236,2.8473338018952714,0.7817272643192467,-1.6130634292170156,3.7090963670712513,1.9837059097225636],""source"":""LATEST SUCCESSFUL PHASE5 SERVO_J COMMAND \u2014 DRIVER MEMORY"",""error"":null}}","{""left"":{""valid"":true,""fresh"":true,""status"":""FRESH"",""joints_rad"":[2.9473046956528868,0.4117490014183919,-0.913820362423817,1.1254472938146611,-0.18657342811016625,1.003825421152838],""received_at_ms"":1788504004248,""age_ms"":76,""source"":""jaka_port10000_actual_feedback"",""mapping"":""port10000_joint_actual_position_deg_to_rad"",""error"":null},""right"":{""valid"":true,""fresh"":true,""status"":""FRESH"",""joints_rad"":[0.3131180019272395,2.8491971204044075,0.7778496143825728,-1.6168625470720348,3.7143337922718707,1.974555036364733],""received_at_ms"":1788504004322,""age_ms"":2,""source"":""jaka_port10000_actual_feedback"",""mapping"":""port10000_joint_actual_position_deg_to_rad"",""error"":null}}","{""left"":{""values"":[-112.36811382434098,-3.367675738991238,1.72607421875,-3.969970703125,-0.2589111328125,0.7274169921875],""received_at_ms"":1788503987887,""valid"":true,""status"":""STALE"",""error"":""Torque sample age 16437 ms exceeds 1500 ms"",""source"":""/left_jaka_driver/joint_torque_raw"",""age_ms"":16437,""fresh"":false},""right"":{""values"":[111.13329938671086,3.143164023058489,-2.6630859375,4.29052734375,-0.03082275390625,0.09246826171875],""received_at_ms"":1788503987893,""valid"":true,""status"":""STALE"",""error"":""Torque sample age 16431 ms exceeds 1500 ms"",""source"":""/right_jaka_driver/joint_torque_raw"",""age_ms"":16431,""fresh"":false}}"
157,1788504004428,RUNNING,13.848,"{""left"":{""valid"":true,""status"":""VALID"",""sample_index"":577,""time_from_start_s"":13.848,""joints_rad"":[2.9488483085090196,0.409760775789615,-0.9088192957097014,1.1378577112963857,-0.1886408510572433,1.0181228313194528],""source"":""LATEST SUCCESSFUL PHASE5 SERVO_J COMMAND \u2014 DRIVER MEMORY"",""error"":null},""right"":{""valid"":true,""status"":""VALID"",""sample_index"":577,""time_from_start_s"":13.848,""joints_rad"":[0.3093079503781793,2.8458000348960337,0.7848331856133955,-1.6100443898220596,3.704914902298434,1.9897909532257838],""source"":""LATEST SUCCESSFUL PHASE5 SERVO_J COMMAND \u2014 DRIVER MEMORY"",""error"":null}}","{""left"":{""valid"":true,""fresh"":true,""status"":""FRESH"",""joints_rad"":[2.94786808793543,0.4110178829947314,-0.9119867195116718,1.129210398214886,-0.18736441132717005,1.0090626306392971],""received_at_ms"":1788504004361,""age_ms"":67,""source"":""jaka_port10000_actual_feedback"",""mapping"":""port10000_joint_actual_position_deg_to_rad"",""error"":null},""right"":{""valid"":true,""fresh"":true,""status"":""FRESH"",""joints_rad"":[0.31155994650398416,2.8477710118726027,0.7808695575872986,-1.6139743762258347,3.710306968621669,1.9814818991000485],""received_at_ms"":1788504004391,""age_ms"":37,""source"":""jaka_port10000_actual_feedback"",""mapping"":""port10000_joint_actual_position_deg_to_rad"",""error"":null}}","{""left"":{""values"":[-112.36811382434098,-3.367675738991238,1.72607421875,-3.969970703125,-0.2589111328125,0.7274169921875],""received_at_ms"":1788503987887,""valid"":true,""status"":""STALE"",""error"":""Torque sample age 16541 ms exceeds 1500 ms"",""source"":""/left_jaka_driver/joint_torque_raw"",""age_ms"":16541,""fresh"":false},""right"":{""values"":[111.13329938671086,3.143164023058489,-2.6630859375,4.29052734375,-0.03082275390625,0.09246826171875],""received_at_ms"":1788503987893,""valid"":true,""status"":""STALE"",""error"":""Torque sample age 16535 ms exceeds 1500 ms"",""source"":""/right_jaka_driver/joint_torque_raw"",""age_ms"":16535,""fresh"":false}}"
158,1788504004519,RUNNING,13.944,"{""left"":{""valid"":true,""status"":""VALID"",""sample_index"":581,""time_from_start_s"":13.944,""joints_rad"":[2.9493172219927697,0.4091735660152862,-0.9073890014203303,1.1425612916364505,-0.18922414225753706,1.022258014736232],""source"":""LATEST SUCCESSFUL PHASE5 SERVO_J COMMAND \u2014 DRIVER MEMORY"",""error"":null},""right"":{""valid"":true,""status"":""VALID"",""sample_index"":581,""time_from_start_s"":13.944,""joints_rad"":[0.307467674721927,2.8440966165432595,0.788284816170756,-1.606706997809074,3.700253636176554,1.9958900719296533],""source"":""LATEST SUCCESSFUL PHASE5 SERVO_J COMMAND \u2014 DRIVER MEMORY"",""error"":null}}","{""left"":{""valid"":true,""fresh"":true,""status"":""FRESH"",""joints_rad"":[2.948826797293551,0.4098195399303121,-0.9089786445458596,1.137048148286817,-0.1885868399352669,1.0173436943412346],""received_at_ms"":1788504004507,""age_ms"":12,""source"":""jaka_port10000_actual_feedback"",""mapping"":""port10000_joint_actual_position_deg_to_rad"",""error"":null},""right"":{""valid"":true,""fresh"":true,""status"":""FRESH"",""joints_rad"":[0.3103495606677261,2.846716483938548,0.7830147417709248,-1.6118171492703697,3.70740675500363,1.9860478549561906],""received_at_ms"":1788504004463,""age_ms"":56,""source"":""jaka_port10000_actual_feedback"",""mapping"":""port10000_joint_actual_position_deg_to_rad"",""error"":null}}","{""left"":{""values"":[-112.36811382434098,-3.367675738991238,1.72607421875,-3.969970703125,-0.2589111328125,0.7274169921875],""received_at_ms"":1788503987887,""valid"":true,""status"":""STALE"",""error"":""Torque sample age 16632 ms exceeds 1500 ms"",""source"":""/left_jaka_driver/joint_torque_raw"",""age_ms"":16632,""fresh"":false},""right"":{""values"":[111.13329938671086,3.143164023058489,-2.6630859375,4.29052734375,-0.03082275390625,0.09246826171875],""received_at_ms"":1788503987893,""valid"":true,""status"":""STALE"",""error"":""Torque sample age 16626 ms exceeds 1500 ms"",""source"":""/right_jaka_driver/joint_torque_raw"",""age_ms"":16626,""fresh"":false}}"
159,1788504004619,RUNNING,14.040000000000001,"{""left"":{""valid"":true,""status"":""VALID"",""sample_index"":585,""time_from_start_s"":14.040000000000001,""joints_rad"":[2.949778279106558,0.4086033438437703,-0.905995452759377,1.1475273332290459,-0.18975776433826594,1.0262764606088568],""source"":""LATEST SUCCESSFUL PHASE5 SERVO_J COMMAND \u2014 DRIVER MEMORY"",""error"":null},""right"":{""valid"":true,""status"":""VALID"",""sample_index"":585,""time_from_start_s"":14.040000000000001,""joints_rad"":[0.30546631403132224,2.8422491570822492,0.7920309543529106,-1.6031064239844721,3.695177110024034,2.0019938880802552],""source"":""LATEST SUCCESSFUL PHASE5 SERVO_J COMMAND \u2014 DRIVER MEMORY"",""error"":null}}","{""left"":{""valid"":true,""fresh"":true,""status"":""FRESH"",""joints_rad"":[2.948826797293551,0.4098195399303121,-0.9089786445458596,1.137048148286817,-0.1885868399352669,1.0173436943412346],""received_at_ms"":1788504004507,""age_ms"":112,""source"":""jaka_port10000_actual_feedback"",""mapping"":""port10000_joint_actual_position_deg_to_rad"",""error"":null},""right"":{""valid"":true,""fresh"":true,""status"":""FRESH"",""joints_rad"":[0.30812060068000413,2.844655075559017,0.7871132984533831,-1.607802368392007,3.7017981394523463,1.9937058361151663],""received_at_ms"":1788504004572,""age_ms"":47,""source"":""jaka_port10000_actual_feedback"",""mapping"":""port10000_joint_actual_position_deg_to_rad"",""error"":null}}","{""left"":{""values"":[-112.36811382434098,-3.367675738991238,1.72607421875,-3.969970703125,-0.2589111328125,0.7274169921875],""received_at_ms"":1788503987887,""valid"":true,""status"":""STALE"",""error"":""Torque sample age 16732 ms exceeds 1500 ms"",""source"":""/left_jaka_driver/joint_torque_raw"",""age_ms"":16732,""fresh"":false},""right"":{""values"":[111.13329938671086,3.143164023058489,-2.6630859375,4.29052734375,-0.03082275390625,0.09246826171875],""received_at_ms"":1788503987893,""valid"":true,""status"":""STALE"",""error"":""Torque sample age 16726 ms exceeds 1500 ms"",""source"":""/right_jaka_driver/joint_torque_raw"",""age_ms"":16726,""fresh"":false}}"
160,1788504004722,RUNNING,14.136000000000001,"{""left"":{""valid"":true,""status"":""VALID"",""sample_index"":589,""time_from_start_s"":14.136000000000001,""joints_rad"":[2.9502355142023915,0.4080449289299749,-0.9046263610670553,1.152694134908879,-0.19023746720056134,1.0302121881712099],""source"":""LATEST SUCCESSFUL PHASE5 SERVO_J COMMAND \u2014 DRIVER MEMORY"",""error"":null},""right"":{""valid"":true,""status"":""VALID"",""sample_index"":589,""time_from_start_s"":14.136000000000001,""joints_rad"":[0.3033338855137135,2.8402867756438255,0.7960132910682938,-1.5993047325541145,3.6897594462248433,2.008092417785512],""source"":""LATEST SUCCESSFUL PHASE5 SERVO_J COMMAND \u2014 DRIVER MEMORY"",""error"":null}}","{""left"":{""valid"":true,""fresh"":true,""status"":""FRESH"",""joints_rad"":[2.9493661040324173,0.4091243752892428,-0.9073247705466698,1.1425368597184888,-0.18920992247822888,1.022269188023288],""received_at_ms"":1788504004623,""age_ms"":99,""source"":""jaka_port10000_actual_feedback"",""mapping"":""port10000_joint_actual_position_deg_to_rad"",""error"":null},""right"":{""valid"":true,""fresh"":true,""status"":""FRESH"",""joints_rad"":[0.3068262645067252,2.8434686007335115,0.7894982908762335,-1.6055015008391031,3.698610470106504,1.9979600761669025],""received_at_ms"":1788504004639,""age_ms"":83,""source"":""jaka_port10000_actual_feedback"",""mapping"":""port10000_joint_actual_position_deg_to_rad"",""error"":null}}","{""left"":{""values"":[-112.36811382434098,-3.367675738991238,1.72607421875,-3.969970703125,-0.2589111328125,0.7274169921875],""received_at_ms"":1788503987887,""valid"":true,""status"":""STALE"",""error"":""Torque sample age 16835 ms exceeds 1500 ms"",""source"":""/left_jaka_driver/joint_torque_raw"",""age_ms"":16835,""fresh"":false},""right"":{""values"":[111.13329938671086,3.143164023058489,-2.6630859375,4.29052734375,-0.03082275390625,0.09246826171875],""received_at_ms"":1788503987893,""valid"":true,""status"":""STALE"",""error"":""Torque sample age 16829 ms exceeds 1500 ms"",""source"":""/right_jaka_driver/joint_torque_raw"",""age_ms"":16829,""fresh"":false}}"
161,1788504004827,RUNNING,14.256,"{""left"":{""valid"":true,""status"":""VALID"",""sample_index"":594,""time_from_start_s"":14.256,""joints_rad"":[2.9508068390389792,0.4073558116761965,-0.9029322894539418,1.1593393329940187,-0.19075871134532518,1.0350647646405866],""source"":""LATEST SUCCESSFUL PHASE5 SERVO_J COMMAND \u2014 DRIVER MEMORY"",""error"":null},""right"":{""valid"":true,""status"":""VALID"",""sample_index"":594,""time_from_start_s"":14.256,""joints_rad"":[0.30053385158649043,2.8377202670381294,0.8012269714140813,-1.5943713780883935,3.6826310084958194,2.0156925692719083],""source"":""LATEST SUCCESSFUL PHASE5 SERVO_J COMMAND \u2014 DRIVER MEMORY"",""error"":null}}","{""left"":{""valid"":true,""fresh"":true,""status"":""FRESH"",""joints_rad"":[2.949941364553875,0.4084293851810986,-0.9056230745259752,1.148828597139003,-0.18995308367372804,1.027326628596792],""received_at_ms"":1788504004732,""age_ms"":95,""source"":""jaka_port10000_actual_feedback"",""mapping"":""port10000_joint_actual_position_deg_to_rad"",""error"":null},""right"":{""valid"":true,""fresh"":true,""status"":""FRESH"",""joints_rad"":[0.3031231994327688,2.8400652086921228,0.7964490646223008,-1.5988622683645166,3.689190753600565,2.0086980398568723],""received_at_ms"":1788504004822,""age_ms"":5,""source"":""jaka_port10000_actual_feedback"",""mapping"":""port10000_joint_actual_position_deg_to_rad"",""error"":null}}","{""left"":{""values"":[-112.36811382434098,-3.367675738991238,1.72607421875,-3.969970703125,-0.2589111328125,0.7274169921875],""received_at_ms"":1788503987887,""valid"":true,""status"":""STALE"",""error"":""Torque sample age 16940 ms exceeds 1500 ms"",""source"":""/left_jaka_driver/joint_torque_raw"",""age_ms"":16940,""fresh"":false},""right"":{""values"":[111.13329938671086,3.143164023058489,-2.6630859375,4.29052734375,-0.03082275390625,0.09246826171875],""received_at_ms"":1788503987893,""valid"":true,""status"":""STALE"",""error"":""Torque sample age 16934 ms exceeds 1500 ms"",""source"":""/right_jaka_driver/joint_torque_raw"",""age_ms"":16934,""fresh"":false}}"
162,1788504004926,RUNNING,14.328000000000001,"{""left"":{""valid"":true,""status"":""VALID"",""sample_index"":598,""time_from_start_s"":14.352,""joints_rad"":[2.951267089284098,0.40680576328679435,-0.9015786117268227,1.1647292973608665,-0.1911135985739341,1.038929815269314],""source"":""LATEST SUCCESSFUL PHASE5 SERVO_J COMMAND \u2014 DRIVER MEMORY"",""error"":null},""right"":{""valid"":true,""status"":""VALID"",""sample_index"":597,""time_from_start_s"":14.328000000000001,""joints_rad"":[0.29880761645575854,2.8361443356747658,0.8044316958034622,-1.5913661494906775,3.6782272289000315,2.0202328205343987],""source"":""LATEST SUCCESSFUL PHASE5 SERVO_J COMMAND \u2014 DRIVER MEMORY"",""error"":null}}","{""left"":{""valid"":true,""fresh"":true,""status"":""FRESH"",""joints_rad"":[2.9508161235749744,0.4073628144752049,-0.9030104911686649,1.1590031685464293,-0.19066011655371096,1.0348287518535644],""received_at_ms"":1788504004914,""age_ms"":12,""source"":""jaka_port10000_actual_feedback"",""mapping"":""port10000_joint_actual_position_deg_to_rad"",""error"":null},""right"":{""valid"":true,""fresh"":true,""status"":""FRESH"",""joints_rad"":[0.3031231994327688,2.8400652086921228,0.7964490646223008,-1.5988622683645166,3.689190753600565,2.0086980398568723],""received_at_ms"":1788504004822,""age_ms"":104,""source"":""jaka_port10000_actual_feedback"",""mapping"":""port10000_joint_actual_position_deg_to_rad"",""error"":null}}","{""left"":{""values"":[-112.36811382434098,-3.367675738991238,1.72607421875,-3.969970703125,-0.2589111328125,0.7274169921875],""received_at_ms"":1788503987887,""valid"":true,""status"":""STALE"",""error"":""Torque sample age 17039 ms exceeds 1500 ms"",""source"":""/left_jaka_driver/joint_torque_raw"",""age_ms"":17039,""fresh"":false},""right"":{""values"":[111.13329938671086,3.143164023058489,-2.6630859375,4.29052734375,-0.03082275390625,0.09246826171875],""received_at_ms"":1788503987893,""valid"":true,""status"":""STALE"",""error"":""Torque sample age 17033 ms exceeds 1500 ms"",""source"":""/right_jaka_driver/joint_torque_raw"",""age_ms"":17033,""fresh"":false}}"
163,1788504005023,RUNNING,14.448,"{""left"":{""valid"":true,""status"":""VALID"",""sample_index"":602,""time_from_start_s"":14.448,""joints_rad"":[2.9517325221235877,0.40625197350989956,-0.9002168249397214,1.1701205504961603,-0.1914157353668883,1.042809303923054],""source"":""LATEST SUCCESSFUL PHASE5 SERVO_J COMMAND \u2014 DRIVER MEMORY"",""error"":null},""right"":{""valid"":true,""status"":""VALID"",""sample_index"":602,""time_from_start_s"":14.448,""joints_rad"":[0.2958996975838716,2.8335019147481315,0.8098116704055665,-1.586374049302077,3.6707912661485413,2.027753917000325],""source"":""LATEST SUCCESSFUL PHASE5 SERVO_J COMMAND \u2014 DRIVER MEMORY"",""error"":null}}","{""left"":{""valid"":true,""fresh"":true,""status"":""FRESH"",""joints_rad"":[2.951103753835703,0.40699123387745534,-0.9020756928212968,1.162538507479269,-0.19092366127076213,1.0374411606779494],""received_at_ms"":1788504004983,""age_ms"":40,""source"":""jaka_port10000_actual_feedback"",""mapping"":""port10000_joint_actual_position_deg_to_rad"",""error"":null},""right"":{""valid"":true,""fresh"":true,""status"":""FRESH"",""joints_rad"":[0.30007917068436546,2.837284899193696,0.8020456374017458,-1.5935772368565526,3.6815928117678585,2.0166316085047375],""received_at_ms"":1788504004937,""age_ms"":86,""source"":""jaka_port10000_actual_feedback"",""mapping"":""port10000_joint_actual_position_deg_to_rad"",""error"":null}}","{""left"":{""values"":[-112.36811382434098,-3.367675738991238,1.72607421875,-3.969970703125,-0.2589111328125,0.7274169921875],""received_at_ms"":1788503987887,""valid"":true,""status"":""STALE"",""error"":""Torque sample age 17136 ms exceeds 1500 ms"",""source"":""/left_jaka_driver/joint_torque_raw"",""age_ms"":17136,""fresh"":false},""right"":{""values"":[111.13329938671086,3.143164023058489,-2.6630859375,4.29052734375,-0.03082275390625,0.09246826171875],""received_at_ms"":1788503987893,""valid"":true,""status"":""STALE"",""error"":""Torque sample age 17130 ms exceeds 1500 ms"",""source"":""/right_jaka_driver/joint_torque_raw"",""age_ms"":17130,""fresh"":false}}"
164,1788504005122,RUNNING,14.544,"{""left"":{""valid"":true,""status"":""VALID"",""sample_index"":606,""time_from_start_s"":14.544,""joints_rad"":[2.9522047358055463,0.40569042315670745,-0.8988395264751528,1.1754581888151283,-0.19166876868843702,1.0467271765847432],""source"":""LATEST SUCCESSFUL PHASE5 SERVO_J COMMAND \u2014 DRIVER MEMORY"",""error"":null},""right"":{""valid"":true,""status"":""VALID"",""sample_index"":606,""time_from_start_s"":14.544,""joints_rad"":[0.293582508462926,2.8314088584967325,0.8140798058563983,-1.58246792395921,3.6648479018795657,2.033719736790367],""source"":""LATEST SUCCESSFUL PHASE5 SERVO_J COMMAND \u2014 DRIVER MEMORY"",""error"":null}}","{""left"":{""valid"":true,""fresh"":true,""status"":""FRESH"",""joints_rad"":[2.951487202672366,0.40653587747561,-0.9009852111046508,1.1669128261835422,-0.1911753377488997,1.040593050774126],""received_at_ms"":1788504005095,""age_ms"":27,""source"":""jaka_port10000_actual_feedback"",""mapping"":""port10000_joint_actual_position_deg_to_rad"",""error"":null},""right"":{""valid"":true,""fresh"":true,""status"":""FRESH"",""joints_rad"":[0.2961961621645285,2.833833336064952,0.809248262158876,-1.586973783631632,3.67189750777303,2.026722229575143],""received_at_ms"":1788504005102,""age_ms"":20,""source"":""jaka_port10000_actual_feedback"",""mapping"":""port10000_joint_actual_position_deg_to_rad"",""error"":null}}","{""left"":{""values"":[-112.36811382434098,-3.367675738991238,1.72607421875,-3.969970703125,-0.2589111328125,0.7274169921875],""received_at_ms"":1788503987887,""valid"":true,""status"":""STALE"",""error"":""Torque sample age 17235 ms exceeds 1500 ms"",""source"":""/left_jaka_driver/joint_torque_raw"",""age_ms"":17235,""fresh"":false},""right"":{""values"":[111.13329938671086,3.143164023058489,-2.6630859375,4.29052734375,-0.03082275390625,0.09246826171875],""received_at_ms"":1788503987893,""valid"":true,""status"":""STALE"",""error"":""Torque sample age 17229 ms exceeds 1500 ms"",""source"":""/right_jaka_driver/joint_torque_raw"",""age_ms"":17229,""fresh"":false}}"
165,1788504005227,RUNNING,14.64,"{""left"":{""valid"":true,""status"":""VALID"",""sample_index"":610,""time_from_start_s"":14.64,""joints_rad"":[2.952684819824358,0.40511762662565093,-0.8974407099766825,1.1806932471030487,-0.19187727018669704,1.0507037220273083],""source"":""LATEST SUCCESSFUL PHASE5 SERVO_J COMMAND \u2014 DRIVER MEMORY"",""error"":null},""right"":{""valid"":true,""status"":""VALID"",""sample_index"":610,""time_from_start_s"":14.64,""joints_rad"":[0.29130633859033633,2.8293655154638113,0.8182533243677976,-1.5787033253334333,3.6589916346697997,2.0396322427182962],""source"":""LATEST SUCCESSFUL PHASE5 SERVO_J COMMAND \u2014 DRIVER MEMORY"",""error"":null}}","{""left"":{""valid"":true,""fresh"":true,""status"":""FRESH"",""joints_rad"":[2.9520146411723185,0.4059246631715616,-0.8994990632465776,1.1726293030825996,-0.19147501078146711,1.044859508130626],""received_at_ms"":1788504005166,""age_ms"":61,""source"":""jaka_port10000_actual_feedback"",""mapping"":""port10000_joint_actual_position_deg_to_rad"",""error"":null},""right"":{""valid"":true,""fresh"":true,""status"":""FRESH"",""joints_rad"":[0.2940750635245798,2.831915917348711,0.8130951423631967,-1.583330583351019,3.6664686611347017,2.0320193038549457],""received_at_ms"":1788504005191,""age_ms"":36,""source"":""jaka_port10000_actual_feedback"",""mapping"":""port10000_joint_actual_position_deg_to_rad"",""error"":null}}","{""left"":{""values"":[-112.36811382434098,-3.367675738991238,1.72607421875,-3.969970703125,-0.2589111328125,0.7274169921875],""received_at_ms"":1788503987887,""valid"":true,""status"":""STALE"",""error"":""Torque sample age 17339 ms exceeds 1500 ms"",""source"":""/left_jaka_driver/joint_torque_raw"",""age_ms"":17339,""fresh"":false},""right"":{""values"":[111.13329938671086,3.143164023058489,-2.6630859375,4.29052734375,-0.03082275390625,0.09246826171875],""received_at_ms"":1788503987893,""valid"":true,""status"":""STALE"",""error"":""Torque sample age 17333 ms exceeds 1500 ms"",""source"":""/right_jaka_driver/joint_torque_raw"",""age_ms"":17333,""fresh"":false}}"
166,1788504005326,RUNNING,14.736,"{""left"":{""valid"":true,""status"":""VALID"",""sample_index"":614,""time_from_start_s"":14.736,""joints_rad"":[2.95317337947201,0.40453073109249293,-0.8960158592933238,1.1857843514445223,-0.19204638059417434,1.0547550815152567],""source"":""LATEST SUCCESSFUL PHASE5 SERVO_J COMMAND \u2014 DRIVER MEMORY"",""error"":null},""right"":{""valid"":true,""status"":""VALID"",""sample_index"":614,""time_from_start_s"":14.736,""joints_rad"":[0.289097659559312,2.8273967593752736,0.8222820175010352,-1.5751303798956653,3.6532889844676792,2.0454858525118644],""source"":""LATEST SUCCESSFUL PHASE5 SERVO_J COMMAND \u2014 DRIVER MEMORY"",""error"":null}}","{""left"":{""valid"":true,""fresh"":true,""status"":""FRESH"",""joints_rad"":[2.952362136226391,0.4054811750086298,-0.8984445353125227,1.176560133623941,-0.19170277624885237,1.0478195865420086],""received_at_ms"":1788504005236,""age_ms"":90,""source"":""jaka_port10000_actual_feedback"",""mapping"":""port10000_joint_actual_position_deg_to_rad"",""error"":null},""right"":{""valid"":true,""fresh"":true,""status"":""FRESH"",""joints_rad"":[0.292337239188369,2.830345993686542,0.8161990359049435,-1.5805263628418398,3.662106385202267,2.0365374376895833],""received_at_ms"":1788504005299,""age_ms"":27,""source"":""jaka_port10000_actual_feedback"",""mapping"":""port10000_joint_actual_position_deg_to_rad"",""error"":null}}","{""left"":{""values"":[-112.36811382434098,-3.367675738991238,1.72607421875,-3.969970703125,-0.2589111328125,0.7274169921875],""received_at_ms"":1788503987887,""valid"":true,""status"":""STALE"",""error"":""Torque sample age 17439 ms exceeds 1500 ms"",""source"":""/left_jaka_driver/joint_torque_raw"",""age_ms"":17439,""fresh"":false},""right"":{""values"":[111.13329938671086,3.143164023058489,-2.6630859375,4.29052734375,-0.03082275390625,0.09246826171875],""received_at_ms"":1788503987893,""valid"":true,""status"":""STALE"",""error"":""Torque sample age 17433 ms exceeds 1500 ms"",""source"":""/right_jaka_driver/joint_torque_raw"",""age_ms"":17433,""fresh"":false}}"
167,1788504005427,RUNNING,14.832,"{""left"":{""valid"":true,""status"":""VALID"",""sample_index"":619,""time_from_start_s"":14.856,""joints_rad"":[2.953796177980851,0.40377413168341497,-0.8941938770838779,1.1918978630281059,-0.19221052324503998,1.0599415316561376],""source"":""LATEST SUCCESSFUL PHASE5 SERVO_J COMMAND \u2014 DRIVER MEMORY"",""error"":null},""right"":{""valid"":true,""status"":""VALID"",""sample_index"":618,""time_from_start_s"":14.832,""joints_rad"":[0.2869780229381449,2.8255225965419326,0.8261253764794381,-1.571788500642198,3.6477944573767203,2.051276998555327],""source"":""LATEST SUCCESSFUL PHASE5 SERVO_J COMMAND \u2014 DRIVER MEMORY"",""error"":null}}","{""left"":{""valid"":true,""fresh"":true,""status"":""FRESH"",""joints_rad"":[2.9529733505304394,0.4047861849004857,-0.8966468461829684,1.1832232771092799,-0.19196632096590352,1.052733037452223],""received_at_ms"":1788504005349,""age_ms"":78,""source"":""jaka_port10000_actual_feedback"",""mapping"":""port10000_joint_actual_position_deg_to_rad"",""error"":null},""right"":{""valid"":true,""fresh"":true,""status"":""FRESH"",""joints_rad"":[0.2899164675158529,2.828152812948486,0.8206332194025602,-1.576607575072337,3.6558507760972687,2.042817132338259],""received_at_ms"":1788504005368,""age_ms"":59,""source"":""jaka_port10000_actual_feedback"",""mapping"":""port10000_joint_actual_position_deg_to_rad"",""error"":null}}","{""left"":{""values"":[-112.36811382434098,-3.367675738991238,1.72607421875,-3.969970703125,-0.2589111328125,0.7274169921875],""received_at_ms"":1788503987887,""valid"":true,""status"":""STALE"",""error"":""Torque sample age 17540 ms exceeds 1500 ms"",""source"":""/left_jaka_driver/joint_torque_raw"",""age_ms"":17540,""fresh"":false},""right"":{""values"":[111.13329938671086,3.143164023058489,-2.6630859375,4.29052734375,-0.03082275390625,0.09246826171875],""received_at_ms"":1788503987893,""valid"":true,""status"":""STALE"",""error"":""Torque sample age 17534 ms exceeds 1500 ms"",""source"":""/right_jaka_driver/joint_torque_raw"",""age_ms"":17534,""fresh"":false}}"
168,1788504005527,RUNNING,14.952,"{""left"":{""valid"":true,""status"":""VALID"",""sample_index"":623,""time_from_start_s"":14.952,""joints_rad"":[2.9543036797833224,0.4031490346736984,-0.8927022947719272,1.1965643553450345,-0.19231032969467682,1.0641954232318418],""source"":""LATEST SUCCESSFUL PHASE5 SERVO_J COMMAND \u2014 DRIVER MEMORY"",""error"":null},""right"":{""valid"":true,""status"":""VALID"",""sample_index"":623,""time_from_start_s"":14.952,""joints_rad"":[0.2844765209276553,2.8233335508581017,0.8306268768550481,-1.5679746627422908,3.641277499643992,2.058426531831066],""source"":""LATEST SUCCESSFUL PHASE5 SERVO_J COMMAND \u2014 DRIVER MEMORY"",""error"":null}}","{""left"":{""valid"":true,""fresh"":true,""status"":""FRESH"",""joints_rad"":[2.953296934573759,0.40440273606382254,-0.8957120478356003,1.1866867084769375,-0.1920623140747632,1.0554056601358017],""received_at_ms"":1788504005468,""age_ms"":59,""source"":""jaka_port10000_actual_feedback"",""mapping"":""port10000_joint_actual_position_deg_to_rad"",""error"":null},""right"":{""valid"":true,""fresh"":true,""status"":""FRESH"",""joints_rad"":[0.28833467561477044,2.82669075063409,0.8236173833576201,-1.57405485650837,3.6516202725233597,2.0473350916399715],""received_at_ms"":1788504005438,""age_ms"":89,""source"":""jaka_port10000_actual_feedback"",""mapping"":""port10000_joint_actual_position_deg_to_rad"",""error"":null}}","{""left"":{""values"":[-112.36811382434098,-3.367675738991238,1.72607421875,-3.969970703125,-0.2589111328125,0.7274169921875],""received_at_ms"":1788503987887,""valid"":true,""status"":""STALE"",""error"":""Torque sample age 17640 ms exceeds 1500 ms"",""source"":""/left_jaka_driver/joint_torque_raw"",""age_ms"":17640,""fresh"":false},""right"":{""values"":[111.13329938671086,3.143164023058489,-2.6630859375,4.29052734375,-0.03082275390625,0.09246826171875],""received_at_ms"":1788503987893,""valid"":true,""status"":""STALE"",""error"":""Torque sample age 17634 ms exceeds 1500 ms"",""source"":""/right_jaka_driver/joint_torque_raw"",""age_ms"":17634,""fresh"":false}}"
169,1788504005629,RUNNING,15.048,"{""left"":{""valid"":true,""status"":""VALID"",""sample_index"":627,""time_from_start_s"":15.048,""joints_rad"":[2.954818577116478,0.40250613590680673,-0.8911814279218426,1.2010248331012894,-0.19238708492016837,1.0685420185166523],""source"":""LATEST SUCCESSFUL PHASE5 SERVO_J COMMAND \u2014 DRIVER MEMORY"",""error"":null},""right"":{""valid"":true,""status"":""VALID"",""sample_index"":627,""time_from_start_s"":15.048,""joints_rad"":[0.28260238033727686,2.821712304759522,0.8339711250550071,-1.5652247837187088,3.6363680599400117,2.0640769831573684],""source"":""LATEST SUCCESSFUL PHASE5 SERVO_J COMMAND \u2014 DRIVER MEMORY"",""error"":null}}","{""left"":{""valid"":true,""fresh"":true,""status"":""FRESH"",""joints_rad"":[2.954243601160041,0.4032281294772303,-0.8929317383371733,1.195950567080673,-0.1922420829877186,1.0635189976966226],""received_at_ms"":1788504005611,""age_ms"":18,""source"":""jaka_port10000_actual_feedback"",""mapping"":""port10000_joint_actual_position_deg_to_rad"",""error"":null},""right"":{""valid"":true,""fresh"":true,""status"":""FRESH"",""joints_rad"":[0.2859257721811678,2.8245694774612167,0.8279794847571295,-1.5701838907603718,3.6452445847658246,2.0539624558756446],""received_at_ms"":1788504005546,""age_ms"":83,""source"":""jaka_port10000_actual_feedback"",""mapping"":""port10000_joint_actual_position_deg_to_rad"",""error"":null}}","{""left"":{""values"":[-112.36811382434098,-3.367675738991238,1.72607421875,-3.969970703125,-0.2589111328125,0.7274169921875],""received_at_ms"":1788503987887,""valid"":true,""status"":""STALE"",""error"":""Torque sample age 17742 ms exceeds 1500 ms"",""source"":""/left_jaka_driver/joint_torque_raw"",""age_ms"":17742,""fresh"":false},""right"":{""values"":[111.13329938671086,3.143164023058489,-2.6630859375,4.29052734375,-0.03082275390625,0.09246826171875],""received_at_ms"":1788503987893,""valid"":true,""status"":""STALE"",""error"":""Torque sample age 17736 ms exceeds 1500 ms"",""source"":""/right_jaka_driver/joint_torque_raw"",""age_ms"":17736,""fresh"":false}}"
170,1788504005725,RUNNING,15.144,"{""left"":{""valid"":true,""status"":""VALID"",""sample_index"":631,""time_from_start_s"":15.144,""joints_rad"":[2.9553396913127474,0.40184637845162746,-0.8896341418229514,1.2052886258957836,-0.19244438110599466,1.0729743619726897],""source"":""LATEST SUCCESSFUL PHASE5 SERVO_J COMMAND \u2014 DRIVER MEMORY"",""error"":null},""right"":{""valid"":true,""status"":""VALID"",""sample_index"":631,""time_from_start_s"":15.144,""joints_rad"":[0.28083883361580897,2.8202030933310547,0.8370933917627323,-1.5627307220687914,3.6317249182929023,2.0696716586363735],""source"":""LATEST SUCCESSFUL PHASE5 SERVO_J COMMAND \u2014 DRIVER MEMORY"",""error"":null}}","{""left"":{""valid"":true,""fresh"":true,""status"":""FRESH"",""joints_rad"":[2.95484277269225,0.40247327457574283,-0.8911221809687057,1.201199644806046,-0.1922420829877186,1.068552352726449],""received_at_ms"":1788504005715,""age_ms"":10,""source"":""jaka_port10000_actual_feedback"",""mapping"":""port10000_joint_actual_position_deg_to_rad"",""error"":null},""right"":{""valid"":true,""fresh"":true,""status"":""FRESH"",""joints_rad"":[0.2846553470186412,2.8234309991901405,0.8304243419733233,-1.5681706534681963,3.6417572423874147,2.0577974678410516],""received_at_ms"":1788504005656,""age_ms"":69,""source"":""jaka_port10000_actual_feedback"",""mapping"":""port10000_joint_actual_position_deg_to_rad"",""error"":null}}","{""left"":{""values"":[-112.36811382434098,-3.367675738991238,1.72607421875,-3.969970703125,-0.2589111328125,0.7274169921875],""received_at_ms"":1788503987887,""valid"":true,""status"":""STALE"",""error"":""Torque sample age 17838 ms exceeds 1500 ms"",""source"":""/left_jaka_driver/joint_torque_raw"",""age_ms"":17838,""fresh"":false},""right"":{""values"":[111.13329938671086,3.143164023058489,-2.6630859375,4.29052734375,-0.03082275390625,0.09246826171875],""received_at_ms"":1788503987893,""valid"":true,""status"":""STALE"",""error"":""Torque sample age 17832 ms exceeds 1500 ms"",""source"":""/right_jaka_driver/joint_torque_raw"",""age_ms"":17832,""fresh"":false}}"
171,1788504005828,RUNNING,15.24,"{""left"":{""valid"":true,""status"":""VALID"",""sample_index"":635,""time_from_start_s"":15.24,""joints_rad"":[2.955865488396583,0.40117185890236423,-0.8880652851781051,1.2093813325054315,-0.19248451262376345,1.0774787764870164],""source"":""LATEST SUCCESSFUL PHASE5 SERVO_J COMMAND \u2014 DRIVER MEMORY"",""error"":null},""right"":{""valid"":true,""status"":""VALID"",""sample_index"":635,""time_from_start_s"":15.24,""joints_rad"":[0.27917312633412794,2.8187923469757594,0.8400202544382549,-1.5604592651852607,3.6273182918659734,2.075219585803239],""source"":""LATEST SUCCESSFUL PHASE5 SERVO_J COMMAND \u2014 DRIVER MEMORY"",""error"":null}}","{""left"":{""valid"":true,""fresh"":true,""status"":""FRESH"",""joints_rad"":[2.955202310518161,0.40198178985838123,-0.8899597916868774,1.2043874886848134,-0.19223004021587986,1.0720157840941067],""received_at_ms"":1788504005822,""age_ms"":6,""source"":""jaka_port10000_actual_feedback"",""mapping"":""port10000_joint_actual_position_deg_to_rad"",""error"":null},""right"":{""valid"":true,""fresh"":true,""status"":""FRESH"",""joints_rad"":[0.28066465168395616,2.820051518159504,0.8375309736215937,-1.5624182227865482,3.6313430372736897,2.069913368975471],""received_at_ms"":1788504005820,""age_ms"":8,""source"":""jaka_port10000_actual_feedback"",""mapping"":""port10000_joint_actual_position_deg_to_rad"",""error"":null}}","{""left"":{""values"":[-112.36811382434098,-3.367675738991238,1.72607421875,-3.969970703125,-0.2589111328125,0.7274169921875],""received_at_ms"":1788503987887,""valid"":true,""status"":""STALE"",""error"":""Torque sample age 17941 ms exceeds 1500 ms"",""source"":""/left_jaka_driver/joint_torque_raw"",""age_ms"":17941,""fresh"":false},""right"":{""values"":[111.13329938671086,3.143164023058489,-2.6630859375,4.29052734375,-0.03082275390625,0.09246826171875],""received_at_ms"":1788503987893,""valid"":true,""status"":""STALE"",""error"":""Torque sample age 17935 ms exceeds 1500 ms"",""source"":""/right_jaka_driver/joint_torque_raw"",""age_ms"":17935,""fresh"":false}}"
172,1788504005932,RUNNING,15.36,"{""left"":{""valid"":true,""status"":""VALID"",""sample_index"":640,""time_from_start_s"":15.36,""joints_rad"":[2.9565264497530834,0.4003131800396597,-0.8860846376109814,1.2143247673935906,-0.19251132945889216,1.0831780951318855],""source"":""LATEST SUCCESSFUL PHASE5 SERVO_J COMMAND \u2014 DRIVER MEMORY"",""error"":null},""right"":{""valid"":true,""status"":""VALID"",""sample_index"":640,""time_from_start_s"":15.36,""joints_rad"":[0.2771908834769877,2.8171289178566643,0.8434801230451197,-1.5578442092613847,3.6220522367759096,2.082108870023841],""source"":""LATEST SUCCESSFUL PHASE5 SERVO_J COMMAND \u2014 DRIVER MEMORY"",""error"":null}}","{""left"":{""valid"":true,""fresh"":true,""status"":""FRESH"",""joints_rad"":[2.9557896138114574,0.401286799750237,-0.8882340101225054,1.2088576259650212,-0.19223004021587986,1.0768693702109777],""received_at_ms"":1788504005891,""age_ms"":41,""source"":""jaka_port10000_actual_feedback"",""mapping"":""port10000_joint_actual_position_deg_to_rad"",""error"":null},""right"":{""valid"":true,""fresh"":true,""status"":""FRESH"",""joints_rad"":[0.27911863903253953,2.818769224758064,0.8402154645440861,-1.5602489530592445,3.6272683916019837,2.0749826777878884],""received_at_ms"":1788504005908,""age_ms"":24,""source"":""jaka_port10000_actual_feedback"",""mapping"":""port10000_joint_actual_position_deg_to_rad"",""error"":null}}","{""left"":{""values"":[-112.36811382434098,-3.367675738991238,1.72607421875,-3.969970703125,-0.2589111328125,0.7274169921875],""received_at_ms"":1788503987887,""valid"":true,""status"":""STALE"",""error"":""Torque sample age 18045 ms exceeds 1500 ms"",""source"":""/left_jaka_driver/joint_torque_raw"",""age_ms"":18045,""fresh"":false},""right"":{""values"":[111.13329938671086,3.143164023058489,-2.6630859375,4.29052734375,-0.03082275390625,0.09246826171875],""received_at_ms"":1788503987893,""valid"":true,""status"":""STALE"",""error"":""Torque sample age 18039 ms exceeds 1500 ms"",""source"":""/right_jaka_driver/joint_torque_raw"",""age_ms"":18039,""fresh"":false}}"
173,1788504006033,RUNNING,15.456,"{""left"":{""valid"":true,""status"":""VALID"",""sample_index"":644,""time_from_start_s"":15.456,""joints_rad"":[2.9570555382655686,0.3996196519402498,-0.8844956899917286,1.2182201920342872,-0.19251214627970747,1.0877571576007794],""source"":""LATEST SUCCESSFUL PHASE5 SERVO_J COMMAND \u2014 DRIVER MEMORY"",""error"":null},""right"":{""valid"":true,""status"":""VALID"",""sample_index"":644,""time_from_start_s"":15.456,""joints_rad"":[0.2756394708206838,2.8158324820361846,0.8461797964640146,-1.55582865072712,3.617922862189902,2.087604984120859],""source"":""LATEST SUCCESSFUL PHASE5 SERVO_J COMMAND \u2014 DRIVER MEMORY"",""error"":null}}","{""left"":{""valid"":true,""fresh"":true,""status"":""FRESH"",""joints_rad"":[2.956149151637368,0.40080735780471416,-0.8871553966447729,1.2115899389090183,-0.19226599399847094,1.0794699107964492],""received_at_ms"":1788504005960,""age_ms"":73,""source"":""jaka_port10000_actual_feedback"",""mapping"":""port10000_joint_actual_position_deg_to_rad"",""error"":null},""right"":{""valid"":true,""fresh"":true,""status"":""FRESH"",""joints_rad"":[0.2780520683266458,2.8179063339758774,0.8420969294777362,-1.5589067948644608,3.6244280427772884,2.078554145036245],""received_at_ms"":1788504006021,""age_ms"":12,""source"":""jaka_port10000_actual_feedback"",""mapping"":""port10000_joint_actual_position_deg_to_rad"",""error"":null}}","{""left"":{""values"":[-112.36811382434098,-3.367675738991238,1.72607421875,-3.969970703125,-0.2589111328125,0.7274169921875],""received_at_ms"":1788503987887,""valid"":true,""status"":""STALE"",""error"":""Torque sample age 18146 ms exceeds 1500 ms"",""source"":""/left_jaka_driver/joint_torque_raw"",""age_ms"":18146,""fresh"":false},""right"":{""values"":[111.13329938671086,3.143164023058489,-2.6630859375,4.29052734375,-0.03082275390625,0.09246826171875],""received_at_ms"":1788503987893,""valid"":true,""status"":""STALE"",""error"":""Torque sample age 18140 ms exceeds 1500 ms"",""source"":""/right_jaka_driver/joint_torque_raw"",""age_ms"":18140,""fresh"":false}}"
174,1788504006147,RUNNING,15.552,"{""left"":{""valid"":true,""status"":""VALID"",""sample_index"":649,""time_from_start_s"":15.576,""joints_rad"":[2.9577150739315927,0.39874946359212454,-0.8825132182489435,1.2230856597470547,-0.19248383652133963,1.0934756561657022],""source"":""LATEST SUCCESSFUL PHASE5 SERVO_J COMMAND \u2014 DRIVER MEMORY"",""error"":null},""right"":{""valid"":true,""status"":""VALID"",""sample_index"":648,""time_from_start_s"":15.552,""joints_rad"":[0.27408949141605987,2.814537902625411,0.8488760562559293,-1.5538169908891488,3.613794494244798,2.093097006693135],""source"":""LATEST SUCCESSFUL PHASE5 SERVO_J COMMAND \u2014 DRIVER MEMORY"",""error"":null}}","{""left"":{""valid"":true,""fresh"":true,""status"":""FRESH"",""joints_rad"":[2.9568202307347597,0.3999444670225282,-0.8852020241459408,1.2165274753629105,-0.1922780367703097,1.0856417440973516],""received_at_ms"":1788504006067,""age_ms"":80,""source"":""jaka_port10000_actual_feedback"",""mapping"":""port10000_joint_actual_position_deg_to_rad"",""error"":null},""right"":{""valid"":true,""fresh"":true,""status"":""FRESH"",""joints_rad"":[0.276086653055975,2.816336410313709,0.8454165457150293,-1.5564619376482673,3.619214918834506,2.0854810077715595],""received_at_ms"":1788504006090,""age_ms"":57,""source"":""jaka_port10000_actual_feedback"",""mapping"":""port10000_joint_actual_position_deg_to_rad"",""error"":null}}","{""left"":{""values"":[-112.36811382434098,-3.367675738991238,1.72607421875,-3.969970703125,-0.2589111328125,0.7274169921875],""received_at_ms"":1788503987887,""valid"":true,""status"":""STALE"",""error"":""Torque sample age 18260 ms exceeds 1500 ms"",""source"":""/left_jaka_driver/joint_torque_raw"",""age_ms"":18260,""fresh"":false},""right"":{""values"":[111.13329938671086,3.143164023058489,-2.6630859375,4.29052734375,-0.03082275390625,0.09246826171875],""received_at_ms"":1788503987893,""valid"":true,""status"":""STALE"",""error"":""Torque sample age 18254 ms exceeds 1500 ms"",""source"":""/right_jaka_driver/joint_torque_raw"",""age_ms"":18254,""fresh"":false}}"
175,1788504006236,RUNNING,15.648,"{""left"":{""valid"":true,""status"":""VALID"",""sample_index"":652,""time_from_start_s"":15.648,""joints_rad"":[2.9581096726744294,0.3982255916694701,-0.8813257147989071,1.226004943399343,-0.19245069203382356,1.0969038638147919],""source"":""LATEST SUCCESSFUL PHASE5 SERVO_J COMMAND \u2014 DRIVER MEMORY"",""error"":null},""right"":{""valid"":true,""status"":""VALID"",""sample_index"":652,""time_from_start_s"":15.648,""joints_rad"":[0.27253953793704966,2.8132446790289456,0.8515704458783961,-1.551808095713434,3.6096592241022623,2.098579011971855],""source"":""LATEST SUCCESSFUL PHASE5 SERVO_J COMMAND \u2014 DRIVER MEMORY"",""error"":null}}","{""left"":{""valid"":true,""fresh"":true,""status"":""FRESH"",""joints_rad"":[2.9571677257888322,0.399525064403274,-0.8841593644507995,1.2190800193939522,-0.19230194778106205,1.0886857728457549],""received_at_ms"":1788504006180,""age_ms"":56,""source"":""jaka_port10000_actual_feedback"",""mapping"":""port10000_joint_actual_position_deg_to_rad"",""error"":null},""right"":{""valid"":true,""fresh"":true,""status"":""FRESH"",""joints_rad"":[0.2750441678937588,2.8154855623033614,0.8471782810619924,-1.5550838256708923,3.61647056311867,2.089207983856268],""received_at_ms"":1788504006161,""age_ms"":75,""source"":""jaka_port10000_actual_feedback"",""mapping"":""port10000_joint_actual_position_deg_to_rad"",""error"":null}}","{""left"":{""values"":[-112.36811382434098,-3.367675738991238,1.72607421875,-3.969970703125,-0.2589111328125,0.7274169921875],""received_at_ms"":1788503987887,""valid"":true,""status"":""STALE"",""error"":""Torque sample age 18349 ms exceeds 1500 ms"",""source"":""/left_jaka_driver/joint_torque_raw"",""age_ms"":18349,""fresh"":false},""right"":{""values"":[111.13329938671086,3.143164023058489,-2.6630859375,4.29052734375,-0.03082275390625,0.09246826171875],""received_at_ms"":1788503987893,""valid"":true,""status"":""STALE"",""error"":""Torque sample age 18343 ms exceeds 1500 ms"",""source"":""/right_jaka_driver/joint_torque_raw"",""age_ms"":18343,""fresh"":false}}"
176,1788504006338,RUNNING,15.768,"{""left"":{""valid"":true,""status"":""VALID"",""sample_index"":657,""time_from_start_s"":15.768,""joints_rad"":[2.9587653357743315,0.39734937556287336,-0.8793495672375609,1.2308709923592562,-0.19236840330698984,1.1026135426276664],""source"":""LATEST SUCCESSFUL PHASE5 SERVO_J COMMAND \u2014 DRIVER MEMORY"",""error"":null},""right"":{""valid"":true,""status"":""VALID"",""sample_index"":657,""time_from_start_s"":15.768,""joints_rad"":[0.27060209538458846,2.8116314907420894,0.854933749945071,-1.5493050796798384,3.604474677232014,2.1054084805392104],""source"":""LATEST SUCCESSFUL PHASE5 SERVO_J COMMAND \u2014 DRIVER MEMORY"",""error"":null}}","{""left"":{""valid"":true,""fresh"":true,""status"":""FRESH"",""joints_rad"":[2.958186474473221,0.39818290620849034,-0.8810554709090527,1.2262826441510821,-0.19239776635699654,1.097422367482463],""received_at_ms"":1788504006323,""age_ms"":15,""source"":""jaka_port10000_actual_feedback"",""mapping"":""port10000_joint_actual_position_deg_to_rad"",""error"":null},""right"":{""valid"":true,""fresh"":true,""status"":""FRESH"",""joints_rad"":[0.2734981552423422,2.8142510909234257,0.8497908644193027,-1.5530824566176304,3.6124318712295556,2.0947926883967996],""received_at_ms"":1788504006282,""age_ms"":56,""source"":""jaka_port10000_actual_feedback"",""mapping"":""port10000_joint_actual_position_deg_to_rad"",""error"":null}}","{""left"":{""values"":[-112.36811382434098,-3.367675738991238,1.72607421875,-3.969970703125,-0.2589111328125,0.7274169921875],""received_at_ms"":1788503987887,""valid"":true,""status"":""STALE"",""error"":""Torque sample age 18451 ms exceeds 1500 ms"",""source"":""/left_jaka_driver/joint_torque_raw"",""age_ms"":18451,""fresh"":false},""right"":{""values"":[111.13329938671086,3.143164023058489,-2.6630859375,4.29052734375,-0.03082275390625,0.09246826171875],""received_at_ms"":1788503987893,""valid"":true,""status"":""STALE"",""error"":""Torque sample age 18445 ms exceeds 1500 ms"",""source"":""/right_jaka_driver/joint_torque_raw"",""age_ms"":18445,""fresh"":false}}"
177,1788504006438,RUNNING,15.864,"{""left"":{""valid"":true,""status"":""VALID"",""sample_index"":661,""time_from_start_s"":15.864,""joints_rad"":[2.959288004949552,0.396645532611548,-0.8777712363048761,1.2347646232689315,-0.192278659576154,1.1071780801238553],""source"":""LATEST SUCCESSFUL PHASE5 SERVO_J COMMAND \u2014 DRIVER MEMORY"",""error"":null},""right"":{""valid"":true,""status"":""VALID"",""sample_index"":661,""time_from_start_s"":15.864,""joints_rad"":[0.2690520728880146,2.81034475441487,0.857618969448999,-1.5473132679929467,3.6003110152843862,2.1108474814866955],""source"":""LATEST SUCCESSFUL PHASE5 SERVO_J COMMAND \u2014 DRIVER MEMORY"",""error"":null}}","{""left"":{""valid"":true,""fresh"":true,""status"":""FRESH"",""joints_rad"":[2.958186474473221,0.39818290620849034,-0.8810554709090527,1.2262826441510821,-0.19239776635699654,1.097422367482463],""received_at_ms"":1788504006323,""age_ms"":115,""source"":""jaka_port10000_actual_feedback"",""mapping"":""port10000_joint_actual_position_deg_to_rad"",""error"":null},""right"":{""valid"":true,""fresh"":true,""status"":""FRESH"",""joints_rad"":[0.271784416449809,2.8128490679352987,0.8526910780373417,-1.5509971372273477,3.607949691177509,2.100772884545833],""received_at_ms"":1788504006399,""age_ms"":39,""source"":""jaka_port10000_actual_feedback"",""mapping"":""port10000_joint_actual_position_deg_to_rad"",""error"":null}}","{""left"":{""values"":[-112.36811382434098,-3.367675738991238,1.72607421875,-3.969970703125,-0.2589111328125,0.7274169921875],""received_at_ms"":1788503987887,""valid"":true,""status"":""STALE"",""error"":""Torque sample age 18551 ms exceeds 1500 ms"",""source"":""/left_jaka_driver/joint_torque_raw"",""age_ms"":18551,""fresh"":false},""right"":{""values"":[111.13329938671086,3.143164023058489,-2.6630859375,4.29052734375,-0.03082275390625,0.09246826171875],""received_at_ms"":1788503987893,""valid"":true,""status"":""STALE"",""error"":""Torque sample age 18545 ms exceeds 1500 ms"",""source"":""/right_jaka_driver/joint_torque_raw"",""age_ms"":18545,""fresh"":false}}"
178,1788504006538,RUNNING,15.96,"{""left"":{""valid"":true,""status"":""VALID"",""sample_index"":665,""time_from_start_s"":15.96,""joints_rad"":[2.9598090012338756,0.3959391016656286,-0.87619515033915,1.2386590569281481,-0.19216848758792926,1.1117399164206119],""source"":""LATEST SUCCESSFUL PHASE5 SERVO_J COMMAND \u2014 DRIVER MEMORY"",""error"":null},""right"":{""valid"":true,""status"":""VALID"",""sample_index"":665,""time_from_start_s"":15.96,""joints_rad"":[0.26750190036580157,2.809062404495756,0.8602978697909297,-1.545335071317777,3.596130636702338,2.116260042047235],""source"":""LATEST SUCCESSFUL PHASE5 SERVO_J COMMAND \u2014 DRIVER MEMORY"",""error"":null}}","{""left"":{""valid"":true,""fresh"":true,""status"":""FRESH"",""joints_rad"":[2.9587137384402484,0.39749978433925975,-0.8794855472468839,1.2300815278009731,-0.19238589811808296,1.1020001915775188],""received_at_ms"":1788504006444,""age_ms"":94,""source"":""jaka_port10000_actual_feedback"",""mapping"":""port10000_joint_actual_position_deg_to_rad"",""error"":null},""right"":{""valid"":true,""fresh"":true,""status"":""FRESH"",""joints_rad"":[0.26997468454841606,2.8113749628490643,0.8558188825898407,-1.5486123193374226,3.603132058843229,2.107064447433422],""received_at_ms"":1788504006468,""age_ms"":70,""source"":""jaka_port10000_actual_feedback"",""mapping"":""port10000_joint_actual_position_deg_to_rad"",""error"":null}}","{""left"":{""values"":[-112.36811382434098,-3.367675738991238,1.72607421875,-3.969970703125,-0.2589111328125,0.7274169921875],""received_at_ms"":1788503987887,""valid"":true,""status"":""STALE"",""error"":""Torque sample age 18651 ms exceeds 1500 ms"",""source"":""/left_jaka_driver/joint_torque_raw"",""age_ms"":18651,""fresh"":false},""right"":{""values"":[111.13329938671086,3.143164023058489,-2.6630859375,4.29052734375,-0.03082275390625,0.09246826171875],""received_at_ms"":1788503987893,""valid"":true,""status"":""STALE"",""error"":""Torque sample age 18645 ms exceeds 1500 ms"",""source"":""/right_jaka_driver/joint_torque_raw"",""age_ms"":18645,""fresh"":false}}"
179,1788504006645,RUNNING,16.056,"{""left"":{""valid"":true,""status"":""VALID"",""sample_index"":669,""time_from_start_s"":16.056,""joints_rad"":[2.960328342097982,0.39523008690910705,-0.8746213249910014,1.2425542410089927,-0.19203899567380714,1.1162989850215457],""source"":""LATEST SUCCESSFUL PHASE5 SERVO_J COMMAND \u2014 DRIVER MEMORY"",""error"":null},""right"":{""valid"":true,""status"":""VALID"",""sample_index"":669,""time_from_start_s"":16.056,""joints_rad"":[0.2659514735906247,2.8077853311513867,0.8629690838232521,-1.5433747259414814,3.5919319198447464,2.121642679052294],""source"":""LATEST SUCCESSFUL PHASE5 SERVO_J COMMAND \u2014 DRIVER MEMORY"",""error"":null}}","{""left"":{""valid"":true,""fresh"":true,""status"":""FRESH"",""joints_rad"":[2.95980439468982,0.3959537716878432,-0.876225795802934,1.2382189509054715,-0.19194240995515122,1.1114918156486397],""received_at_ms"":1788504006626,""age_ms"":19,""source"":""jaka_port10000_actual_feedback"",""mapping"":""port10000_joint_actual_position_deg_to_rad"",""error"":null},""right"":{""valid"":true,""fresh"":true,""status"":""FRESH"",""joints_rad"":[0.26881229526658784,2.810392167947266,0.8578921592082848,-1.5470903922296837,3.599992211518891,2.111199132431397],""received_at_ms"":1788504006539,""age_ms"":106,""source"":""jaka_port10000_actual_feedback"",""mapping"":""port10000_joint_actual_position_deg_to_rad"",""error"":null}}","{""left"":{""values"":[-112.36811382434098,-3.367675738991238,1.72607421875,-3.969970703125,-0.2589111328125,0.7274169921875],""received_at_ms"":1788503987887,""valid"":true,""status"":""STALE"",""error"":""Torque sample age 18758 ms exceeds 1500 ms"",""source"":""/left_jaka_driver/joint_torque_raw"",""age_ms"":18758,""fresh"":false},""right"":{""values"":[111.13329938671086,3.143164023058489,-2.6630859375,4.29052734375,-0.03082275390625,0.09246826171875],""received_at_ms"":1788503987893,""valid"":true,""status"":""STALE"",""error"":""Torque sample age 18752 ms exceeds 1500 ms"",""source"":""/right_jaka_driver/joint_torque_raw"",""age_ms"":18752,""fresh"":false}}"
180,1788504006744,RUNNING,16.152,"{""left"":{""valid"":true,""status"":""VALID"",""sample_index"":674,""time_from_start_s"":16.176000000000002,""joints_rad"":[2.9609752623905314,0.3943402419297263,-0.8726573335503982,1.2474240066080629,-0.19185207370495105,1.1219935586560839],""source"":""LATEST SUCCESSFUL PHASE5 SERVO_J COMMAND \u2014 DRIVER MEMORY"",""error"":null},""right"":{""valid"":true,""status"":""VALID"",""sample_index"":673,""time_from_start_s"":16.152,""joints_rad"":[0.26440067213878987,2.8065143858556456,0.8656312800151129,-1.5414366978920782,3.587713811011214,2.1269925895920516],""source"":""LATEST SUCCESSFUL PHASE5 SERVO_J COMMAND \u2014 DRIVER MEMORY"",""error"":null}}","{""left"":{""valid"":true,""fresh"":true,""status"":""FRESH"",""joints_rad"":[2.9601637579828055,0.3954385504926545,-0.8750272782055896,1.2412388941101973,-0.1917865520529481,1.1147395243207507],""received_at_ms"":1788504006697,""age_ms"":47,""source"":""jaka_port10000_actual_feedback"",""mapping"":""port10000_joint_actual_position_deg_to_rad"",""error"":null},""right"":{""valid"":true,""fresh"":true,""status"":""FRESH"",""joints_rad"":[0.26592412442038765,2.8080433038399324,0.8627937418795857,-1.543626960862026,3.5921905897624766,2.1210860735780943],""received_at_ms"":1788504006720,""age_ms"":24,""source"":""jaka_port10000_actual_feedback"",""mapping"":""port10000_joint_actual_position_deg_to_rad"",""error"":null}}","{""left"":{""values"":[-112.36811382434098,-3.367675738991238,1.72607421875,-3.969970703125,-0.2589111328125,0.7274169921875],""received_at_ms"":1788503987887,""valid"":true,""status"":""STALE"",""error"":""Torque sample age 18857 ms exceeds 1500 ms"",""source"":""/left_jaka_driver/joint_torque_raw"",""age_ms"":18857,""fresh"":false},""right"":{""values"":[111.13329938671086,3.143164023058489,-2.6630859375,4.29052734375,-0.03082275390625,0.09246826171875],""received_at_ms"":1788503987893,""valid"":true,""status"":""STALE"",""error"":""Torque sample age 18851 ms exceeds 1500 ms"",""source"":""/right_jaka_driver/joint_torque_raw"",""age_ms"":18851,""fresh"":false}}"
181,1788504006838,RUNNING,16.248,"{""left"":{""valid"":true,""status"":""VALID"",""sample_index"":677,""time_from_start_s"":16.248,""joints_rad"":[2.9613622651649423,0.39380447573442645,-0.8714807831321716,1.2503460761675853,-0.1917277495029288,1.1254077402575429],""source"":""LATEST SUCCESSFUL PHASE5 SERVO_J COMMAND \u2014 DRIVER MEMORY"",""error"":null},""right"":{""valid"":true,""status"":""VALID"",""sample_index"":677,""time_from_start_s"":16.248,""joints_rad"":[0.2628493636043353,2.8052503706606924,0.8682831823280313,-1.5395255728157637,3.583475772996929,2.1323076175253277],""source"":""LATEST SUCCESSFUL PHASE5 SERVO_J COMMAND \u2014 DRIVER MEMORY"",""error"":null}}","{""left"":{""valid"":true,""fresh"":true,""status"":""FRESH"",""joints_rad"":[2.960667110939081,0.39473134307974633,-0.8735292621086028,1.2452655432274735,-0.19191849894439886,1.1192934374050543],""received_at_ms"":1788504006811,""age_ms"":27,""source"":""jaka_port10000_actual_feedback"",""mapping"":""port10000_joint_actual_position_deg_to_rad"",""error"":null},""right"":{""valid"":true,""fresh"":true,""status"":""FRESH"",""joints_rad"":[0.26439015454080983,2.8067489676666537,0.8654902755739169,-1.5416734138302688,3.587768274503773,2.1264309698794017],""received_at_ms"":1788504006817,""age_ms"":21,""source"":""jaka_port10000_actual_feedback"",""mapping"":""port10000_joint_actual_position_deg_to_rad"",""error"":null}}","{""left"":{""values"":[-112.36811382434098,-3.367675738991238,1.72607421875,-3.969970703125,-0.2589111328125,0.7274169921875],""received_at_ms"":1788503987887,""valid"":true,""status"":""STALE"",""error"":""Torque sample age 18951 ms exceeds 1500 ms"",""source"":""/left_jaka_driver/joint_torque_raw"",""age_ms"":18951,""fresh"":false},""right"":{""values"":[111.13329938671086,3.143164023058489,-2.6630859375,4.29052734375,-0.03082275390625,0.09246826171875],""received_at_ms"":1788503987893,""valid"":true,""status"":""STALE"",""error"":""Torque sample age 18945 ms exceeds 1500 ms"",""source"":""/right_jaka_driver/joint_torque_raw"",""age_ms"":18945,""fresh"":false}}"
182,1788504006942,RUNNING,16.368000000000002,"{""left"":{""valid"":true,""status"":""VALID"",""sample_index"":682,""time_from_start_s"":16.368000000000002,""joints_rad"":[2.962005480002501,0.3929085529575051,-0.8695231573009995,1.2552160443914235,-0.19150261869595983,1.1310930782856539],""source"":""LATEST SUCCESSFUL PHASE5 SERVO_J COMMAND \u2014 DRIVER MEMORY"",""error"":null},""right"":{""valid"":true,""status"":""VALID"",""sample_index"":682,""time_from_start_s"":16.368000000000002,""joints_rad"":[0.2609093009062253,2.8036812207661974,0.871581764090195,-1.5371814911790347,3.578150130262096,2.1389000540045786],""source"":""LATEST SUCCESSFUL PHASE5 SERVO_J COMMAND \u2014 DRIVER MEMORY"",""error"":null}}","{""left"":{""valid"":true,""fresh"":true,""status"":""FRESH"",""joints_rad"":[2.9612305032216244,0.3939763136453336,-0.8719115164249293,1.2495440433558123,-0.19217017542253648,1.1243388352067196],""received_at_ms"":1788504006927,""age_ms"":15,""source"":""jaka_port10000_actual_feedback"",""mapping"":""port10000_joint_actual_position_deg_to_rad"",""error"":null},""right"":{""valid"":true,""fresh"":true,""status"":""FRESH"",""joints_rad"":[0.26299999979159633,2.805526713591482,0.8679229154853465,-1.5399357640269833,3.5838014901798405,2.1312007801921773],""received_at_ms"":1788504006901,""age_ms"":41,""source"":""jaka_port10000_actual_feedback"",""mapping"":""port10000_joint_actual_position_deg_to_rad"",""error"":null}}","{""left"":{""values"":[-112.36811382434098,-3.367675738991238,1.72607421875,-3.969970703125,-0.2589111328125,0.7274169921875],""received_at_ms"":1788503987887,""valid"":true,""status"":""STALE"",""error"":""Torque sample age 19055 ms exceeds 1500 ms"",""source"":""/left_jaka_driver/joint_torque_raw"",""age_ms"":19055,""fresh"":false},""right"":{""values"":[111.13329938671086,3.143164023058489,-2.6630859375,4.29052734375,-0.03082275390625,0.09246826171875],""received_at_ms"":1788503987893,""valid"":true,""status"":""STALE"",""error"":""Torque sample age 19049 ms exceeds 1500 ms"",""source"":""/right_jaka_driver/joint_torque_raw"",""age_ms"":19049,""fresh"":false}}"
183,1788504007044,RUNNING,16.464,"{""left"":{""valid"":true,""status"":""VALID"",""sample_index"":686,""time_from_start_s"":16.464,""joints_rad"":[2.96251856479112,0.39218925442479224,-0.8679602364458576,1.2591113919464272,-0.19130844510078857,1.1356361909985888],""source"":""LATEST SUCCESSFUL PHASE5 SERVO_J COMMAND \u2014 DRIVER MEMORY"",""error"":null},""right"":{""valid"":true,""status"":""VALID"",""sample_index"":686,""time_from_start_s"":16.464,""joints_rad"":[0.25935633391107693,2.8024354018729953,0.8742062622141179,-1.5353475349944032,3.5738676129802407,2.1441318350646252],""source"":""LATEST SUCCESSFUL PHASE5 SERVO_J COMMAND \u2014 DRIVER MEMORY"",""error"":null}}","{""left"":{""valid"":true,""fresh"":true,""status"":""FRESH"",""joints_rad"":[2.9618296747538344,0.3932333269827596,-0.8701258700672139,1.2538344117230649,-0.1916067831399927,1.1291564675409993],""received_at_ms"":1788504007044,""age_ms"":0,""source"":""jaka_port10000_actual_feedback"",""mapping"":""port10000_joint_actual_position_deg_to_rad"",""error"":null},""right"":{""valid"":true,""fresh"":true,""status"":""FRESH"",""joints_rad"":[0.26184947874868164,2.804627869026705,0.869948370082286,-1.5385096554951787,3.5806017780621593,2.1352874686357217],""received_at_ms"":1788504007014,""age_ms"":30,""source"":""jaka_port10000_actual_feedback"",""mapping"":""port10000_joint_actual_position_deg_to_rad"",""error"":null}}","{""left"":{""values"":[-112.36811382434098,-3.367675738991238,1.72607421875,-3.969970703125,-0.2589111328125,0.7274169921875],""received_at_ms"":1788503987887,""valid"":true,""status"":""STALE"",""error"":""Torque sample age 19157 ms exceeds 1500 ms"",""source"":""/left_jaka_driver/joint_torque_raw"",""age_ms"":19157,""fresh"":false},""right"":{""values"":[111.13329938671086,3.143164023058489,-2.6630859375,4.29052734375,-0.03082275390625,0.09246826171875],""received_at_ms"":1788503987893,""valid"":true,""status"":""STALE"",""error"":""Torque sample age 19151 ms exceeds 1500 ms"",""source"":""/right_jaka_driver/joint_torque_raw"",""age_ms"":19151,""fresh"":false}}"
184,1788504007147,RUNNING,16.56,"{""left"":{""valid"":true,""status"":""VALID"",""sample_index"":690,""time_from_start_s"":16.56,""joints_rad"":[2.963030459783375,0.3914678111797006,-0.8664003762701158,1.2630056519841015,-0.19110377828951772,1.1401739786040075],""source"":""LATEST SUCCESSFUL PHASE5 SERVO_J COMMAND \u2014 DRIVER MEMORY"",""error"":null},""right"":{""valid"":true,""status"":""VALID"",""sample_index"":690,""time_from_start_s"":16.56,""joints_rad"":[0.25780239769277435,2.8011986487617166,0.8768169427936526,-1.533554880310121,3.5695663658869368,2.1493257880463523],""source"":""LATEST SUCCESSFUL PHASE5 SERVO_J COMMAND \u2014 DRIVER MEMORY"",""error"":null}}","{""left"":{""valid"":true,""fresh"":true,""status"":""FRESH"",""joints_rad"":[2.962476842840473,0.39228666039647786,-0.8682203195898863,1.2586160902747536,-0.19129524186851168,1.135052713353012],""received_at_ms"":1788504007115,""age_ms"":32,""source"":""jaka_port10000_actual_feedback"",""mapping"":""port10000_joint_actual_position_deg_to_rad"",""error"":null},""right"":{""valid"":true,""fresh"":true,""status"":""FRESH"",""joints_rad"":[0.2600278786083752,2.803165806712309,0.873040220852194,-1.5362805209745316,3.5757841457278796,2.1414352163929466],""received_at_ms"":1788504007084,""age_ms"":63,""source"":""jaka_port10000_actual_feedback"",""mapping"":""port10000_joint_actual_position_deg_to_rad"",""error"":null}}","{""left"":{""values"":[-112.36811382434098,-3.367675738991238,1.72607421875,-3.969970703125,-0.2589111328125,0.7274169921875],""received_at_ms"":1788503987887,""valid"":true,""status"":""STALE"",""error"":""Torque sample age 19260 ms exceeds 1500 ms"",""source"":""/left_jaka_driver/joint_torque_raw"",""age_ms"":19260,""fresh"":false},""right"":{""values"":[111.13329938671086,3.143164023058489,-2.6630859375,4.29052734375,-0.03082275390625,0.09246826171875],""received_at_ms"":1788503987893,""valid"":true,""status"":""STALE"",""error"":""Torque sample age 19254 ms exceeds 1500 ms"",""source"":""/right_jaka_driver/joint_torque_raw"",""age_ms"":19254,""fresh"":false}}"
185,1788504007251,RUNNING,16.68,"{""left"":{""valid"":true,""status"":""VALID"",""sample_index"":695,""time_from_start_s"":16.68,""joints_rad"":[2.9636688544667993,0.39056319110408144,-0.8644552102023461,1.2678711452965403,-0.19083595784140892,1.145837603765952],""source"":""LATEST SUCCESSFUL PHASE5 SERVO_J COMMAND \u2014 DRIVER MEMORY"",""error"":null},""right"":{""valid"":true,""status"":""VALID"",""sample_index"":695,""time_from_start_s"":16.68,""joints_rad"":[0.25585840768483376,2.799666165754919,0.8800596306609834,-1.5313779889016723,3.564165143774878,2.1557654124934538],""source"":""LATEST SUCCESSFUL PHASE5 SERVO_J COMMAND \u2014 DRIVER MEMORY"",""error"":null}}","{""left"":{""valid"":true,""fresh"":true,""status"":""FRESH"",""joints_rad"":[2.962872334448975,0.39178330744020273,-0.8670338447643806,1.2614323535557717,-0.19112751572739503,1.1385161447206693],""received_at_ms"":1788504007186,""age_ms"":65,""source"":""jaka_port10000_actual_feedback"",""mapping"":""port10000_joint_actual_position_deg_to_rad"",""error"":null},""right"":{""valid"":true,""fresh"":true,""status"":""FRESH"",""joints_rad"":[0.25902117269582486,2.802326826940875,0.8747660024165659,-1.5350462241275211,3.572967882446861,2.1450065091083776],""received_at_ms"":1788504007156,""age_ms"":95,""source"":""jaka_port10000_actual_feedback"",""mapping"":""port10000_joint_actual_position_deg_to_rad"",""error"":null}}","{""left"":{""values"":[-112.36811382434098,-3.367675738991238,1.72607421875,-3.969970703125,-0.2589111328125,0.7274169921875],""received_at_ms"":1788503987887,""valid"":true,""status"":""STALE"",""error"":""Torque sample age 19363 ms exceeds 1500 ms"",""source"":""/left_jaka_driver/joint_torque_raw"",""age_ms"":19363,""fresh"":false},""right"":{""values"":[111.13329938671086,3.143164023058489,-2.6630859375,4.29052734375,-0.03082275390625,0.09246826171875],""received_at_ms"":1788503987893,""valid"":true,""status"":""STALE"",""error"":""Torque sample age 19357 ms exceeds 1500 ms"",""source"":""/right_jaka_driver/joint_torque_raw"",""age_ms"":19357,""fresh"":false}}"
186,1788504007350,RUNNING,16.776,"{""left"":{""valid"":true,""status"":""VALID"",""sample_index"":699,""time_from_start_s"":16.776,""joints_rad"":[2.9641785547983543,0.38983740793094535,-0.8629030975088839,1.271761012732755,-0.19061419986240313,1.150360692288965],""source"":""LATEST SUCCESSFUL PHASE5 SERVO_J COMMAND \u2014 DRIVER MEMORY"",""error"":null},""right"":{""valid"":true,""status"":""VALID"",""sample_index"":699,""time_from_start_s"":16.776,""joints_rad"":[0.25430180815692177,2.7984513754307496,0.8826364746741435,-1.529691686686778,3.5598260883485873,2.1608757672924144],""source"":""LATEST SUCCESSFUL PHASE5 SERVO_J COMMAND \u2014 DRIVER MEMORY"",""error"":null}}","{""left"":{""valid"":true,""fresh"":true,""status"":""FRESH"",""joints_rad"":[2.9634594632093463,0.3909443276687691,-0.865140337058892,1.2659143590748931,-0.19075593512964545,1.1436933148808603],""received_at_ms"":1788504007300,""age_ms"":50,""source"":""jaka_port10000_actual_feedback"",""mapping"":""port10000_joint_actual_position_deg_to_rad"",""error"":null},""right"":{""valid"":true,""fresh"":true,""status"":""FRESH"",""joints_rad"":[0.25588132537148706,2.799834147703177,0.8799192615660044,-1.5315229279665201,3.5645428290816343,2.1554208887550277],""received_at_ms"":1788504007339,""age_ms"":11,""source"":""jaka_port10000_actual_feedback"",""mapping"":""port10000_joint_actual_position_deg_to_rad"",""error"":null}}","{""left"":{""values"":[-112.36811382434098,-3.367675738991238,1.72607421875,-3.969970703125,-0.2589111328125,0.7274169921875],""received_at_ms"":1788503987887,""valid"":true,""status"":""STALE"",""error"":""Torque sample age 19463 ms exceeds 1500 ms"",""source"":""/left_jaka_driver/joint_torque_raw"",""age_ms"":19463,""fresh"":false},""right"":{""values"":[111.13329938671086,3.143164023058489,-2.6630859375,4.29052734375,-0.03082275390625,0.09246826171875],""received_at_ms"":1788503987893,""valid"":true,""status"":""STALE"",""error"":""Torque sample age 19457 ms exceeds 1500 ms"",""source"":""/right_jaka_driver/joint_torque_raw"",""age_ms"":19457,""fresh"":false}}"
187,1788504007448,RUNNING,16.872,"{""left"":{""valid"":true,""status"":""VALID"",""sample_index"":703,""time_from_start_s"":16.872,""joints_rad"":[2.9646874974929007,0.3891099167722107,-0.861354817340957,1.275648047360935,-0.19038744745391817,1.1548760191474279],""source"":""LATEST SUCCESSFUL PHASE5 SERVO_J COMMAND \u2014 DRIVER MEMORY"",""error"":null},""right"":{""valid"":true,""status"":""VALID"",""sample_index"":703,""time_from_start_s"":16.872,""joints_rad"":[0.2527438398763007,2.797246782922685,0.8851974558443662,-1.5280574044902189,3.55547264856045,2.1659506766447025],""source"":""LATEST SUCCESSFUL PHASE5 SERVO_J COMMAND \u2014 DRIVER MEMORY"",""error"":null}}","{""left"":{""valid"":true,""fresh"":true,""status"":""FRESH"",""joints_rad"":[2.9638429120460095,0.39041706370174156,-0.8640617235811595,1.2688027044540187,-0.19080393168407528,1.1471328352377654],""received_at_ms"":1788504007408,""age_ms"":40,""source"":""jaka_port10000_actual_feedback"",""mapping"":""port10000_joint_actual_position_deg_to_rad"",""error"":null},""right"":{""valid"":true,""fresh"":true,""status"":""FRESH"",""joints_rad"":[0.2548507084481844,2.7990431644861733,0.8816448685974512,-1.5304083607061967,3.5615708824313383,2.1588722773508464],""received_at_ms"":1788504007409,""age_ms"":39,""source"":""jaka_port10000_actual_feedback"",""mapping"":""port10000_joint_actual_position_deg_to_rad"",""error"":null}}","{""left"":{""values"":[-112.36811382434098,-3.367675738991238,1.72607421875,-3.969970703125,-0.2589111328125,0.7274169921875],""received_at_ms"":1788503987887,""valid"":true,""status"":""STALE"",""error"":""Torque sample age 19561 ms exceeds 1500 ms"",""source"":""/left_jaka_driver/joint_torque_raw"",""age_ms"":19561,""fresh"":false},""right"":{""values"":[111.13329938671086,3.143164023058489,-2.6630859375,4.29052734375,-0.03082275390625,0.09246826171875],""received_at_ms"":1788503987893,""valid"":true,""status"":""STALE"",""error"":""Torque sample age 19555 ms exceeds 1500 ms"",""source"":""/right_jaka_driver/joint_torque_raw"",""age_ms"":19555,""fresh"":false}}"
188,1788504007550,RUNNING,16.968,"{""left"":{""valid"":true,""status"":""VALID"",""sample_index"":707,""time_from_start_s"":16.968,""joints_rad"":[2.965195811375085,0.38838084871650236,-0.8598105993034398,1.2795317277135168,-0.19015701360292228,1.1593828580758223],""source"":""LATEST SUCCESSFUL PHASE5 SERVO_J COMMAND \u2014 DRIVER MEMORY"",""error"":null},""right"":{""valid"":true,""status"":""VALID"",""sample_index"":707,""time_from_start_s"":16.968,""joints_rad"":[0.2511844148945091,2.7960524776341598,0.8877423478611438,-1.5264771149338547,3.551106521108823,2.1709917676778825],""source"":""LATEST SUCCESSFUL PHASE5 SERVO_J COMMAND \u2014 DRIVER MEMORY"",""error"":null}}","{""left"":{""valid"":true,""fresh"":true,""status"":""FRESH"",""joints_rad"":[2.9647537993826254,0.38908677374587153,-0.861233592061228,1.276029065688976,-0.19071998134705437,1.155174265233404],""received_at_ms"":1788504007545,""age_ms"":5,""source"":""jaka_port10000_actual_feedback"",""mapping"":""port10000_joint_actual_position_deg_to_rad"",""error"":null},""right"":{""valid"":true,""fresh"":true,""status"":""FRESH"",""joints_rad"":[0.25317292343824227,2.7977369600739808,0.8844253526288033,-1.5285626750222125,3.5568131148904016,2.1643850743261956],""received_at_ms"":1788504007523,""age_ms"":27,""source"":""jaka_port10000_actual_feedback"",""mapping"":""port10000_joint_actual_position_deg_to_rad"",""error"":null}}","{""left"":{""values"":[-112.36811382434098,-3.367675738991238,1.72607421875,-3.969970703125,-0.2589111328125,0.7274169921875],""received_at_ms"":1788503987887,""valid"":true,""status"":""STALE"",""error"":""Torque sample age 19663 ms exceeds 1500 ms"",""source"":""/left_jaka_driver/joint_torque_raw"",""age_ms"":19663,""fresh"":false},""right"":{""values"":[111.13329938671086,3.143164023058489,-2.6630859375,4.29052734375,-0.03082275390625,0.09246826171875],""received_at_ms"":1788503987893,""valid"":true,""status"":""STALE"",""error"":""Torque sample age 19657 ms exceeds 1500 ms"",""source"":""/right_jaka_driver/joint_torque_raw"",""age_ms"":19657,""fresh"":false}}"
189,1788504007648,RUNNING,17.064,"{""left"":{""valid"":true,""status"":""VALID"",""sample_index"":711,""time_from_start_s"":17.064,""joints_rad"":[2.9657036164811985,0.3876503258517156,-0.8582706561736964,1.283411567987411,-0.18992393303277733,1.1638805340822678],""source"":""LATEST SUCCESSFUL PHASE5 SERVO_J COMMAND \u2014 DRIVER MEMORY"",""error"":null},""right"":{""valid"":true,""status"":""VALID"",""sample_index"":711,""time_from_start_s"":17.064,""joints_rad"":[0.24962346910068653,2.794868408350672,0.8902711488490571,-1.5249519742148767,3.546729481903987,2.1760010296225443],""source"":""LATEST SUCCESSFUL PHASE5 SERVO_J COMMAND \u2014 DRIVER MEMORY"",""error"":null}}","{""left"":{""valid"":true,""fresh"":true,""status"":""FRESH"",""joints_rad"":[2.9647537993826254,0.38908677374587153,-0.861233592061228,1.276029065688976,-0.19071998134705437,1.155174265233404],""received_at_ms"":1788504007545,""age_ms"":103,""source"":""jaka_port10000_actual_feedback"",""mapping"":""port10000_joint_actual_position_deg_to_rad"",""error"":null},""right"":{""valid"":true,""fresh"":true,""status"":""FRESH"",""joints_rad"":[0.2518665444931245,2.796694300378839,0.8865344084969133,-1.5272685133818589,3.5531817828487027,2.1684597199979017],""received_at_ms"":1788504007626,""age_ms"":22,""source"":""jaka_port10000_actual_feedback"",""mapping"":""port10000_joint_actual_position_deg_to_rad"",""error"":null}}","{""left"":{""values"":[-112.36811382434098,-3.367675738991238,1.72607421875,-3.969970703125,-0.2589111328125,0.7274169921875],""received_at_ms"":1788503987887,""valid"":true,""status"":""STALE"",""error"":""Torque sample age 19761 ms exceeds 1500 ms"",""source"":""/left_jaka_driver/joint_torque_raw"",""age_ms"":19761,""fresh"":false},""right"":{""values"":[111.13329938671086,3.143164023058489,-2.6630859375,4.29052734375,-0.03082275390625,0.09246826171875],""received_at_ms"":1788503987893,""valid"":true,""status"":""STALE"",""error"":""Torque sample age 19755 ms exceeds 1500 ms"",""source"":""/right_jaka_driver/joint_torque_raw"",""age_ms"":19755,""fresh"":false}}"
190,1788504007749,RUNNING,17.16,"{""left"":{""valid"":true,""status"":""VALID"",""sample_index"":715,""time_from_start_s"":17.16,""joints_rad"":[2.9662110201525445,0.38691845700613736,-0.8567351764065296,1.2872871342435444,-0.1896889050972789,1.168368446443379],""source"":""LATEST SUCCESSFUL PHASE5 SERVO_J COMMAND \u2014 DRIVER MEMORY"",""error"":null},""right"":{""valid"":true,""status"":""VALID"",""sample_index"":715,""time_from_start_s"":17.16,""joints_rad"":[0.24806096643567546,2.793694372510814,0.8927841012433877,-1.5234822119831206,3.5423433346230095,2.1809807803222303],""source"":""LATEST SUCCESSFUL PHASE5 SERVO_J COMMAND \u2014 DRIVER MEMORY"",""error"":null}}","{""left"":{""valid"":true,""fresh"":true,""status"":""FRESH"",""joints_rad"":[2.9656765549581547,0.38774461555108786,-0.85836933222578,1.2832915552394495,-0.19003685947782378,1.1634193751527504],""received_at_ms"":1788504007727,""age_ms"":22,""source"":""jaka_port10000_actual_feedback"",""mapping"":""port10000_joint_actual_position_deg_to_rad"",""error"":null},""right"":{""valid"":true,""fresh"":true,""status"":""FRESH"",""joints_rad"":[0.2502008022550211,2.7954238752163127,0.8893148925282655,-1.5256266821545077,3.5485559621992167,2.17388856663623],""received_at_ms"":1788504007706,""age_ms"":43,""source"":""jaka_port10000_actual_feedback"",""mapping"":""port10000_joint_actual_position_deg_to_rad"",""error"":null}}","{""left"":{""values"":[-112.36811382434098,-3.367675738991238,1.72607421875,-3.969970703125,-0.2589111328125,0.7274169921875],""received_at_ms"":1788503987887,""valid"":true,""status"":""STALE"",""error"":""Torque sample age 19862 ms exceeds 1500 ms"",""source"":""/left_jaka_driver/joint_torque_raw"",""age_ms"":19862,""fresh"":false},""right"":{""values"":[111.13329938671086,3.143164023058489,-2.6630859375,4.29052734375,-0.03082275390625,0.09246826171875],""received_at_ms"":1788503987893,""valid"":true,""status"":""STALE"",""error"":""Torque sample age 19856 ms exceeds 1500 ms"",""source"":""/right_jaka_driver/joint_torque_raw"",""age_ms"":19856,""fresh"":false}}"
191,1788504007850,RUNNING,17.28,"{""left"":{""valid"":true,""status"":""VALID"",""sample_index"":720,""time_from_start_s"":17.28,""joints_rad"":[2.9668448465634247,0.3860018652557487,-0.8548223382920659,1.2921250321294901,-0.18939280721401053,1.1739638509005805],""source"":""LATEST SUCCESSFUL PHASE5 SERVO_J COMMAND \u2014 DRIVER MEMORY"",""error"":null},""right"":{""valid"":true,""status"":""VALID"",""sample_index"":720,""time_from_start_s"":17.28,""joints_rad"":[0.2461056463886093,2.7922403654386403,0.8959038032209583,-1.5217215481273378,3.536850547588393,2.1871679745892663],""source"":""LATEST SUCCESSFUL PHASE5 SERVO_J COMMAND \u2014 DRIVER MEMORY"",""error"":null}}","{""left"":{""valid"":true,""fresh"":true,""status"":""FRESH"",""joints_rad"":[2.966048135555904,0.3872053088122216,-0.8571828574002743,1.286215679868241,-0.18992899813005054,1.1668349844989034],""received_at_ms"":1788504007798,""age_ms"":52,""source"":""jaka_port10000_actual_feedback"",""mapping"":""port10000_joint_actual_position_deg_to_rad"",""error"":null},""right"":{""valid"":true,""fresh"":true,""status"":""FRESH"",""joints_rad"":[0.248642921364691,2.7942614859344843,0.8918674365593072,-1.5240447157205002,3.5441338214734386,2.178742152753101],""received_at_ms"":1788504007796,""age_ms"":54,""source"":""jaka_port10000_actual_feedback"",""mapping"":""port10000_joint_actual_position_deg_to_rad"",""error"":null}}","{""left"":{""values"":[-112.36811382434098,-3.367675738991238,1.72607421875,-3.969970703125,-0.2589111328125,0.7274169921875],""received_at_ms"":1788503987887,""valid"":true,""status"":""STALE"",""error"":""Torque sample age 19962 ms exceeds 1500 ms"",""source"":""/left_jaka_driver/joint_torque_raw"",""age_ms"":19962,""fresh"":false},""right"":{""values"":[111.13329938671086,3.143164023058489,-2.6630859375,4.29052734375,-0.03082275390625,0.09246826171875],""received_at_ms"":1788503987893,""valid"":true,""status"":""STALE"",""error"":""Torque sample age 19956 ms exceeds 1500 ms"",""source"":""/right_jaka_driver/joint_torque_raw"",""age_ms"":19956,""fresh"":false}}"
192,1788504007955,RUNNING,17.376,"{""left"":{""valid"":true,""status"":""VALID"",""sample_index"":724,""time_from_start_s"":17.376,""joints_rad"":[2.9673516471584898,0.38526726822288504,-0.8532974131914126,1.2959897740253168,-0.1891538293835102,1.1784281396792946],""source"":""LATEST SUCCESSFUL PHASE5 SERVO_J COMMAND \u2014 DRIVER MEMORY"",""error"":null},""right"":{""valid"":true,""status"":""VALID"",""sample_index"":724,""time_from_start_s"":17.376,""joints_rad"":[0.2445396828700832,2.7910873073629734,0.8983833832579889,-1.5203716792718265,3.532450295912136,2.192091274038722],""source"":""LATEST SUCCESSFUL PHASE5 SERVO_J COMMAND \u2014 DRIVER MEMORY"",""error"":null}}","{""left"":{""valid"":true,""fresh"":true,""status"":""FRESH"",""joints_rad"":[2.9666712180988664,0.3863424180300356,-0.8553972110425588,1.2907217709310397,-0.18955759206522613,1.1722756993761454],""received_at_ms"":1788504007905,""age_ms"":50,""source"":""jaka_port10000_actual_feedback"",""mapping"":""port10000_joint_actual_position_deg_to_rad"",""error"":null},""right"":{""valid"":true,""fresh"":true,""status"":""FRESH"",""joints_rad"":[0.24732449964773445,2.793302776576364,0.8940126207429333,-1.522798376101651,3.540478578420987,2.18297265632701],""received_at_ms"":1788504007906,""age_ms"":49,""source"":""jaka_port10000_actual_feedback"",""mapping"":""port10000_joint_actual_position_deg_to_rad"",""error"":null}}","{""left"":{""values"":[-112.36811382434098,-3.367675738991238,1.72607421875,-3.969970703125,-0.2589111328125,0.7274169921875],""received_at_ms"":1788503987887,""valid"":true,""status"":""STALE"",""error"":""Torque sample age 20068 ms exceeds 1500 ms"",""source"":""/left_jaka_driver/joint_torque_raw"",""age_ms"":20068,""fresh"":false},""right"":{""values"":[111.13329938671086,3.143164023058489,-2.6630859375,4.29052734375,-0.03082275390625,0.09246826171875],""received_at_ms"":1788503987893,""valid"":true,""status"":""STALE"",""error"":""Torque sample age 20062 ms exceeds 1500 ms"",""source"":""/right_jaka_driver/joint_torque_raw"",""age_ms"":20062,""fresh"":false}}"
193,1788504008052,RUNNING,17.472,"{""left"":{""valid"":true,""status"":""VALID"",""sample_index"":728,""time_from_start_s"":17.472,""joints_rad"":[2.9678582602879313,0.38453153585445554,-0.8517773053690592,1.2998493855739117,-0.18891217076236505,1.182881503292927],""source"":""LATEST SUCCESSFUL PHASE5 SERVO_J COMMAND \u2014 DRIVER MEMORY"",""error"":null},""right"":{""valid"":true,""status"":""VALID"",""sample_index"":728,""time_from_start_s"":17.472,""joints_rad"":[0.24297228995155554,2.789942449497184,0.900849830102308,-1.5190702053619018,3.5280463681118746,2.1969944599590003],""source"":""LATEST SUCCESSFUL PHASE5 SERVO_J COMMAND \u2014 DRIVER MEMORY"",""error"":null}}","{""left"":{""valid"":true,""fresh"":true,""status"":""FRESH"",""joints_rad"":[2.9670188876858634,0.3858151540630081,-0.8543665941192562,1.2931905391579857,-0.18938969139118428,1.1752598633312052],""received_at_ms"":1788504008013,""age_ms"":39,""source"":""jaka_port10000_actual_feedback"",""mapping"":""port10000_joint_actual_position_deg_to_rad"",""error"":null},""right"":{""valid"":true,""fresh"":true,""status"":""FRESH"",""joints_rad"":[0.24562280362703998,2.7920443941856763,0.8966971116654259,-1.521348182026169,3.535696899869298,2.188425413976091],""received_at_ms"":1788504008017,""age_ms"":35,""source"":""jaka_port10000_actual_feedback"",""mapping"":""port10000_joint_actual_position_deg_to_rad"",""error"":null}}","{""left"":{""values"":[-112.36811382434098,-3.367675738991238,1.72607421875,-3.969970703125,-0.2589111328125,0.7274169921875],""received_at_ms"":1788503987887,""valid"":true,""status"":""STALE"",""error"":""Torque sample age 20165 ms exceeds 1500 ms"",""source"":""/left_jaka_driver/joint_torque_raw"",""age_ms"":20165,""fresh"":false},""right"":{""values"":[111.13329938671086,3.143164023058489,-2.6630859375,4.29052734375,-0.03082275390625,0.09246826171875],""received_at_ms"":1788503987893,""valid"":true,""status"":""STALE"",""error"":""Torque sample age 20159 ms exceeds 1500 ms"",""source"":""/right_jaka_driver/joint_torque_raw"",""age_ms"":20159,""fresh"":false}}"
194,1788504008150,RUNNING,17.568,"{""left"":{""valid"":true,""status"":""VALID"",""sample_index"":732,""time_from_start_s"":17.568,""joints_rad"":[2.96836469575597,0.3837946731122999,-0.850262016292277,1.3037038339844116,-0.18866646829535139,1.1873239131956153],""source"":""LATEST SUCCESSFUL PHASE5 SERVO_J COMMAND \u2014 DRIVER MEMORY"",""error"":null},""right"":{""valid"":true,""status"":""VALID"",""sample_index"":732,""time_from_start_s"":17.568,""joints_rad"":[0.24140359780718354,2.788804826360485,0.9033046462469927,-1.5178121896649006,3.523640111938714,2.2018808731750736],""source"":""LATEST SUCCESSFUL PHASE5 SERVO_J COMMAND \u2014 DRIVER MEMORY"",""error"":null}}","{""left"":{""valid"":true,""fresh"":true,""status"":""FRESH"",""joints_rad"":[2.9675939736743957,0.38497617429157444,-0.8525928160004543,1.297684587448946,-0.1890781501197033,1.180437033491396],""received_at_ms"":1788504008081,""age_ms"":69,""source"":""jaka_port10000_actual_feedback"",""mapping"":""port10000_joint_actual_position_deg_to_rad"",""error"":null},""right"":{""valid"":true,""fresh"":true,""status"":""FRESH"",""joints_rad"":[0.2438012034867335,2.790678150447215,0.899549328729035,-1.5198382976902685,3.5304596903828385,2.19421379844033],""received_at_ms"":1788504008089,""age_ms"":61,""source"":""jaka_port10000_actual_feedback"",""mapping"":""port10000_joint_actual_position_deg_to_rad"",""error"":null}}","{""left"":{""values"":[-112.36811382434098,-3.367675738991238,1.72607421875,-3.969970703125,-0.2589111328125,0.7274169921875],""received_at_ms"":1788503987887,""valid"":true,""status"":""STALE"",""error"":""Torque sample age 20263 ms exceeds 1500 ms"",""source"":""/left_jaka_driver/joint_torque_raw"",""age_ms"":20263,""fresh"":false},""right"":{""values"":[111.13329938671086,3.143164023058489,-2.6630859375,4.29052734375,-0.03082275390625,0.09246826171875],""received_at_ms"":1788503987893,""valid"":true,""status"":""STALE"",""error"":""Torque sample age 20257 ms exceeds 1500 ms"",""source"":""/right_jaka_driver/joint_torque_raw"",""age_ms"":20257,""fresh"":false}}"
195,1788504008251,RUNNING,17.664,"{""left"":{""valid"":true,""status"":""VALID"",""sample_index"":736,""time_from_start_s"":17.664,""joints_rad"":[2.9688709301620158,0.38305664933953787,-0.8487514837567656,1.307553223377565,-0.18841472375139065,1.191755535833013],""source"":""LATEST SUCCESSFUL PHASE5 SERVO_J COMMAND \u2014 DRIVER MEMORY"",""error"":null},""right"":{""valid"":true,""status"":""VALID"",""sample_index"":736,""time_from_start_s"":17.664,""joints_rad"":[0.2398337867868637,2.7876732647981135,0.9057496828427927,-1.516591190756692,3.5192326328235795,2.206754007301989],""source"":""LATEST SUCCESSFUL PHASE5 SERVO_J COMMAND \u2014 DRIVER MEMORY"",""error"":null}}","{""left"":{""valid"":true,""fresh"":true,""status"":""FRESH"",""joints_rad"":[2.967965554272145,0.38448486410713806,-0.8516101956315816,1.300309213578095,-0.18893433498933895,1.1834330656853693],""received_at_ms"":1788504008151,""age_ms"":100,""source"":""jaka_port10000_actual_feedback"",""mapping"":""port10000_joint_actual_position_deg_to_rad"",""error"":null},""right"":{""valid"":true,""fresh"":true,""status"":""FRESH"",""joints_rad"":[0.24225519083531694,2.7895276294043003,0.9019102356082077,-1.518483922190721,3.526073503439652,2.199223242459404],""received_at_ms"":1788504008185,""age_ms"":66,""source"":""jaka_port10000_actual_feedback"",""mapping"":""port10000_joint_actual_position_deg_to_rad"",""error"":null}}","{""left"":{""values"":[-112.36811382434098,-3.367675738991238,1.72607421875,-3.969970703125,-0.2589111328125,0.7274169921875],""received_at_ms"":1788503987887,""valid"":true,""status"":""STALE"",""error"":""Torque sample age 20364 ms exceeds 1500 ms"",""source"":""/left_jaka_driver/joint_torque_raw"",""age_ms"":20364,""fresh"":false},""right"":{""values"":[111.13329938671086,3.143164023058489,-2.6630859375,4.29052734375,-0.03082275390625,0.09246826171875],""received_at_ms"":1788503987893,""valid"":true,""status"":""STALE"",""error"":""Torque sample age 20358 ms exceeds 1500 ms"",""source"":""/right_jaka_driver/joint_torque_raw"",""age_ms"":20358,""fresh"":false}}"
196,1788504008351,RUNNING,17.76,"{""left"":{""valid"":true,""status"":""VALID"",""sample_index"":741,""time_from_start_s"":17.784,""joints_rad"":[2.969503344390101,0.38213237532780314,-0.8468697964085604,1.3123582536421161,-0.18808737703525835,1.1972805028126863],""source"":""LATEST SUCCESSFUL PHASE5 SERVO_J COMMAND \u2014 DRIVER MEMORY"",""error"":null},""right"":{""valid"":true,""status"":""VALID"",""sample_index"":740,""time_from_start_s"":17.76,""joints_rad"":[0.2382630916303339,2.7865463732523574,0.9081871595737449,-1.51539915239899,3.5148247424320753,2.2116174752547915],""source"":""LATEST SUCCESSFUL PHASE5 SERVO_J COMMAND \u2014 DRIVER MEMORY"",""error"":null}}","{""left"":{""valid"":true,""fresh"":true,""status"":""FRESH"",""joints_rad"":[2.9685528575654416,0.383621973324952,-0.8498006382631139,1.3048032618690553,-0.18869470128304014,1.1885622392911304],""received_at_ms"":1788504008258,""age_ms"":93,""source"":""jaka_port10000_actual_feedback"",""mapping"":""port10000_joint_actual_position_deg_to_rad"",""error"":null},""right"":{""valid"":true,""fresh"":true,""status"":""FRESH"",""joints_rad"":[0.24108075878164995,2.788664738622114,0.9038037433136964,-1.5175133445936868,3.522694022409015,2.2028065779466734],""received_at_ms"":1788504008274,""age_ms"":77,""source"":""jaka_port10000_actual_feedback"",""mapping"":""port10000_joint_actual_position_deg_to_rad"",""error"":null}}","{""left"":{""values"":[-112.36811382434098,-3.367675738991238,1.72607421875,-3.969970703125,-0.2589111328125,0.7274169921875],""received_at_ms"":1788503987887,""valid"":true,""status"":""STALE"",""error"":""Torque sample age 20464 ms exceeds 1500 ms"",""source"":""/left_jaka_driver/joint_torque_raw"",""age_ms"":20464,""fresh"":false},""right"":{""values"":[111.13329938671086,3.143164023058489,-2.6630859375,4.29052734375,-0.03082275390625,0.09246826171875],""received_at_ms"":1788503987893,""valid"":true,""status"":""STALE"",""error"":""Torque sample age 20458 ms exceeds 1500 ms"",""source"":""/right_jaka_driver/joint_torque_raw"",""age_ms"":20458,""fresh"":false}}"
197,1788504008454,RUNNING,17.88,"{""left"":{""valid"":true,""status"":""VALID"",""sample_index"":745,""time_from_start_s"":17.88,""joints_rad"":[2.970008842299065,0.3813914136998149,-0.8453693579036919,1.3161974602270838,-0.18781105354763059,1.2016896289920864],""source"":""LATEST SUCCESSFUL PHASE5 SERVO_J COMMAND \u2014 DRIVER MEMORY"",""error"":null},""right"":{""valid"":true,""status"":""VALID"",""sample_index"":745,""time_from_start_s"":17.88,""joints_rad"":[0.23629893217991477,2.7851418343265997,0.9112273862849537,-1.51393475606492,3.5093149746678205,2.2176888573747155],""source"":""LATEST SUCCESSFUL PHASE5 SERVO_J COMMAND \u2014 DRIVER MEMORY"",""error"":null}}","{""left"":{""valid"":true,""fresh"":true,""status"":""FRESH"",""joints_rad"":[2.9689003526195132,0.3831067521297633,-0.8487939323505634,1.3074158452263653,-0.188502889598246,1.1914744956810082],""received_at_ms"":1788504008381,""age_ms"":73,""source"":""jaka_port10000_actual_feedback"",""mapping"":""port10000_joint_actual_position_deg_to_rad"",""error"":null},""right"":{""valid"":true,""fresh"":true,""status"":""FRESH"",""joints_rad"":[0.2382644955006319,2.786579593764756,0.9082379268113132,-1.5154041141926518,3.514796407543741,2.211746677974164],""received_at_ms"":1788504008430,""age_ms"":24,""source"":""jaka_port10000_actual_feedback"",""mapping"":""port10000_joint_actual_position_deg_to_rad"",""error"":null}}","{""left"":{""values"":[-112.36811382434098,-3.367675738991238,1.72607421875,-3.969970703125,-0.2589111328125,0.7274169921875],""received_at_ms"":1788503987887,""valid"":true,""status"":""STALE"",""error"":""Torque sample age 20567 ms exceeds 1500 ms"",""source"":""/left_jaka_driver/joint_torque_raw"",""age_ms"":20567,""fresh"":false},""right"":{""values"":[111.13329938671086,3.143164023058489,-2.6630859375,4.29052734375,-0.03082275390625,0.09246826171875],""received_at_ms"":1788503987893,""valid"":true,""status"":""STALE"",""error"":""Torque sample age 20561 ms exceeds 1500 ms"",""source"":""/right_jaka_driver/joint_torque_raw"",""age_ms"":20561,""fresh"":false}}"
198,1788504008551,RUNNING,17.976,"{""left"":{""valid"":true,""status"":""VALID"",""sample_index"":749,""time_from_start_s"":17.976,""joints_rad"":[2.9705137876677012,0.3806488956477575,-0.8438729464537498,1.3200330751549485,-0.18751689531110288,1.2060901239857102],""source"":""LATEST SUCCESSFUL PHASE5 SERVO_J COMMAND \u2014 DRIVER MEMORY"",""error"":null},""right"":{""valid"":true,""status"":""VALID"",""sample_index"":749,""time_from_start_s"":17.976,""joints_rad"":[0.23472738877704952,2.784019300995211,0.9136577772727373,-1.5127698304650752,3.5049071081552183,2.2225436887314003],""source"":""LATEST SUCCESSFUL PHASE5 SERVO_J COMMAND \u2014 DRIVER MEMORY"",""error"":null}}","{""left"":{""valid"":true,""fresh"":true,""status"":""FRESH"",""joints_rad"":[2.9700747846731805,0.381357059554639,-0.8453184582110672,1.3163679880256949,-0.18786776428344523,1.2018167932295512],""received_at_ms"":1788504008548,""age_ms"":3,""source"":""jaka_port10000_actual_feedback"",""mapping"":""port10000_joint_actual_position_deg_to_rad"",""error"":null},""right"":{""valid"":true,""fresh"":true,""status"":""FRESH"",""joints_rad"":[0.23685042974066609,2.785488937515185,0.9104190647775305,-1.5143494117256715,3.5107697584264645,2.21614490768919],""received_at_ms"":1788504008519,""age_ms"":32,""source"":""jaka_port10000_actual_feedback"",""mapping"":""port10000_joint_actual_position_deg_to_rad"",""error"":null}}","{""left"":{""values"":[-112.36811382434098,-3.367675738991238,1.72607421875,-3.969970703125,-0.2589111328125,0.7274169921875],""received_at_ms"":1788503987887,""valid"":true,""status"":""STALE"",""error"":""Torque sample age 20664 ms exceeds 1500 ms"",""source"":""/left_jaka_driver/joint_torque_raw"",""age_ms"":20664,""fresh"":false},""right"":{""values"":[111.13329938671086,3.143164023058489,-2.6630859375,4.29052734375,-0.03082275390625,0.09246826171875],""received_at_ms"":1788503987893,""valid"":true,""status"":""STALE"",""error"":""Torque sample age 20658 ms exceeds 1500 ms"",""source"":""/right_jaka_driver/joint_torque_raw"",""age_ms"":20658,""fresh"":false}}"
199,1788504008652,RUNNING,18.072,"{""left"":{""valid"":true,""status"":""VALID"",""sample_index"":753,""time_from_start_s"":18.072,""joints_rad"":[2.9710180059268336,0.3799046336964958,-0.8423802202043359,1.3238657348574552,-0.18719732190273833,1.2104830078695286],""source"":""LATEST SUCCESSFUL PHASE5 SERVO_J COMMAND \u2014 DRIVER MEMORY"",""error"":null},""right"":{""valid"":true,""status"":""VALID"",""sample_index"":753,""time_from_start_s"":18.072,""joints_rad"":[0.23315575375327907,2.782897311579355,0.9160872475298294,-1.5116031244567667,3.500496991040041,2.2273944327344597],""source"":""LATEST SUCCESSFUL PHASE5 SERVO_J COMMAND \u2014 DRIVER MEMORY"",""error"":null}}","{""left"":{""valid"":true,""fresh"":true,""status"":""FRESH"",""joints_rad"":[2.9704582335098433,0.38081775281577274,-0.844156068929239,1.3191603402959604,-0.18752026922937318,1.204992768869405],""received_at_ms"":1788504008639,""age_ms"":13,""source"":""jaka_port10000_actual_feedback"",""mapping"":""port10000_joint_actual_position_deg_to_rad"",""error"":null},""right"":{""valid"":true,""fresh"":true,""status"":""FRESH"",""joints_rad"":[0.2356758231540739,2.7846981288311063,0.9122286221459982,-1.513438698921981,3.507557829004019,2.2197762397308893],""received_at_ms"":1788504008626,""age_ms"":26,""source"":""jaka_port10000_actual_feedback"",""mapping"":""port10000_joint_actual_position_deg_to_rad"",""error"":null}}","{""left"":{""values"":[-112.36811382434098,-3.367675738991238,1.72607421875,-3.969970703125,-0.2589111328125,0.7274169921875],""received_at_ms"":1788503987887,""valid"":true,""status"":""STALE"",""error"":""Torque sample age 20765 ms exceeds 1500 ms"",""source"":""/left_jaka_driver/joint_torque_raw"",""age_ms"":20765,""fresh"":false},""right"":{""values"":[111.13329938671086,3.143164023058489,-2.6630859375,4.29052734375,-0.03082275390625,0.09246826171875],""received_at_ms"":1788503987893,""valid"":true,""status"":""STALE"",""error"":""Torque sample age 20759 ms exceeds 1500 ms"",""source"":""/right_jaka_driver/joint_torque_raw"",""age_ms"":20759,""fresh"":false}}"
200,1788504008752,RUNNING,18.168,"{""left"":{""valid"":true,""status"":""VALID"",""sample_index"":757,""time_from_start_s"":18.168,""joints_rad"":[2.9715213588166773,0.379158480907192,-0.8408909101474554,1.327695898454845,-0.18684458188825603,1.2148690767876065],""source"":""LATEST SUCCESSFUL PHASE5 SERVO_J COMMAND \u2014 DRIVER MEMORY"",""error"":null},""right"":{""valid"":true,""status"":""VALID"",""sample_index"":757,""time_from_start_s"":18.168,""joints_rad"":[0.23158389065140694,2.7817766781556816,0.9185144326436708,-1.5104329975965467,3.4960816703094197,2.23223564149878],""source"":""LATEST SUCCESSFUL PHASE5 SERVO_J COMMAND \u2014 DRIVER MEMORY"",""error"":null}}","{""left"":{""valid"":true,""fresh"":true,""status"":""FRESH"",""joints_rad"":[2.9704582335098433,0.38081775281577274,-0.844156068929239,1.3191603402959604,-0.18752026922937318,1.204992768869405],""received_at_ms"":1788504008639,""age_ms"":113,""source"":""jaka_port10000_actual_feedback"",""mapping"":""port10000_joint_actual_position_deg_to_rad"",""error"":null},""right"":{""valid"":true,""fresh"":true,""status"":""FRESH"",""joints_rad"":[0.2339261305789496,2.783499611233762,0.9149131130684907,-1.5121084089661108,3.5026564208656437,2.224989363673671],""received_at_ms"":1788504008695,""age_ms"":57,""source"":""jaka_port10000_actual_feedback"",""mapping"":""port10000_joint_actual_position_deg_to_rad"",""error"":null}}","{""left"":{""values"":[-112.36811382434098,-3.367675738991238,1.72607421875,-3.969970703125,-0.2589111328125,0.7274169921875],""received_at_ms"":1788503987887,""valid"":true,""status"":""STALE"",""error"":""Torque sample age 20865 ms exceeds 1500 ms"",""source"":""/left_jaka_driver/joint_torque_raw"",""age_ms"":20865,""fresh"":false},""right"":{""values"":[111.13329938671086,3.143164023058489,-2.6630859375,4.29052734375,-0.03082275390625,0.09246826171875],""received_at_ms"":1788503987893,""valid"":true,""status"":""STALE"",""error"":""Torque sample age 20859 ms exceeds 1500 ms"",""source"":""/right_jaka_driver/joint_torque_raw"",""age_ms"":20859,""fresh"":false}}"
201,1788504008860,RUNNING,18.288,"{""left"":{""valid"":true,""status"":""VALID"",""sample_index"":762,""time_from_start_s"":18.288,""joints_rad"":[2.972149192287665,0.3782229778686068,-0.8390337945356724,1.3324805628364265,-0.18634835304891842,1.2203429032515318],""source"":""LATEST SUCCESSFUL PHASE5 SERVO_J COMMAND \u2014 DRIVER MEMORY"",""error"":null},""right"":{""valid"":true,""status"":""VALID"",""sample_index"":762,""time_from_start_s"":18.288,""joints_rad"":[0.22961851509772152,2.7803791246906715,0.9215429886526564,-1.5089656563610305,3.4905515263637246,2.238266578091246],""source"":""LATEST SUCCESSFUL PHASE5 SERVO_J COMMAND \u2014 DRIVER MEMORY"",""error"":null}}","{""left"":{""valid"":true,""fresh"":true,""status"":""FRESH"",""joints_rad"":[2.9714888504331465,0.3792357863817651,-0.841135951191588,1.3269980903678915,-0.18711273484903249,1.2140047764620778],""received_at_ms"":1788504008823,""age_ms"":37,""source"":""jaka_port10000_actual_feedback"",""mapping"":""port10000_joint_actual_position_deg_to_rad"",""error"":null},""right"":{""valid"":true,""fresh"":true,""status"":""FRESH"",""joints_rad"":[0.23276374129712138,2.782648763223415,0.9167347132087972,-1.5112334754120862,3.499192989497986,2.228512659834672],""received_at_ms"":1788504008763,""age_ms"":97,""source"":""jaka_port10000_actual_feedback"",""mapping"":""port10000_joint_actual_position_deg_to_rad"",""error"":null}}","{""left"":{""values"":[-112.36811382434098,-3.367675738991238,1.72607421875,-3.969970703125,-0.2589111328125,0.7274169921875],""received_at_ms"":1788503987887,""valid"":true,""status"":""STALE"",""error"":""Torque sample age 20973 ms exceeds 1500 ms"",""source"":""/left_jaka_driver/joint_torque_raw"",""age_ms"":20973,""fresh"":false},""right"":{""values"":[111.13329938671086,3.143164023058489,-2.6630859375,4.29052734375,-0.03082275390625,0.09246826171875],""received_at_ms"":1788503987893,""valid"":true,""status"":""STALE"",""error"":""Torque sample age 20967 ms exceeds 1500 ms"",""source"":""/right_jaka_driver/joint_torque_raw"",""age_ms"":20967,""fresh"":false}}"
202,1788504008966,RUNNING,18.384,"{""left"":{""valid"":true,""status"":""VALID"",""sample_index"":766,""time_from_start_s"":18.384,""joints_rad"":[2.972650311123077,0.37747225468395423,-0.8375515865178415,1.336306072995139,-0.18590252444582603,1.2247153339697257],""source"":""LATEST SUCCESSFUL PHASE5 SERVO_J COMMAND \u2014 DRIVER MEMORY"",""error"":null},""right"":{""valid"":true,""status"":""VALID"",""sample_index"":766,""time_from_start_s"":18.384,""joints_rad"":[0.22804558986796075,2.779264771209814,0.9239596842073364,-1.507789913563442,3.4861163122452106,2.2430700712024327],""source"":""LATEST SUCCESSFUL PHASE5 SERVO_J COMMAND \u2014 DRIVER MEMORY"",""error"":null}}","{""left"":{""valid"":true,""fresh"":true,""status"":""FRESH"",""joints_rad"":[2.9718724738027342,0.3786964796428989,-0.8399376081271687,1.329910172224844,-0.18653747432757517,1.2172645279060275],""received_at_ms"":1788504008902,""age_ms"":64,""source"":""jaka_port10000_actual_feedback"",""mapping"":""port10000_joint_actual_position_deg_to_rad"",""error"":null},""right"":{""valid"":true,""fresh"":true,""status"":""FRESH"",""joints_rad"":[0.23120586040679125,2.78154623873493,0.9192155242075819,-1.5100590433584191,3.494782717011122,2.2333782887233817],""received_at_ms"":1788504008878,""age_ms"":88,""source"":""jaka_port10000_actual_feedback"",""mapping"":""port10000_joint_actual_position_deg_to_rad"",""error"":null}}","{""left"":{""values"":[-112.36811382434098,-3.367675738991238,1.72607421875,-3.969970703125,-0.2589111328125,0.7274169921875],""received_at_ms"":1788503987887,""valid"":true,""status"":""STALE"",""error"":""Torque sample age 21079 ms exceeds 1500 ms"",""source"":""/left_jaka_driver/joint_torque_raw"",""age_ms"":21079,""fresh"":false},""right"":{""values"":[111.13329938671086,3.143164023058489,-2.6630859375,4.29052734375,-0.03082275390625,0.09246826171875],""received_at_ms"":1788503987893,""valid"":true,""status"":""STALE"",""error"":""Torque sample age 21073 ms exceeds 1500 ms"",""source"":""/right_jaka_driver/joint_torque_raw"",""age_ms"":21073,""fresh"":false}}"
203,1788504009061,RUNNING,18.48,"{""left"":{""valid"":true,""status"":""VALID"",""sample_index"":770,""time_from_start_s"":18.48,""joints_rad"":[2.973150395086915,0.3767194463828233,-0.8360724312937786,1.340129664125052,-0.18541105118698503,1.229081981631502],""source"":""LATEST SUCCESSFUL PHASE5 SERVO_J COMMAND \u2014 DRIVER MEMORY"",""error"":null},""right"":{""valid"":true,""status"":""VALID"",""sample_index"":770,""time_from_start_s"":18.48,""joints_rad"":[0.2264719397658236,2.7781546861332753,0.9263692974671484,-1.5066155303593711,3.4816697057629153,2.247851191493243],""source"":""LATEST SUCCESSFUL PHASE5 SERVO_J COMMAND \u2014 DRIVER MEMORY"",""error"":null}}","{""left"":{""valid"":true,""fresh"":true,""status"":""FRESH"",""joints_rad"":[2.972435691552353,0.3778576744043904,-0.8381758727802057,1.3344162632876428,-0.1860341213713,1.2225855131965828],""received_at_ms"":1788504009002,""age_ms"":59,""source"":""jaka_port10000_actual_feedback"",""mapping"":""port10000_joint_actual_position_deg_to_rad"",""error"":null},""right"":{""valid"":true,""fresh"":true,""status"":""FRESH"",""joints_rad"":[0.2279221979520891,2.7791853318557576,0.9242607474763219,-1.5076143606751506,3.4854710363858814,2.243552860130808],""received_at_ms"":1788504009060,""age_ms"":1,""source"":""jaka_port10000_actual_feedback"",""mapping"":""port10000_joint_actual_position_deg_to_rad"",""error"":null}}","{""left"":{""values"":[-112.36811382434098,-3.367675738991238,1.72607421875,-3.969970703125,-0.2589111328125,0.7274169921875],""received_at_ms"":1788503987887,""valid"":true,""status"":""STALE"",""error"":""Torque sample age 21174 ms exceeds 1500 ms"",""source"":""/left_jaka_driver/joint_torque_raw"",""age_ms"":21174,""fresh"":false},""right"":{""values"":[111.13329938671086,3.143164023058489,-2.6630859375,4.29052734375,-0.03082275390625,0.09246826171875],""received_at_ms"":1788503987893,""valid"":true,""status"":""STALE"",""error"":""Torque sample age 21168 ms exceeds 1500 ms"",""source"":""/right_jaka_driver/joint_torque_raw"",""age_ms"":21168,""fresh"":false}}"
204,1788504009167,RUNNING,18.576,"{""left"":{""valid"":true,""status"":""VALID"",""sample_index"":774,""time_from_start_s"":18.576,""joints_rad"":[2.9736494639083597,0.3759645659958858,-0.834596348065625,1.3439512796984703,-0.1848734103435851,1.2334427648017636],""source"":""LATEST SUCCESSFUL PHASE5 SERVO_J COMMAND \u2014 DRIVER MEMORY"",""error"":null},""right"":{""valid"":true,""status"":""VALID"",""sample_index"":774,""time_from_start_s"":18.576,""joints_rad"":[0.22489740848375223,2.77704977796003,0.9287703534203304,-1.5054463397160465,3.4772107394564182,2.2526074100530207],""source"":""LATEST SUCCESSFUL PHASE5 SERVO_J COMMAND \u2014 DRIVER MEMORY"",""error"":null}}","{""left"":{""valid"":true,""fresh"":true,""status"":""FRESH"",""joints_rad"":[2.9727713183675117,0.37731836766552407,-0.8372171634220851,1.3370527576557056,-0.18571053732798024,1.2254977695864604],""received_at_ms"":1788504009116,""age_ms"":51,""source"":""jaka_port10000_actual_feedback"",""mapping"":""port10000_joint_actual_position_deg_to_rad"",""error"":null},""right"":{""valid"":true,""fresh"":true,""status"":""FRESH"",""joints_rad"":[0.22701131061547328,2.778574117551709,0.9257229843236428,-1.5069191960340813,3.4829183178219147,2.246429162738095],""received_at_ms"":1788504009134,""age_ms"":33,""source"":""jaka_port10000_actual_feedback"",""mapping"":""port10000_joint_actual_position_deg_to_rad"",""error"":null}}","{""left"":{""values"":[-112.36811382434098,-3.367675738991238,1.72607421875,-3.969970703125,-0.2589111328125,0.7274169921875],""received_at_ms"":1788503987887,""valid"":true,""status"":""STALE"",""error"":""Torque sample age 21280 ms exceeds 1500 ms"",""source"":""/left_jaka_driver/joint_torque_raw"",""age_ms"":21280,""fresh"":false},""right"":{""values"":[111.13329938671086,3.143164023058489,-2.6630859375,4.29052734375,-0.03082275390625,0.09246826171875],""received_at_ms"":1788503987893,""valid"":true,""status"":""STALE"",""error"":""Torque sample age 21274 ms exceeds 1500 ms"",""source"":""/right_jaka_driver/joint_torque_raw"",""age_ms"":21274,""fresh"":false}}"
205,1788504009260,RUNNING,18.672,"{""left"":{""valid"":true,""status"":""VALID"",""sample_index"":778,""time_from_start_s"":18.672,""joints_rad"":[2.9741475644448516,0.3752076540896876,-0.8331234054170185,1.3477707748749252,-0.1842903431593559,1.2377974516521832],""source"":""LATEST SUCCESSFUL PHASE5 SERVO_J COMMAND \u2014 DRIVER MEMORY"",""error"":null},""right"":{""valid"":true,""status"":""VALID"",""sample_index"":778,""time_from_start_s"":18.672,""joints_rad"":[0.22332184252395268,2.7759509359713777,0.931161416208549,-1.5042869631586808,3.4727388239738985,2.257336799465507],""source"":""LATEST SUCCESSFUL PHASE5 SERVO_J COMMAND \u2014 DRIVER MEMORY"",""error"":null}}","{""left"":{""valid"":true,""fresh"":true,""status"":""FRESH"",""joints_rad"":[2.9738019352908145,0.3758083087966986,-0.8341970456844341,1.3447706036080245,-0.18472791695910742,1.2343181400272643],""received_at_ms"":1788504009257,""age_ms"":3,""source"":""jaka_port10000_actual_feedback"",""mapping"":""port10000_joint_actual_position_deg_to_rad"",""error"":null},""right"":{""valid"":true,""fresh"":true,""status"":""FRESH"",""joints_rad"":[0.22502198433405013,2.7771719200306566,0.9287429275283686,-1.5054332227089333,3.477405520846565,2.2523971415823643],""received_at_ms"":1788504009249,""age_ms"":11,""source"":""jaka_port10000_actual_feedback"",""mapping"":""port10000_joint_actual_position_deg_to_rad"",""error"":null}}","{""left"":{""values"":[-112.36811382434098,-3.367675738991238,1.72607421875,-3.969970703125,-0.2589111328125,0.7274169921875],""received_at_ms"":1788503987887,""valid"":true,""status"":""STALE"",""error"":""Torque sample age 21373 ms exceeds 1500 ms"",""source"":""/left_jaka_driver/joint_torque_raw"",""age_ms"":21373,""fresh"":false},""right"":{""values"":[111.13329938671086,3.143164023058489,-2.6630859375,4.29052734375,-0.03082275390625,0.09246826171875],""received_at_ms"":1788503987893,""valid"":true,""status"":""STALE"",""error"":""Torque sample age 21367 ms exceeds 1500 ms"",""source"":""/right_jaka_driver/joint_torque_raw"",""age_ms"":21367,""fresh"":false}}"
206,1788504009360,RUNNING,18.768,"{""left"":{""valid"":true,""status"":""VALID"",""sample_index"":783,""time_from_start_s"":18.792,""joints_rad"":[2.974768937253984,0.3742587572213562,-0.8312868160405636,1.3525418196518595,-0.1835005159042023,1.2432316769251237],""source"":""LATEST SUCCESSFUL PHASE5 SERVO_J COMMAND \u2014 DRIVER MEMORY"",""error"":null},""right"":{""valid"":true,""status"":""VALID"",""sample_index"":782,""time_from_start_s"":18.768,""joints_rad"":[0.22174509373110862,2.7748590159224444,0.9335411112219959,-1.5031426261989842,3.4682537122296972,2.2620379953714917],""source"":""LATEST SUCCESSFUL PHASE5 SERVO_J COMMAND \u2014 DRIVER MEMORY"",""error"":null}}","{""left"":{""valid"":true,""fresh"":true,""status"":""FRESH"",""joints_rad"":[2.9738019352908145,0.3758083087966986,-0.8341970456844341,1.3447706036080245,-0.18472791695910742,1.2343181400272643],""received_at_ms"":1788504009257,""age_ms"":103,""source"":""jaka_port10000_actual_feedback"",""mapping"":""port10000_joint_actual_position_deg_to_rad"",""error"":null},""right"":{""valid"":true,""fresh"":true,""status"":""FRESH"",""joints_rad"":[0.2236677833674277,2.776225253444375,0.9307442965816305,-1.5044745133508128,3.4737144985444477,2.256292018341115],""received_at_ms"":1788504009317,""age_ms"":43,""source"":""jaka_port10000_actual_feedback"",""mapping"":""port10000_joint_actual_position_deg_to_rad"",""error"":null}}","{""left"":{""values"":[-112.36811382434098,-3.367675738991238,1.72607421875,-3.969970703125,-0.2589111328125,0.7274169921875],""received_at_ms"":1788503987887,""valid"":true,""status"":""STALE"",""error"":""Torque sample age 21473 ms exceeds 1500 ms"",""source"":""/left_jaka_driver/joint_torque_raw"",""age_ms"":21473,""fresh"":false},""right"":{""values"":[111.13329938671086,3.143164023058489,-2.6630859375,4.29052734375,-0.03082275390625,0.09246826171875],""received_at_ms"":1788503987893,""valid"":true,""status"":""STALE"",""error"":""Torque sample age 21467 ms exceeds 1500 ms"",""source"":""/right_jaka_driver/joint_torque_raw"",""age_ms"":21467,""fresh"":false}}"
207,1788504009462,RUNNING,18.888,"{""left"":{""valid"":true,""status"":""VALID"",""sample_index"":787,""time_from_start_s"":18.888,""joints_rad"":[2.975265144962265,0.3734975392125695,-0.8298213985554027,1.3563556418003122,-0.18282334573453712,1.247571165523708],""source"":""LATEST SUCCESSFUL PHASE5 SERVO_J COMMAND \u2014 DRIVER MEMORY"",""error"":null},""right"":{""valid"":true,""status"":""VALID"",""sample_index"":787,""time_from_start_s"":18.888,""joints_rad"":[0.21977228162789614,2.7735050749427312,0.9364977866159689,-1.5017419791233109,3.462628881979555,2.26787361068555],""source"":""LATEST SUCCESSFUL PHASE5 SERVO_J COMMAND \u2014 DRIVER MEMORY"",""error"":null}}","{""left"":{""valid"":true,""fresh"":true,""status"":""FRESH"",""joints_rad"":[2.974712648094505,0.37438220026489405,-0.8315366403056192,1.3516735553325872,-0.18363726070953618,1.2421078935447654],""received_at_ms"":1788504009439,""age_ms"":23,""source"":""jaka_port10000_actual_feedback"",""mapping"":""port10000_joint_actual_position_deg_to_rad"",""error"":null},""right"":{""valid"":true,""fresh"":true,""status"":""FRESH"",""joints_rad"":[0.22254117333526538,2.7753862736729413,0.9325419857111846,-1.503611622568627,3.470382839535316,2.259887396600223],""received_at_ms"":1788504009386,""age_ms"":76,""source"":""jaka_port10000_actual_feedback"",""mapping"":""port10000_joint_actual_position_deg_to_rad"",""error"":null}}","{""left"":{""values"":[-112.36811382434098,-3.367675738991238,1.72607421875,-3.969970703125,-0.2589111328125,0.7274169921875],""received_at_ms"":1788503987887,""valid"":true,""status"":""STALE"",""error"":""Torque sample age 21575 ms exceeds 1500 ms"",""source"":""/left_jaka_driver/joint_torque_raw"",""age_ms"":21575,""fresh"":false},""right"":{""values"":[111.13329938671086,3.143164023058489,-2.6630859375,4.29052734375,-0.03082275390625,0.09246826171875],""received_at_ms"":1788503987893,""valid"":true,""status"":""STALE"",""error"":""Torque sample age 21569 ms exceeds 1500 ms"",""source"":""/right_jaka_driver/joint_torque_raw"",""age_ms"":21569,""fresh"":false}}"
208,1788504009560,RUNNING,18.984,"{""left"":{""valid"":true,""status"":""VALID"",""sample_index"":791,""time_from_start_s"":18.984,""joints_rad"":[2.9757606777592702,0.37273456523692644,-0.8283596008228066,1.3601664137914249,-0.18210984111837333,1.2519030236272617],""source"":""LATEST SUCCESSFUL PHASE5 SERVO_J COMMAND \u2014 DRIVER MEMORY"",""error"":null},""right"":{""valid"":true,""status"":""VALID"",""sample_index"":791,""time_from_start_s"":18.984,""joints_rad"":[0.21819237465843985,2.7724315871837186,0.9388473456772777,-1.5006524607171554,3.458114704402321,2.2725090379129758],""source"":""LATEST SUCCESSFUL PHASE5 SERVO_J COMMAND \u2014 DRIVER MEMORY"",""error"":null}}","{""left"":{""valid"":true,""fresh"":true,""status"":""FRESH"",""joints_rad"":[2.975072185920416,0.3738549362978666,-0.8304939806104777,1.3544418220591756,-0.18313390775326102,1.2454634635646498],""received_at_ms"":1788504009509,""age_ms"":51,""source"":""jaka_port10000_actual_feedback"",""mapping"":""port10000_joint_actual_position_deg_to_rad"",""error"":null},""right"":{""valid"":true,""fresh"":true,""status"":""FRESH"",""joints_rad"":[0.22105520001011741,2.7743556567496386,0.9346990381337245,-1.5026049166560767,3.4662842828528575,2.2640938146304546],""received_at_ms"":1788504009495,""age_ms"":65,""source"":""jaka_port10000_actual_feedback"",""mapping"":""port10000_joint_actual_position_deg_to_rad"",""error"":null}}","{""left"":{""values"":[-112.36811382434098,-3.367675738991238,1.72607421875,-3.969970703125,-0.2589111328125,0.7274169921875],""received_at_ms"":1788503987887,""valid"":true,""status"":""STALE"",""error"":""Torque sample age 21673 ms exceeds 1500 ms"",""source"":""/left_jaka_driver/joint_torque_raw"",""age_ms"":21673,""fresh"":false},""right"":{""values"":[111.13329938671086,3.143164023058489,-2.6630859375,4.29052734375,-0.03082275390625,0.09246826171875],""received_at_ms"":1788503987893,""valid"":true,""status"":""STALE"",""error"":""Torque sample age 21667 ms exceeds 1500 ms"",""source"":""/right_jaka_driver/joint_torque_raw"",""age_ms"":21667,""fresh"":false}}"
209,1788504009677,RUNNING,19.080000000000002,"{""left"":{""valid"":true,""status"":""VALID"",""sample_index"":795,""time_from_start_s"":19.080000000000002,""joints_rad"":[2.9762556550890316,0.3719699500036705,-0.8269016230533747,1.3639737547304305,-0.1813642257194481,1.2562266183163457],""source"":""LATEST SUCCESSFUL PHASE5 SERVO_J COMMAND \u2014 DRIVER MEMORY"",""error"":null},""right"":{""valid"":true,""status"":""VALID"",""sample_index"":796,""time_from_start_s"":19.104,""joints_rad"":[0.21621523362284092,2.7711028708995014,0.9417628911190339,-1.4993390017561885,3.4524551018043113,2.278262316424691],""source"":""LATEST SUCCESSFUL PHASE5 SERVO_J COMMAND \u2014 DRIVER MEMORY"",""error"":null}}","{""left"":{""valid"":true,""fresh"":true,""status"":""FRESH"",""joints_rad"":[2.9755395850940998,0.37308786409161504,-0.8290080072853299,1.3582049264594005,-0.18246282865586919,1.2498376077359978],""received_at_ms"":1788504009623,""age_ms"":54,""source"":""jaka_port10000_actual_feedback"",""mapping"":""port10000_joint_actual_position_deg_to_rad"",""error"":null},""right"":{""valid"":true,""fresh"":true,""status"":""FRESH"",""joints_rad"":[0.21774745201173776,2.772150607772669,0.9394807166854133,-1.500303874570247,3.4568406553361664,2.2737290792990144],""received_at_ms"":1788504009673,""age_ms"":4,""source"":""jaka_port10000_actual_feedback"",""mapping"":""port10000_joint_actual_position_deg_to_rad"",""error"":null}}","{""left"":{""values"":[-112.36811382434098,-3.367675738991238,1.72607421875,-3.969970703125,-0.2589111328125,0.7274169921875],""received_at_ms"":1788503987887,""valid"":true,""status"":""STALE"",""error"":""Torque sample age 21790 ms exceeds 1500 ms"",""source"":""/left_jaka_driver/joint_torque_raw"",""age_ms"":21790,""fresh"":false},""right"":{""values"":[111.13329938671086,3.143164023058489,-2.6630859375,4.29052734375,-0.03082275390625,0.09246826171875],""received_at_ms"":1788503987893,""valid"":true,""status"":""STALE"",""error"":""Torque sample age 21784 ms exceeds 1500 ms"",""source"":""/right_jaka_driver/joint_torque_raw"",""age_ms"":21784,""fresh"":false}}"
210,1788504009770,RUNNING,19.2,"{""left"":{""valid"":true,""status"":""VALID"",""sample_index"":800,""time_from_start_s"":19.2,""joints_rad"":[2.9768737886604533,0.3710120592897167,-0.8250848474367487,1.3687274898688448,-0.1803940778258186,1.2616184666807726],""source"":""LATEST SUCCESSFUL PHASE5 SERVO_J COMMAND \u2014 DRIVER MEMORY"",""error"":null},""right"":{""valid"":true,""status"":""VALID"",""sample_index"":800,""time_from_start_s"":19.2,""joints_rad"":[0.21463159923266353,2.7700510712911224,0.9440771733722543,-1.4983339240381304,3.447914924286447,2.282832922195909],""source"":""LATEST SUCCESSFUL PHASE5 SERVO_J COMMAND \u2014 DRIVER MEMORY"",""error"":null}}","{""left"":{""valid"":true,""fresh"":true,""status"":""FRESH"",""joints_rad"":[2.976006984267784,0.3723808312116322,-0.8277016283402121,1.361752308164079,-0.18173188476513397,1.2537206162558348],""received_at_ms"":1788504009744,""age_ms"":26,""source"":""jaka_port10000_actual_feedback"",""mapping"":""port10000_joint_actual_position_deg_to_rad"",""error"":null},""right"":{""valid"":true,""fresh"":true,""status"":""FRESH"",""joints_rad"":[0.216680881305844,2.7714554431316,0.9410508148805073,-1.4995968416902643,3.453820712131441,2.276689332243322],""received_at_ms"":1788504009741,""age_ms"":29,""source"":""jaka_port10000_actual_feedback"",""mapping"":""port10000_joint_actual_position_deg_to_rad"",""error"":null}}","{""left"":{""values"":[-112.36811382434098,-3.367675738991238,1.72607421875,-3.969970703125,-0.2589111328125,0.7274169921875],""received_at_ms"":1788503987887,""valid"":true,""status"":""STALE"",""error"":""Torque sample age 21883 ms exceeds 1500 ms"",""source"":""/left_jaka_driver/joint_torque_raw"",""age_ms"":21883,""fresh"":false},""right"":{""values"":[111.13329938671086,3.143164023058489,-2.6630859375,4.29052734375,-0.03082275390625,0.09246826171875],""received_at_ms"":1788503987893,""valid"":true,""status"":""STALE"",""error"":""Torque sample age 21877 ms exceeds 1500 ms"",""source"":""/right_jaka_driver/joint_torque_raw"",""age_ms"":21877,""fresh"":false}}"
211,1788504009864,RUNNING,19.272000000000002,"{""left"":{""valid"":true,""status"":""VALID"",""sample_index"":804,""time_from_start_s"":19.296,""joints_rad"":[2.9773679831235063,0.3702442025059902,-0.823636250312017,1.372525620551634,-0.17959332205208095,1.2659209904488278],""source"":""LATEST SUCCESSFUL PHASE5 SERVO_J COMMAND \u2014 DRIVER MEMORY"",""error"":null},""right"":{""valid"":true,""status"":""VALID"",""sample_index"":803,""time_from_start_s"":19.272000000000002,""joints_rad"":[0.21344270262579987,2.769269021852603,0.9458018575741735,-1.4976102522373744,3.444503144254236,2.2862428584476],""source"":""LATEST SUCCESSFUL PHASE5 SERVO_J COMMAND \u2014 DRIVER MEMORY"",""error"":null}}","{""left"":{""valid"":true,""fresh"":true,""status"":""FRESH"",""joints_rad"":[2.976006984267784,0.3723808312116322,-0.8277016283402121,1.361752308164079,-0.18173188476513397,1.2537206162558348],""received_at_ms"":1788504009744,""age_ms"":120,""source"":""jaka_port10000_actual_feedback"",""mapping"":""port10000_joint_actual_position_deg_to_rad"",""error"":null},""right"":{""valid"":true,""fresh"":true,""status"":""FRESH"",""joints_rad"":[0.21548253824142471,2.7706525916756823,0.9427525109012019,-1.498793990234347,3.450441056567879,2.2801407208391407],""received_at_ms"":1788504009852,""age_ms"":12,""source"":""jaka_port10000_actual_feedback"",""mapping"":""port10000_joint_actual_position_deg_to_rad"",""error"":null}}","{""left"":{""values"":[-112.36811382434098,-3.367675738991238,1.72607421875,-3.969970703125,-0.2589111328125,0.7274169921875],""received_at_ms"":1788503987887,""valid"":true,""status"":""STALE"",""error"":""Torque sample age 21977 ms exceeds 1500 ms"",""source"":""/left_jaka_driver/joint_torque_raw"",""age_ms"":21977,""fresh"":false},""right"":{""values"":[111.13329938671086,3.143164023058489,-2.6630859375,4.29052734375,-0.03082275390625,0.09246826171875],""received_at_ms"":1788503987893,""valid"":true,""status"":""STALE"",""error"":""Torque sample age 21971 ms exceeds 1500 ms"",""source"":""/right_jaka_driver/joint_torque_raw"",""age_ms"":21971,""fresh"":false}}"
212,1788504010068,RUNNING,19.488,"{""left"":{""valid"":true,""status"":""VALID"",""sample_index"":812,""time_from_start_s"":19.488,""joints_rad"":[2.978356079279408,0.36870489565036546,-0.8207528244182772,1.3801072057716812,-0.17794643303817784,1.2744939651625138],""source"":""LATEST SUCCESSFUL PHASE5 SERVO_J COMMAND \u2014 DRIVER MEMORY"",""error"":null},""right"":{""valid"":true,""status"":""VALID"",""sample_index"":812,""time_from_start_s"":19.488,""joints_rad"":[0.20986977956359024,2.766959027297144,0.9509174197683532,-1.4956144893535834,3.4342386475161835,2.2963863456545788],""source"":""LATEST SUCCESSFUL PHASE5 SERVO_J COMMAND \u2014 DRIVER MEMORY"",""error"":null}}","{""left"":{""valid"":true,""fresh"":true,""status"":""FRESH"",""joints_rad"":[2.9776968120495653,0.3697443368435695,-0.8227162698648155,1.374863046972135,-0.1790114400600504,1.2685330510845854],""received_at_ms"":1788504010023,""age_ms"":45,""source"":""jaka_port10000_actual_feedback"",""mapping"":""port10000_joint_actual_position_deg_to_rad"",""error"":null},""right"":{""valid"":true,""fresh"":true,""status"":""FRESH"",""joints_rad"":[0.2117674303956296,2.7682077344594886,0.9481214927461868,-1.4966128522681297,3.439870993551951,2.2908425562135943],""received_at_ms"":1788504010036,""age_ms"":32,""source"":""jaka_port10000_actual_feedback"",""mapping"":""port10000_joint_actual_position_deg_to_rad"",""error"":null}}","{""left"":{""values"":[-112.36811382434098,-3.367675738991238,1.72607421875,-3.969970703125,-0.2589111328125,0.7274169921875],""received_at_ms"":1788503987887,""valid"":true,""status"":""STALE"",""error"":""Torque sample age 22181 ms exceeds 1500 ms"",""source"":""/left_jaka_driver/joint_torque_raw"",""age_ms"":22181,""fresh"":false},""right"":{""values"":[111.13329938671086,3.143164023058489,-2.6630859375,4.29052734375,-0.03082275390625,0.09246826171875],""received_at_ms"":1788503987893,""valid"":true,""status"":""STALE"",""error"":""Torque sample age 22175 ms exceeds 1500 ms"",""source"":""/right_jaka_driver/joint_torque_raw"",""age_ms"":22175,""fresh"":false}}"
213,1788504010190,RUNNING,19.584,"{""left"":{""valid"":true,""status"":""VALID"",""sample_index"":816,""time_from_start_s"":19.584,""joints_rad"":[2.978850217499466,0.36793367543515404,-0.8193183887147926,1.3838899076820108,-0.17710924544504794,1.278763171354812],""source"":""LATEST SUCCESSFUL PHASE5 SERVO_J COMMAND \u2014 DRIVER MEMORY"",""error"":null},""right"":{""valid"":true,""status"":""VALID"",""sample_index"":817,""time_from_start_s"":19.608,""joints_rad"":[0.20788073942039556,2.765699347125198,0.953721223232675,-1.494629803275376,3.4285209540770816,2.3019710903091473],""source"":""LATEST SUCCESSFUL PHASE5 SERVO_J COMMAND \u2014 DRIVER MEMORY"",""error"":null}}","{""left"":{""valid"":true,""fresh"":true,""status"":""FRESH"",""joints_rad"":[2.9782959835817744,0.368749673702858,-0.8209424917460136,1.379596728969394,-0.17813650650602564,1.273949854951075],""received_at_ms"":1788504010139,""age_ms"":51,""source"":""jaka_port10000_actual_feedback"",""mapping"":""port10000_joint_actual_position_deg_to_rad"",""error"":null},""right"":{""valid"":true,""fresh"":true,""status"":""FRESH"",""joints_rad"":[0.21058095557012385,2.7674527050250757,0.9497751922124514,-1.4959656841814901,3.436395519412455,2.2942581655597474],""received_at_ms"":1788504010105,""age_ms"":85,""source"":""jaka_port10000_actual_feedback"",""mapping"":""port10000_joint_actual_position_deg_to_rad"",""error"":null}}","{""left"":{""values"":[-112.36811382434098,-3.367675738991238,1.72607421875,-3.969970703125,-0.2589111328125,0.7274169921875],""received_at_ms"":1788503987887,""valid"":true,""status"":""STALE"",""error"":""Torque sample age 22303 ms exceeds 1500 ms"",""source"":""/left_jaka_driver/joint_torque_raw"",""age_ms"":22303,""fresh"":false},""right"":{""values"":[111.13329938671086,3.143164023058489,-2.6630859375,4.29052734375,-0.03082275390625,0.09246826171875],""received_at_ms"":1788503987893,""valid"":true,""status"":""STALE"",""error"":""Torque sample age 22297 ms exceeds 1500 ms"",""source"":""/right_jaka_driver/joint_torque_raw"",""age_ms"":22297,""fresh"":false}}"
214,1788504010264,RUNNING,19.68,"{""left"":{""valid"":true,""status"":""VALID"",""sample_index"":820,""time_from_start_s"":19.68,""joints_rad"":[2.9793445542712234,0.36716154511838023,-0.8178890307924331,1.3876667770011817,-0.17626811427597436,1.2830201355118107],""source"":""LATEST SUCCESSFUL PHASE5 SERVO_J COMMAND \u2014 DRIVER MEMORY"",""error"":null},""right"":{""valid"":true,""status"":""VALID"",""sample_index"":820,""time_from_start_s"":19.68,""joints_rad"":[0.20668593851144157,2.7649515046311173,0.9553906740582147,-1.4940836953860581,3.42508641904917,2.3053067565159764],""source"":""LATEST SUCCESSFUL PHASE5 SERVO_J COMMAND \u2014 DRIVER MEMORY"",""error"":null}}","{""left"":{""valid"":true,""fresh"":true,""status"":""FRESH"",""joints_rad"":[2.978703517962115,0.3681983241921529,-0.8199000065837974,1.3824250350222511,-0.17746542740863383,1.277053748492822],""received_at_ms"":1788504010254,""age_ms"":10,""source"":""jaka_port10000_actual_feedback"",""mapping"":""port10000_joint_actual_position_deg_to_rad"",""error"":null},""right"":{""valid"":true,""fresh"":true,""status"":""FRESH"",""joints_rad"":[0.20898712089720262,2.766434130873612,0.9520882770701196,-1.4951747009644862,3.4318775601107423,2.2987522138507073],""received_at_ms"":1788504010218,""age_ms"":46,""source"":""jaka_port10000_actual_feedback"",""mapping"":""port10000_joint_actual_position_deg_to_rad"",""error"":null}}","{""left"":{""values"":[-112.36811382434098,-3.367675738991238,1.72607421875,-3.969970703125,-0.2589111328125,0.7274169921875],""received_at_ms"":1788503987887,""valid"":true,""status"":""STALE"",""error"":""Torque sample age 22377 ms exceeds 1500 ms"",""source"":""/left_jaka_driver/joint_torque_raw"",""age_ms"":22377,""fresh"":false},""right"":{""values"":[111.13329938671086,3.143164023058489,-2.6630859375,4.29052734375,-0.03082275390625,0.09246826171875],""received_at_ms"":1788503987893,""valid"":true,""status"":""STALE"",""error"":""Torque sample age 22371 ms exceeds 1500 ms"",""source"":""/right_jaka_driver/joint_torque_raw"",""age_ms"":22371,""fresh"":false}}"
215,1788504010368,RUNNING,19.776,"{""left"":{""valid"":true,""status"":""VALID"",""sample_index"":825,""time_from_start_s"":19.8,""joints_rad"":[2.979962880011158,0.3661952238018149,-0.8161096721393138,1.3923792669513428,-0.17521579956610664,1.2883234848496314],""source"":""LATEST SUCCESSFUL PHASE5 SERVO_J COMMAND \u2014 DRIVER MEMORY"",""error"":null},""right"":{""valid"":true,""status"":""VALID"",""sample_index"":824,""time_from_start_s"":19.776,""joints_rad"":[0.20509131939474867,2.7639633489874194,0.9576021824575707,-1.49340799930442,3.420503499022632,2.30973855724917],""source"":""LATEST SUCCESSFUL PHASE5 SERVO_J COMMAND \u2014 DRIVER MEMORY"",""error"":null}}","{""left"":{""valid"":true,""fresh"":true,""status"":""FRESH"",""joints_rad"":[2.978703517962115,0.3681983241921529,-0.8199000065837974,1.3824250350222511,-0.17746542740863383,1.277053748492822],""received_at_ms"":1788504010254,""age_ms"":114,""source"":""jaka_port10000_actual_feedback"",""mapping"":""port10000_joint_actual_position_deg_to_rad"",""error"":null},""right"":{""valid"":true,""fresh"":true,""status"":""FRESH"",""joints_rad"":[0.20645831334398804,2.7648401216677656,0.9556834807963027,-1.4940002689108192,3.424674935353612,2.3057989807056347],""received_at_ms"":1788504010359,""age_ms"":9,""source"":""jaka_port10000_actual_feedback"",""mapping"":""port10000_joint_actual_position_deg_to_rad"",""error"":null}}","{""left"":{""values"":[-112.36811382434098,-3.367675738991238,1.72607421875,-3.969970703125,-0.2589111328125,0.7274169921875],""received_at_ms"":1788503987887,""valid"":true,""status"":""STALE"",""error"":""Torque sample age 22481 ms exceeds 1500 ms"",""source"":""/left_jaka_driver/joint_torque_raw"",""age_ms"":22481,""fresh"":false},""right"":{""values"":[111.13329938671086,3.143164023058489,-2.6630859375,4.29052734375,-0.03082275390625,0.09246826171875],""received_at_ms"":1788503987893,""valid"":true,""status"":""STALE"",""error"":""Torque sample age 22475 ms exceeds 1500 ms"",""source"":""/right_jaka_driver/joint_torque_raw"",""age_ms"":22475,""fresh"":false}}"
216,1788504010466,RUNNING,19.896,"{""left"":{""valid"":true,""status"":""VALID"",""sample_index"":829,""time_from_start_s"":19.896,""joints_rad"":[2.9804579375405935,0.36542131007770084,-0.8146921642255288,1.3961421551899649,-0.1743758155450019,1.292551520680808],""source"":""LATEST SUCCESSFUL PHASE5 SERVO_J COMMAND \u2014 DRIVER MEMORY"",""error"":null},""right"":{""valid"":true,""status"":""VALID"",""sample_index"":829,""time_from_start_s"":19.896,""joints_rad"":[0.2030956927991391,2.7627417455189263,0.9603447316258366,-1.4926458452191909,3.414770708682229,2.3152563083236815],""source"":""LATEST SUCCESSFUL PHASE5 SERVO_J COMMAND \u2014 DRIVER MEMORY"",""error"":null}}","{""left"":{""valid"":true,""fresh"":true,""status"":""FRESH"",""joints_rad"":[2.9798538644721044,0.36646067438886737,-0.816544262030988,1.3911855406697111,-0.1755240976816405,1.2871206330853997],""received_at_ms"":1788504010442,""age_ms"":24,""source"":""jaka_port10000_actual_feedback"",""mapping"":""port10000_joint_actual_position_deg_to_rad"",""error"":null},""right"":{""valid"":true,""fresh"":true,""status"":""FRESH"",""joints_rad"":[0.20645831334398804,2.7648401216677656,0.9556834807963027,-1.4940002689108192,3.424674935353612,2.3057989807056347],""received_at_ms"":1788504010359,""age_ms"":107,""source"":""jaka_port10000_actual_feedback"",""mapping"":""port10000_joint_actual_position_deg_to_rad"",""error"":null}}","{""left"":{""values"":[-112.36811382434098,-3.367675738991238,1.72607421875,-3.969970703125,-0.2589111328125,0.7274169921875],""received_at_ms"":1788503987887,""valid"":true,""status"":""STALE"",""error"":""Torque sample age 22579 ms exceeds 1500 ms"",""source"":""/left_jaka_driver/joint_torque_raw"",""age_ms"":22579,""fresh"":false},""right"":{""values"":[111.13329938671086,3.143164023058489,-2.6630859375,4.29052734375,-0.03082275390625,0.09246826171875],""received_at_ms"":1788503987893,""valid"":true,""status"":""STALE"",""error"":""Torque sample age 22573 ms exceeds 1500 ms"",""source"":""/right_jaka_driver/joint_torque_raw"",""age_ms"":22573,""fresh"":false}}"
217,1788504010567,RUNNING,19.992,"{""left"":{""valid"":true,""status"":""VALID"",""sample_index"":833,""time_from_start_s"":19.992,""joints_rad"":[2.980953383974431,0.36464666844781907,-0.813280013639982,1.3998986222923164,-0.1735385854189736,1.2967663830624652],""source"":""LATEST SUCCESSFUL PHASE5 SERVO_J COMMAND \u2014 DRIVER MEMORY"",""error"":null},""right"":{""valid"":true,""status"":""VALID"",""sample_index"":833,""time_from_start_s"":19.992,""joints_rad"":[0.2014974765679301,2.7617743623979703,0.9625228857719438,-1.4920984035954992,3.4101823711445785,2.3196558797729003],""source"":""LATEST SUCCESSFUL PHASE5 SERVO_J COMMAND \u2014 DRIVER MEMORY"",""error"":null}}","{""left"":{""valid"":true,""fresh"":true,""status"":""FRESH"",""joints_rad"":[2.980177448515424,0.365849460084819,-0.8154776913250942,1.3940498005051594,-0.17481689026873243,1.290200441083469],""received_at_ms"":1788504010517,""age_ms"":50,""source"":""jaka_port10000_actual_feedback"",""mapping"":""port10000_joint_actual_position_deg_to_rad"",""error"":null},""right"":{""valid"":true,""fresh"":true,""status"":""FRESH"",""joints_rad"":[0.20500829380143115,2.7639054978533224,0.9577087608603169,-1.493341058052341,3.4205404248885625,2.309885494616254],""received_at_ms"":1788504010470,""age_ms"":97,""source"":""jaka_port10000_actual_feedback"",""mapping"":""port10000_joint_actual_position_deg_to_rad"",""error"":null}}","{""left"":{""values"":[-112.36811382434098,-3.367675738991238,1.72607421875,-3.969970703125,-0.2589111328125,0.7274169921875],""received_at_ms"":1788503987887,""valid"":true,""status"":""STALE"",""error"":""Torque sample age 22680 ms exceeds 1500 ms"",""source"":""/left_jaka_driver/joint_torque_raw"",""age_ms"":22680,""fresh"":false},""right"":{""values"":[111.13329938671086,3.143164023058489,-2.6630859375,4.29052734375,-0.03082275390625,0.09246826171875],""received_at_ms"":1788503987893,""valid"":true,""status"":""STALE"",""error"":""Torque sample age 22674 ms exceeds 1500 ms"",""source"":""/right_jaka_driver/joint_torque_raw"",""age_ms"":22674,""fresh"":false}}"
218,1788504010667,RUNNING,20.088,"{""left"":{""valid"":true,""status"":""VALID"",""sample_index"":837,""time_from_start_s"":20.088,""joints_rad"":[2.9814492216408994,0.36387129912677374,-0.8118732026811222,1.4036486709029148,-0.1727038154795512,1.3009681007003193],""source"":""LATEST SUCCESSFUL PHASE5 SERVO_J COMMAND \u2014 DRIVER MEMORY"",""error"":null},""right"":{""valid"":true,""status"":""VALID"",""sample_index"":837,""time_from_start_s"":20.088,""joints_rad"":[0.1998979305019564,2.760814650488148,0.9646887452920476,-1.4916008376728005,3.4055930659478,2.3240451318988797],""source"":""LATEST SUCCESSFUL PHASE5 SERVO_J COMMAND \u2014 DRIVER MEMORY"",""error"":null}}","{""left"":{""valid"":true,""fresh"":true,""status"":""FRESH"",""joints_rad"":[2.9808125738302254,0.3648787079548597,-0.8136920449673787,1.398831479056848,-0.17373827679099996,1.295569422928454],""received_at_ms"":1788504010625,""age_ms"":42,""source"":""jaka_port10000_actual_feedback"",""mapping"":""port10000_joint_actual_position_deg_to_rad"",""error"":null},""right"":{""valid"":true,""fresh"":true,""status"":""FRESH"",""joints_rad"":[0.20340241635667117,2.762982567744868,0.9599019415983729,-1.4927298437482925,3.4160104228150114,2.3142238595379365],""received_at_ms"":1788504010592,""age_ms"":75,""source"":""jaka_port10000_actual_feedback"",""mapping"":""port10000_joint_actual_position_deg_to_rad"",""error"":null}}","{""left"":{""values"":[-112.36811382434098,-3.367675738991238,1.72607421875,-3.969970703125,-0.2589111328125,0.7274169921875],""received_at_ms"":1788503987887,""valid"":true,""status"":""STALE"",""error"":""Torque sample age 22780 ms exceeds 1500 ms"",""source"":""/left_jaka_driver/joint_torque_raw"",""age_ms"":22780,""fresh"":false},""right"":{""values"":[111.13329938671086,3.143164023058489,-2.6630859375,4.29052734375,-0.03082275390625,0.09246826171875],""received_at_ms"":1788503987893,""valid"":true,""status"":""STALE"",""error"":""Torque sample age 22774 ms exceeds 1500 ms"",""source"":""/right_jaka_driver/joint_torque_raw"",""age_ms"":22774,""fresh"":false}}"
219,1788504010767,RUNNING,20.184,"{""left"":{""valid"":true,""status"":""VALID"",""sample_index"":841,""time_from_start_s"":20.184,""joints_rad"":[2.9819454197021087,0.3630951693218461,-0.810471652566214,1.4073924119770147,-0.17186980751322262,1.3051568880199693],""source"":""LATEST SUCCESSFUL PHASE5 SERVO_J COMMAND \u2014 DRIVER MEMORY"",""error"":null},""right"":{""valid"":true,""status"":""VALID"",""sample_index"":841,""time_from_start_s"":20.184,""joints_rad"":[0.19829727943797568,2.759861309012132,0.9668444054757984,-1.4911458426316277,3.4010034311090074,2.3284265406960976],""source"":""LATEST SUCCESSFUL PHASE5 SERVO_J COMMAND \u2014 DRIVER MEMORY"",""error"":null}}","{""left"":{""valid"":true,""fresh"":true,""status"":""FRESH"",""joints_rad"":[2.981136157873545,0.36435144398783226,-0.8127813321636881,1.4013960658597284,-0.17316319080246778,1.2983977289813107],""received_at_ms"":1788504010740,""age_ms"":27,""source"":""jaka_port10000_actual_feedback"",""mapping"":""port10000_joint_actual_position_deg_to_rad"",""error"":null},""right"":{""valid"":true,""fresh"":true,""status"":""FRESH"",""joints_rad"":[0.20141309007524802,2.761748270897858,0.9625983007597789,-1.4920228108683098,3.4102459493615243,2.319796521306629],""received_at_ms"":1788504010706,""age_ms"":61,""source"":""jaka_port10000_actual_feedback"",""mapping"":""port10000_joint_actual_position_deg_to_rad"",""error"":null}}","{""left"":{""values"":[-112.36811382434098,-3.367675738991238,1.72607421875,-3.969970703125,-0.2589111328125,0.7274169921875],""received_at_ms"":1788503987887,""valid"":true,""status"":""STALE"",""error"":""Torque sample age 22880 ms exceeds 1500 ms"",""source"":""/left_jaka_driver/joint_torque_raw"",""age_ms"":22880,""fresh"":false},""right"":{""values"":[111.13329938671086,3.143164023058489,-2.6630859375,4.29052734375,-0.03082275390625,0.09246826171875],""received_at_ms"":1788503987893,""valid"":true,""status"":""STALE"",""error"":""Torque sample age 22874 ms exceeds 1500 ms"",""source"":""/right_jaka_driver/joint_torque_raw"",""age_ms"":22874,""fresh"":false}}"
220,1788504010875,RUNNING,20.304000000000002,"{""left"":{""valid"":true,""status"":""VALID"",""sample_index"":846,""time_from_start_s"":20.304000000000002,""joints_rad"":[2.982566066913328,0.3621238277169627,-0.8087268821745679,1.4120635839149378,-0.17082322057503552,1.310375352459494],""source"":""LATEST SUCCESSFUL PHASE5 SERVO_J COMMAND \u2014 DRIVER MEMORY"",""error"":null},""right"":{""valid"":true,""status"":""VALID"",""sample_index"":846,""time_from_start_s"":20.304000000000002,""joints_rad"":[0.1962953276503261,2.7586761887338462,0.9695284941472909,-1.490622092978806,3.395266533330718,2.3338959724041732],""source"":""LATEST SUCCESSFUL PHASE5 SERVO_J COMMAND \u2014 DRIVER MEMORY"",""error"":null}}","{""left"":{""valid"":true,""fresh"":true,""status"":""FRESH"",""joints_rad"":[2.981723461166841,0.36338069185787303,-0.8109716002622952,1.4061178796180742,-0.17213239934623997,1.303443126782976],""received_at_ms"":1788504010809,""age_ms"":66,""source"":""jaka_port10000_actual_feedback"",""mapping"":""port10000_joint_actual_position_deg_to_rad"",""error"":null},""right"":{""valid"":true,""fresh"":true,""status"":""FRESH"",""joints_rad"":[0.1983690613268447,2.7599146279857125,0.9668167615618493,-1.4911719628579625,3.401353671355538,2.328029588454137],""received_at_ms"":1788504010849,""age_ms"":26,""source"":""jaka_port10000_actual_feedback"",""mapping"":""port10000_joint_actual_position_deg_to_rad"",""error"":null}}","{""left"":{""values"":[-112.36811382434098,-3.367675738991238,1.72607421875,-3.969970703125,-0.2589111328125,0.7274169921875],""received_at_ms"":1788503987887,""valid"":true,""status"":""STALE"",""error"":""Torque sample age 22988 ms exceeds 1500 ms"",""source"":""/left_jaka_driver/joint_torque_raw"",""age_ms"":22988,""fresh"":false},""right"":{""values"":[111.13329938671086,3.143164023058489,-2.6630859375,4.29052734375,-0.03082275390625,0.09246826171875],""received_at_ms"":1788503987893,""valid"":true,""status"":""STALE"",""error"":""Torque sample age 22982 ms exceeds 1500 ms"",""source"":""/right_jaka_driver/joint_torque_raw"",""age_ms"":22982,""fresh"":false}}"
221,1788504010978,RUNNING,20.400000000000002,"{""left"":{""valid"":true,""status"":""VALID"",""sample_index"":850,""time_from_start_s"":20.400000000000002,""joints_rad"":[2.983062765296016,0.36134566982439953,-0.8073365168475558,1.4157941845985353,-0.16997629114814758,1.3145369376078018],""source"":""LATEST SUCCESSFUL PHASE5 SERVO_J COMMAND \u2014 DRIVER MEMORY"",""error"":null},""right"":{""valid"":true,""status"":""VALID"",""sample_index"":850,""time_from_start_s"":20.400000000000002,""joints_rad"":[0.19469325079115649,2.757731060662879,0.9716710222593422,-1.4902239465226454,3.390677280333933,2.3382685050877807],""source"":""LATEST SUCCESSFUL PHASE5 SERVO_J COMMAND \u2014 DRIVER MEMORY"",""error"":null}}","{""left"":{""valid"":true,""fresh"":true,""status"":""FRESH"",""joints_rad"":[2.9820590879819995,0.36287733890159785,-0.8100608874586045,1.4086105588557725,-0.17162922092288999,1.306271432835833],""received_at_ms"":1788504010892,""age_ms"":86,""source"":""jaka_port10000_actual_feedback"",""mapping"":""port10000_joint_actual_position_deg_to_rad"",""error"":null},""right"":{""valid"":true,""fresh"":true,""status"":""FRESH"",""joints_rad"":[0.1965233756428607,2.7588121034972275,0.9692017539846995,-1.4907045636842784,3.3959127819453716,2.3332428869298436],""received_at_ms"":1788504010964,""age_ms"":14,""source"":""jaka_port10000_actual_feedback"",""mapping"":""port10000_joint_actual_position_deg_to_rad"",""error"":null}}","{""left"":{""values"":[-112.36811382434098,-3.367675738991238,1.72607421875,-3.969970703125,-0.2589111328125,0.7274169921875],""received_at_ms"":1788503987887,""valid"":true,""status"":""STALE"",""error"":""Torque sample age 23091 ms exceeds 1500 ms"",""source"":""/left_jaka_driver/joint_torque_raw"",""age_ms"":23091,""fresh"":false},""right"":{""values"":[111.13329938671086,3.143164023058489,-2.6630859375,4.29052734375,-0.03082275390625,0.09246826171875],""received_at_ms"":1788503987893,""valid"":true,""status"":""STALE"",""error"":""Torque sample age 23085 ms exceeds 1500 ms"",""source"":""/right_jaka_driver/joint_torque_raw"",""age_ms"":23085,""fresh"":false}}"
222,1788504011079,RUNNING,20.496,"{""left"":{""valid"":true,""status"":""VALID"",""sample_index"":854,""time_from_start_s"":20.496,""joints_rad"":[2.9835599775944974,0.3605649983720617,-0.8059495438572801,1.4195309122373643,-0.1691114089959272,1.3186967397133387],""source"":""LATEST SUCCESSFUL PHASE5 SERVO_J COMMAND \u2014 DRIVER MEMORY"",""error"":null},""right"":{""valid"":true,""status"":""VALID"",""sample_index"":854,""time_from_start_s"":20.496,""joints_rad"":[0.19308702985417617,2.7567872605995296,0.9738108177212518,-1.4898296555095067,3.3860734256601885,2.342654722442719],""source"":""LATEST SUCCESSFUL PHASE5 SERVO_J COMMAND \u2014 DRIVER MEMORY"",""error"":null}}","{""left"":{""valid"":true,""fresh"":true,""status"":""FRESH"",""joints_rad"":[2.982514444383845,0.3621582632497761,-0.8087546830464121,1.4120141254300864,-0.17088605972739082,1.3100104516923803],""received_at_ms"":1788504010990,""age_ms"":89,""source"":""jaka_port10000_actual_feedback"",""mapping"":""port10000_joint_actual_position_deg_to_rad"",""error"":null},""right"":{""valid"":true,""fresh"":true,""status"":""FRESH"",""joints_rad"":[0.19516917467623832,2.7580211202802234,0.9709753575705762,-1.4903809796409586,3.3919700831651163,2.336874044438618],""received_at_ms"":1788504011076,""age_ms"":3,""source"":""jaka_port10000_actual_feedback"",""mapping"":""port10000_joint_actual_position_deg_to_rad"",""error"":null}}","{""left"":{""values"":[-112.36811382434098,-3.367675738991238,1.72607421875,-3.969970703125,-0.2589111328125,0.7274169921875],""received_at_ms"":1788503987887,""valid"":true,""status"":""STALE"",""error"":""Torque sample age 23192 ms exceeds 1500 ms"",""source"":""/left_jaka_driver/joint_torque_raw"",""age_ms"":23192,""fresh"":false},""right"":{""values"":[111.13329938671086,3.143164023058489,-2.6630859375,4.29052734375,-0.03082275390625,0.09246826171875],""received_at_ms"":1788503987893,""valid"":true,""status"":""STALE"",""error"":""Torque sample age 23186 ms exceeds 1500 ms"",""source"":""/right_jaka_driver/joint_torque_raw"",""age_ms"":23186,""fresh"":false}}"
223,1788504011180,RUNNING,20.592,"{""left"":{""valid"":true,""status"":""VALID"",""sample_index"":858,""time_from_start_s"":20.592,""joints_rad"":[2.9840608362441063,0.35977290187572236,-0.804558348496042,1.4233443861705957,-0.16821115979086343,1.3229120077266243],""source"":""LATEST SUCCESSFUL PHASE5 SERVO_J COMMAND \u2014 DRIVER MEMORY"",""error"":null},""right"":{""valid"":true,""status"":""VALID"",""sample_index"":858,""time_from_start_s"":20.592,""joints_rad"":[0.1914514512831257,2.7558491734730897,0.9759370467574313,-1.4894349228708261,3.381363116582761,2.347143665903505],""source"":""LATEST SUCCESSFUL PHASE5 SERVO_J COMMAND \u2014 DRIVER MEMORY"",""error"":null}}","{""left"":{""valid"":true,""fresh"":true,""status"":""FRESH"",""joints_rad"":[2.983053751122711,0.3613194580112677,-0.8073044889709299,1.415909002188837,-0.16999925793445247,1.3144685462007495],""received_at_ms"":1788504011102,""age_ms"":78,""source"":""jaka_port10000_actual_feedback"",""mapping"":""port10000_joint_actual_position_deg_to_rad"",""error"":null},""right"":{""valid"":true,""fresh"":true,""status"":""FRESH"",""joints_rad"":[0.19341948210111398,2.75700254612876,0.9732643568845667,-1.4899854880324566,3.3869845501567943,2.341619769207716],""received_at_ms"":1788504011147,""age_ms"":33,""source"":""jaka_port10000_actual_feedback"",""mapping"":""port10000_joint_actual_position_deg_to_rad"",""error"":null}}","{""left"":{""values"":[-112.36811382434098,-3.367675738991238,1.72607421875,-3.969970703125,-0.2589111328125,0.7274169921875],""received_at_ms"":1788503987887,""valid"":true,""status"":""STALE"",""error"":""Torque sample age 23292 ms exceeds 1500 ms"",""source"":""/left_jaka_driver/joint_torque_raw"",""age_ms"":23292,""fresh"":false},""right"":{""values"":[111.13329938671086,3.143164023058489,-2.6630859375,4.29052734375,-0.03082275390625,0.09246826171875],""received_at_ms"":1788503987893,""valid"":true,""status"":""STALE"",""error"":""Torque sample age 23286 ms exceeds 1500 ms"",""source"":""/right_jaka_driver/joint_torque_raw"",""age_ms"":23286,""fresh"":false}}"
224,1788504011280,RUNNING,20.688,"{""left"":{""valid"":true,""status"":""VALID"",""sample_index"":863,""time_from_start_s"":20.712,""joints_rad"":[2.9846968832765817,0.35875261726943075,-0.8028004250135933,1.4283263242812985,-0.16701227024985288,1.3283474608638228],""source"":""LATEST SUCCESSFUL PHASE5 SERVO_J COMMAND \u2014 DRIVER MEMORY"",""error"":null},""right"":{""valid"":true,""status"":""VALID"",""sample_index"":862,""time_from_start_s"":20.688,""joints_rad"":[0.18976085281065197,2.754922019901472,0.9780374716708404,-1.4890397669111257,3.376453276203409,2.3518243771649616],""source"":""LATEST SUCCESSFUL PHASE5 SERVO_J COMMAND \u2014 DRIVER MEMORY"",""error"":null}}","{""left"":{""valid"":true,""fresh"":true,""status"":""FRESH"",""joints_rad"":[2.9836049261004907,0.3604684354679953,-0.8057944301021044,1.4198038789475875,-0.16898068378298858,1.3190704558394828],""received_at_ms"":1788504011218,""age_ms"":62,""source"":""jaka_port10000_actual_feedback"",""mapping"":""port10000_joint_actual_position_deg_to_rad"",""error"":null},""right"":{""valid"":true,""fresh"":true,""status"":""FRESH"",""joints_rad"":[0.1922090962648559,2.7563073814876904,0.9748222377748968,-1.4896859895328145,3.3835452043328145,2.3450832005753734],""received_at_ms"":1788504011218,""age_ms"":62,""source"":""jaka_port10000_actual_feedback"",""mapping"":""port10000_joint_actual_position_deg_to_rad"",""error"":null}}","{""left"":{""values"":[-112.36811382434098,-3.367675738991238,1.72607421875,-3.969970703125,-0.2589111328125,0.7274169921875],""received_at_ms"":1788503987887,""valid"":true,""status"":""STALE"",""error"":""Torque sample age 23393 ms exceeds 1500 ms"",""source"":""/left_jaka_driver/joint_torque_raw"",""age_ms"":23393,""fresh"":false},""right"":{""values"":[111.13329938671086,3.143164023058489,-2.6630859375,4.29052734375,-0.03082275390625,0.09246826171875],""received_at_ms"":1788503987893,""valid"":true,""status"":""STALE"",""error"":""Torque sample age 23387 ms exceeds 1500 ms"",""source"":""/right_jaka_driver/joint_torque_raw"",""age_ms"":23387,""fresh"":false}}"
225,1788504011380,RUNNING,20.808,"{""left"":{""valid"":true,""status"":""VALID"",""sample_index"":867,""time_from_start_s"":20.808,""joints_rad"":[2.9852161932785966,0.35790439011432756,-0.8013706254673537,1.4325386889150005,-0.16598175695076825,1.3328759025662156],""source"":""LATEST SUCCESSFUL PHASE5 SERVO_J COMMAND \u2014 DRIVER MEMORY"",""error"":null},""right"":{""valid"":true,""status"":""VALID"",""sample_index"":867,""time_from_start_s"":20.808,""joints_rad"":[0.1875453581558956,2.753784031427908,0.98061398893473,-1.4885461922195875,3.3699451169809604,2.3580295358816326],""source"":""LATEST SUCCESSFUL PHASE5 SERVO_J COMMAND \u2014 DRIVER MEMORY"",""error"":null}}","{""left"":{""valid"":true,""fresh"":true,""status"":""FRESH"",""joints_rad"":[2.9845636354586116,0.3589344655884174,-0.803038206147355,1.4271501443021568,-0.1671950374252732,1.3272557009654857],""received_at_ms"":1788504011360,""age_ms"":20,""source"":""jaka_port10000_actual_feedback"",""mapping"":""port10000_joint_actual_position_deg_to_rad"",""error"":null},""right"":{""valid"":true,""fresh"":true,""status"":""FRESH"",""joints_rad"":[0.19054335402675254,2.7553486721295704,0.9769915075022007,-1.4892664123806352,3.378739440237448,2.3496132026489245],""received_at_ms"":1788504011333,""age_ms"":47,""source"":""jaka_port10000_actual_feedback"",""mapping"":""port10000_joint_actual_position_deg_to_rad"",""error"":null}}","{""left"":{""values"":[-112.36811382434098,-3.367675738991238,1.72607421875,-3.969970703125,-0.2589111328125,0.7274169921875],""received_at_ms"":1788503987887,""valid"":true,""status"":""STALE"",""error"":""Torque sample age 23493 ms exceeds 1500 ms"",""source"":""/left_jaka_driver/joint_torque_raw"",""age_ms"":23493,""fresh"":false},""right"":{""values"":[111.13329938671086,3.143164023058489,-2.6630859375,4.29052734375,-0.03082275390625,0.09246826171875],""received_at_ms"":1788503987893,""valid"":true,""status"":""STALE"",""error"":""Torque sample age 23487 ms exceeds 1500 ms"",""source"":""/right_jaka_driver/joint_torque_raw"",""age_ms"":23487,""fresh"":false}}"
226,1788504011479,RUNNING,20.904,"{""left"":{""valid"":true,""status"":""VALID"",""sample_index"":871,""time_from_start_s"":20.904,""joints_rad"":[2.9857459164702833,0.3570235407639622,-0.7999144465693993,1.4369764574563952,-0.16488188621905356,1.3375869382939545],""source"":""LATEST SUCCESSFUL PHASE5 SERVO_J COMMAND \u2014 DRIVER MEMORY"",""error"":null},""right"":{""valid"":true,""status"":""VALID"",""sample_index"":871,""time_from_start_s"":20.904,""joints_rad"":[0.18568149292076966,2.752893142287231,0.9826300912603447,-1.4881530422514764,3.364406750556252,2.3633080854799315],""source"":""LATEST SUCCESSFUL PHASE5 SERVO_J COMMAND \u2014 DRIVER MEMORY"",""error"":null}}","{""left"":{""valid"":true,""fresh"":true,""status"":""FRESH"",""joints_rad"":[2.9851149849693166,0.3580836175780702,-0.801623965854464,1.4313686051042271,-0.1661883315127229,1.3318097885827147],""received_at_ms"":1788504011472,""age_ms"":7,""source"":""jaka_port10000_actual_feedback"",""mapping"":""port10000_joint_actual_position_deg_to_rad"",""error"":null},""right"":{""valid"":true,""fresh"":true,""status"":""FRESH"",""joints_rad"":[0.18888948002756273,2.7543899627714494,0.9791005633703105,-1.4888590525332197,3.3737060852076213,2.3543589274180228],""received_at_ms"":1788504011441,""age_ms"":38,""source"":""jaka_port10000_actual_feedback"",""mapping"":""port10000_joint_actual_position_deg_to_rad"",""error"":null}}","{""left"":{""values"":[-112.36811382434098,-3.367675738991238,1.72607421875,-3.969970703125,-0.2589111328125,0.7274169921875],""received_at_ms"":1788503987887,""valid"":true,""status"":""STALE"",""error"":""Torque sample age 23592 ms exceeds 1500 ms"",""source"":""/left_jaka_driver/joint_torque_raw"",""age_ms"":23592,""fresh"":false},""right"":{""values"":[111.13329938671086,3.143164023058489,-2.6630859375,4.29052734375,-0.03082275390625,0.09246826171875],""received_at_ms"":1788503987893,""valid"":true,""status"":""STALE"",""error"":""Torque sample age 23586 ms exceeds 1500 ms"",""source"":""/right_jaka_driver/joint_torque_raw"",""age_ms"":23586,""fresh"":false}}"
227,1788504011580,RUNNING,21.0,"{""left"":{""valid"":true,""status"":""VALID"",""sample_index"":875,""time_from_start_s"":21.0,""joints_rad"":[2.986286156324138,0.3561086086450612,-0.798428529501105,1.4416411596297076,-0.16371155912960328,1.3424853219367434],""source"":""LATEST SUCCESSFUL PHASE5 SERVO_J COMMAND \u2014 DRIVER MEMORY"",""error"":null},""right"":{""valid"":true,""status"":""VALID"",""sample_index"":875,""time_from_start_s"":21.0,""joints_rad"":[0.1837357786121329,2.752020650959844,0.9846042446582087,-1.4877631480063516,3.358571359390322,2.3688648505721073],""source"":""LATEST SUCCESSFUL PHASE5 SERVO_J COMMAND \u2014 DRIVER MEMORY"",""error"":null}}","{""left"":{""valid"":true,""fresh"":true,""status"":""FRESH"",""joints_rad"":[2.9855703413711616,0.35728076612215287,-0.8003057186704327,1.4355750231344588,-0.16526557593719346,1.336064203167376],""received_at_ms"":1788504011542,""age_ms"":38,""source"":""jaka_port10000_actual_feedback"",""mapping"":""port10000_joint_actual_position_deg_to_rad"",""error"":null},""right"":{""valid"":true,""fresh"":true,""status"":""FRESH"",""joints_rad"":[0.18549795622508733,2.7527601743159376,0.9827558064227623,-1.4881160658706456,3.363938873647611,2.363730647369531],""received_at_ms"":1788504011578,""age_ms"":2,""source"":""jaka_port10000_actual_feedback"",""mapping"":""port10000_joint_actual_position_deg_to_rad"",""error"":null}}","{""left"":{""values"":[-112.36811382434098,-3.367675738991238,1.72607421875,-3.969970703125,-0.2589111328125,0.7274169921875],""received_at_ms"":1788503987887,""valid"":true,""status"":""STALE"",""error"":""Torque sample age 23693 ms exceeds 1500 ms"",""source"":""/left_jaka_driver/joint_torque_raw"",""age_ms"":23693,""fresh"":false},""right"":{""values"":[111.13329938671086,3.143164023058489,-2.6630859375,4.29052734375,-0.03082275390625,0.09246826171875],""received_at_ms"":1788503987893,""valid"":true,""status"":""STALE"",""error"":""Torque sample age 23687 ms exceeds 1500 ms"",""source"":""/right_jaka_driver/joint_torque_raw"",""age_ms"":23687,""fresh"":false}}"
228,1788504011693,RUNNING,21.096,"{""left"":{""valid"":true,""status"":""VALID"",""sample_index"":879,""time_from_start_s"":21.096,""joints_rad"":[2.986836258140908,0.3551601974556551,-0.7969111708141651,1.4465174674159587,-0.16247327424679098,1.3475623355635855],""source"":""LATEST SUCCESSFUL PHASE5 SERVO_J COMMAND \u2014 DRIVER MEMORY"",""error"":null},""right"":{""valid"":true,""status"":""VALID"",""sample_index"":880,""time_from_start_s"":21.12,""joints_rad"":[0.18119814856594244,2.7509556120975427,0.9870147591421331,-1.4872833723342838,3.350894142789187,2.3761631974356447],""source"":""LATEST SUCCESSFUL PHASE5 SERVO_J COMMAND \u2014 DRIVER MEMORY"",""error"":null}}","{""left"":{""valid"":true,""fresh"":true,""status"":""FRESH"",""joints_rad"":[2.9859658329796632,0.3566335980355133,-0.7991911514101091,1.4390984938283848,-0.16443863893759855,1.3395515455457858],""received_at_ms"":1788504011612,""age_ms"":81,""source"":""jaka_port10000_actual_feedback"",""mapping"":""port10000_joint_actual_position_deg_to_rad"",""error"":null},""right"":{""valid"":true,""fresh"":true,""status"":""FRESH"",""joints_rad"":[0.18402385113885292,2.752100963457459,0.9842299115089967,-1.487828435609917,3.359744498389218,2.367781382030485],""received_at_ms"":1788504011685,""age_ms"":8,""source"":""jaka_port10000_actual_feedback"",""mapping"":""port10000_joint_actual_position_deg_to_rad"",""error"":null}}","{""left"":{""values"":[-112.36811382434098,-3.367675738991238,1.72607421875,-3.969970703125,-0.2589111328125,0.7274169921875],""received_at_ms"":1788503987887,""valid"":true,""status"":""STALE"",""error"":""Torque sample age 23806 ms exceeds 1500 ms"",""source"":""/left_jaka_driver/joint_torque_raw"",""age_ms"":23806,""fresh"":false},""right"":{""values"":[111.13329938671086,3.143164023058489,-2.6630859375,4.29052734375,-0.03082275390625,0.09246826171875],""received_at_ms"":1788503987893,""valid"":true,""status"":""STALE"",""error"":""Torque sample age 23800 ms exceeds 1500 ms"",""source"":""/right_jaka_driver/joint_torque_raw"",""age_ms"":23800,""fresh"":false}}"
229,1788504011780,RUNNING,21.192,"{""left"":{""valid"":true,""status"":""VALID"",""sample_index"":883,""time_from_start_s"":21.192,""joints_rad"":[2.9873949080311686,0.3541807932413595,-0.7953623379675021,1.4515754540156298,-0.16117266599512126,1.352797334158358],""source"":""LATEST SUCCESSFUL PHASE5 SERVO_J COMMAND \u2014 DRIVER MEMORY"",""error"":null},""right"":{""valid"":true,""status"":""VALID"",""sample_index"":883,""time_from_start_s"":21.192,""joints_rad"":[0.1796279087834507,2.750329403621758,0.988433130528361,-1.4870012313990104,3.346114657775246,2.380697253908199],""source"":""LATEST SUCCESSFUL PHASE5 SERVO_J COMMAND \u2014 DRIVER MEMORY"",""error"":null}}","{""left"":{""valid"":true,""fresh"":true,""status"":""FRESH"",""joints_rad"":[2.9865171824903687,0.3556508031337153,-0.7976810925412836,1.4438442185974827,-0.16327607512284512,1.3445730323366987],""received_at_ms"":1788504011723,""age_ms"":57,""source"":""jaka_port10000_actual_feedback"",""mapping"":""port10000_joint_actual_position_deg_to_rad"",""error"":null},""right"":{""valid"":true,""fresh"":true,""status"":""FRESH"",""joints_rad"":[0.18202248208559102,2.7512619836860255,0.9861473302252377,-1.4874209012295763,3.3536204871098203,2.373509727168455],""received_at_ms"":1788504011757,""age_ms"":23,""source"":""jaka_port10000_actual_feedback"",""mapping"":""port10000_joint_actual_position_deg_to_rad"",""error"":null}}","{""left"":{""values"":[-112.36811382434098,-3.367675738991238,1.72607421875,-3.969970703125,-0.2589111328125,0.7274169921875],""received_at_ms"":1788503987887,""valid"":true,""status"":""STALE"",""error"":""Torque sample age 23893 ms exceeds 1500 ms"",""source"":""/left_jaka_driver/joint_torque_raw"",""age_ms"":23893,""fresh"":false},""right"":{""values"":[111.13329938671086,3.143164023058489,-2.6630859375,4.29052734375,-0.03082275390625,0.09246826171875],""received_at_ms"":1788503987893,""valid"":true,""status"":""STALE"",""error"":""Torque sample age 23887 ms exceeds 1500 ms"",""source"":""/right_jaka_driver/joint_torque_raw"",""age_ms"":23887,""fresh"":false}}"
230,1788504011881,RUNNING,21.312,"{""left"":{""valid"":true,""status"":""VALID"",""sample_index"":888,""time_from_start_s"":21.312,""joints_rad"":[2.9881023407217833,0.3529194790388693,-0.7933847178219643,1.4580880404365866,-0.15947213842571134,1.35951511697628],""source"":""LATEST SUCCESSFUL PHASE5 SERVO_J COMMAND \u2014 DRIVER MEMORY"",""error"":null},""right"":{""valid"":true,""status"":""VALID"",""sample_index"":888,""time_from_start_s"":21.312,""joints_rad"":[0.17695305041714982,2.749304488439911,0.9907578179737148,-1.486543816678829,3.337938593431417,2.3884313304912097],""source"":""LATEST SUCCESSFUL PHASE5 SERVO_J COMMAND \u2014 DRIVER MEMORY"",""error"":null}}","{""left"":{""valid"":true,""fresh"":true,""status"":""FRESH"",""joints_rad"":[2.9873919415114685,0.3541168332541375,-0.7952723636406063,1.4516460148868227,-0.16111902270030531,1.3527102809082718],""received_at_ms"":1788504011863,""age_ms"":18,""source"":""jaka_port10000_actual_feedback"",""mapping"":""port10000_joint_actual_position_deg_to_rad"",""error"":null},""right"":{""valid"":true,""fresh"":true,""status"":""FRESH"",""joints_rad"":[0.1802848322823055,2.7505549508060425,0.9877891614525888,-1.4871212281970088,3.3483834521562863,2.378435395383434],""received_at_ms"":1788504011825,""age_ms"":56,""source"":""jaka_port10000_actual_feedback"",""mapping"":""port10000_joint_actual_position_deg_to_rad"",""error"":null}}","{""left"":{""values"":[-112.36811382434098,-3.367675738991238,1.72607421875,-3.969970703125,-0.2589111328125,0.7274169921875],""received_at_ms"":1788503987887,""valid"":true,""status"":""STALE"",""error"":""Torque sample age 23994 ms exceeds 1500 ms"",""source"":""/left_jaka_driver/joint_torque_raw"",""age_ms"":23994,""fresh"":false},""right"":{""values"":[111.13329938671086,3.143164023058489,-2.6630859375,4.29052734375,-0.03082275390625,0.09246826171875],""received_at_ms"":1788503987893,""valid"":true,""status"":""STALE"",""error"":""Torque sample age 23988 ms exceeds 1500 ms"",""source"":""/right_jaka_driver/joint_torque_raw"",""age_ms"":23988,""fresh"":false}}"
231,1788504011980,RUNNING,21.408,"{""left"":{""valid"":true,""status"":""VALID"",""sample_index"":892,""time_from_start_s"":21.408,""joints_rad"":[2.988672678380421,0.3518879433158403,-0.7917737095400843,1.4633851245805296,-0.15806500792103495,1.3649788214723517],""source"":""LATEST SUCCESSFUL PHASE5 SERVO_J COMMAND \u2014 DRIVER MEMORY"",""error"":null},""right"":{""valid"":true,""status"":""VALID"",""sample_index"":892,""time_from_start_s"":21.408,""joints_rad"":[0.17478314009249063,2.7484985427009456,0.9925900922193974,-1.4861922649190917,3.33128812087081,2.394696675487338],""source"":""LATEST SUCCESSFUL PHASE5 SERVO_J COMMAND \u2014 DRIVER MEMORY"",""error"":null}}","{""left"":{""valid"":true,""fresh"":true,""status"":""FRESH"",""joints_rad"":[2.9881230599351287,0.3528825364071271,-0.7933069483699353,1.4580695246658624,-0.15940528390777212,1.3594334637198793],""received_at_ms"":1788504011976,""age_ms"":4,""source"":""jaka_port10000_actual_feedback"",""mapping"":""port10000_joint_actual_position_deg_to_rad"",""error"":null},""right"":{""valid"":true,""fresh"":true,""status"":""FRESH"",""joints_rad"":[0.17835537079422575,2.7497760103608773,0.9895269857887995,-1.486773733142937,3.342247572637975,2.384283644641016],""received_at_ms"":1788504011935,""age_ms"":45,""source"":""jaka_port10000_actual_feedback"",""mapping"":""port10000_joint_actual_position_deg_to_rad"",""error"":null}}","{""left"":{""values"":[-112.36811382434098,-3.367675738991238,1.72607421875,-3.969970703125,-0.2589111328125,0.7274169921875],""received_at_ms"":1788503987887,""valid"":true,""status"":""STALE"",""error"":""Torque sample age 24093 ms exceeds 1500 ms"",""source"":""/left_jaka_driver/joint_torque_raw"",""age_ms"":24093,""fresh"":false},""right"":{""values"":[111.13329938671086,3.143164023058489,-2.6630859375,4.29052734375,-0.03082275390625,0.09246826171875],""received_at_ms"":1788503987893,""valid"":true,""status"":""STALE"",""error"":""Torque sample age 24087 ms exceeds 1500 ms"",""source"":""/right_jaka_driver/joint_torque_raw"",""age_ms"":24087,""fresh"":false}}"
232,1788504012083,RUNNING,21.504,"{""left"":{""valid"":true,""status"":""VALID"",""sample_index"":896,""time_from_start_s"":21.504,""joints_rad"":[2.989243937724828,0.35084429546047774,-0.7901428488211406,1.4686931042929403,-0.15662994373771483,1.3704697127798973],""source"":""LATEST SUCCESSFUL PHASE5 SERVO_J COMMAND \u2014 DRIVER MEMORY"",""error"":null},""right"":{""valid"":true,""status"":""VALID"",""sample_index"":896,""time_from_start_s"":21.504,""joints_rad"":[0.17261037381980143,2.747701706654857,0.9944067603975945,-1.4858562532694493,3.324626503498152,2.400943684312339],""source"":""LATEST SUCCESSFUL PHASE5 SERVO_J COMMAND \u2014 DRIVER MEMORY"",""error"":null}}","{""left"":{""valid"":true,""fresh"":true,""status"":""FRESH"",""joints_rad"":[2.9881230599351287,0.3528825364071271,-0.7933069483699353,1.4580695246658624,-0.15940528390777212,1.3594334637198793],""received_at_ms"":1788504011976,""age_ms"":107,""source"":""jaka_port10000_actual_feedback"",""mapping"":""port10000_joint_actual_position_deg_to_rad"",""error"":null},""right"":{""valid"":true,""fresh"":true,""status"":""FRESH"",""joints_rad"":[0.17635400174096386,2.7490330236983036,0.991264635592085,-1.4864381063277783,3.336099650347825,2.389988078768235],""received_at_ms"":1788504012059,""age_ms"":24,""source"":""jaka_port10000_actual_feedback"",""mapping"":""port10000_joint_actual_position_deg_to_rad"",""error"":null}}","{""left"":{""values"":[-112.36811382434098,-3.367675738991238,1.72607421875,-3.969970703125,-0.2589111328125,0.7274169921875],""received_at_ms"":1788503987887,""valid"":true,""status"":""STALE"",""error"":""Torque sample age 24196 ms exceeds 1500 ms"",""source"":""/left_jaka_driver/joint_torque_raw"",""age_ms"":24196,""fresh"":false},""right"":{""values"":[111.13329938671086,3.143164023058489,-2.6630859375,4.29052734375,-0.03082275390625,0.09246826171875],""received_at_ms"":1788503987893,""valid"":true,""status"":""STALE"",""error"":""Torque sample age 24190 ms exceeds 1500 ms"",""source"":""/right_jaka_driver/joint_torque_raw"",""age_ms"":24190,""fresh"":false}}"
233,1788504012180,RUNNING,21.6,"{""left"":{""valid"":true,""status"":""VALID"",""sample_index"":900,""time_from_start_s"":21.6,""joints_rad"":[2.989813107570466,0.34979699190913777,-0.788499377813421,1.4739452095092367,-0.1551807576533924,1.375933689227253],""source"":""LATEST SUCCESSFUL PHASE5 SERVO_J COMMAND \u2014 DRIVER MEMORY"",""error"":null},""right"":{""valid"":true,""status"":""VALID"",""sample_index"":900,""time_from_start_s"":21.6,""joints_rad"":[0.17045844474526867,2.7469105370865727,0.9962168216251367,-1.4855382687562835,3.318039548562095,2.4070855864751435],""source"":""LATEST SUCCESSFUL PHASE5 SERVO_J COMMAND \u2014 DRIVER MEMORY"",""error"":null}}","{""left"":{""valid"":true,""fresh"":true,""status"":""FRESH"",""joints_rad"":[2.9891536768584315,0.3509649431579609,-0.7903468699585531,1.4678606472366256,-0.1568525653438052,1.3694881310076934],""received_at_ms"":1788504012160,""age_ms"":20,""source"":""jaka_port10000_actual_feedback"",""mapping"":""port10000_joint_actual_position_deg_to_rad"",""error"":null},""right"":{""valid"":true,""fresh"":true,""status"":""FRESH"",""joints_rad"":[0.17360964602512796,2.748026317785753,0.9935536349060756,-1.4860068354696105,3.3278185866458876,2.3978856936335093],""received_at_ms"":1788504012132,""age_ms"":48,""source"":""jaka_port10000_actual_feedback"",""mapping"":""port10000_joint_actual_position_deg_to_rad"",""error"":null}}","{""left"":{""values"":[-112.36811382434098,-3.367675738991238,1.72607421875,-3.969970703125,-0.2589111328125,0.7274169921875],""received_at_ms"":1788503987887,""valid"":true,""status"":""STALE"",""error"":""Torque sample age 24293 ms exceeds 1500 ms"",""source"":""/left_jaka_driver/joint_torque_raw"",""age_ms"":24293,""fresh"":false},""right"":{""values"":[111.13329938671086,3.143164023058489,-2.6630859375,4.29052734375,-0.03082275390625,0.09246826171875],""received_at_ms"":1788503987893,""valid"":true,""status"":""STALE"",""error"":""Torque sample age 24287 ms exceeds 1500 ms"",""source"":""/right_jaka_driver/joint_torque_raw"",""age_ms"":24287,""fresh"":false}}"
234,1788504012280,RUNNING,21.696,"{""left"":{""valid"":true,""status"":""VALID"",""sample_index"":904,""time_from_start_s"":21.696,""joints_rad"":[2.9903770371958593,0.34875541634623397,-0.786852291141216,1.4790719309382883,-0.15373197375176034,1.3813128319193924],""source"":""LATEST SUCCESSFUL PHASE5 SERVO_J COMMAND \u2014 DRIVER MEMORY"",""error"":null},""right"":{""valid"":true,""status"":""VALID"",""sample_index"":904,""time_from_start_s"":21.696,""joints_rad"":[0.16835174049187862,2.7461213763574284,0.9980297283535048,-1.4852406645326603,3.311615588898038,2.413033444019456],""source"":""LATEST SUCCESSFUL PHASE5 SERVO_J COMMAND \u2014 DRIVER MEMORY"",""error"":null}}","{""left"":{""valid"":true,""fresh"":true,""status"":""FRESH"",""joints_rad"":[2.989597165021363,0.3501860027127959,-0.7890884875678652,1.471755523995376,-0.15569017606197696,1.3736467270164203],""received_at_ms"":1788504012229,""age_ms"":51,""source"":""jaka_port10000_actual_feedback"",""mapping"":""port10000_joint_actual_position_deg_to_rad"",""error"":null},""right"":{""valid"":true,""fresh"":true,""status"":""FRESH"",""joints_rad"":[0.17145241906966294,2.747235334568749,0.995375235046382,-1.485707162437043,3.32137099132317,2.4041055234888415],""received_at_ms"":1788504012225,""age_ms"":55,""source"":""jaka_port10000_actual_feedback"",""mapping"":""port10000_joint_actual_position_deg_to_rad"",""error"":null}}","{""left"":{""values"":[-112.36811382434098,-3.367675738991238,1.72607421875,-3.969970703125,-0.2589111328125,0.7274169921875],""received_at_ms"":1788503987887,""valid"":true,""status"":""STALE"",""error"":""Torque sample age 24393 ms exceeds 1500 ms"",""source"":""/left_jaka_driver/joint_torque_raw"",""age_ms"":24393,""fresh"":false},""right"":{""values"":[111.13329938671086,3.143164023058489,-2.6630859375,4.29052734375,-0.03082275390625,0.09246826171875],""received_at_ms"":1788503987893,""valid"":true,""status"":""STALE"",""error"":""Torque sample age 24387 ms exceeds 1500 ms"",""source"":""/right_jaka_driver/joint_torque_raw"",""age_ms"":24387,""fresh"":false}}"
235,1788504012385,RUNNING,21.816,"{""left"":{""valid"":true,""status"":""VALID"",""sample_index"":909,""time_from_start_s"":21.816,""joints_rad"":[2.9910697226064302,0.34747698903049046,-0.7848049140764053,1.4851975241565805,-0.15194405437544026,1.3878256736514591],""source"":""LATEST SUCCESSFUL PHASE5 SERVO_J COMMAND \u2014 DRIVER MEMORY"",""error"":null},""right"":{""valid"":true,""status"":""VALID"",""sample_index"":909,""time_from_start_s"":21.816,""joints_rad"":[0.1658187771674785,2.74513205705807,1.0003144200647442,-1.4849005599582705,3.303948229051566,2.420061682059136],""source"":""LATEST SUCCESSFUL PHASE5 SERVO_J COMMAND \u2014 DRIVER MEMORY"",""error"":null}}","{""left"":{""valid"":true,""fresh"":true,""status"":""FRESH"",""joints_rad"":[2.9901603827709815,0.34920338234392306,-0.7874586991123528,1.4768967403729758,-0.15422811374758133,1.3790755736547486],""received_at_ms"":1788504012336,""age_ms"":49,""source"":""jaka_port10000_actual_feedback"",""mapping"":""port10000_joint_actual_position_deg_to_rad"",""error"":null},""right"":{""valid"":true,""fresh"":true,""status"":""FRESH"",""joints_rad"":[0.169846541624903,2.7466361630365395,0.9967414787848432,-1.4854675287307442,3.3164575404129555,2.4087554296820044],""received_at_ms"":1788504012317,""age_ms"":68,""source"":""jaka_port10000_actual_feedback"",""mapping"":""port10000_joint_actual_position_deg_to_rad"",""error"":null}}","{""left"":{""values"":[-112.36811382434098,-3.367675738991238,1.72607421875,-3.969970703125,-0.2589111328125,0.7274169921875],""received_at_ms"":1788503987887,""valid"":true,""status"":""STALE"",""error"":""Torque sample age 24498 ms exceeds 1500 ms"",""source"":""/left_jaka_driver/joint_torque_raw"",""age_ms"":24498,""fresh"":false},""right"":{""values"":[111.13329938671086,3.143164023058489,-2.6630859375,4.29052734375,-0.03082275390625,0.09246826171875],""received_at_ms"":1788503987893,""valid"":true,""status"":""STALE"",""error"":""Torque sample age 24492 ms exceeds 1500 ms"",""source"":""/right_jaka_driver/joint_torque_raw"",""age_ms"":24492,""fresh"":false}}"
236,1788504012488,RUNNING,21.912,"{""left"":{""valid"":true,""status"":""VALID"",""sample_index"":913,""time_from_start_s"":21.912,""joints_rad"":[2.9916102920634944,0.3464861766136081,-0.7831917616574026,1.4897891575770061,-0.15054983027542004,1.3927929040476859],""source"":""LATEST SUCCESSFUL PHASE5 SERVO_J COMMAND \u2014 DRIVER MEMORY"",""error"":null},""right"":{""valid"":true,""status"":""VALID"",""sample_index"":913,""time_from_start_s"":21.912,""joints_rad"":[0.16390076298785228,2.744333836101162,1.0021683290475027,-1.4846562126228817,3.2982059375551036,2.4252576975946374],""source"":""LATEST SUCCESSFUL PHASE5 SERVO_J COMMAND \u2014 DRIVER MEMORY"",""error"":null}}","{""left"":{""valid"":true,""fresh"":true,""status"":""FRESH"",""joints_rad"":[2.9906277819446654,0.3483404915617371,-0.7861044981457304,1.4810911156313684,-0.1530655499328279,1.383641529510891],""received_at_ms"":1788504012405,""age_ms"":83,""source"":""jaka_port10000_actual_feedback"",""mapping"":""port10000_joint_actual_position_deg_to_rad"",""error"":null},""right"":{""valid"":true,""fresh"":true,""status"":""FRESH"",""joints_rad"":[0.1677134002131155,2.745869090830288,0.9985030395988811,-1.4851917667089292,3.309973991307647,2.4143999990158798],""received_at_ms"":1788504012430,""age_ms"":58,""source"":""jaka_port10000_actual_feedback"",""mapping"":""port10000_joint_actual_position_deg_to_rad"",""error"":null}}","{""left"":{""values"":[-112.36811382434098,-3.367675738991238,1.72607421875,-3.969970703125,-0.2589111328125,0.7274169921875],""received_at_ms"":1788503987887,""valid"":true,""status"":""STALE"",""error"":""Torque sample age 24601 ms exceeds 1500 ms"",""source"":""/left_jaka_driver/joint_torque_raw"",""age_ms"":24601,""fresh"":false},""right"":{""values"":[111.13329938671086,3.143164023058489,-2.6630859375,4.29052734375,-0.03082275390625,0.09246826171875],""received_at_ms"":1788503987893,""valid"":true,""status"":""STALE"",""error"":""Torque sample age 24595 ms exceeds 1500 ms"",""source"":""/right_jaka_driver/joint_torque_raw"",""age_ms"":24595,""fresh"":false}}"
237,1788504012588,RUNNING,22.008,"{""left"":{""valid"":true,""status"":""VALID"",""sample_index"":917,""time_from_start_s"":22.008,""joints_rad"":[2.992135614063606,0.34553579424770037,-0.7816165169183643,1.4940378859122354,-0.14920255177030448,1.3974793711586138],""source"":""LATEST SUCCESSFUL PHASE5 SERVO_J COMMAND \u2014 DRIVER MEMORY"",""error"":null},""right"":{""valid"":true,""status"":""VALID"",""sample_index"":917,""time_from_start_s"":22.008,""joints_rad"":[0.1621016648466505,2.7435258625018957,1.004054830343022,-1.4844380637713435,3.2928936189366165,2.4299932770135007],""source"":""LATEST SUCCESSFUL PHASE5 SERVO_J COMMAND \u2014 DRIVER MEMORY"",""error"":null}}","{""left"":{""valid"":true,""fresh"":true,""status"":""FRESH"",""joints_rad"":[2.9916583988679686,0.34639898730181856,-0.7829644762884674,1.4902350701154918,-0.15035714799958308,1.393348701744633],""received_at_ms"":1788504012583,""age_ms"":5,""source"":""jaka_port10000_actual_feedback"",""mapping"":""port10000_joint_actual_position_deg_to_rad"",""error"":null},""right"":{""valid"":true,""fresh"":true,""status"":""FRESH"",""joints_rad"":[0.16389043101954714,2.7443351209507103,1.0019905565102163,-1.484736410307084,3.2987567602050794,2.424562527651467],""received_at_ms"":1788504012572,""age_ms"":16,""source"":""jaka_port10000_actual_feedback"",""mapping"":""port10000_joint_actual_position_deg_to_rad"",""error"":null}}","{""left"":{""values"":[-112.36811382434098,-3.367675738991238,1.72607421875,-3.969970703125,-0.2589111328125,0.7274169921875],""received_at_ms"":1788503987887,""valid"":true,""status"":""STALE"",""error"":""Torque sample age 24701 ms exceeds 1500 ms"",""source"":""/left_jaka_driver/joint_torque_raw"",""age_ms"":24701,""fresh"":false},""right"":{""values"":[111.13329938671086,3.143164023058489,-2.6630859375,4.29052734375,-0.03082275390625,0.09246826171875],""received_at_ms"":1788503987893,""valid"":true,""status"":""STALE"",""error"":""Torque sample age 24695 ms exceeds 1500 ms"",""source"":""/right_jaka_driver/joint_torque_raw"",""age_ms"":24695,""fresh"":false}}"
238,1788504012698,RUNNING,22.104,"{""left"":{""valid"":true,""status"":""VALID"",""sample_index"":921,""time_from_start_s"":22.104,""joints_rad"":[2.9926430491164377,0.3446371368349299,-0.7800957958402356,1.497887759710533,-0.14791462019208537,1.4018281663461736],""source"":""LATEST SUCCESSFUL PHASE5 SERVO_J COMMAND \u2014 DRIVER MEMORY"",""error"":null},""right"":{""valid"":true,""status"":""VALID"",""sample_index"":921,""time_from_start_s"":22.104,""joints_rad"":[0.1604392543968069,2.742705050435579,1.0059815143078403,-1.4842470622192174,3.288075681520528,2.434205002247493],""source"":""LATEST SUCCESSFUL PHASE5 SERVO_J COMMAND \u2014 DRIVER MEMORY"",""error"":null}}","{""left"":{""valid"":true,""fresh"":true,""status"":""FRESH"",""joints_rad"":[2.9916583988679686,0.34639898730181856,-0.7829644762884674,1.4902350701154918,-0.15035714799958308,1.393348701744633],""received_at_ms"":1788504012583,""age_ms"":115,""source"":""jaka_port10000_actual_feedback"",""mapping"":""port10000_joint_actual_position_deg_to_rad"",""error"":null},""right"":{""valid"":true,""fresh"":true,""status"":""FRESH"",""joints_rad"":[0.16209274188999295,2.7435322694947932,1.0038599786720273,-1.4844847338289462,3.293375910121181,2.4294401993120154],""received_at_ms"":1788504012683,""age_ms"":15,""source"":""jaka_port10000_actual_feedback"",""mapping"":""port10000_joint_actual_position_deg_to_rad"",""error"":null}}","{""left"":{""values"":[-112.36811382434098,-3.367675738991238,1.72607421875,-3.969970703125,-0.2589111328125,0.7274169921875],""received_at_ms"":1788503987887,""valid"":true,""status"":""STALE"",""error"":""Torque sample age 24811 ms exceeds 1500 ms"",""source"":""/left_jaka_driver/joint_torque_raw"",""age_ms"":24811,""fresh"":false},""right"":{""values"":[111.13329938671086,3.143164023058489,-2.6630859375,4.29052734375,-0.03082275390625,0.09246826171875],""received_at_ms"":1788503987893,""valid"":true,""status"":""STALE"",""error"":""Torque sample age 24805 ms exceeds 1500 ms"",""source"":""/right_jaka_driver/joint_torque_raw"",""age_ms"":24805,""fresh"":false}}"
239,1788504012788,RUNNING,22.2,"{""left"":{""valid"":true,""status"":""VALID"",""sample_index"":925,""time_from_start_s"":22.2,""joints_rad"":[2.9931303378479623,0.3438014714259899,-0.7786480484487383,1.5012919498475998,-0.14669672562472647,1.4057866736106983],""source"":""LATEST SUCCESSFUL PHASE5 SERVO_J COMMAND \u2014 DRIVER MEMORY"",""error"":null},""right"":{""valid"":true,""status"":""VALID"",""sample_index"":925,""time_from_start_s"":22.2,""joints_rad"":[0.1589274954167834,2.741868797590044,1.0079546416838732,-1.4840836297906728,3.2838027494511173,2.4378436320526986],""source"":""LATEST SUCCESSFUL PHASE5 SERVO_J COMMAND \u2014 DRIVER MEMORY"",""error"":null}}","{""left"":{""valid"":true,""fresh"":true,""status"":""FRESH"",""joints_rad"":[2.99200589392204,0.3457518192151791,-0.7819459021370035,1.493171237516122,-0.1493743530977851,1.396488549068971],""received_at_ms"":1788504012701,""age_ms"":87,""source"":""jaka_port10000_actual_feedback"",""mapping"":""port10000_joint_actual_position_deg_to_rad"",""error"":null},""right"":{""valid"":true,""fresh"":true,""status"":""FRESH"",""joints_rad"":[0.1606666333581884,2.742861190397401,1.0054059913234439,-1.4843290504596682,3.289217314112454,2.4332272147229923],""received_at_ms"":1788504012753,""age_ms"":35,""source"":""jaka_port10000_actual_feedback"",""mapping"":""port10000_joint_actual_position_deg_to_rad"",""error"":null}}","{""left"":{""values"":[-112.36811382434098,-3.367675738991238,1.72607421875,-3.969970703125,-0.2589111328125,0.7274169921875],""received_at_ms"":1788503987887,""valid"":true,""status"":""STALE"",""error"":""Torque sample age 24901 ms exceeds 1500 ms"",""source"":""/left_jaka_driver/joint_torque_raw"",""age_ms"":24901,""fresh"":false},""right"":{""values"":[111.13329938671086,3.143164023058489,-2.6630859375,4.29052734375,-0.03082275390625,0.09246826171875],""received_at_ms"":1788503987893,""valid"":true,""status"":""STALE"",""error"":""Torque sample age 24895 ms exceeds 1500 ms"",""source"":""/right_jaka_driver/joint_torque_raw"",""age_ms"":24895,""fresh"":false}}"
240,1788504012891,RUNNING,22.32,"{""left"":{""valid"":true,""status"":""VALID"",""sample_index"":930,""time_from_start_s"":22.32,""joints_rad"":[2.993708459486643,0.3428622825410768,-0.7769720860044255,1.5048677055646444,-0.14528557814290882,1.4101153818111507],""source"":""LATEST SUCCESSFUL PHASE5 SERVO_J COMMAND \u2014 DRIVER MEMORY"",""error"":null},""right"":{""valid"":true,""status"":""VALID"",""sample_index"":930,""time_from_start_s"":22.32,""joints_rad"":[0.15726330209171333,2.7407988120592592,1.0104931704211164,-1.483917770677634,3.2792775290889384,2.441539226399373],""source"":""LATEST SUCCESSFUL PHASE5 SERVO_J COMMAND \u2014 DRIVER MEMORY"",""error"":null}}","{""left"":{""valid"":true,""fresh"":true,""status"":""FRESH"",""joints_rad"":[2.9932162797582986,0.34364258881414395,-0.778398520432325,1.502099469304699,-0.14642631745824147,1.4063875329875073],""received_at_ms"":1788504012891,""age_ms"":0,""source"":""jaka_port10000_actual_feedback"",""mapping"":""port10000_joint_actual_position_deg_to_rad"",""error"":null},""right"":{""valid"":true,""fresh"":true,""status"":""FRESH"",""joints_rad"":[0.15952815508711252,2.7422499760933525,1.0068680536378396,-1.4842091463400564,3.285777793755549,2.436211204145127],""received_at_ms"":1788504012823,""age_ms"":68,""source"":""jaka_port10000_actual_feedback"",""mapping"":""port10000_joint_actual_position_deg_to_rad"",""error"":null}}","{""left"":{""values"":[-112.36811382434098,-3.367675738991238,1.72607421875,-3.969970703125,-0.2589111328125,0.7274169921875],""received_at_ms"":1788503987887,""valid"":true,""status"":""STALE"",""error"":""Torque sample age 25004 ms exceeds 1500 ms"",""source"":""/left_jaka_driver/joint_torque_raw"",""age_ms"":25004,""fresh"":false},""right"":{""values"":[111.13329938671086,3.143164023058489,-2.6630859375,4.29052734375,-0.03082275390625,0.09246826171875],""received_at_ms"":1788503987893,""valid"":true,""status"":""STALE"",""error"":""Torque sample age 24998 ms exceeds 1500 ms"",""source"":""/right_jaka_driver/joint_torque_raw"",""age_ms"":24998,""fresh"":false}}"
241,1788504012990,RUNNING,22.392,"{""left"":{""valid"":true,""status"":""VALID"",""sample_index"":934,""time_from_start_s"":22.416,""joints_rad"":[2.994144799952946,0.34220816325367037,-0.7757655927183853,1.507160486120165,-0.14425235042626433,1.4130361001629312],""source"":""LATEST SUCCESSFUL PHASE5 SERVO_J COMMAND \u2014 DRIVER MEMORY"",""error"":null},""right"":{""valid"":true,""status"":""VALID"",""sample_index"":933,""time_from_start_s"":22.392,""joints_rad"":[0.15638760206337587,2.7401427755165066,1.0120565839078162,-1.483838075366239,3.277006837295126,2.443294203710733],""source"":""LATEST SUCCESSFUL PHASE5 SERVO_J COMMAND \u2014 DRIVER MEMORY"",""error"":null}}","{""left"":{""valid"":true,""fresh"":true,""status"":""FRESH"",""joints_rad"":[2.993551906573457,0.343055460053773,-0.7773799462808612,1.504172745923143,-0.14557546944789423,1.4089762053340653],""received_at_ms"":1788504012959,""age_ms"":31,""source"":""jaka_port10000_actual_feedback"",""mapping"":""port10000_joint_actual_position_deg_to_rad"",""error"":null},""right"":{""valid"":true,""fresh"":true,""status"":""FRESH"",""joints_rad"":[0.15806609277271688,2.7413272205178236,1.0090373233651433,-1.484017334655262,3.2813556530297707,2.439794539632397],""received_at_ms"":1788504012944,""age_ms"":46,""source"":""jaka_port10000_actual_feedback"",""mapping"":""port10000_joint_actual_position_deg_to_rad"",""error"":null}}","{""left"":{""values"":[-112.36811382434098,-3.367675738991238,1.72607421875,-3.969970703125,-0.2589111328125,0.7274169921875],""received_at_ms"":1788503987887,""valid"":true,""status"":""STALE"",""error"":""Torque sample age 25103 ms exceeds 1500 ms"",""source"":""/left_jaka_driver/joint_torque_raw"",""age_ms"":25103,""fresh"":false},""right"":{""values"":[111.13329938671086,3.143164023058489,-2.6630859375,4.29052734375,-0.03082275390625,0.09246826171875],""received_at_ms"":1788503987893,""valid"":true,""status"":""STALE"",""error"":""Torque sample age 25097 ms exceeds 1500 ms"",""source"":""/right_jaka_driver/joint_torque_raw"",""age_ms"":25097,""fresh"":false}}"
242,1788504013091,RUNNING,22.512,"{""left"":{""valid"":true,""status"":""VALID"",""sample_index"":938,""time_from_start_s"":22.512,""joints_rad"":[2.9945574725956217,0.34165126281692937,-0.7747048898524238,1.5089456773034597,-0.14330650496321412,1.4154438442043187],""source"":""LATEST SUCCESSFUL PHASE5 SERVO_J COMMAND \u2014 DRIVER MEMORY"",""error"":null},""right"":{""valid"":true,""status"":""VALID"",""sample_index"":938,""time_from_start_s"":22.512,""joints_rad"":[0.15512808911888196,2.739025657558613,1.014729314336028,-1.4837359695772983,3.273946133205089,2.4454690773176626],""source"":""LATEST SUCCESSFUL PHASE5 SERVO_J COMMAND \u2014 DRIVER MEMORY"",""error"":null}}","{""left"":{""valid"":true,""fresh"":true,""status"":""FRESH"",""joints_rad"":[2.994127167094914,0.3422405658260169,-0.7758339336294446,1.5071089133237732,-0.14425722226386292,1.4127991745276334],""received_at_ms"":1788504013068,""age_ms"":23,""source"":""jaka_port10000_actual_feedback"",""mapping"":""port10000_joint_actual_position_deg_to_rad"",""error"":null},""right"":{""valid"":true,""fresh"":true,""status"":""FRESH"",""joints_rad"":[0.15692761450164094,2.7405362373008195,1.0109187882987931,-1.483909473307489,3.278299756042454,2.442335215424525],""received_at_ms"":1788504013058,""age_ms"":33,""source"":""jaka_port10000_actual_feedback"",""mapping"":""port10000_joint_actual_position_deg_to_rad"",""error"":null}}","{""left"":{""values"":[-112.36811382434098,-3.367675738991238,1.72607421875,-3.969970703125,-0.2589111328125,0.7274169921875],""received_at_ms"":1788503987887,""valid"":true,""status"":""STALE"",""error"":""Torque sample age 25204 ms exceeds 1500 ms"",""source"":""/left_jaka_driver/joint_torque_raw"",""age_ms"":25204,""fresh"":false},""right"":{""values"":[111.13329938671086,3.143164023058489,-2.6630859375,4.29052734375,-0.03082275390625,0.09246826171875],""received_at_ms"":1788503987893,""valid"":true,""status"":""STALE"",""error"":""Torque sample age 25198 ms exceeds 1500 ms"",""source"":""/right_jaka_driver/joint_torque_raw"",""age_ms"":25198,""fresh"":false}}"
243,1788504013190,RUNNING,22.608,"{""left"":{""valid"":true,""status"":""VALID"",""sample_index"":942,""time_from_start_s"":22.608,""joints_rad"":[2.9949469377980544,0.34120070032630445,-0.7738163954562067,1.5102404129340823,-0.1424463089811834,1.4173214751051002],""source"":""LATEST SUCCESSFUL PHASE5 SERVO_J COMMAND \u2014 DRIVER MEMORY"",""error"":null},""right"":{""valid"":true,""status"":""VALID"",""sample_index"":942,""time_from_start_s"":22.608,""joints_rad"":[0.15428775169136344,2.7381115875460638,1.0169244629165088,-1.483679009052846,3.272103003955569,2.4465833523585285],""source"":""LATEST SUCCESSFUL PHASE5 SERVO_J COMMAND \u2014 DRIVER MEMORY"",""error"":null}}","{""left"":{""valid"":true,""fresh"":true,""status"":""FRESH"",""joints_rad"":[2.994378843573052,0.34191698178269714,-0.7751867655428051,1.5081875268015055,-0.14366991897056683,1.414261236842029],""received_at_ms"":1788504013182,""age_ms"":8,""source"":""jaka_port10000_actual_feedback"",""mapping"":""port10000_joint_actual_position_deg_to_rad"",""error"":null},""right"":{""valid"":true,""fresh"":true,""status"":""FRESH"",""joints_rad"":[0.15566923211095304,2.739493577605678,1.0134594640909214,-1.484017334655262,3.2750639156092567,2.4447800726407185],""received_at_ms"":1788504013128,""age_ms"":62,""source"":""jaka_port10000_actual_feedback"",""mapping"":""port10000_joint_actual_position_deg_to_rad"",""error"":null}}","{""left"":{""values"":[-112.36811382434098,-3.367675738991238,1.72607421875,-3.969970703125,-0.2589111328125,0.7274169921875],""received_at_ms"":1788503987887,""valid"":true,""status"":""STALE"",""error"":""Torque sample age 25303 ms exceeds 1500 ms"",""source"":""/left_jaka_driver/joint_torque_raw"",""age_ms"":25303,""fresh"":false},""right"":{""values"":[111.13329938671086,3.143164023058489,-2.6630859375,4.29052734375,-0.03082275390625,0.09246826171875],""received_at_ms"":1788503987893,""valid"":true,""status"":""STALE"",""error"":""Torque sample age 25297 ms exceeds 1500 ms"",""source"":""/right_jaka_driver/joint_torque_raw"",""age_ms"":25297,""fresh"":false}}"
244,1788504013290,RUNNING,22.704,"{""left"":{""valid"":true,""status"":""VALID"",""sample_index"":946,""time_from_start_s"":22.704,""joints_rad"":[2.995314555713168,0.340864611926249,-0.7731284431929506,1.5110828067130175,-0.14166589490548995,1.4186642565352292],""source"":""LATEST SUCCESSFUL PHASE5 SERVO_J COMMAND \u2014 DRIVER MEMORY"",""error"":null},""right"":{""valid"":true,""status"":""VALID"",""sample_index"":946,""time_from_start_s"":22.704,""joints_rad"":[0.15357490049803957,2.737181618114369,1.0191636448318582,-1.4836402174158498,3.2707213373859743,2.447222037400708],""source"":""LATEST SUCCESSFUL PHASE5 SERVO_J COMMAND \u2014 DRIVER MEMORY"",""error"":null}}","{""left"":{""valid"":true,""fresh"":true,""status"":""FRESH"",""joints_rad"":[2.994870153757488,0.34129372470680996,-0.7739643369347082,1.510009126941812,-0.14255535171024325,1.4169457277645217],""received_at_ms"":1788504013253,""age_ms"":37,""source"":""jaka_port10000_actual_feedback"",""mapping"":""port10000_joint_actual_position_deg_to_rad"",""error"":null},""right"":{""valid"":true,""fresh"":true,""status"":""FRESH"",""joints_rad"":[0.15495015645913138,2.7388464095190383,1.0151252063290248,-1.4840054664163485,3.273434127153744,2.4458466433466124],""received_at_ms"":1788504013199,""age_ms"":91,""source"":""jaka_port10000_actual_feedback"",""mapping"":""port10000_joint_actual_position_deg_to_rad"",""error"":null}}","{""left"":{""values"":[-112.36811382434098,-3.367675738991238,1.72607421875,-3.969970703125,-0.2589111328125,0.7274169921875],""received_at_ms"":1788503987887,""valid"":true,""status"":""STALE"",""error"":""Torque sample age 25403 ms exceeds 1500 ms"",""source"":""/left_jaka_driver/joint_torque_raw"",""age_ms"":25403,""fresh"":false},""right"":{""values"":[111.13329938671086,3.143164023058489,-2.6630859375,4.29052734375,-0.03082275390625,0.09246826171875],""received_at_ms"":1788503987893,""valid"":true,""status"":""STALE"",""error"":""Torque sample age 25397 ms exceeds 1500 ms"",""source"":""/right_jaka_driver/joint_torque_raw"",""age_ms"":25397,""fresh"":false}}"
245,1788504013397,RUNNING,22.824,"{""left"":{""valid"":true,""status"":""VALID"",""sample_index"":951,""time_from_start_s"":22.824,""joints_rad"":[2.995747052108897,0.3406159752728558,-0.7725968069220734,1.5115955554823162,-0.14078615434793418,1.41960608649729],""source"":""LATEST SUCCESSFUL PHASE5 SERVO_J COMMAND \u2014 DRIVER MEMORY"",""error"":null},""right"":{""valid"":true,""status"":""VALID"",""sample_index"":951,""time_from_start_s"":22.824,""joints_rad"":[0.15281758796014666,2.7360021614541097,1.0220093441164604,-1.4836102174530237,3.2694784240668002,2.447522471381468],""source"":""LATEST SUCCESSFUL PHASE5 SERVO_J COMMAND \u2014 DRIVER MEMORY"",""error"":null}}","{""left"":{""valid"":true,""fresh"":true,""status"":""FRESH"",""joints_rad"":[2.995145741246378,0.34100609444608126,-0.7733890764132508,1.510752113604386,-0.14194413740619483,1.418144070828941],""received_at_ms"":1788504013324,""age_ms"":73,""source"":""jaka_port10000_actual_feedback"",""mapping"":""port10000_joint_actual_position_deg_to_rad"",""error"":null},""right"":{""valid"":true,""fresh"":true,""status"":""FRESH"",""joints_rad"":[0.15394345054658104,2.7376840202372104,1.017893647588538,-1.4840054664163485,3.2714086725568046,2.4469851216176886],""received_at_ms"":1788504013315,""age_ms"":82,""source"":""jaka_port10000_actual_feedback"",""mapping"":""port10000_joint_actual_position_deg_to_rad"",""error"":null}}","{""left"":{""values"":[-112.36811382434098,-3.367675738991238,1.72607421875,-3.969970703125,-0.2589111328125,0.7274169921875],""received_at_ms"":1788503987887,""valid"":true,""status"":""STALE"",""error"":""Torque sample age 25510 ms exceeds 1500 ms"",""source"":""/left_jaka_driver/joint_torque_raw"",""age_ms"":25510,""fresh"":false},""right"":{""values"":[111.13329938671086,3.143164023058489,-2.6630859375,4.29052734375,-0.03082275390625,0.09246826171875],""received_at_ms"":1788503987893,""valid"":true,""status"":""STALE"",""error"":""Torque sample age 25504 ms exceeds 1500 ms"",""source"":""/right_jaka_driver/joint_torque_raw"",""age_ms"":25504,""fresh"":false}}"
246,1788504013493,RUNNING,22.92,"{""left"":{""valid"":true,""status"":""VALID"",""sample_index"":955,""time_from_start_s"":22.92,""joints_rad"":[2.996075819523057,0.3405608835140158,-0.7724737215267075,1.5116835519128657,-0.14013924317238902,1.4198028507458618],""source"":""LATEST SUCCESSFUL PHASE5 SERVO_J COMMAND \u2014 DRIVER MEMORY"",""error"":null},""right"":{""valid"":true,""status"":""VALID"",""sample_index"":955,""time_from_start_s"":22.92,""joints_rad"":[0.1522692311012383,2.7350511811325653,1.0243061712708212,-1.4835939663547328,3.2686922216220364,2.447549142565696],""source"":""LATEST SUCCESSFUL PHASE5 SERVO_J COMMAND \u2014 DRIVER MEMORY"",""error"":null}}","{""left"":{""valid"":true,""fresh"":true,""status"":""FRESH"",""joints_rad"":[2.995553275626719,0.3407184641853527,-0.7727179973158591,1.5114832320280465,-0.14104546737434295,1.4194384070022201],""received_at_ms"":1788504013437,""age_ms"":56,""source"":""jaka_port10000_actual_feedback"",""mapping"":""port10000_joint_actual_position_deg_to_rad"",""error"":null},""right"":{""valid"":true,""fresh"":true,""status"":""FRESH"",""joints_rad"":[0.1534641831339834,2.7370846741720753,1.019427617468116,-1.4840054664163485,3.2705218707638664,2.4473205738999213],""received_at_ms"":1788504013434,""age_ms"":59,""source"":""jaka_port10000_actual_feedback"",""mapping"":""port10000_joint_actual_position_deg_to_rad"",""error"":null}}","{""left"":{""values"":[-112.36811382434098,-3.367675738991238,1.72607421875,-3.969970703125,-0.2589111328125,0.7274169921875],""received_at_ms"":1788503987887,""valid"":true,""status"":""STALE"",""error"":""Torque sample age 25606 ms exceeds 1500 ms"",""source"":""/left_jaka_driver/joint_torque_raw"",""age_ms"":25606,""fresh"":false},""right"":{""values"":[111.13329938671086,3.143164023058489,-2.6630859375,4.29052734375,-0.03082275390625,0.09246826171875],""received_at_ms"":1788503987893,""valid"":true,""status"":""STALE"",""error"":""Torque sample age 25600 ms exceeds 1500 ms"",""source"":""/right_jaka_driver/joint_torque_raw"",""age_ms"":25600,""fresh"":false}}"
247,1788504013592,RUNNING,23.016000000000002,"{""left"":{""valid"":true,""status"":""VALID"",""sample_index"":959,""time_from_start_s"":23.016000000000002,""joints_rad"":[2.9963929981618076,0.3406625093125918,-0.7727141740640934,1.5115932711371183,-0.13952488872152582,1.419476815749454],""source"":""LATEST SUCCESSFUL PHASE5 SERVO_J COMMAND \u2014 DRIVER MEMORY"",""error"":null},""right"":{""valid"":true,""status"":""VALID"",""sample_index"":959,""time_from_start_s"":23.016000000000002,""joints_rad"":[0.15173121443973053,2.7340972917735242,1.0266117211051535,-1.4835786951004357,3.2679370064081574,2.4475254549133427],""source"":""LATEST SUCCESSFUL PHASE5 SERVO_J COMMAND \u2014 DRIVER MEMORY"",""error"":null}}","{""left"":{""valid"":true,""fresh"":true,""status"":""FRESH"",""joints_rad"":[2.995781041094104,0.34062264560941813,-0.7725022746203125,1.5116389153973244,-0.14058993643957243,1.4196780407085188],""received_at_ms"":1788504013526,""age_ms"":66,""source"":""jaka_port10000_actual_feedback"",""mapping"":""port10000_joint_actual_position_deg_to_rad"",""error"":null},""right"":{""valid"":true,""fresh"":true,""status"":""FRESH"",""joints_rad"":[0.15230161931923,2.735215252010264,1.0240174843350107,-1.483909473307489,3.26874826717799,2.447440478019534],""received_at_ms"":1788504013579,""age_ms"":13,""source"":""jaka_port10000_actual_feedback"",""mapping"":""port10000_joint_actual_position_deg_to_rad"",""error"":null}}","{""left"":{""values"":[-112.36811382434098,-3.367675738991238,1.72607421875,-3.969970703125,-0.2589111328125,0.7274169921875],""received_at_ms"":1788503987887,""valid"":true,""status"":""STALE"",""error"":""Torque sample age 25705 ms exceeds 1500 ms"",""source"":""/left_jaka_driver/joint_torque_raw"",""age_ms"":25705,""fresh"":false},""right"":{""values"":[111.13329938671086,3.143164023058489,-2.6630859375,4.29052734375,-0.03082275390625,0.09246826171875],""received_at_ms"":1788503987893,""valid"":true,""status"":""STALE"",""error"":""Torque sample age 25699 ms exceeds 1500 ms"",""source"":""/right_jaka_driver/joint_torque_raw"",""age_ms"":25699,""fresh"":false}}"
248,1788504013695,RUNNING,23.112000000000002,"{""left"":{""valid"":true,""status"":""VALID"",""sample_index"":963,""time_from_start_s"":23.112000000000002,""joints_rad"":[2.9966980778039503,0.34101399948377403,-0.773561318141059,1.5113719483953836,-0.13894129087884077,1.4183989214042385],""source"":""LATEST SUCCESSFUL PHASE5 SERVO_J COMMAND \u2014 DRIVER MEMORY"",""error"":null},""right"":{""valid"":true,""status"":""VALID"",""sample_index"":963,""time_from_start_s"":23.112000000000002,""joints_rad"":[0.15120806097009631,2.73313416416773,1.0289462950654273,-1.4835635676959782,3.2672052221618015,2.4473900536792788],""source"":""LATEST SUCCESSFUL PHASE5 SERVO_J COMMAND \u2014 DRIVER MEMORY"",""error"":null}}","{""left"":{""valid"":true,""fresh"":true,""status"":""FRESH"",""joints_rad"":[2.9963561270826364,0.34082632553312586,-0.7731494427069521,1.5113273741258435,-0.13953540850551746,1.4189350540459449],""received_at_ms"":1788504013684,""age_ms"":11,""source"":""jaka_port10000_actual_feedback"",""mapping"":""port10000_joint_actual_position_deg_to_rad"",""error"":null},""right"":{""valid"":true,""fresh"":true,""status"":""FRESH"",""joints_rad"":[0.15169040501518155,2.7340765992062632,1.0267379290400942,-1.4838976050685753,3.2678853763958036,2.447440478019534],""received_at_ms"":1788504013687,""age_ms"":8,""source"":""jaka_port10000_actual_feedback"",""mapping"":""port10000_joint_actual_position_deg_to_rad"",""error"":null}}","{""left"":{""values"":[-112.36811382434098,-3.367675738991238,1.72607421875,-3.969970703125,-0.2589111328125,0.7274169921875],""received_at_ms"":1788503987887,""valid"":true,""status"":""STALE"",""error"":""Torque sample age 25808 ms exceeds 1500 ms"",""source"":""/left_jaka_driver/joint_torque_raw"",""age_ms"":25808,""fresh"":false},""right"":{""values"":[111.13329938671086,3.143164023058489,-2.6630859375,4.29052734375,-0.03082275390625,0.09246826171875],""received_at_ms"":1788503987893,""valid"":true,""status"":""STALE"",""error"":""Torque sample age 25802 ms exceeds 1500 ms"",""source"":""/right_jaka_driver/joint_torque_raw"",""age_ms"":25802,""fresh"":false}}"
249,1788504013793,RUNNING,23.208000000000002,"{""left"":{""valid"":true,""status"":""VALID"",""sample_index"":967,""time_from_start_s"":23.208000000000002,""joints_rad"":[2.996990261178902,0.3416938945033694,-0.7752183654449604,1.5110506945432234,-0.13838889233526727,1.416371775408862],""source"":""LATEST SUCCESSFUL PHASE5 SERVO_J COMMAND \u2014 DRIVER MEMORY"",""error"":null},""right"":{""valid"":true,""status"":""VALID"",""sample_index"":967,""time_from_start_s"":23.208000000000002,""joints_rad"":[0.1507101002581876,2.732155540974123,1.0313298536698607,-1.4835487144016581,3.2665131895450092,2.4470650696817495],""source"":""LATEST SUCCESSFUL PHASE5 SERVO_J COMMAND \u2014 DRIVER MEMORY"",""error"":null}}","{""left"":{""valid"":true,""fresh"":true,""status"":""FRESH"",""joints_rad"":[2.9963561270826364,0.34082632553312586,-0.7731494427069521,1.5113273741258435,-0.13953540850551746,1.4189350540459449],""received_at_ms"":1788504013684,""age_ms"":109,""source"":""jaka_port10000_actual_feedback"",""mapping"":""port10000_joint_actual_position_deg_to_rad"",""error"":null},""right"":{""valid"":true,""fresh"":true,""status"":""FRESH"",""joints_rad"":[0.15169040501518155,2.7340765992062632,1.0267379290400942,-1.4838976050685753,3.2678853763958036,2.447440478019534],""received_at_ms"":1788504013687,""age_ms"":106,""source"":""jaka_port10000_actual_feedback"",""mapping"":""port10000_joint_actual_position_deg_to_rad"",""error"":null}}","{""left"":{""values"":[-112.36811382434098,-3.367675738991238,1.72607421875,-3.969970703125,-0.2589111328125,0.7274169921875],""received_at_ms"":1788503987887,""valid"":true,""status"":""STALE"",""error"":""Torque sample age 25906 ms exceeds 1500 ms"",""source"":""/left_jaka_driver/joint_torque_raw"",""age_ms"":25906,""fresh"":false},""right"":{""values"":[111.13329938671086,3.143164023058489,-2.6630859375,4.29052734375,-0.03082275390625,0.09246826171875],""received_at_ms"":1788503987893,""valid"":true,""status"":""STALE"",""error"":""Torque sample age 25900 ms exceeds 1500 ms"",""source"":""/right_jaka_driver/joint_torque_raw"",""age_ms"":25900,""fresh"":false}}"
250,1788504013895,RUNNING,23.304000000000002,"{""left"":{""valid"":true,""status"":""VALID"",""sample_index"":971,""time_from_start_s"":23.304000000000002,""joints_rad"":[2.997269334950719,0.3427516518642302,-0.7778147694555488,1.5106562031564847,-0.13786709624718407,1.4132740335340461],""source"":""LATEST SUCCESSFUL PHASE5 SERVO_J COMMAND \u2014 DRIVER MEMORY"",""error"":null},""right"":{""valid"":true,""status"":""VALID"",""sample_index"":971,""time_from_start_s"":23.304000000000002,""joints_rad"":[0.15024440073152664,2.731157336807763,1.033775801972489,-1.4835342608534408,3.265872120859051,2.4464969395043257],""source"":""LATEST SUCCESSFUL PHASE5 SERVO_J COMMAND \u2014 DRIVER MEMORY"",""error"":null}}","{""left"":{""valid"":true,""fresh"":true,""status"":""FRESH"",""joints_rad"":[2.9969074765933414,0.34170125908715065,-0.7751747227709663,1.5110277010932758,-0.13845679502778496,1.4164064210256555],""received_at_ms"":1788504013869,""age_ms"":26,""source"":""jaka_port10000_actual_feedback"",""mapping"":""port10000_joint_actual_position_deg_to_rad"",""error"":null},""right"":{""valid"":true,""fresh"":true,""status"":""FRESH"",""joints_rad"":[0.15074373842889982,2.732254999065957,1.031256062874732,-1.4837417471663723,3.2666269940051156,2.4467814416939806],""received_at_ms"":1788504013871,""age_ms"":24,""source"":""jaka_port10000_actual_feedback"",""mapping"":""port10000_joint_actual_position_deg_to_rad"",""error"":null}}","{""left"":{""values"":[-112.36811382434098,-3.367675738991238,1.72607421875,-3.969970703125,-0.2589111328125,0.7274169921875],""received_at_ms"":1788503987887,""valid"":true,""status"":""STALE"",""error"":""Torque sample age 26007 ms exceeds 1500 ms"",""source"":""/left_jaka_driver/joint_torque_raw"",""age_ms"":26007,""fresh"":false},""right"":{""values"":[111.13329938671086,3.143164023058489,-2.6630859375,4.29052734375,-0.03082275390625,0.09246826171875],""received_at_ms"":1788503987893,""valid"":true,""status"":""STALE"",""error"":""Torque sample age 26001 ms exceeds 1500 ms"",""source"":""/right_jaka_driver/joint_torque_raw"",""age_ms"":26001,""fresh"":false}}"
251,1788504013993,RUNNING,23.400000000000002,"{""left"":{""valid"":true,""status"":""VALID"",""sample_index"":976,""time_from_start_s"":23.424,""joints_rad"":[2.9976002413506833,0.3446388978460759,-0.7824727270482109,1.5100941387168545,-0.13725552376621636,1.4078202997702502],""source"":""LATEST SUCCESSFUL PHASE5 SERVO_J COMMAND \u2014 DRIVER MEMORY"",""error"":null},""right"":{""valid"":true,""status"":""VALID"",""sample_index"":975,""time_from_start_s"":23.400000000000002,""joints_rad"":[0.14981511329984823,2.7301373986966047,1.0362916941058746,-1.483520326564483,3.265288655897817,2.4456538595768187],""source"":""LATEST SUCCESSFUL PHASE5 SERVO_J COMMAND \u2014 DRIVER MEMORY"",""error"":null}}","{""left"":{""valid"":true,""fresh"":true,""status"":""FRESH"",""joints_rad"":[2.997123199288888,0.3424082919671335,-0.7769485008897682,1.5107880673869771,-0.13800143862593964,1.4142132402875995],""received_at_ms"":1788504013942,""age_ms"":51,""source"":""jaka_port10000_actual_feedback"",""mapping"":""port10000_joint_actual_position_deg_to_rad"",""error"":null},""right"":{""valid"":true,""fresh"":true,""status"":""FRESH"",""joints_rad"":[0.15040811161374132,2.7315001441644693,1.0330776630150384,-1.4837057933837812,3.2661836803751094,2.446493811433252],""received_at_ms"":1788504013940,""age_ms"":53,""source"":""jaka_port10000_actual_feedback"",""mapping"":""port10000_joint_actual_position_deg_to_rad"",""error"":null}}","{""left"":{""values"":[-112.36811382434098,-3.367675738991238,1.72607421875,-3.969970703125,-0.2589111328125,0.7274169921875],""received_at_ms"":1788503987887,""valid"":true,""status"":""STALE"",""error"":""Torque sample age 26106 ms exceeds 1500 ms"",""source"":""/left_jaka_driver/joint_torque_raw"",""age_ms"":26106,""fresh"":false},""right"":{""values"":[111.13329938671086,3.143164023058489,-2.6630859375,4.29052734375,-0.03082275390625,0.09246826171875],""received_at_ms"":1788503987893,""valid"":true,""status"":""STALE"",""error"":""Torque sample age 26100 ms exceeds 1500 ms"",""source"":""/right_jaka_driver/joint_torque_raw"",""age_ms"":26100,""fresh"":false}}"
252,1788504014100,RUNNING,23.52,"{""left"":{""valid"":true,""status"":""VALID"",""sample_index"":980,""time_from_start_s"":23.52,""joints_rad"":[2.997851580630475,0.34659867448023557,-0.7873285807510336,1.509611677625486,-0.13679593582976002,1.402206893554219],""source"":""LATEST SUCCESSFUL PHASE5 SERVO_J COMMAND \u2014 DRIVER MEMORY"",""error"":null},""right"":{""valid"":true,""status"":""VALID"",""sample_index"":980,""time_from_start_s"":23.52,""joints_rad"":[0.14933189373566944,2.728831353560033,1.0395381528558747,-1.4835038085249583,3.2646439546737573,2.444195805450248],""source"":""LATEST SUCCESSFUL PHASE5 SERVO_J COMMAND \u2014 DRIVER MEMORY"",""error"":null}}","{""left"":{""valid"":true,""fresh"":true,""status"":""FRESH"",""joints_rad"":[2.9974347405603687,0.3439302190748726,-0.7807953810940889,1.5102728461917883,-0.13740226709373,1.4097910995618212],""received_at_ms"":1788504014057,""age_ms"":43,""source"":""jaka_port10000_actual_feedback"",""mapping"":""port10000_joint_actual_position_deg_to_rad"",""error"":null},""right"":{""valid"":true,""fresh"":true,""status"":""FRESH"",""joints_rad"":[0.1499288442011437,2.730469352708241,1.0354984346875544,-1.4836338858185991,3.265476647495126,2.4458466433466124],""received_at_ms"":1788504014054,""age_ms"":46,""source"":""jaka_port10000_actual_feedback"",""mapping"":""port10000_joint_actual_position_deg_to_rad"",""error"":null}}","{""left"":{""values"":[-112.36811382434098,-3.367675738991238,1.72607421875,-3.969970703125,-0.2589111328125,0.7274169921875],""received_at_ms"":1788503987887,""valid"":true,""status"":""STALE"",""error"":""Torque sample age 26213 ms exceeds 1500 ms"",""source"":""/left_jaka_driver/joint_torque_raw"",""age_ms"":26213,""fresh"":false},""right"":{""values"":[111.13329938671086,3.143164023058489,-2.6630859375,4.29052734375,-0.03082275390625,0.09246826171875],""received_at_ms"":1788503987893,""valid"":true,""status"":""STALE"",""error"":""Torque sample age 26207 ms exceeds 1500 ms"",""source"":""/right_jaka_driver/joint_torque_raw"",""age_ms"":26207,""fresh"":false}}"
253,1788504014198,RUNNING,23.616,"{""left"":{""valid"":true,""status"":""VALID"",""sample_index"":984,""time_from_start_s"":23.616,""joints_rad"":[2.9980922920316804,0.3489346685083701,-0.7931322375178897,1.5091159533763423,-0.13635946563333368,1.395552282560239],""source"":""LATEST SUCCESSFUL PHASE5 SERVO_J COMMAND \u2014 DRIVER MEMORY"",""error"":null},""right"":{""valid"":true,""status"":""VALID"",""sample_index"":984,""time_from_start_s"":23.616,""joints_rad"":[0.1489869345002269,2.7277630230677072,1.042213522181609,-1.4834914376379271,3.2641943335937302,2.442713207961967],""source"":""LATEST SUCCESSFUL PHASE5 SERVO_J COMMAND \u2014 DRIVER MEMORY"",""error"":null}}","{""left"":{""valid"":true,""fresh"":true,""status"":""FRESH"",""joints_rad"":[2.9977464563647747,0.34630316872588407,-0.7864998152213071,1.5097094539092446,-0.13680292102859515,1.403343678772029],""received_at_ms"":1788504014178,""age_ms"":20,""source"":""jaka_port10000_actual_feedback"",""mapping"":""port10000_joint_actual_position_deg_to_rad"",""error"":null},""right"":{""valid"":true,""fresh"":true,""status"":""FRESH"",""joints_rad"":[0.14959321738598516,2.7295347288937983,1.0378113450122974,-1.4835619782534168,3.2648893442018303,2.445031574585931],""received_at_ms"":1788504014166,""age_ms"":32,""source"":""jaka_port10000_actual_feedback"",""mapping"":""port10000_joint_actual_position_deg_to_rad"",""error"":null}}","{""left"":{""values"":[-112.36811382434098,-3.367675738991238,1.72607421875,-3.969970703125,-0.2589111328125,0.7274169921875],""received_at_ms"":1788503987887,""valid"":true,""status"":""STALE"",""error"":""Torque sample age 26311 ms exceeds 1500 ms"",""source"":""/left_jaka_driver/joint_torque_raw"",""age_ms"":26311,""fresh"":false},""right"":{""values"":[111.13329938671086,3.143164023058489,-2.6630859375,4.29052734375,-0.03082275390625,0.09246826171875],""received_at_ms"":1788503987893,""valid"":true,""status"":""STALE"",""error"":""Torque sample age 26305 ms exceeds 1500 ms"",""source"":""/right_jaka_driver/joint_torque_raw"",""age_ms"":26305,""fresh"":false}}"
254,1788504014295,RUNNING,23.712,"{""left"":{""valid"":true,""status"":""VALID"",""sample_index"":988,""time_from_start_s"":23.712,""joints_rad"":[2.99832385218773,0.35160824787066947,-0.7997893232179883,1.5086183265003217,-0.1359426069069917,1.3879646833412356],""source"":""LATEST SUCCESSFUL PHASE5 SERVO_J COMMAND \u2014 DRIVER MEMORY"",""error"":null},""right"":{""valid"":true,""status"":""VALID"",""sample_index"":988,""time_from_start_s"":23.712,""joints_rad"":[0.14867588168558052,2.726676412093558,1.0449514934016695,-1.483479914031776,3.2637987929801175,2.440971808239641],""source"":""LATEST SUCCESSFUL PHASE5 SERVO_J COMMAND \u2014 DRIVER MEMORY"",""error"":null}}","{""left"":{""valid"":true,""fresh"":true,""status"":""FRESH"",""joints_rad"":[2.998057997636256,0.3491913395720843,-0.7936664861958462,1.5091341933877873,-0.13627565706156766,1.3951343481023486],""received_at_ms"":1788504014289,""age_ms"":6,""source"":""jaka_port10000_actual_feedback"",""mapping"":""port10000_joint_actual_position_deg_to_rad"",""error"":null},""right"":{""valid"":true,""fresh"":true,""status"":""FRESH"",""joints_rad"":[0.14917381476673094,2.7282643037312715,1.0409393240977216,-1.4835260244708257,3.264385991245555,2.44343773991301],""received_at_ms"":1788504014235,""age_ms"":60,""source"":""jaka_port10000_actual_feedback"",""mapping"":""port10000_joint_actual_position_deg_to_rad"",""error"":null}}","{""left"":{""values"":[-112.36811382434098,-3.367675738991238,1.72607421875,-3.969970703125,-0.2589111328125,0.7274169921875],""received_at_ms"":1788503987887,""valid"":true,""status"":""STALE"",""error"":""Torque sample age 26408 ms exceeds 1500 ms"",""source"":""/left_jaka_driver/joint_torque_raw"",""age_ms"":26408,""fresh"":false},""right"":{""values"":[111.13329938671086,3.143164023058489,-2.6630859375,4.29052734375,-0.03082275390625,0.09246826171875],""received_at_ms"":1788503987893,""valid"":true,""status"":""STALE"",""error"":""Torque sample age 26402 ms exceeds 1500 ms"",""source"":""/right_jaka_driver/joint_torque_raw"",""age_ms"":26402,""fresh"":false}}"
255,1788504014401,RUNNING,23.808,"{""left"":{""valid"":true,""status"":""VALID"",""sample_index"":993,""time_from_start_s"":23.832,""joints_rad"":[2.998603019353476,0.355346331324373,-0.8091165872232945,1.5080064199255805,-0.1354432479702623,1.3773841168092509],""source"":""LATEST SUCCESSFUL PHASE5 SERVO_J COMMAND \u2014 DRIVER MEMORY"",""error"":null},""right"":{""valid"":true,""status"":""VALID"",""sample_index"":992,""time_from_start_s"":23.808,""joints_rad"":[0.14839432026754087,2.725574908016253,1.0477426142869695,-1.483469314480348,3.263450517584874,2.4390038791498094],""source"":""LATEST SUCCESSFUL PHASE5 SERVO_J COMMAND \u2014 DRIVER MEMORY"",""error"":null}}","{""left"":{""valid"":true,""fresh"":true,""status"":""FRESH"",""joints_rad"":[2.998057997636256,0.3491913395720843,-0.7936664861958462,1.5091341933877873,-0.13627565706156766,1.3951343481023486],""received_at_ms"":1788504014289,""age_ms"":112,""source"":""jaka_port10000_actual_feedback"",""mapping"":""port10000_joint_actual_position_deg_to_rad"",""error"":null},""right"":{""valid"":true,""fresh"":true,""status"":""FRESH"",""joints_rad"":[0.14894604929934568,2.727557270851289,1.042724970455437,-1.4835021134600734,3.264122271995579,2.442335215424525],""received_at_ms"":1788504014303,""age_ms"":98,""source"":""jaka_port10000_actual_feedback"",""mapping"":""port10000_joint_actual_position_deg_to_rad"",""error"":null}}","{""left"":{""values"":[-112.36811382434098,-3.367675738991238,1.72607421875,-3.969970703125,-0.2589111328125,0.7274169921875],""received_at_ms"":1788503987887,""valid"":true,""status"":""STALE"",""error"":""Torque sample age 26514 ms exceeds 1500 ms"",""source"":""/left_jaka_driver/joint_torque_raw"",""age_ms"":26514,""fresh"":false},""right"":{""values"":[111.13329938671086,3.143164023058489,-2.6630859375,4.29052734375,-0.03082275390625,0.09246826171875],""received_at_ms"":1788503987893,""valid"":true,""status"":""STALE"",""error"":""Torque sample age 26508 ms exceeds 1500 ms"",""source"":""/right_jaka_driver/joint_torque_raw"",""age_ms"":26508,""fresh"":false}}"
256,1788504014498,RUNNING,23.928,"{""left"":{""valid"":true,""status"":""VALID"",""sample_index"":997,""time_from_start_s"":23.928,""joints_rad"":[2.9988203679754384,0.35857930427244505,-0.8171983037686456,1.5075320540759118,-0.13505620687064193,1.3682450233418346],""source"":""LATEST SUCCESSFUL PHASE5 SERVO_J COMMAND \u2014 DRIVER MEMORY"",""error"":null},""right"":{""valid"":true,""status"":""VALID"",""sample_index"":997,""time_from_start_s"":23.928,""joints_rad"":[0.1480753401826898,2.7241833178504993,1.0512884307937926,-1.4834574586872529,3.2630684531597876,2.436287957108855],""source"":""LATEST SUCCESSFUL PHASE5 SERVO_J COMMAND \u2014 DRIVER MEMORY"",""error"":null}}","{""left"":{""valid"":true,""fresh"":true,""status"":""FRESH"",""joints_rad"":[2.99852539680994,0.3545482786452305,-0.8073283999816823,1.508139530247076,-0.1355206276271549,1.3794351114806596],""received_at_ms"":1788504014479,""age_ms"":19,""source"":""jaka_port10000_actual_feedback"",""mapping"":""port10000_joint_actual_position_deg_to_rad"",""error"":null},""right"":{""valid"":true,""fresh"":true,""status"":""FRESH"",""joints_rad"":[0.14843082810415695,2.7254600832220928,1.0479859164197236,-1.4834900706882346,3.263439324659273,2.4387878337198465],""received_at_ms"":1788504014490,""age_ms"":8,""source"":""jaka_port10000_actual_feedback"",""mapping"":""port10000_joint_actual_position_deg_to_rad"",""error"":null}}","{""left"":{""values"":[-112.36811382434098,-3.367675738991238,1.72607421875,-3.969970703125,-0.2589111328125,0.7274169921875],""received_at_ms"":1788503987887,""valid"":true,""status"":""STALE"",""error"":""Torque sample age 26611 ms exceeds 1500 ms"",""source"":""/left_jaka_driver/joint_torque_raw"",""age_ms"":26611,""fresh"":false},""right"":{""values"":[111.13329938671086,3.143164023058489,-2.6630859375,4.29052734375,-0.03082275390625,0.09246826171875],""received_at_ms"":1788503987893,""valid"":true,""status"":""STALE"",""error"":""Torque sample age 26605 ms exceeds 1500 ms"",""source"":""/right_jaka_driver/joint_torque_raw"",""age_ms"":26605,""fresh"":false}}"
257,1788504014604,RUNNING,24.024,"{""left"":{""valid"":true,""status"":""VALID"",""sample_index"":1001,""time_from_start_s"":24.024,""joints_rad"":[2.999034456413205,0.3619553599017344,-0.8256503069960743,1.5070749790924214,-0.13467580593310075,1.3587020336402957],""source"":""LATEST SUCCESSFUL PHASE5 SERVO_J COMMAND \u2014 DRIVER MEMORY"",""error"":null},""right"":{""valid"":true,""status"":""VALID"",""sample_index"":1001,""time_from_start_s"":24.024,""joints_rad"":[0.14783878054349492,2.723063796967101,1.0541545720612902,-1.4834491440749578,3.262793361110163,2.4339676907634664],""source"":""LATEST SUCCESSFUL PHASE5 SERVO_J COMMAND \u2014 DRIVER MEMORY"",""error"":null}}","{""left"":{""valid"":true,""fresh"":true,""status"":""FRESH"",""joints_rad"":[2.9986451263966267,0.35699313586142417,-0.8132127775547812,1.5078040779648425,-0.1352211291275127,1.3725920245494403],""received_at_ms"":1788504014552,""age_ms"":52,""source"":""jaka_port10000_actual_feedback"",""mapping"":""port10000_joint_actual_position_deg_to_rad"",""error"":null},""right"":{""valid"":true,""fresh"":true,""status"":""FRESH"",""joints_rad"":[0.14822697364752402,2.7246211034506587,1.0501431433751887,-1.4834780279163957,3.2632115591918884,2.437098180470991],""received_at_ms"":1788504014563,""age_ms"":41,""source"":""jaka_port10000_actual_feedback"",""mapping"":""port10000_joint_actual_position_deg_to_rad"",""error"":null}}","{""left"":{""values"":[-112.36811382434098,-3.367675738991238,1.72607421875,-3.969970703125,-0.2589111328125,0.7274169921875],""received_at_ms"":1788503987887,""valid"":true,""status"":""STALE"",""error"":""Torque sample age 26717 ms exceeds 1500 ms"",""source"":""/left_jaka_driver/joint_torque_raw"",""age_ms"":26717,""fresh"":false},""right"":{""values"":[111.13329938671086,3.143164023058489,-2.6630859375,4.29052734375,-0.03082275390625,0.09246826171875],""received_at_ms"":1788503987893,""valid"":true,""status"":""STALE"",""error"":""Torque sample age 26711 ms exceeds 1500 ms"",""source"":""/right_jaka_driver/joint_torque_raw"",""age_ms"":26711,""fresh"":false}}"
258,1788504014704,RUNNING,24.12,"{""left"":{""valid"":true,""status"":""VALID"",""sample_index"":1005,""time_from_start_s"":24.12,""joints_rad"":[2.999247169384009,0.36540527404007367,-0.8342995343185559,1.5066367926224964,-0.13429807194937443,1.348941311714994],""source"":""LATEST SUCCESSFUL PHASE5 SERVO_J COMMAND \u2014 DRIVER MEMORY"",""error"":null},""right"":{""valid"":true,""status"":""VALID"",""sample_index"":1005,""time_from_start_s"":24.12,""joints_rad"":[0.14761145314128576,2.7219438116154455,1.0570319298116264,-1.4834418986536102,3.2625340102686837,2.4315705642828216],""source"":""LATEST SUCCESSFUL PHASE5 SERVO_J COMMAND \u2014 DRIVER MEMORY"",""error"":null}}","{""left"":{""valid"":true,""fresh"":true,""status"":""FRESH"",""joints_rad"":[2.998920888418442,0.3608880126201747,-0.8228000456689112,1.5072527284541373,-0.13480155197533325,1.3616385126968489],""received_at_ms"":1788504014663,""age_ms"":41,""source"":""jaka_port10000_actual_feedback"",""mapping"":""port10000_joint_actual_position_deg_to_rad"",""error"":null},""right"":{""valid"":true,""fresh"":true,""status"":""FRESH"",""joints_rad"":[0.14799938271306395,2.7234946679514214,1.0530672680039799,-1.4834420741338048,3.2629598827137505,2.4349170425047735],""received_at_ms"":1788504014670,""age_ms"":34,""source"":""jaka_port10000_actual_feedback"",""mapping"":""port10000_joint_actual_position_deg_to_rad"",""error"":null}}","{""left"":{""values"":[-112.36811382434098,-3.367675738991238,1.72607421875,-3.969970703125,-0.2589111328125,0.7274169921875],""received_at_ms"":1788503987887,""valid"":true,""status"":""STALE"",""error"":""Torque sample age 26817 ms exceeds 1500 ms"",""source"":""/left_jaka_driver/joint_torque_raw"",""age_ms"":26817,""fresh"":false},""right"":{""values"":[111.13329938671086,3.143164023058489,-2.6630859375,4.29052734375,-0.03082275390625,0.09246826171875],""received_at_ms"":1788503987893,""valid"":true,""status"":""STALE"",""error"":""Torque sample age 26811 ms exceeds 1500 ms"",""source"":""/right_jaka_driver/joint_torque_raw"",""age_ms"":26811,""fresh"":false}}"
259,1788504014803,RUNNING,24.216,"{""left"":{""valid"":true,""status"":""VALID"",""sample_index"":1009,""time_from_start_s"":24.216,""joints_rad"":[2.9994603013300125,0.3688609804005984,-0.8429755011056638,1.5062176046688944,-0.13391927680701396,1.3391453283841264],""source"":""LATEST SUCCESSFUL PHASE5 SERVO_J COMMAND \u2014 DRIVER MEMORY"",""error"":null},""right"":{""valid"":true,""status"":""VALID"",""sample_index"":1009,""time_from_start_s"":24.216,""joints_rad"":[0.14738658366399116,2.7208279627754393,1.0599067712567671,-1.4834357293915095,3.2622798091972975,2.4291469413067084],""source"":""LATEST SUCCESSFUL PHASE5 SERVO_J COMMAND \u2014 DRIVER MEMORY"",""error"":null}}","{""left"":{""valid"":true,""fresh"":true,""status"":""FRESH"",""joints_rad"":[2.99907657178772,0.36347651043380746,-0.8293675451112407,1.5069172761719043,-0.1345619182690344,1.3544718417223098],""received_at_ms"":1788504014773,""age_ms"":30,""source"":""jaka_port10000_actual_feedback"",""mapping"":""port10000_joint_actual_position_deg_to_rad"",""error"":null},""right"":{""valid"":true,""fresh"":true,""status"":""FRESH"",""joints_rad"":[0.1477716172456787,2.7224759192670325,1.0557158051438813,-1.4834541169056437,3.262696163463774,2.4326999507559655],""received_at_ms"":1788504014785,""age_ms"":18,""source"":""jaka_port10000_actual_feedback"",""mapping"":""port10000_joint_actual_position_deg_to_rad"",""error"":null}}","{""left"":{""values"":[-112.36811382434098,-3.367675738991238,1.72607421875,-3.969970703125,-0.2589111328125,0.7274169921875],""received_at_ms"":1788503987887,""valid"":true,""status"":""STALE"",""error"":""Torque sample age 26916 ms exceeds 1500 ms"",""source"":""/left_jaka_driver/joint_torque_raw"",""age_ms"":26916,""fresh"":false},""right"":{""values"":[111.13329938671086,3.143164023058489,-2.6630859375,4.29052734375,-0.03082275390625,0.09246826171875],""received_at_ms"":1788503987893,""valid"":true,""status"":""STALE"",""error"":""Torque sample age 26910 ms exceeds 1500 ms"",""source"":""/right_jaka_driver/joint_torque_raw"",""age_ms"":26910,""fresh"":false}}"
260,1788504014903,RUNNING,24.312,"{""left"":{""valid"":true,""status"":""VALID"",""sample_index"":1014,""time_from_start_s"":24.336000000000002,""joints_rad"":[2.999729772424318,0.37309234834618704,-0.8536161689187054,1.5057186201158275,-0.13343923762844145,1.3271085017562867],""source"":""LATEST SUCCESSFUL PHASE5 SERVO_J COMMAND \u2014 DRIVER MEMORY"",""error"":null},""right"":{""valid"":true,""status"":""VALID"",""sample_index"":1013,""time_from_start_s"":24.312,""joints_rad"":[0.14715774467690257,2.7197205081792597,1.0627662058429512,-1.4834306228986192,3.262020684557809,2.4267447590898463],""source"":""LATEST SUCCESSFUL PHASE5 SERVO_J COMMAND \u2014 DRIVER MEMORY"",""error"":null}}","{""left"":{""valid"":true,""fresh"":true,""status"":""FRESH"",""joints_rad"":[2.999340291037696,0.36751520232292234,-0.839578070301258,1.5063898376719516,-0.1341425156497802,1.3431587920438077],""received_at_ms"":1788504014844,""age_ms"":59,""source"":""jaka_port10000_actual_feedback"",""mapping"":""port10000_joint_actual_position_deg_to_rad"",""error"":null},""right"":{""valid"":true,""fresh"":true,""status"":""FRESH"",""joints_rad"":[0.14751994076754113,2.72116971485484,1.059095286174518,-1.4834302058948914,3.262432618746723,2.4298596019312693],""received_at_ms"":1788504014854,""age_ms"":49,""source"":""jaka_port10000_actual_feedback"",""mapping"":""port10000_joint_actual_position_deg_to_rad"",""error"":null}}","{""left"":{""values"":[-112.36811382434098,-3.367675738991238,1.72607421875,-3.969970703125,-0.2589111328125,0.7274169921875],""received_at_ms"":1788503987887,""valid"":true,""status"":""STALE"",""error"":""Torque sample age 27016 ms exceeds 1500 ms"",""source"":""/left_jaka_driver/joint_torque_raw"",""age_ms"":27016,""fresh"":false},""right"":{""values"":[111.13329938671086,3.143164023058489,-2.6630859375,4.29052734375,-0.03082275390625,0.09246826171875],""received_at_ms"":1788503987893,""valid"":true,""status"":""STALE"",""error"":""Torque sample age 27010 ms exceeds 1500 ms"",""source"":""/right_jaka_driver/joint_torque_raw"",""age_ms"":27010,""fresh"":false}}"
261,1788504015007,RUNNING,24.432000000000002,"{""left"":{""valid"":true,""status"":""VALID"",""sample_index"":1018,""time_from_start_s"":24.432000000000002,""joints_rad"":[2.9999494579226242,0.3763398581397923,-0.8617969453635986,1.5053369719772292,-0.13304661278814575,1.3178241455881452],""source"":""LATEST SUCCESSFUL PHASE5 SERVO_J COMMAND \u2014 DRIVER MEMORY"",""error"":null},""right"":{""valid"":true,""status"":""VALID"",""sample_index"":1018,""time_from_start_s"":24.432000000000002,""joints_rad"":[0.14685746751099188,2.718353518005479,1.0663017559419548,-1.4834256784029718,3.261676258241577,2.4238369573182825],""source"":""LATEST SUCCESSFUL PHASE5 SERVO_J COMMAND \u2014 DRIVER MEMORY"",""error"":null}}","{""left"":{""valid"":true,""fresh"":true,""status"":""FRESH"",""joints_rad"":[2.9995560137332427,0.37066709241909895,-0.8474276886121023,1.5060782964004704,-0.13375906681311703,1.334302467820413],""received_at_ms"":1788504014946,""age_ms"":61,""source"":""jaka_port10000_actual_feedback"",""mapping"":""port10000_joint_actual_position_deg_to_rad"",""error"":null},""right"":{""valid"":true,""fresh"":true,""status"":""FRESH"",""joints_rad"":[0.14731626084383337,2.720342777855245,1.061204516575553,-1.4834420741338048,3.26222876429009,2.428085998345393],""received_at_ms"":1788504014933,""age_ms"":74,""source"":""jaka_port10000_actual_feedback"",""mapping"":""port10000_joint_actual_position_deg_to_rad"",""error"":null}}","{""left"":{""values"":[-112.36811382434098,-3.367675738991238,1.72607421875,-3.969970703125,-0.2589111328125,0.7274169921875],""received_at_ms"":1788503987887,""valid"":true,""status"":""STALE"",""error"":""Torque sample age 27120 ms exceeds 1500 ms"",""source"":""/left_jaka_driver/joint_torque_raw"",""age_ms"":27120,""fresh"":false},""right"":{""values"":[111.13329938671086,3.143164023058489,-2.6630859375,4.29052734375,-0.03082275390625,0.09246826171875],""received_at_ms"":1788503987893,""valid"":true,""status"":""STALE"",""error"":""Torque sample age 27114 ms exceeds 1500 ms"",""source"":""/right_jaka_driver/joint_torque_raw"",""age_ms"":27114,""fresh"":false}}"
262,1788504015109,RUNNING,24.528000000000002,"{""left"":{""valid"":true,""status"":""VALID"",""sample_index"":1022,""time_from_start_s"":24.528000000000002,""joints_rad"":[3.0001739131386906,0.37941841392061426,-0.8695653054064197,1.5049681329115043,-0.13264413742855777,1.3089706049140812],""source"":""LATEST SUCCESSFUL PHASE5 SERVO_J COMMAND \u2014 DRIVER MEMORY"",""error"":null},""right"":{""valid"":true,""status"":""VALID"",""sample_index"":1022,""time_from_start_s"":24.528000000000002,""joints_rad"":[0.1466003295842754,2.7172771113789698,1.0690885462394146,-1.4834227985465231,3.261375551439945,2.4216284114577293],""source"":""LATEST SUCCESSFUL PHASE5 SERVO_J COMMAND \u2014 DRIVER MEMORY"",""error"":null}}","{""left"":{""valid"":true,""fresh"":true,""status"":""FRESH"",""joints_rad"":[2.999735782646198,0.37380693974343676,-0.8552294849014422,1.5056468510093775,-0.1334234399979585,1.325422232586266],""received_at_ms"":1788504015024,""age_ms"":85,""source"":""jaka_port10000_actual_feedback"",""mapping"":""port10000_joint_actual_position_deg_to_rad"",""error"":null},""right"":{""valid"":true,""fresh"":true,""status"":""FRESH"",""joints_rad"":[0.1470645843656958,2.718964491344945,1.0647758092909838,-1.4834302058948914,3.2618933120078566,2.425101834390333],""received_at_ms"":1788504015041,""age_ms"":68,""source"":""jaka_port10000_actual_feedback"",""mapping"":""port10000_joint_actual_position_deg_to_rad"",""error"":null}}","{""left"":{""values"":[-112.36811382434098,-3.367675738991238,1.72607421875,-3.969970703125,-0.2589111328125,0.7274169921875],""received_at_ms"":1788503987887,""valid"":true,""status"":""STALE"",""error"":""Torque sample age 27222 ms exceeds 1500 ms"",""source"":""/left_jaka_driver/joint_torque_raw"",""age_ms"":27222,""fresh"":false},""right"":{""values"":[111.13329938671086,3.143164023058489,-2.6630859375,4.29052734375,-0.03082275390625,0.09246826171875],""received_at_ms"":1788503987893,""valid"":true,""status"":""STALE"",""error"":""Torque sample age 27216 ms exceeds 1500 ms"",""source"":""/right_jaka_driver/joint_torque_raw"",""age_ms"":27216,""fresh"":false}}"
263,1788504015219,RUNNING,24.624,"{""left"":{""valid"":true,""status"":""VALID"",""sample_index"":1026,""time_from_start_s"":24.624,""joints_rad"":[3.0004037570927746,0.3823003835392197,-0.8768513655040646,1.504609330825562,-0.13223063368997634,1.3006210109614855],""source"":""LATEST SUCCESSFUL PHASE5 SERVO_J COMMAND \u2014 DRIVER MEMORY"",""error"":null},""right"":{""valid"":true,""status"":""VALID"",""sample_index"":1026,""time_from_start_s"":24.624,""joints_rad"":[0.14632488158314355,2.7162176709668047,1.0718323671178058,-1.4834207792314282,3.2610472371388783,2.4195495753934346],""source"":""LATEST SUCCESSFUL PHASE5 SERVO_J COMMAND \u2014 DRIVER MEMORY"",""error"":null}}","{""left"":{""valid"":true,""fresh"":true,""status"":""FRESH"",""joints_rad"":[2.9999993273632493,0.377282413882933,-0.8639659050052251,1.5052274483901231,-0.13299199460686553,1.3162782781021425],""received_at_ms"":1788504015141,""age_ms"":78,""source"":""jaka_port10000_actual_feedback"",""mapping"":""port10000_joint_actual_position_deg_to_rad"",""error"":null},""right"":{""valid"":true,""fresh"":true,""status"":""FRESH"",""joints_rad"":[0.14689668369165396,2.718257458464962,1.0666214949749677,-1.4834181631230525,3.2616655465404714,2.423687768630367],""received_at_ms"":1788504015157,""age_ms"":62,""source"":""jaka_port10000_actual_feedback"",""mapping"":""port10000_joint_actual_position_deg_to_rad"",""error"":null}}","{""left"":{""values"":[-112.36811382434098,-3.367675738991238,1.72607421875,-3.969970703125,-0.2589111328125,0.7274169921875],""received_at_ms"":1788503987887,""valid"":true,""status"":""STALE"",""error"":""Torque sample age 27332 ms exceeds 1500 ms"",""source"":""/left_jaka_driver/joint_torque_raw"",""age_ms"":27332,""fresh"":false},""right"":{""values"":[111.13329938671086,3.143164023058489,-2.6630859375,4.29052734375,-0.03082275390625,0.09246826171875],""received_at_ms"":1788503987893,""valid"":true,""status"":""STALE"",""error"":""Torque sample age 27326 ms exceeds 1500 ms"",""source"":""/right_jaka_driver/joint_torque_raw"",""age_ms"":27326,""fresh"":false}}"
264,1788504015309,RUNNING,24.72,"{""left"":{""valid"":true,""status"":""VALID"",""sample_index"":1030,""time_from_start_s"":24.72,""joints_rad"":[3.000639145940482,0.38497600479025174,-0.8836300058449849,1.5042579249905434,-0.13180587873582508,1.2928007342248213],""source"":""LATEST SUCCESSFUL PHASE5 SERVO_J COMMAND \u2014 DRIVER MEMORY"",""error"":null},""right"":{""valid"":true,""status"":""VALID"",""sample_index"":1030,""time_from_start_s"":24.72,""joints_rad"":[0.14603000381835185,2.7151753232942237,1.0745317675736397,-1.4834195038273523,3.2606894220390172,2.4176096713337767],""source"":""LATEST SUCCESSFUL PHASE5 SERVO_J COMMAND \u2014 DRIVER MEMORY"",""error"":null}}","{""left"":{""valid"":true,""fresh"":true,""status"":""FRESH"",""joints_rad"":[3.0001911390480434,0.3800267695987689,-0.8708089919364445,1.5049398181293945,-0.1325965029983636,1.30767345582396],""received_at_ms"":1788504015253,""age_ms"":56,""source"":""jaka_port10000_actual_feedback"",""mapping"":""port10000_joint_actual_position_deg_to_rad"",""error"":null},""right"":{""valid"":true,""fresh"":true,""status"":""FRESH"",""joints_rad"":[0.1465971851920117,2.7169990760742744,1.06985716087524,-1.4834181631230525,3.2613180514863993,2.421147092838239],""received_at_ms"":1788504015226,""age_ms"":83,""source"":""jaka_port10000_actual_feedback"",""mapping"":""port10000_joint_actual_position_deg_to_rad"",""error"":null}}","{""left"":{""values"":[-112.36811382434098,-3.367675738991238,1.72607421875,-3.969970703125,-0.2589111328125,0.7274169921875],""received_at_ms"":1788503987887,""valid"":true,""status"":""STALE"",""error"":""Torque sample age 27422 ms exceeds 1500 ms"",""source"":""/left_jaka_driver/joint_torque_raw"",""age_ms"":27422,""fresh"":false},""right"":{""values"":[111.13329938671086,3.143164023058489,-2.6630859375,4.29052734375,-0.03082275390625,0.09246826171875],""received_at_ms"":1788503987893,""valid"":true,""status"":""STALE"",""error"":""Torque sample age 27416 ms exceeds 1500 ms"",""source"":""/right_jaka_driver/joint_torque_raw"",""age_ms"":27416,""fresh"":false}}"
265,1788504015410,RUNNING,24.84,"{""left"":{""valid"":true,""status"":""VALID"",""sample_index"":1035,""time_from_start_s"":24.84,""joints_rad"":[3.0009405475645394,0.3880498172819012,-0.8914375925150266,1.503825782444778,-0.13126054921916444,1.28371681697364],""source"":""LATEST SUCCESSFUL PHASE5 SERVO_J COMMAND \u2014 DRIVER MEMORY"",""error"":null},""right"":{""valid"":true,""status"":""VALID"",""sample_index"":1035,""time_from_start_s"":24.84,""joints_rad"":[0.14563588707612637,2.713894007515931,1.0778487488670183,-1.4834187322098198,3.2602032189760664,2.4153684452980855],""source"":""LATEST SUCCESSFUL PHASE5 SERVO_J COMMAND \u2014 DRIVER MEMORY"",""error"":null}}","{""left"":{""valid"":true,""fresh"":true,""status"":""FRESH"",""joints_rad"":[3.000598673428384,0.3850480818567566,-0.8837518300704588,1.5042806072709163,-0.1317936515424462,1.292669209310415],""received_at_ms"":1788504015395,""age_ms"":15,""source"":""jaka_port10000_actual_feedback"",""mapping"":""port10000_joint_actual_position_deg_to_rad"",""error"":null},""right"":{""valid"":true,""fresh"":true,""status"":""FRESH"",""joints_rad"":[0.1463215977031218,2.715944548140219,1.0725776055803236,-1.4834181631230525,3.261054332236423,2.4191816775675683],""received_at_ms"":1788504015318,""age_ms"":92,""source"":""jaka_port10000_actual_feedback"",""mapping"":""port10000_joint_actual_position_deg_to_rad"",""error"":null}}","{""left"":{""values"":[-112.36811382434098,-3.367675738991238,1.72607421875,-3.969970703125,-0.2589111328125,0.7274169921875],""received_at_ms"":1788503987887,""valid"":true,""status"":""STALE"",""error"":""Torque sample age 27523 ms exceeds 1500 ms"",""source"":""/left_jaka_driver/joint_torque_raw"",""age_ms"":27523,""fresh"":false},""right"":{""values"":[111.13329938671086,3.143164023058489,-2.6630859375,4.29052734375,-0.03082275390625,0.09246826171875],""received_at_ms"":1788503987893,""valid"":true,""status"":""STALE"",""error"":""Torque sample age 27517 ms exceeds 1500 ms"",""source"":""/right_jaka_driver/joint_torque_raw"",""age_ms"":27517,""fresh"":false}}"
266,1788504015510,RUNNING,24.936,"{""left"":{""valid"":true,""status"":""VALID"",""sample_index"":1039,""time_from_start_s"":24.936,""joints_rad"":[3.001186103398212,0.3903396631789987,-0.8972691835159184,1.5034841399251024,-0.1308155303054942,1.2768758151493766],""source"":""LATEST SUCCESSFUL PHASE5 SERVO_J COMMAND \u2014 DRIVER MEMORY"",""error"":null},""right"":{""valid"":true,""status"":""VALID"",""sample_index"":1039,""time_from_start_s"":24.936,""joints_rad"":[0.14530489559472587,2.7128819014771866,1.0804675599437448,-1.4834185555519435,3.2597902273127772,2.4136889359813187],""source"":""LATEST SUCCESSFUL PHASE5 SERVO_J COMMAND \u2014 DRIVER MEMORY"",""error"":null}}","{""left"":{""valid"":true,""fresh"":true,""status"":""FRESH"",""joints_rad"":[3.000598673428384,0.3850480818567566,-0.8837518300704588,1.5042806072709163,-0.1317936515424462,1.292669209310415],""received_at_ms"":1788504015395,""age_ms"":115,""source"":""jaka_port10000_actual_feedback"",""mapping"":""port10000_joint_actual_position_deg_to_rad"",""error"":null},""right"":{""valid"":true,""fresh"":true,""status"":""FRESH"",""joints_rad"":[0.14609383223573655,2.7151415221513764,1.074602885644338,-1.4834181631230525,3.260730748193103,2.4177196152531724],""received_at_ms"":1788504015411,""age_ms"":99,""source"":""jaka_port10000_actual_feedback"",""mapping"":""port10000_joint_actual_position_deg_to_rad"",""error"":null}}","{""left"":{""values"":[-112.36811382434098,-3.367675738991238,1.72607421875,-3.969970703125,-0.2589111328125,0.7274169921875],""received_at_ms"":1788503987887,""valid"":true,""status"":""STALE"",""error"":""Torque sample age 27623 ms exceeds 1500 ms"",""source"":""/left_jaka_driver/joint_torque_raw"",""age_ms"":27623,""fresh"":false},""right"":{""values"":[111.13329938671086,3.143164023058489,-2.6630859375,4.29052734375,-0.03082275390625,0.09246826171875],""received_at_ms"":1788503987893,""valid"":true,""status"":""STALE"",""error"":""Torque sample age 27617 ms exceeds 1500 ms"",""source"":""/right_jaka_driver/joint_torque_raw"",""age_ms"":27617,""fresh"":false}}"
267,1788504015610,RUNNING,25.032,"{""left"":{""valid"":true,""status"":""VALID"",""sample_index"":1043,""time_from_start_s"":25.032,""joints_rad"":[3.00143367190086,0.3925527368235755,-0.9029165107200902,1.5031459340037454,-0.13036673520699052,1.27021685381737],""source"":""LATEST SUCCESSFUL PHASE5 SERVO_J COMMAND \u2014 DRIVER MEMORY"",""error"":null},""right"":{""valid"":true,""status"":""VALID"",""sample_index"":1043,""time_from_start_s"":25.032,""joints_rad"":[0.14496740925694884,2.7118750557880533,1.0830721054393426,-1.4834185503659303,3.259367272466849,2.412056506485817],""source"":""LATEST SUCCESSFUL PHASE5 SERVO_J COMMAND \u2014 DRIVER MEMORY"",""error"":null}}","{""left"":{""valid"":true,""fresh"":true,""status"":""FRESH"",""joints_rad"":[3.0008622181454347,0.38772070454033547,-0.8906668245668603,1.5039451549886829,-0.1313021668250846,1.284723772423636],""received_at_ms"":1788504015521,""age_ms"":89,""source"":""jaka_port10000_actual_feedback"",""mapping"":""port10000_joint_actual_position_deg_to_rad"",""error"":null},""right"":{""valid"":true,""fresh"":true,""status"":""FRESH"",""joints_rad"":[0.1453986675946672,2.7129485159462456,1.0804033128804158,-1.4834181631230525,3.2598680319438427,2.4138846032877654],""received_at_ms"":1788504015595,""age_ms"":15,""source"":""jaka_port10000_actual_feedback"",""mapping"":""port10000_joint_actual_position_deg_to_rad"",""error"":null}}","{""left"":{""values"":[-112.36811382434098,-3.367675738991238,1.72607421875,-3.969970703125,-0.2589111328125,0.7274169921875],""received_at_ms"":1788503987887,""valid"":true,""status"":""STALE"",""error"":""Torque sample age 27723 ms exceeds 1500 ms"",""source"":""/left_jaka_driver/joint_torque_raw"",""age_ms"":27723,""fresh"":false},""right"":{""values"":[111.13329938671086,3.143164023058489,-2.6630859375,4.29052734375,-0.03082275390625,0.09246826171875],""received_at_ms"":1788503987893,""valid"":true,""status"":""STALE"",""error"":""Torque sample age 27717 ms exceeds 1500 ms"",""source"":""/right_jaka_driver/joint_torque_raw"",""age_ms"":27717,""fresh"":false}}"
268,1788504015731,RUNNING,25.128,"{""left"":{""valid"":true,""status"":""VALID"",""sample_index"":1047,""time_from_start_s"":25.128,""joints_rad"":[3.0016817393064863,0.3947473140139823,-0.9085250602615889,1.5028115679384173,-0.12991724042943867,1.2635849274150173],""source"":""LATEST SUCCESSFUL PHASE5 SERVO_J COMMAND \u2014 DRIVER MEMORY"",""error"":null},""right"":{""valid"":true,""status"":""VALID"",""sample_index"":1048,""time_from_start_s"":25.152,""joints_rad"":[0.1445447745602317,2.7106176856960125,1.0863250923926178,-1.4834194381688706,3.2588375345868976,2.4100204284523463],""source"":""LATEST SUCCESSFUL PHASE5 SERVO_J COMMAND \u2014 DRIVER MEMORY"",""error"":null}}","{""left"":{""valid"":true,""fresh"":true,""status"":""FRESH"",""joints_rad"":[3.001425610427979,0.39290974293943987,-0.9036576592553045,1.5031302607609267,-0.13030750368437305,1.2690844005952904],""received_at_ms"":1788504015715,""age_ms"":16,""source"":""jaka_port10000_actual_feedback"",""mapping"":""port10000_joint_actual_position_deg_to_rad"",""error"":null},""right"":{""valid"":true,""fresh"":true,""status"":""FRESH"",""joints_rad"":[0.14517107666020715,2.7122653940770154,1.0821650482273788,-1.4834302058948914,3.259568358911275,2.412734256777776],""received_at_ms"":1788504015666,""age_ms"":65,""source"":""jaka_port10000_actual_feedback"",""mapping"":""port10000_joint_actual_position_deg_to_rad"",""error"":null}}","{""left"":{""values"":[-112.36811382434098,-3.367675738991238,1.72607421875,-3.969970703125,-0.2589111328125,0.7274169921875],""received_at_ms"":1788503987887,""valid"":true,""status"":""STALE"",""error"":""Torque sample age 27844 ms exceeds 1500 ms"",""source"":""/left_jaka_driver/joint_torque_raw"",""age_ms"":27844,""fresh"":false},""right"":{""values"":[111.13329938671086,3.143164023058489,-2.6630859375,4.29052734375,-0.03082275390625,0.09246826171875],""received_at_ms"":1788503987893,""valid"":true,""status"":""STALE"",""error"":""Torque sample age 27838 ms exceeds 1500 ms"",""source"":""/right_jaka_driver/joint_torque_raw"",""age_ms"":27838,""fresh"":false}}"
269,1788504015814,RUNNING,25.224,"{""left"":{""valid"":true,""status"":""VALID"",""sample_index"":1051,""time_from_start_s"":25.224,""joints_rad"":[3.001930137033125,0.39692885205744544,-0.9141075143161419,1.5024807781056575,-0.12946730447797697,1.2569666090888085],""source"":""LATEST SUCCESSFUL PHASE5 SERVO_J COMMAND \u2014 DRIVER MEMORY"",""error"":null},""right"":{""valid"":true,""status"":""VALID"",""sample_index"":1051,""time_from_start_s"":25.224,""joints_rad"":[0.14429105463532413,2.7098642890093427,1.0882750033290582,-1.4834213166097774,3.258519718446235,2.408797920289076],""source"":""LATEST SUCCESSFUL PHASE5 SERVO_J COMMAND \u2014 DRIVER MEMORY"",""error"":null}}","{""left"":{""valid"":true,""fresh"":true,""status"":""FRESH"",""joints_rad"":[3.0016172475798477,0.3945636169386297,-0.9077921697203538,1.5028904525217028,-0.12993609761954866,1.2639311414458518],""received_at_ms"":1788504015789,""age_ms"":25,""source"":""jaka_port10000_actual_feedback"",""mapping"":""port10000_joint_actual_position_deg_to_rad"",""error"":null},""right"":{""valid"":true,""fresh"":true,""status"":""FRESH"",""joints_rad"":[0.14485953538872615,2.7114384570774206,1.0843221006499186,-1.4834181631230525,3.2591608245309347,2.411403966821906],""received_at_ms"":1788504015779,""age_ms"":35,""source"":""jaka_port10000_actual_feedback"",""mapping"":""port10000_joint_actual_position_deg_to_rad"",""error"":null}}","{""left"":{""values"":[-112.36811382434098,-3.367675738991238,1.72607421875,-3.969970703125,-0.2589111328125,0.7274169921875],""received_at_ms"":1788503987887,""valid"":true,""status"":""STALE"",""error"":""Torque sample age 27927 ms exceeds 1500 ms"",""source"":""/left_jaka_driver/joint_torque_raw"",""age_ms"":27927,""fresh"":false},""right"":{""values"":[111.13329938671086,3.143164023058489,-2.6630859375,4.29052734375,-0.03082275390625,0.09246826171875],""received_at_ms"":1788503987893,""valid"":true,""status"":""STALE"",""error"":""Torque sample age 27921 ms exceeds 1500 ms"",""source"":""/right_jaka_driver/joint_torque_raw"",""age_ms"":27921,""fresh"":false}}"
270,1788504015915,RUNNING,25.344,"{""left"":{""valid"":true,""status"":""VALID"",""sample_index"":1056,""time_from_start_s"":25.344,""joints_rad"":[3.0022410679774016,0.3996375585076202,-0.9210480962666576,1.502071934872683,-0.1289042373821148,1.248713848102432],""source"":""LATEST SUCCESSFUL PHASE5 SERVO_J COMMAND \u2014 DRIVER MEMORY"",""error"":null},""right"":{""valid"":true,""status"":""VALID"",""sample_index"":1056,""time_from_start_s"":25.344,""joints_rad"":[0.1438677974920974,2.708611523220876,1.0915196946072399,-1.4834279498870555,3.2579901013950114,2.406758119857141],""source"":""LATEST SUCCESSFUL PHASE5 SERVO_J COMMAND \u2014 DRIVER MEMORY"",""error"":null}}","{""left"":{""valid"":true,""fresh"":true,""status"":""FRESH"",""joints_rad"":[3.0018090592646423,0.3963731743070974,-0.9124420759135171,1.502578911250222,-0.1295524742499603,1.2585382485901146],""received_at_ms"":1788504015910,""age_ms"":5,""source"":""jaka_port10000_actual_feedback"",""mapping"":""port10000_joint_actual_position_deg_to_rad"",""error"":null},""right"":{""valid"":true,""fresh"":true,""status"":""FRESH"",""joints_rad"":[0.1445118658017289,2.710359843599688,1.0871264956920232,-1.4834302058948914,3.2586815571183365,2.409630188703104],""received_at_ms"":1788504015848,""age_ms"":67,""source"":""jaka_port10000_actual_feedback"",""mapping"":""port10000_joint_actual_position_deg_to_rad"",""error"":null}}","{""left"":{""values"":[-112.36811382434098,-3.367675738991238,1.72607421875,-3.969970703125,-0.2589111328125,0.7274169921875],""received_at_ms"":1788503987887,""valid"":true,""status"":""STALE"",""error"":""Torque sample age 28028 ms exceeds 1500 ms"",""source"":""/left_jaka_driver/joint_torque_raw"",""age_ms"":28028,""fresh"":false},""right"":{""values"":[111.13329938671086,3.143164023058489,-2.6630859375,4.29052734375,-0.03082275390625,0.09246826171875],""received_at_ms"":1788503987893,""valid"":true,""status"":""STALE"",""error"":""Torque sample age 28022 ms exceeds 1500 ms"",""source"":""/right_jaka_driver/joint_torque_raw"",""age_ms"":28022,""fresh"":false}}"
271,1788504016022,RUNNING,25.44,"{""left"":{""valid"":true,""status"":""VALID"",""sample_index"":1060,""time_from_start_s"":25.44,""joints_rad"":[3.0024901486887154,0.4017900738272307,-0.9265703882469994,1.5017483836960102,-0.12845325554354142,1.2421281021923691],""source"":""LATEST SUCCESSFUL PHASE5 SERVO_J COMMAND \u2014 DRIVER MEMORY"",""error"":null},""right"":{""valid"":true,""status"":""VALID"",""sample_index"":1060,""time_from_start_s"":25.44,""joints_rad"":[0.14352872379636777,2.707612798176441,1.094109405657443,-1.4834371348242081,3.2575665015720547,2.405123691376072],""source"":""LATEST SUCCESSFUL PHASE5 SERVO_J COMMAND \u2014 DRIVER MEMORY"",""error"":null}}","{""left"":{""valid"":true,""fresh"":true,""status"":""FRESH"",""joints_rad"":[3.0021085577642843,0.3989379356429031,-0.9189135822469869,1.502219373424311,-0.12909711784811498,1.2507364523007747],""received_at_ms"":1788504015984,""age_ms"":38,""source"":""jaka_port10000_actual_feedback"",""mapping"":""port10000_joint_actual_position_deg_to_rad"",""error"":null},""right"":{""valid"":true,""fresh"":true,""status"":""FRESH"",""joints_rad"":[0.1441764135194956,2.709329226676385,1.0897629900600858,-1.4834302058948914,3.2582979337487488,2.4079644464650003],""received_at_ms"":1788504015951,""age_ms"":71,""source"":""jaka_port10000_actual_feedback"",""mapping"":""port10000_joint_actual_position_deg_to_rad"",""error"":null}}","{""left"":{""values"":[-112.36811382434098,-3.367675738991238,1.72607421875,-3.969970703125,-0.2589111328125,0.7274169921875],""received_at_ms"":1788503987887,""valid"":true,""status"":""STALE"",""error"":""Torque sample age 28135 ms exceeds 1500 ms"",""source"":""/left_jaka_driver/joint_torque_raw"",""age_ms"":28135,""fresh"":false},""right"":{""values"":[111.13329938671086,3.143164023058489,-2.6630859375,4.29052734375,-0.03082275390625,0.09246826171875],""received_at_ms"":1788503987893,""valid"":true,""status"":""STALE"",""error"":""Torque sample age 28129 ms exceeds 1500 ms"",""source"":""/right_jaka_driver/joint_torque_raw"",""age_ms"":28129,""fresh"":false}}"
272,1788504016117,RUNNING,25.536,"{""left"":{""valid"":true,""status"":""VALID"",""sample_index"":1064,""time_from_start_s"":25.536,""joints_rad"":[3.002739528712022,0.40392987476488545,-0.9320660411399927,1.5014278844303621,-0.12800180349305493,1.2355569561428295],""source"":""LATEST SUCCESSFUL PHASE5 SERVO_J COMMAND \u2014 DRIVER MEMORY"",""error"":null},""right"":{""valid"":true,""status"":""VALID"",""sample_index"":1064,""time_from_start_s"":25.536,""joints_rad"":[0.14318913602869002,2.706617926120813,1.0966926448489425,-1.4834502062903807,3.257143007325499,2.4034865981260802],""source"":""LATEST SUCCESSFUL PHASE5 SERVO_J COMMAND \u2014 DRIVER MEMORY"",""error"":null}}","{""left"":{""valid"":true,""fresh"":true,""status"":""FRESH"",""joints_rad"":[3.00228832667724,0.4004837737613945,-0.9230721782557137,1.5019676969461735,-0.12872553725036537,1.2458949089557425],""received_at_ms"":1788504016050,""age_ms"":67,""source"":""jaka_port10000_actual_feedback"",""mapping"":""port10000_joint_actual_position_deg_to_rad"",""error"":null},""right"":{""valid"":true,""fresh"":true,""status"":""FRESH"",""joints_rad"":[0.14385282947617584,2.7084185138726946,1.0921238969392586,-1.4834061203512137,3.2579504386946763,2.4064903413787664],""received_at_ms"":1788504016026,""age_ms"":91,""source"":""jaka_port10000_actual_feedback"",""mapping"":""port10000_joint_actual_position_deg_to_rad"",""error"":null}}","{""left"":{""values"":[-112.36811382434098,-3.367675738991238,1.72607421875,-3.969970703125,-0.2589111328125,0.7274169921875],""received_at_ms"":1788503987887,""valid"":true,""status"":""STALE"",""error"":""Torque sample age 28230 ms exceeds 1500 ms"",""source"":""/left_jaka_driver/joint_torque_raw"",""age_ms"":28230,""fresh"":false},""right"":{""values"":[111.13329938671086,3.143164023058489,-2.6630859375,4.29052734375,-0.03082275390625,0.09246826171875],""received_at_ms"":1788503987893,""valid"":true,""status"":""STALE"",""error"":""Torque sample age 28224 ms exceeds 1500 ms"",""source"":""/right_jaka_driver/joint_torque_raw"",""age_ms"":28224,""fresh"":false}}"
273,1788504016221,RUNNING,25.632,"{""left"":{""valid"":true,""status"":""VALID"",""sample_index"":1068,""time_from_start_s"":25.632,""joints_rad"":[3.0029892170291577,0.40605709712455956,-0.9375354963871745,1.501110434996028,-0.12754988732364453,1.2290001033427826],""source"":""LATEST SUCCESSFUL PHASE5 SERVO_J COMMAND \u2014 DRIVER MEMORY"",""error"":null},""right"":{""valid"":true,""status"":""VALID"",""sample_index"":1068,""time_from_start_s"":25.632,""joints_rad"":[0.14284895744671072,2.7056275057790407,1.0992686234544315,-1.4834673430407184,3.2567196371210363,2.4018466337737063],""source"":""LATEST SUCCESSFUL PHASE5 SERVO_J COMMAND \u2014 DRIVER MEMORY"",""error"":null}}","{""left"":{""valid"":true,""fresh"":true,""status"":""FRESH"",""joints_rad"":[3.002587999709807,0.4030244495535226,-0.9295555528280972,1.5016081591202626,-0.12823422706592896,1.238188931242337],""received_at_ms"":1788504016164,""age_ms"":57,""source"":""jaka_port10000_actual_feedback"",""mapping"":""port10000_joint_actual_position_deg_to_rad"",""error"":null},""right"":{""valid"":true,""fresh"":true,""status"":""FRESH"",""joints_rad"":[0.14322957240028866,2.706596913732388,1.0967258065779921,-1.4834061203512137,3.2571594554776726,2.403362536826267],""received_at_ms"":1788504016205,""age_ms"":16,""source"":""jaka_port10000_actual_feedback"",""mapping"":""port10000_joint_actual_position_deg_to_rad"",""error"":null}}","{""left"":{""values"":[-112.36811382434098,-3.367675738991238,1.72607421875,-3.969970703125,-0.2589111328125,0.7274169921875],""received_at_ms"":1788503987887,""valid"":true,""status"":""STALE"",""error"":""Torque sample age 28334 ms exceeds 1500 ms"",""source"":""/left_jaka_driver/joint_torque_raw"",""age_ms"":28334,""fresh"":false},""right"":{""values"":[111.13329938671086,3.143164023058489,-2.6630859375,4.29052734375,-0.03082275390625,0.09246826171875],""received_at_ms"":1788503987893,""valid"":true,""status"":""STALE"",""error"":""Torque sample age 28328 ms exceeds 1500 ms"",""source"":""/right_jaka_driver/joint_torque_raw"",""age_ms"":28328,""fresh"":false}}"
274,1788504016326,RUNNING,25.752,"{""left"":{""valid"":true,""status"":""VALID"",""sample_index"":1073,""time_from_start_s"":25.752,""joints_rad"":[3.0033017851853967,0.40869866259158105,-0.9443364905488254,1.5007179994101179,-0.1269843572643154,1.2208233235461807],""source"":""LATEST SUCCESSFUL PHASE5 SERVO_J COMMAND \u2014 DRIVER MEMORY"",""error"":null},""right"":{""valid"":true,""status"":""VALID"",""sample_index"":1073,""time_from_start_s"":25.752,""joints_rad"":[0.14242280755432807,2.704396502806812,1.1024775114207421,-1.483494455478943,3.2561906235333304,2.399792501724266],""source"":""LATEST SUCCESSFUL PHASE5 SERVO_J COMMAND \u2014 DRIVER MEMORY"",""error"":null}}","{""left"":{""valid"":true,""fresh"":true,""status"":""FRESH"",""joints_rad"":[3.002755725850924,0.40464236977012136,-0.9336661522823942,1.5013564826421248,-0.12786282100110458,1.233347387897305],""received_at_ms"":1788504016280,""age_ms"":46,""source"":""jaka_port10000_actual_feedback"",""mapping"":""port10000_joint_actual_position_deg_to_rad"",""error"":null},""right"":{""valid"":true,""fresh"":true,""status"":""FRESH"",""joints_rad"":[0.14301384970474215,2.7059497456457486,1.0983437267945908,-1.4834061203512137,3.2568959107606212,2.4022479695659436],""received_at_ms"":1788504016276,""age_ms"":50,""source"":""jaka_port10000_actual_feedback"",""mapping"":""port10000_joint_actual_position_deg_to_rad"",""error"":null}}","{""left"":{""values"":[-112.36811382434098,-3.367675738991238,1.72607421875,-3.969970703125,-0.2589111328125,0.7274169921875],""received_at_ms"":1788503987887,""valid"":true,""status"":""STALE"",""error"":""Torque sample age 28439 ms exceeds 1500 ms"",""source"":""/left_jaka_driver/joint_torque_raw"",""age_ms"":28439,""fresh"":false},""right"":{""values"":[111.13329938671086,3.143164023058489,-2.6630859375,4.29052734375,-0.03082275390625,0.09246826171875],""received_at_ms"":1788503987893,""valid"":true,""status"":""STALE"",""error"":""Torque sample age 28433 ms exceeds 1500 ms"",""source"":""/right_jaka_driver/joint_torque_raw"",""age_ms"":28433,""fresh"":false}}"
275,1788504016421,RUNNING,25.848,"{""left"":{""valid"":true,""status"":""VALID"",""sample_index"":1077,""time_from_start_s"":25.848,""joints_rad"":[3.0035522320597496,0.4107981375286202,-0.9497496565281015,1.5004076799006842,-0.12653144506665412,1.2142964561996639],""source"":""LATEST SUCCESSFUL PHASE5 SERVO_J COMMAND \u2014 DRIVER MEMORY"",""error"":null},""right"":{""valid"":true,""status"":""VALID"",""sample_index"":1077,""time_from_start_s"":25.848,""joints_rad"":[0.14208108654842436,2.7034178058056186,1.105035299003654,-1.4835204766223113,3.2557675888107034,2.398145866405944],""source"":""LATEST SUCCESSFUL PHASE5 SERVO_J COMMAND \u2014 DRIVER MEMORY"",""error"":null}}","{""left"":{""valid"":true,""fresh"":true,""status"":""FRESH"",""joints_rad"":[3.0032472105682855,0.4087529692244184,-0.9442123042875699,1.5007693538817541,-0.12703588400150967,1.2207998668388673],""received_at_ms"":1788504016420,""age_ms"":1,""source"":""jaka_port10000_actual_feedback"",""mapping"":""port10000_joint_actual_position_deg_to_rad"",""error"":null},""right"":{""valid"":true,""fresh"":true,""status"":""FRESH"",""joints_rad"":[0.14264244363991777,2.7048472211572636,1.101183901086361,-1.4834181631230525,3.2563684722606685,2.4005342307734105],""received_at_ms"":1788504016385,""age_ms"":36,""source"":""jaka_port10000_actual_feedback"",""mapping"":""port10000_joint_actual_position_deg_to_rad"",""error"":null}}","{""left"":{""values"":[-112.36811382434098,-3.367675738991238,1.72607421875,-3.969970703125,-0.2589111328125,0.7274169921875],""received_at_ms"":1788503987887,""valid"":true,""status"":""STALE"",""error"":""Torque sample age 28534 ms exceeds 1500 ms"",""source"":""/left_jaka_driver/joint_torque_raw"",""age_ms"":28534,""fresh"":false},""right"":{""values"":[111.13329938671086,3.143164023058489,-2.6630859375,4.29052734375,-0.03082275390625,0.09246826171875],""received_at_ms"":1788503987893,""valid"":true,""status"":""STALE"",""error"":""Torque sample age 28528 ms exceeds 1500 ms"",""source"":""/right_jaka_driver/joint_torque_raw"",""age_ms"":28528,""fresh"":false}}"
276,1788504016523,RUNNING,25.944,"{""left"":{""valid"":true,""status"":""VALID"",""sample_index"":1081,""time_from_start_s"":25.944,""joints_rad"":[3.003803055457304,0.4128855440038261,-0.9551393230044875,1.5001007387819891,-0.12607812015076014,1.207781605049869],""source"":""LATEST SUCCESSFUL PHASE5 SERVO_J COMMAND \u2014 DRIVER MEMORY"",""error"":null},""right"":{""valid"":true,""status"":""VALID"",""sample_index"":1081,""time_from_start_s"":25.944,""joints_rad"":[0.1417386154052409,2.7024448580958365,1.1075845999153706,-1.4835500033315379,3.2553447227382866,2.396496375592998],""source"":""LATEST SUCCESSFUL PHASE5 SERVO_J COMMAND \u2014 DRIVER MEMORY"",""error"":null}}","{""left"":{""valid"":true,""fresh"":true,""status"":""FRESH"",""joints_rad"":[3.0032472105682855,0.4087529692244184,-0.9442123042875699,1.5007693538817541,-0.12703588400150967,1.2207998668388673],""received_at_ms"":1788504016420,""age_ms"":103,""source"":""jaka_port10000_actual_feedback"",""mapping"":""port10000_joint_actual_position_deg_to_rad"",""error"":null},""right"":{""valid"":true,""fresh"":true,""status"":""FRESH"",""joints_rad"":[0.14234277060735034,2.7040321523965822,1.103353170813665,-1.4834302058948914,3.2560330199784353,2.399192072578627],""received_at_ms"":1788504016453,""age_ms"":70,""source"":""jaka_port10000_actual_feedback"",""mapping"":""port10000_joint_actual_position_deg_to_rad"",""error"":null}}","{""left"":{""values"":[-112.36811382434098,-3.367675738991238,1.72607421875,-3.969970703125,-0.2589111328125,0.7274169921875],""received_at_ms"":1788503987887,""valid"":true,""status"":""STALE"",""error"":""Torque sample age 28636 ms exceeds 1500 ms"",""source"":""/left_jaka_driver/joint_torque_raw"",""age_ms"":28636,""fresh"":false},""right"":{""values"":[111.13329938671086,3.143164023058489,-2.6630859375,4.29052734375,-0.03082275390625,0.09246826171875],""received_at_ms"":1788503987893,""valid"":true,""status"":""STALE"",""error"":""Torque sample age 28630 ms exceeds 1500 ms"",""source"":""/right_jaka_driver/joint_torque_raw"",""age_ms"":28630,""fresh"":false}}"
277,1788504016622,RUNNING,26.04,"{""left"":{""valid"":true,""status"":""VALID"",""sample_index"":1085,""time_from_start_s"":26.04,""joints_rad"":[3.0040542838256483,0.41496104982584026,-0.9605065549692493,1.499797341071605,-0.12562440434123265,1.2012778278729879],""source"":""LATEST SUCCESSFUL PHASE5 SERVO_J COMMAND \u2014 DRIVER MEMORY"",""error"":null},""right"":{""valid"":true,""status"":""VALID"",""sample_index"":1085,""time_from_start_s"":26.04,""joints_rad"":[0.14139537293671453,2.7014778527251377,1.1101254055036136,-1.4835826117988875,3.2549220336025035,2.3948441979990527],""source"":""LATEST SUCCESSFUL PHASE5 SERVO_J COMMAND \u2014 DRIVER MEMORY"",""error"":null}}","{""left"":{""valid"":true,""fresh"":true,""status"":""FRESH"",""joints_rad"":[3.003726477980883,0.41279166111353327,-0.9546385521731336,1.5001340540340282,-0.1261609504474849,1.2085281078022447],""received_at_ms"":1788504016602,""age_ms"":20,""source"":""jaka_port10000_actual_feedback"",""mapping"":""port10000_joint_actual_position_deg_to_rad"",""error"":null},""right"":{""valid"":true,""fresh"":true,""status"":""FRESH"",""joints_rad"":[0.14197119000960073,2.702953713451775,1.1061453485510053,-1.4834420741338048,3.255661439380686,2.397454248242416],""received_at_ms"":1788504016560,""age_ms"":62,""source"":""jaka_port10000_actual_feedback"",""mapping"":""port10000_joint_actual_position_deg_to_rad"",""error"":null}}","{""left"":{""values"":[-112.36811382434098,-3.367675738991238,1.72607421875,-3.969970703125,-0.2589111328125,0.7274169921875],""received_at_ms"":1788503987887,""valid"":true,""status"":""STALE"",""error"":""Torque sample age 28735 ms exceeds 1500 ms"",""source"":""/left_jaka_driver/joint_torque_raw"",""age_ms"":28735,""fresh"":false},""right"":{""values"":[111.13329938671086,3.143164023058489,-2.6630859375,4.29052734375,-0.03082275390625,0.09246826171875],""received_at_ms"":1788503987893,""valid"":true,""status"":""STALE"",""error"":""Torque sample age 28729 ms exceeds 1500 ms"",""source"":""/right_jaka_driver/joint_torque_raw"",""age_ms"":28729,""fresh"":false}}"
278,1788504016727,RUNNING,26.136,"{""left"":{""valid"":true,""status"":""VALID"",""sample_index"":1090,""time_from_start_s"":26.16,""joints_rad"":[3.0043689342211595,0.4175389526465088,-0.9671857270602953,1.4994233461827124,-0.12505674480118936,1.193162179156849],""source"":""LATEST SUCCESSFUL PHASE5 SERVO_J COMMAND \u2014 DRIVER MEMORY"",""error"":null},""right"":{""valid"":true,""status"":""VALID"",""sample_index"":1089,""time_from_start_s"":26.136,""joints_rad"":[0.14105135110719857,2.7005168825324866,1.112657860405081,-1.483617806594381,3.254499526801218,2.3931895572490887],""source"":""LATEST SUCCESSFUL PHASE5 SERVO_J COMMAND \u2014 DRIVER MEMORY"",""error"":null}}","{""left"":{""valid"":true,""fresh"":true,""status"":""FRESH"",""joints_rad"":[3.0038582503394085,0.41421776964533785,-0.9581859338778121,1.4999663278929114,-0.1258254981652516,1.2041777001087237],""received_at_ms"":1788504016672,""age_ms"":55,""source"":""jaka_port10000_actual_feedback"",""mapping"":""port10000_joint_actual_position_deg_to_rad"",""error"":null},""right"":{""valid"":true,""fresh"":true,""status"":""FRESH"",""joints_rad"":[0.1417076452925496,2.7022225950281147,1.1080748100390851,-1.4834420741338048,3.255301901554775,2.396171954840976],""received_at_ms"":1788504016630,""age_ms"":97,""source"":""jaka_port10000_actual_feedback"",""mapping"":""port10000_joint_actual_position_deg_to_rad"",""error"":null}}","{""left"":{""values"":[-112.36811382434098,-3.367675738991238,1.72607421875,-3.969970703125,-0.2589111328125,0.7274169921875],""received_at_ms"":1788503987887,""valid"":true,""status"":""STALE"",""error"":""Torque sample age 28840 ms exceeds 1500 ms"",""source"":""/left_jaka_driver/joint_torque_raw"",""age_ms"":28840,""fresh"":false},""right"":{""values"":[111.13329938671086,3.143164023058489,-2.6630859375,4.29052734375,-0.03082275390625,0.09246826171875],""received_at_ms"":1788503987893,""valid"":true,""status"":""STALE"",""error"":""Torque sample age 28834 ms exceeds 1500 ms"",""source"":""/right_jaka_driver/joint_torque_raw"",""age_ms"":28834,""fresh"":false}}"
279,1788504016825,RUNNING,26.256,"{""left"":{""valid"":true,""status"":""VALID"",""sample_index"":1094,""time_from_start_s"":26.256,""joints_rad"":[3.0046211828605136,0.4195882923917337,-0.9725065052577415,1.499128567533825,-0.12460223325579103,1.1866797224236905],""source"":""LATEST SUCCESSFUL PHASE5 SERVO_J COMMAND \u2014 DRIVER MEMORY"",""error"":null},""right"":{""valid"":true,""status"":""VALID"",""sample_index"":1094,""time_from_start_s"":26.256,""joints_rad"":[0.14062023694362302,2.6993241329132864,1.1158121347542382,-1.483664611848657,3.2539716529357547,2.391118200476435],""source"":""LATEST SUCCESSFUL PHASE5 SERVO_J COMMAND \u2014 DRIVER MEMORY"",""error"":null}}","{""left"":{""valid"":true,""fresh"":true,""status"":""FRESH"",""joints_rad"":[3.004169966143815,0.41642281862230746,-0.9639982293528037,1.4996427438495916,-0.12529805966529892,1.197047157449701],""received_at_ms"":1788504016785,""age_ms"":40,""source"":""jaka_port10000_actual_feedback"",""mapping"":""port10000_joint_actual_position_deg_to_rad"",""error"":null},""right"":{""valid"":true,""fresh"":true,""status"":""FRESH"",""joints_rad"":[0.14104843443407136,2.700317044550787,1.113180072634094,-1.4835260244708257,3.25452296110961,2.3928643813755217],""received_at_ms"":1788504016821,""age_ms"":4,""source"":""jaka_port10000_actual_feedback"",""mapping"":""port10000_joint_actual_position_deg_to_rad"",""error"":null}}","{""left"":{""values"":[-112.36811382434098,-3.367675738991238,1.72607421875,-3.969970703125,-0.2589111328125,0.7274169921875],""received_at_ms"":1788503987887,""valid"":true,""status"":""STALE"",""error"":""Torque sample age 28938 ms exceeds 1500 ms"",""source"":""/left_jaka_driver/joint_torque_raw"",""age_ms"":28938,""fresh"":false},""right"":{""values"":[111.13329938671086,3.143164023058489,-2.6630859375,4.29052734375,-0.03082275390625,0.09246826171875],""received_at_ms"":1788503987893,""valid"":true,""status"":""STALE"",""error"":""Torque sample age 28932 ms exceeds 1500 ms"",""source"":""/right_jaka_driver/joint_torque_raw"",""age_ms"":28932,""fresh"":false}}"
280,1788504016928,RUNNING,26.352,"{""left"":{""valid"":true,""status"":""VALID"",""sample_index"":1098,""time_from_start_s"":26.352,""joints_rad"":[3.004873931989022,0.4216262642790901,-0.9778083584164001,1.4988378941040543,-0.12414740403421999,1.1802051999647676],""source"":""LATEST SUCCESSFUL PHASE5 SERVO_J COMMAND \u2014 DRIVER MEMORY"",""error"":null},""right"":{""valid"":true,""status"":""VALID"",""sample_index"":1098,""time_from_start_s"":26.352,""joints_rad"":[0.14027450050626214,2.69837654994866,1.118327045063662,-1.4837036251820903,3.25354955988328,2.389459033345436],""source"":""LATEST SUCCESSFUL PHASE5 SERVO_J COMMAND \u2014 DRIVER MEMORY"",""error"":null}}","{""left"":{""valid"":true,""fresh"":true,""status"":""FRESH"",""joints_rad"":[3.0043856888393616,0.4181486001866795,-0.9682885977200562,1.4993671563607018,-0.12489069981788344,1.1915343604743516],""received_at_ms"":1788504016901,""age_ms"":27,""source"":""jaka_port10000_actual_feedback"",""mapping"":""port10000_joint_actual_position_deg_to_rad"",""error"":null},""right"":{""valid"":true,""fresh"":true,""status"":""FRESH"",""joints_rad"":[0.14078488971702022,2.6995981434318908,1.115133619665851,-1.4835740210252555,3.254163423283699,2.391593956212995],""received_at_ms"":1788504016893,""age_ms"":35,""source"":""jaka_port10000_actual_feedback"",""mapping"":""port10000_joint_actual_position_deg_to_rad"",""error"":null}}","{""left"":{""values"":[-112.36811382434098,-3.367675738991238,1.72607421875,-3.969970703125,-0.2589111328125,0.7274169921875],""received_at_ms"":1788503987887,""valid"":true,""status"":""STALE"",""error"":""Torque sample age 29041 ms exceeds 1500 ms"",""source"":""/left_jaka_driver/joint_torque_raw"",""age_ms"":29041,""fresh"":false},""right"":{""values"":[111.13329938671086,3.143164023058489,-2.6630859375,4.29052734375,-0.03082275390625,0.09246826171875],""received_at_ms"":1788503987893,""valid"":true,""status"":""STALE"",""error"":""Torque sample age 29035 ms exceeds 1500 ms"",""source"":""/right_jaka_driver/joint_torque_raw"",""age_ms"":29035,""fresh"":false}}"
281,1788504017029,RUNNING,26.448,"{""left"":{""valid"":true,""status"":""VALID"",""sample_index"":1102,""time_from_start_s"":26.448,""joints_rad"":[3.00512720738175,0.42365301806896877,-0.9830922272577559,1.4985514673530005,-0.12369227665516991,1.1737377743100308],""source"":""LATEST SUCCESSFUL PHASE5 SERVO_J COMMAND \u2014 DRIVER MEMORY"",""error"":null},""right"":{""valid"":true,""status"":""VALID"",""sample_index"":1102,""time_from_start_s"":26.448,""joints_rad"":[0.139928049798039,2.6974345899285495,1.12083499409429,-1.4837434430707988,3.2531276444873978,2.387798355591175],""source"":""LATEST SUCCESSFUL PHASE5 SERVO_J COMMAND \u2014 DRIVER MEMORY"",""error"":null}}","{""left"":{""valid"":true,""fresh"":true,""status"":""FRESH"",""joints_rad"":[3.0047211411215944,0.42074914077215103,-0.9749637839772337,1.499007618534791,-0.12433935030717842,1.1834330656853693],""received_at_ms"":1788504017000,""age_ms"":29,""source"":""jaka_port10000_actual_feedback"",""mapping"":""port10000_joint_actual_position_deg_to_rad"",""error"":null},""right"":{""valid"":true,""fresh"":true,""status"":""FRESH"",""joints_rad"":[0.14046130567370047,2.6986633450845225,1.1176502099143018,-1.48362184304676,3.2536960241100146,2.3898563064097096],""received_at_ms"":1788504017005,""age_ms"":24,""source"":""jaka_port10000_actual_feedback"",""mapping"":""port10000_joint_actual_position_deg_to_rad"",""error"":null}}","{""left"":{""values"":[-112.36811382434098,-3.367675738991238,1.72607421875,-3.969970703125,-0.2589111328125,0.7274169921875],""received_at_ms"":1788503987887,""valid"":true,""status"":""STALE"",""error"":""Torque sample age 29142 ms exceeds 1500 ms"",""source"":""/left_jaka_driver/joint_torque_raw"",""age_ms"":29142,""fresh"":false},""right"":{""values"":[111.13329938671086,3.143164023058489,-2.6630859375,4.29052734375,-0.03082275390625,0.09246826171875],""received_at_ms"":1788503987893,""valid"":true,""status"":""STALE"",""error"":""Torque sample age 29136 ms exceeds 1500 ms"",""source"":""/right_jaka_driver/joint_torque_raw"",""age_ms"":29136,""fresh"":false}}"
282,1788504017132,RUNNING,26.544,"{""left"":{""valid"":true,""status"":""VALID"",""sample_index"":1106,""time_from_start_s"":26.544,""joints_rad"":[3.0053810309676052,0.4256686920009865,-0.9883589145836934,1.4982693954895272,-0.12323686747339936,1.1672767402338935],""source"":""LATEST SUCCESSFUL PHASE5 SERVO_J COMMAND \u2014 DRIVER MEMORY"",""error"":null},""right"":{""valid"":true,""status"":""VALID"",""sample_index"":1106,""time_from_start_s"":26.544,""joints_rad"":[0.1395809330245566,2.696497899595273,1.1233366493640924,-1.4837835638585963,3.2527058977724996,2.386136482538067],""source"":""LATEST SUCCESSFUL PHASE5 SERVO_J COMMAND \u2014 DRIVER MEMORY"",""error"":null}}","{""left"":{""valid"":true,""fresh"":true,""status"":""FRESH"",""joints_rad"":[3.004960949360819,0.42279850637984273,-0.9803327658222186,1.4987199882740623,-0.12390790491608543,1.1767699222000307],""received_at_ms"":1788504017070,""age_ms"":62,""source"":""jaka_port10000_actual_feedback"",""mapping"":""port10000_joint_actual_position_deg_to_rad"",""error"":null},""right"":{""valid"":true,""fresh"":true,""status"":""FRESH"",""joints_rad"":[0.14013772163038068,2.6978004543023366,1.119951252000131,-1.4836577968293512,3.253300532501513,2.388418155106066],""received_at_ms"":1788504017115,""age_ms"":17,""source"":""jaka_port10000_actual_feedback"",""mapping"":""port10000_joint_actual_position_deg_to_rad"",""error"":null}}","{""left"":{""values"":[-112.36811382434098,-3.367675738991238,1.72607421875,-3.969970703125,-0.2589111328125,0.7274169921875],""received_at_ms"":1788503987887,""valid"":true,""status"":""STALE"",""error"":""Torque sample age 29245 ms exceeds 1500 ms"",""source"":""/left_jaka_driver/joint_torque_raw"",""age_ms"":29245,""fresh"":false},""right"":{""values"":[111.13329938671086,3.143164023058489,-2.6630859375,4.29052734375,-0.03082275390625,0.09246826171875],""received_at_ms"":1788503987893,""valid"":true,""status"":""STALE"",""error"":""Torque sample age 29239 ms exceeds 1500 ms"",""source"":""/right_jaka_driver/joint_torque_raw"",""age_ms"":29239,""fresh"":false}}"
283,1788504017237,RUNNING,26.664,"{""left"":{""valid"":true,""status"":""VALID"",""sample_index"":1111,""time_from_start_s"":26.664,""joints_rad"":[3.005699106445143,0.42817289060746777,-0.9949190416438403,1.4979230228092582,-0.12266722780801839,1.1592086451513774],""source"":""LATEST SUCCESSFUL PHASE5 SERVO_J COMMAND \u2014 DRIVER MEMORY"",""error"":null},""right"":{""valid"":true,""status"":""VALID"",""sample_index"":1111,""time_from_start_s"":26.664,""joints_rad"":[0.1391461953949725,2.695333731266063,1.1264560340061005,-1.483833489905291,3.252178931624543,2.3840579206487376],""source"":""LATEST SUCCESSFUL PHASE5 SERVO_J COMMAND \u2014 DRIVER MEMORY"",""error"":null}}","{""left"":{""valid"":true,""fresh"":true,""status"":""FRESH"",""joints_rad"":[3.0051286755019353,0.42434434449833414,-0.9843835004831722,1.4984683117959248,-0.12352445607942227,1.1719762008765031],""received_at_ms"":1788504017160,""age_ms"":77,""source"":""jaka_port10000_actual_feedback"",""mapping"":""port10000_joint_actual_position_deg_to_rad"",""error"":null},""right"":{""valid"":true,""fresh"":true,""status"":""FRESH"",""joints_rad"":[0.13977818380446985,2.696769837379034,1.1226476111615369,-1.4836937506119423,3.25286908711042,2.3866445515201895],""received_at_ms"":1788504017187,""age_ms"":50,""source"":""jaka_port10000_actual_feedback"",""mapping"":""port10000_joint_actual_position_deg_to_rad"",""error"":null}}","{""left"":{""values"":[-112.36811382434098,-3.367675738991238,1.72607421875,-3.969970703125,-0.2589111328125,0.7274169921875],""received_at_ms"":1788503987887,""valid"":true,""status"":""STALE"",""error"":""Torque sample age 29350 ms exceeds 1500 ms"",""source"":""/left_jaka_driver/joint_torque_raw"",""age_ms"":29350,""fresh"":false},""right"":{""values"":[111.13329938671086,3.143164023058489,-2.6630859375,4.29052734375,-0.03082275390625,0.09246826171875],""received_at_ms"":1788503987893,""valid"":true,""status"":""STALE"",""error"":""Torque sample age 29344 ms exceeds 1500 ms"",""source"":""/right_jaka_driver/joint_torque_raw"",""age_ms"":29344,""fresh"":false}}"
284,1788504017334,RUNNING,26.76,"{""left"":{""valid"":true,""status"":""VALID"",""sample_index"":1115,""time_from_start_s"":26.76,""joints_rad"":[3.005954215388835,0.4301640617850382,-1.000149009960728,1.4976509010944967,-0.12221122119008239,1.1527603772892114],""source"":""LATEST SUCCESSFUL PHASE5 SERVO_J COMMAND \u2014 DRIVER MEMORY"",""error"":null},""right"":{""valid"":true,""status"":""VALID"",""sample_index"":1115,""time_from_start_s"":26.76,""joints_rad"":[0.1387978252388669,2.6944070348867917,1.128946430802703,-1.483872857101113,3.2517575112470056,2.3823944296164825],""source"":""LATEST SUCCESSFUL PHASE5 SERVO_J COMMAND \u2014 DRIVER MEMORY"",""error"":null}}","{""left"":{""valid"":true,""fresh"":true,""status"":""FRESH"",""joints_rad"":[3.005368309208234,0.42617798741047935,-0.9892370866000433,1.4982405463285395,-0.1231169216990816,1.1659120543904489],""received_at_ms"":1788504017272,""age_ms"":62,""source"":""jaka_port10000_actual_feedback"",""mapping"":""port10000_joint_actual_position_deg_to_rad"",""error"":null},""right"":{""valid"":true,""fresh"":true,""status"":""FRESH"",""joints_rad"":[0.13947851077190243,2.6960507617272125,1.124493296845521,-1.4837297043945334,3.2525455030671004,2.38539821190134],""received_at_ms"":1788504017257,""age_ms"":77,""source"":""jaka_port10000_actual_feedback"",""mapping"":""port10000_joint_actual_position_deg_to_rad"",""error"":null}}","{""left"":{""values"":[-112.36811382434098,-3.367675738991238,1.72607421875,-3.969970703125,-0.2589111328125,0.7274169921875],""received_at_ms"":1788503987887,""valid"":true,""status"":""STALE"",""error"":""Torque sample age 29447 ms exceeds 1500 ms"",""source"":""/left_jaka_driver/joint_torque_raw"",""age_ms"":29447,""fresh"":false},""right"":{""values"":[111.13329938671086,3.143164023058489,-2.6630859375,4.29052734375,-0.03082275390625,0.09246826171875],""received_at_ms"":1788503987893,""valid"":true,""status"":""STALE"",""error"":""Torque sample age 29441 ms exceeds 1500 ms"",""source"":""/right_jaka_driver/joint_torque_raw"",""age_ms"":29441,""fresh"":false}}"
285,1788504017434,RUNNING,26.856,"{""left"":{""valid"":true,""status"":""VALID"",""sample_index"":1119,""time_from_start_s"":26.856,""joints_rad"":[3.006209902418968,0.4321444893268674,-1.0053629529818493,1.4973831287374213,-0.12175495200224556,1.146317617728132],""source"":""LATEST SUCCESSFUL PHASE5 SERVO_J COMMAND \u2014 DRIVER MEMORY"",""error"":null},""right"":{""valid"":true,""status"":""VALID"",""sample_index"":1119,""time_from_start_s"":26.856,""joints_rad"":[0.1384490377953699,2.6934836929761476,1.1314332842783332,-1.4839115096546818,3.2513362026413835,2.38073062110422],""source"":""LATEST SUCCESSFUL PHASE5 SERVO_J COMMAND \u2014 DRIVER MEMORY"",""error"":null}}","{""left"":{""valid"":true,""fresh"":true,""status"":""FRESH"",""joints_rad"":[3.0058955731752617,0.43034845165811986,-1.000202641224473,1.4976534175681686,-0.12224216267798205,1.1527414507890492],""received_at_ms"":1788504017431,""age_ms"":3,""source"":""jaka_port10000_actual_feedback"",""mapping"":""port10000_joint_actual_position_deg_to_rad"",""error"":null},""right"":{""valid"":true,""fresh"":true,""status"":""FRESH"",""joints_rad"":[0.1389992433593048,2.6948044221083634,1.127824955854653,-1.4838016119597155,3.2519704170785686,2.383181120152532],""received_at_ms"":1788504017375,""age_ms"":59,""source"":""jaka_port10000_actual_feedback"",""mapping"":""port10000_joint_actual_position_deg_to_rad"",""error"":null}}","{""left"":{""values"":[-112.36811382434098,-3.367675738991238,1.72607421875,-3.969970703125,-0.2589111328125,0.7274169921875],""received_at_ms"":1788503987887,""valid"":true,""status"":""STALE"",""error"":""Torque sample age 29547 ms exceeds 1500 ms"",""source"":""/left_jaka_driver/joint_torque_raw"",""age_ms"":29547,""fresh"":false},""right"":{""values"":[111.13329938671086,3.143164023058489,-2.6630859375,4.29052734375,-0.03082275390625,0.09246826171875],""received_at_ms"":1788503987893,""valid"":true,""status"":""STALE"",""error"":""Torque sample age 29541 ms exceeds 1500 ms"",""source"":""/right_jaka_driver/joint_torque_raw"",""age_ms"":29541,""fresh"":false}}"
286,1788504017536,RUNNING,26.952,"{""left"":{""valid"":true,""status"":""VALID"",""sample_index"":1123,""time_from_start_s"":26.952,""joints_rad"":[3.006466159444646,0.4341142315942457,-1.0105606254622657,1.4971195548736056,-0.12129841201172432,1.1398806805667379],""source"":""LATEST SUCCESSFUL PHASE5 SERVO_J COMMAND \u2014 DRIVER MEMORY"",""error"":null},""right"":{""valid"":true,""status"":""VALID"",""sample_index"":1123,""time_from_start_s"":26.952,""joints_rad"":[0.13809993806744425,2.6925628734594462,1.1339175766277652,-1.4839494224323424,3.2509149790632876,2.379066672759135],""source"":""LATEST SUCCESSFUL PHASE5 SERVO_J COMMAND \u2014 DRIVER MEMORY"",""error"":null}}","{""left"":{""valid"":true,""fresh"":true,""status"":""FRESH"",""joints_rad"":[3.006123338642647,0.43227791314619957,-1.0054276334061687,1.4974017410900309,-0.12179867451505029,1.146437845129621],""received_at_ms"":1788504017520,""age_ms"":16,""source"":""jaka_port10000_actual_feedback"",""mapping"":""port10000_joint_actual_position_deg_to_rad"",""error"":null},""right"":{""valid"":true,""fresh"":true,""status"":""FRESH"",""joints_rad"":[0.13879538890267187,2.694193207804315,1.129430833299413,-1.483825697503393,3.251694655056753,2.3820785956640464],""received_at_ms"":1788504017492,""age_ms"":44,""source"":""jaka_port10000_actual_feedback"",""mapping"":""port10000_joint_actual_position_deg_to_rad"",""error"":null}}","{""left"":{""values"":[-112.36811382434098,-3.367675738991238,1.72607421875,-3.969970703125,-0.2589111328125,0.7274169921875],""received_at_ms"":1788503987887,""valid"":true,""status"":""STALE"",""error"":""Torque sample age 29649 ms exceeds 1500 ms"",""source"":""/left_jaka_driver/joint_torque_raw"",""age_ms"":29649,""fresh"":false},""right"":{""values"":[111.13329938671086,3.143164023058489,-2.6630859375,4.29052734375,-0.03082275390625,0.09246826171875],""received_at_ms"":1788503987893,""valid"":true,""status"":""STALE"",""error"":""Torque sample age 29643 ms exceeds 1500 ms"",""source"":""/right_jaka_driver/joint_torque_raw"",""age_ms"":29643,""fresh"":false}}"
287,1788504017636,RUNNING,27.048000000000002,"{""left"":{""valid"":true,""status"":""VALID"",""sample_index"":1127,""time_from_start_s"":27.048000000000002,""joints_rad"":[3.006722968094154,0.43607332087943684,-1.0157414268781326,1.4968599399725144,-0.1208415845790622,1.1334502273411344],""source"":""LATEST SUCCESSFUL PHASE5 SERVO_J COMMAND \u2014 DRIVER MEMORY"",""error"":null},""right"":{""valid"":true,""status"":""VALID"",""sample_index"":1127,""time_from_start_s"":27.048000000000002,""joints_rad"":[0.13775064450295618,2.6916436268439723,1.1364003338292838,-1.4839867525806432,3.2504938090940017,2.377402696498752],""source"":""LATEST SUCCESSFUL PHASE5 SERVO_J COMMAND \u2014 DRIVER MEMORY"",""error"":null}}","{""left"":{""valid"":true,""fresh"":true,""status"":""FRESH"",""joints_rad"":[3.006123338642647,0.43227791314619957,-1.0054276334061687,1.4974017410900309,-0.12179867451505029,1.146437845129621],""received_at_ms"":1788504017520,""age_ms"":116,""source"":""jaka_port10000_actual_feedback"",""mapping"":""port10000_joint_actual_position_deg_to_rad"",""error"":null},""right"":{""valid"":true,""fresh"":true,""status"":""FRESH"",""joints_rad"":[0.13836394351157885,2.693138505337335,1.1323429151563653,-1.4838616512859841,3.2512153876441556,2.380089094849698],""received_at_ms"":1788504017562,""age_ms"":74,""source"":""jaka_port10000_actual_feedback"",""mapping"":""port10000_joint_actual_position_deg_to_rad"",""error"":null}}","{""left"":{""values"":[-112.36811382434098,-3.367675738991238,1.72607421875,-3.969970703125,-0.2589111328125,0.7274169921875],""received_at_ms"":1788503987887,""valid"":true,""status"":""STALE"",""error"":""Torque sample age 29749 ms exceeds 1500 ms"",""source"":""/left_jaka_driver/joint_torque_raw"",""age_ms"":29749,""fresh"":false},""right"":{""values"":[111.13329938671086,3.143164023058489,-2.6630859375,4.29052734375,-0.03082275390625,0.09246826171875],""received_at_ms"":1788503987893,""valid"":true,""status"":""STALE"",""error"":""Torque sample age 29743 ms exceeds 1500 ms"",""source"":""/right_jaka_driver/joint_torque_raw"",""age_ms"":29743,""fresh"":false}}"
288,1788504017737,RUNNING,27.144000000000002,"{""left"":{""valid"":true,""status"":""VALID"",""sample_index"":1132,""time_from_start_s"":27.168,""joints_rad"":[3.0070447092454655,0.4385072273818745,-1.0221922086335895,1.496540455783586,-0.12027010636584598,1.1254228652677236],""source"":""LATEST SUCCESSFUL PHASE5 SERVO_J COMMAND \u2014 DRIVER MEMORY"",""error"":null},""right"":{""valid"":true,""status"":""VALID"",""sample_index"":1131,""time_from_start_s"":27.144000000000002,""joints_rad"":[0.13740128060760926,2.69072494502821,1.138882535570279,-1.4840238789517004,3.2500726583523307,2.3757387081198873],""source"":""LATEST SUCCESSFUL PHASE5 SERVO_J COMMAND \u2014 DRIVER MEMORY"",""error"":null}}","{""left"":{""valid"":true,""fresh"":true,""status"":""FRESH"",""joints_rad"":[3.006626691598922,0.4360289747745858,-1.0153866566509735,1.4968744771230036,-0.12092391549395072,1.1339501888645271],""received_at_ms"":1788504017711,""age_ms"":26,""source"":""jaka_port10000_actual_feedback"",""mapping"":""port10000_joint_actual_position_deg_to_rad"",""error"":null},""right"":{""valid"":true,""fresh"":true,""status"":""FRESH"",""joints_rad"":[0.13805240224009788,2.6923595648921697,1.13436819522038,-1.483909473307489,3.2508558498182447,2.378698940100485],""received_at_ms"":1788504017640,""age_ms"":97,""source"":""jaka_port10000_actual_feedback"",""mapping"":""port10000_joint_actual_position_deg_to_rad"",""error"":null}}","{""left"":{""values"":[-112.36811382434098,-3.367675738991238,1.72607421875,-3.969970703125,-0.2589111328125,0.7274169921875],""received_at_ms"":1788503987887,""valid"":true,""status"":""STALE"",""error"":""Torque sample age 29850 ms exceeds 1500 ms"",""source"":""/left_jaka_driver/joint_torque_raw"",""age_ms"":29850,""fresh"":false},""right"":{""values"":[111.13329938671086,3.143164023058489,-2.6630859375,4.29052734375,-0.03082275390625,0.09246826171875],""received_at_ms"":1788503987893,""valid"":true,""status"":""STALE"",""error"":""Torque sample age 29844 ms exceeds 1500 ms"",""source"":""/right_jaka_driver/joint_torque_raw"",""age_ms"":29844,""fresh"":false}}"
289,1788504017838,RUNNING,27.264,"{""left"":{""valid"":true,""status"":""VALID"",""sample_index"":1136,""time_from_start_s"":27.264,""joints_rad"":[3.007302649693476,0.4404425489014857,-1.0273315847711404,1.4962883404666352,-0.11981253556103225,1.119010762356048],""source"":""LATEST SUCCESSFUL PHASE5 SERVO_J COMMAND \u2014 DRIVER MEMORY"",""error"":null},""right"":{""valid"":true,""status"":""VALID"",""sample_index"":1136,""time_from_start_s"":27.264,""joints_rad"":[0.13696444118615037,2.6895774432545103,1.1419838034897465,-1.4840711875375374,3.2495462434489855,2.3736581385768494],""source"":""LATEST SUCCESSFUL PHASE5 SERVO_J COMMAND \u2014 DRIVER MEMORY"",""error"":null}}","{""left"":{""valid"":true,""fresh"":true,""status"":""FRESH"",""joints_rad"":[3.00683037152263,0.4374910370889814,-1.0191975830727031,1.4966826654382095,-0.12055233489620114,1.1289887413998827],""received_at_ms"":1788504017783,""age_ms"":55,""source"":""jaka_port10000_actual_feedback"",""mapping"":""port10000_joint_actual_position_deg_to_rad"",""error"":null},""right"":{""valid"":true,""fresh"":true,""status"":""FRESH"",""joints_rad"":[0.13745323070788823,2.6907536874474096,1.1387664249354055,-1.4839695126337573,3.2500887776119933,2.3758107692542847],""received_at_ms"":1788504017806,""age_ms"":32,""source"":""jaka_port10000_actual_feedback"",""mapping"":""port10000_joint_actual_position_deg_to_rad"",""error"":null}}","{""left"":{""values"":[-112.36811382434098,-3.367675738991238,1.72607421875,-3.969970703125,-0.2589111328125,0.7274169921875],""received_at_ms"":1788503987887,""valid"":true,""status"":""STALE"",""error"":""Torque sample age 29951 ms exceeds 1500 ms"",""source"":""/left_jaka_driver/joint_torque_raw"",""age_ms"":29951,""fresh"":false},""right"":{""values"":[111.13329938671086,3.143164023058489,-2.6630859375,4.29052734375,-0.03082275390625,0.09246826171875],""received_at_ms"":1788503987893,""valid"":true,""status"":""STALE"",""error"":""Torque sample age 29945 ms exceeds 1500 ms"",""source"":""/right_jaka_driver/joint_torque_raw"",""age_ms"":29945,""fresh"":false}}"
290,1788504017946,RUNNING,27.36,"{""left"":{""valid"":true,""status"":""VALID"",""sample_index"":1140,""time_from_start_s"":27.36,""joints_rad"":[3.0075610555342807,0.4423675813076767,-1.0324515458891388,1.4960388894669086,-0.1193545993534023,1.1126080465015118],""source"":""LATEST SUCCESSFUL PHASE5 SERVO_J COMMAND \u2014 DRIVER MEMORY"",""error"":null},""right"":{""valid"":true,""status"":""VALID"",""sample_index"":1140,""time_from_start_s"":27.36,""joints_rad"":[0.13661470316484597,2.6886611354800585,1.1444619145682247,-1.484110782537125,3.249125159427698,2.371992563469462],""source"":""LATEST SUCCESSFUL PHASE5 SERVO_J COMMAND \u2014 DRIVER MEMORY"",""error"":null}}","{""left"":{""valid"":true,""fresh"":true,""status"":""FRESH"",""joints_rad"":[3.0070460942181767,0.43927668344669685,-1.0238714002766187,1.496466942742663,-0.12013293227694691,1.1232602217289869],""received_at_ms"":1788504017895,""age_ms"":51,""source"":""jaka_port10000_actual_feedback"",""mapping"":""port10000_joint_actual_position_deg_to_rad"",""error"":null},""right"":{""valid"":true,""fresh"":true,""status"":""FRESH"",""joints_rad"":[0.13714168943640723,2.689926750447815,1.1410435560104826,-1.4840054664163485,3.2497173715471686,2.374300710385459],""received_at_ms"":1788504017895,""age_ms"":51,""source"":""jaka_port10000_actual_feedback"",""mapping"":""port10000_joint_actual_position_deg_to_rad"",""error"":null}}","{""left"":{""values"":[-112.36811382434098,-3.367675738991238,1.72607421875,-3.969970703125,-0.2589111328125,0.7274169921875],""received_at_ms"":1788503987887,""valid"":true,""status"":""STALE"",""error"":""Torque sample age 30059 ms exceeds 1500 ms"",""source"":""/left_jaka_driver/joint_torque_raw"",""age_ms"":30059,""fresh"":false},""right"":{""values"":[111.13329938671086,3.143164023058489,-2.6630859375,4.29052734375,-0.03082275390625,0.09246826171875],""received_at_ms"":1788503987893,""valid"":true,""status"":""STALE"",""error"":""Torque sample age 30053 ms exceeds 1500 ms"",""source"":""/right_jaka_driver/joint_torque_raw"",""age_ms"":30053,""fresh"":false}}"
291,1788504018046,RUNNING,27.456,"{""left"":{""valid"":true,""status"":""VALID"",""sample_index"":1144,""time_from_start_s"":27.456,""joints_rad"":[3.0078199160578123,0.444282471934059,-1.0375518581802659,1.495791848944834,-0.11889628679991253,1.1062150747841992],""source"":""LATEST SUCCESSFUL PHASE5 SERVO_J COMMAND \u2014 DRIVER MEMORY"",""error"":null},""right"":{""valid"":true,""status"":""VALID"",""sample_index"":1144,""time_from_start_s"":27.456,""joints_rad"":[0.13626459962984672,2.687747180546225,1.1469361296548553,-1.4841526314014455,3.248704144062494,2.3703255498043627],""source"":""LATEST SUCCESSFUL PHASE5 SERVO_J COMMAND \u2014 DRIVER MEMORY"",""error"":null}}","{""left"":{""valid"":true,""fresh"":true,""status"":""FRESH"",""joints_rad"":[3.0073098134681526,0.4411822339240242,-1.0290485704368095,1.4962152662645254,-0.11960566830991941,1.116800758167356],""received_at_ms"":1788504018012,""age_ms"":34,""source"":""jaka_port10000_actual_feedback"",""mapping"":""port10000_joint_actual_position_deg_to_rad"",""error"":null},""right"":{""valid"":true,""fresh"":true,""status"":""FRESH"",""joints_rad"":[0.1368779701864309,2.689255671350423,1.1428890671615413,-1.4840414201989396,3.24942974128644,2.3731742748862223],""received_at_ms"":1788504018007,""age_ms"":39,""source"":""jaka_port10000_actual_feedback"",""mapping"":""port10000_joint_actual_position_deg_to_rad"",""error"":null}}","{""left"":{""values"":[-112.36811382434098,-3.367675738991238,1.72607421875,-3.969970703125,-0.2589111328125,0.7274169921875],""received_at_ms"":1788503987887,""valid"":true,""status"":""STALE"",""error"":""Torque sample age 30159 ms exceeds 1500 ms"",""source"":""/left_jaka_driver/joint_torque_raw"",""age_ms"":30159,""fresh"":false},""right"":{""values"":[111.13329938671086,3.143164023058489,-2.6630859375,4.29052734375,-0.03082275390625,0.09246826171875],""received_at_ms"":1788503987893,""valid"":true,""status"":""STALE"",""error"":""Torque sample age 30153 ms exceeds 1500 ms"",""source"":""/right_jaka_driver/joint_torque_raw"",""age_ms"":30153,""fresh"":false}}"
292,1788504018142,RUNNING,27.552,"{""left"":{""valid"":true,""status"":""VALID"",""sample_index"":1148,""time_from_start_s"":27.552,""joints_rad"":[3.0080792279504696,0.44618733238906794,-1.0426324935730555,1.4955470792226226,-0.11843759341758431,1.0998319760771031],""source"":""LATEST SUCCESSFUL PHASE5 SERVO_J COMMAND \u2014 DRIVER MEMORY"",""error"":null},""right"":{""valid"":true,""status"":""VALID"",""sample_index"":1148,""time_from_start_s"":27.552,""joints_rad"":[0.13591402690670928,2.6868362828288728,1.149405450666702,-1.4841971947506027,3.248283220494518,2.3686568098967915],""source"":""LATEST SUCCESSFUL PHASE5 SERVO_J COMMAND \u2014 DRIVER MEMORY"",""error"":null}}","{""left"":{""valid"":true,""fresh"":true,""status"":""FRESH"",""joints_rad"":[3.0076333975114724,0.4435670518139493,-1.0354481692050972,1.4958916822212056,-0.11901836501662333,1.1089870936391026],""received_at_ms"":1788504018086,""age_ms"":56,""source"":""jaka_port10000_actual_feedback"",""mapping"":""port10000_joint_actual_position_deg_to_rad"",""error"":null},""right"":{""valid"":true,""fresh"":true,""status"":""FRESH"",""joints_rad"":[0.13648247857792897,2.6881531468619384,1.1457772380077416,-1.4841012849922832,3.248914345558326,2.371184948604799],""received_at_ms"":1788504018081,""age_ms"":61,""source"":""jaka_port10000_actual_feedback"",""mapping"":""port10000_joint_actual_position_deg_to_rad"",""error"":null}}","{""left"":{""values"":[-112.36811382434098,-3.367675738991238,1.72607421875,-3.969970703125,-0.2589111328125,0.7274169921875],""received_at_ms"":1788503987887,""valid"":true,""status"":""STALE"",""error"":""Torque sample age 30255 ms exceeds 1500 ms"",""source"":""/left_jaka_driver/joint_torque_raw"",""age_ms"":30255,""fresh"":false},""right"":{""values"":[111.13329938671086,3.143164023058489,-2.6630859375,4.29052734375,-0.03082275390625,0.09246826171875],""received_at_ms"":1788503987893,""valid"":true,""status"":""STALE"",""error"":""Torque sample age 30249 ms exceeds 1500 ms"",""source"":""/right_jaka_driver/joint_torque_raw"",""age_ms"":30249,""fresh"":false}}"
293,1788504018244,RUNNING,27.672,"{""left"":{""valid"":true,""status"":""VALID"",""sample_index"":1153,""time_from_start_s"":27.672,""joints_rad"":[3.0084040079347565,0.44855442249872546,-1.0489558634786282,1.4952442582045808,-0.1178636934190509,1.091866861742954],""source"":""LATEST SUCCESSFUL PHASE5 SERVO_J COMMAND \u2014 DRIVER MEMORY"",""error"":null},""right"":{""valid"":true,""status"":""VALID"",""sample_index"":1153,""time_from_start_s"":27.672,""joints_rad"":[0.1354750160943579,2.685702909338504,1.1524840098646687,-1.4842571645530116,3.247757228401457,2.3665681848979996],""source"":""LATEST SUCCESSFUL PHASE5 SERVO_J COMMAND \u2014 DRIVER MEMORY"",""error"":null}}","{""left"":{""valid"":true,""fresh"":true,""status"":""FRESH"",""joints_rad"":[3.007813166424428,0.44496924933500154,-1.0393789997464387,1.4957000450693365,-0.11867086996255125,1.1040015606307807],""received_at_ms"":1788504018154,""age_ms"":90,""source"":""jaka_port10000_actual_feedback"",""mapping"":""port10000_joint_actual_position_deg_to_rad"",""error"":null},""right"":{""valid"":true,""fresh"":true,""status"":""FRESH"",""joints_rad"":[0.13620689108903908,2.6874939360034595,1.1476227491588002,-1.4841372387748741,3.248638758069436,2.369926566214111],""received_at_ms"":1788504018151,""age_ms"":93,""source"":""jaka_port10000_actual_feedback"",""mapping"":""port10000_joint_actual_position_deg_to_rad"",""error"":null}}","{""left"":{""values"":[-112.36811382434098,-3.367675738991238,1.72607421875,-3.969970703125,-0.2589111328125,0.7274169921875],""received_at_ms"":1788503987887,""valid"":true,""status"":""STALE"",""error"":""Torque sample age 30357 ms exceeds 1500 ms"",""source"":""/left_jaka_driver/joint_torque_raw"",""age_ms"":30357,""fresh"":false},""right"":{""values"":[111.13329938671086,3.143164023058489,-2.6630859375,4.29052734375,-0.03082275390625,0.09246826171875],""received_at_ms"":1788503987893,""valid"":true,""status"":""STALE"",""error"":""Torque sample age 30351 ms exceeds 1500 ms"",""source"":""/right_jaka_driver/joint_torque_raw"",""age_ms"":30351,""fresh"":false}}"
294,1788504018347,RUNNING,27.768,"{""left"":{""valid"":true,""status"":""VALID"",""sample_index"":1157,""time_from_start_s"":27.768,""joints_rad"":[3.0086643554295174,0.45043696716145626,-1.0539930130739896,1.4950045817057378,-0.11740415481354066,1.085505459207685],""source"":""LATEST SUCCESSFUL PHASE5 SERVO_J COMMAND \u2014 DRIVER MEMORY"",""error"":null},""right"":{""valid"":true,""status"":""VALID"",""sample_index"":1157,""time_from_start_s"":27.768,""joints_rad"":[0.1351230815930373,2.6848010662522244,1.1549396502879101,-1.484308731240588,3.247336589232735,2.3648950242599236],""source"":""LATEST SUCCESSFUL PHASE5 SERVO_J COMMAND \u2014 DRIVER MEMORY"",""error"":null}}","{""left"":{""valid"":true,""fresh"":true,""status"":""FRESH"",""joints_rad"":[3.008136750467748,0.4471742983119712,-1.0453831069062245,1.495448368591199,-0.11811952045184625,1.0966072987217816],""received_at_ms"":1788504018274,""age_ms"":73,""source"":""jaka_port10000_actual_feedback"",""mapping"":""port10000_joint_actual_position_deg_to_rad"",""error"":null},""right"":{""valid"":true,""fresh"":true,""status"":""FRESH"",""joints_rad"":[0.13578731393685964,2.6864633190801572,1.1505229627768392,-1.484185235329304,3.2481354051131612,2.36796115094344],""received_at_ms"":1788504018262,""age_ms"":85,""source"":""jaka_port10000_actual_feedback"",""mapping"":""port10000_joint_actual_position_deg_to_rad"",""error"":null}}","{""left"":{""values"":[-112.36811382434098,-3.367675738991238,1.72607421875,-3.969970703125,-0.2589111328125,0.7274169921875],""received_at_ms"":1788503987887,""valid"":true,""status"":""STALE"",""error"":""Torque sample age 30460 ms exceeds 1500 ms"",""source"":""/left_jaka_driver/joint_torque_raw"",""age_ms"":30460,""fresh"":false},""right"":{""values"":[111.13329938671086,3.143164023058489,-2.6630859375,4.29052734375,-0.03082275390625,0.09246826171875],""received_at_ms"":1788503987893,""valid"":true,""status"":""STALE"",""error"":""Torque sample age 30454 ms exceeds 1500 ms"",""source"":""/right_jaka_driver/joint_torque_raw"",""age_ms"":30454,""fresh"":false}}"
295,1788504018447,RUNNING,27.864,"{""left"":{""valid"":true,""status"":""VALID"",""sample_index"":1161,""time_from_start_s"":27.864,""joints_rad"":[3.00892518362921,0.4523096493336192,-1.0590115028912315,1.4947673385694982,-0.11694425577362785,1.0791531151284013],""source"":""LATEST SUCCESSFUL PHASE5 SERVO_J COMMAND \u2014 DRIVER MEMORY"",""error"":null},""right"":{""valid"":true,""status"":""VALID"",""sample_index"":1161,""time_from_start_s"":27.864,""joints_rad"":[0.13477043801750296,2.6839040283547706,1.1573884287238947,-1.4843635078775432,3.2469161071134884,2.363219855896036],""source"":""LATEST SUCCESSFUL PHASE5 SERVO_J COMMAND \u2014 DRIVER MEMORY"",""error"":null}}","{""left"":{""valid"":true,""fresh"":true,""status"":""FRESH"",""joints_rad"":[3.0084603345110676,0.4494992514085528,-1.0516388905441476,1.4951127417760406,-0.11755630270222767,1.0885658687261428],""received_at_ms"":1788504018392,""age_ms"":55,""source"":""jaka_port10000_actual_feedback"",""mapping"":""port10000_joint_actual_position_deg_to_rad"",""error"":null},""right"":{""valid"":true,""fresh"":true,""status"":""FRESH"",""joints_rad"":[0.13553563745872205,2.6857801972109265,1.1524164704823279,-1.4842091463400564,3.2477997782980026,2.366750765107182],""received_at_ms"":1788504018375,""age_ms"":72,""source"":""jaka_port10000_actual_feedback"",""mapping"":""port10000_joint_actual_position_deg_to_rad"",""error"":null}}","{""left"":{""values"":[-112.36811382434098,-3.367675738991238,1.72607421875,-3.969970703125,-0.2589111328125,0.7274169921875],""received_at_ms"":1788503987887,""valid"":true,""status"":""STALE"",""error"":""Torque sample age 30560 ms exceeds 1500 ms"",""source"":""/left_jaka_driver/joint_torque_raw"",""age_ms"":30560,""fresh"":false},""right"":{""values"":[111.13329938671086,3.143164023058489,-2.6630859375,4.29052734375,-0.03082275390625,0.09246826171875],""received_at_ms"":1788503987893,""valid"":true,""status"":""STALE"",""error"":""Torque sample age 30554 ms exceeds 1500 ms"",""source"":""/right_jaka_driver/joint_torque_raw"",""age_ms"":30554,""fresh"":false}}"
296,1788504018548,RUNNING,27.96,"{""left"":{""valid"":true,""status"":""VALID"",""sample_index"":1165,""time_from_start_s"":27.96,""joints_rad"":[3.009186510522739,0.4541724764966248,-1.0640118907647975,1.4945327156155606,-0.11648401036326468,1.0728093048029623],""source"":""LATEST SUCCESSFUL PHASE5 SERVO_J COMMAND \u2014 DRIVER MEMORY"",""error"":null},""right"":{""valid"":true,""status"":""VALID"",""sample_index"":1165,""time_from_start_s"":27.96,""joints_rad"":[0.13441704115265488,2.6830121563500424,1.1598300937872181,-1.484421399843075,3.246495797887692,2.361542753173777],""source"":""LATEST SUCCESSFUL PHASE5 SERVO_J COMMAND \u2014 DRIVER MEMORY"",""error"":null}}","{""left"":{""valid"":true,""fresh"":true,""status"":""FRESH"",""joints_rad"":[3.0088078295651393,0.4518842438314031,-1.0577988556061366,1.4948012005045594,-0.11698104218077034,1.0806802966327074],""received_at_ms"":1788504018507,""age_ms"":41,""source"":""jaka_port10000_actual_feedback"",""mapping"":""port10000_joint_actual_position_deg_to_rad"",""error"":null},""right"":{""valid"":true,""fresh"":true,""status"":""FRESH"",""joints_rad"":[0.1347807825572345,2.683802913701342,1.1577255875339694,-1.4843290504596682,3.2468890654943117,2.3630955220547305],""received_at_ms"":1788504018542,""age_ms"":6,""source"":""jaka_port10000_actual_feedback"",""mapping"":""port10000_joint_actual_position_deg_to_rad"",""error"":null}}","{""left"":{""values"":[-112.36811382434098,-3.367675738991238,1.72607421875,-3.969970703125,-0.2589111328125,0.7274169921875],""received_at_ms"":1788503987887,""valid"":true,""status"":""STALE"",""error"":""Torque sample age 30661 ms exceeds 1500 ms"",""source"":""/left_jaka_driver/joint_torque_raw"",""age_ms"":30661,""fresh"":false},""right"":{""values"":[111.13329938671086,3.143164023058489,-2.6630859375,4.29052734375,-0.03082275390625,0.09246826171875],""received_at_ms"":1788503987893,""valid"":true,""status"":""STALE"",""error"":""Torque sample age 30655 ms exceeds 1500 ms"",""source"":""/right_jaka_driver/joint_torque_raw"",""age_ms"":30655,""fresh"":false}}"
297,1788504018653,RUNNING,28.080000000000002,"{""left"":{""valid"":true,""status"":""VALID"",""sample_index"":1170,""time_from_start_s"":28.080000000000002,""joints_rad"":[3.009513902013528,0.45648714209842217,-1.0702378807623627,1.4942434689224424,-0.11590824154873738,1.0648906169787153],""source"":""LATEST SUCCESSFUL PHASE5 SERVO_J COMMAND \u2014 DRIVER MEMORY"",""error"":null},""right"":{""valid"":true,""status"":""VALID"",""sample_index"":1170,""time_from_start_s"":28.080000000000002,""joints_rad"":[0.13397419073392527,2.6819049871631275,1.1628720285894343,-1.4844978612522084,3.245970674482566,2.3594438560096087],""source"":""LATEST SUCCESSFUL PHASE5 SERVO_J COMMAND \u2014 DRIVER MEMORY"",""error"":null}}","{""left"":{""valid"":true,""fresh"":true,""status"":""FRESH"",""joints_rad"":[3.008975555706256,0.4531305834502522,-1.061070475289,1.4946692536131088,-0.11676531948522383,1.076389928265455],""received_at_ms"":1788504018616,""age_ms"":37,""source"":""jaka_port10000_actual_feedback"",""mapping"":""port10000_joint_actual_position_deg_to_rad"",""error"":null},""right"":{""valid"":true,""fresh"":true,""status"":""FRESH"",""joints_rad"":[0.13442124473132366,2.6829279801473174,1.1600864944131422,-1.4843650042422594,3.246457620103219,2.3614177370447886],""received_at_ms"":1788504018636,""age_ms"":17,""source"":""jaka_port10000_actual_feedback"",""mapping"":""port10000_joint_actual_position_deg_to_rad"",""error"":null}}","{""left"":{""values"":[-112.36811382434098,-3.367675738991238,1.72607421875,-3.969970703125,-0.2589111328125,0.7274169921875],""received_at_ms"":1788503987887,""valid"":true,""status"":""STALE"",""error"":""Torque sample age 30766 ms exceeds 1500 ms"",""source"":""/left_jaka_driver/joint_torque_raw"",""age_ms"":30766,""fresh"":false},""right"":{""values"":[111.13329938671086,3.143164023058489,-2.6630859375,4.29052734375,-0.03082275390625,0.09246826171875],""received_at_ms"":1788503987893,""valid"":true,""status"":""STALE"",""error"":""Torque sample age 30760 ms exceeds 1500 ms"",""source"":""/right_jaka_driver/joint_torque_raw"",""age_ms"":30760,""fresh"":false}}"
298,1788504018748,RUNNING,28.176000000000002,"{""left"":{""valid"":true,""status"":""VALID"",""sample_index"":1174,""time_from_start_s"":28.176000000000002,""joints_rad"":[3.009776428883454,0.45832776100183553,-1.0751998994889527,1.4940156059292342,-0.11544727868070652,1.0585637240016956],""source"":""LATEST SUCCESSFUL PHASE5 SERVO_J COMMAND \u2014 DRIVER MEMORY"",""error"":null},""right"":{""valid"":true,""status"":""VALID"",""sample_index"":1174,""time_from_start_s"":28.176000000000002,""joints_rad"":[0.1336190086788967,2.6810255950386845,1.1652975221744517,-1.4845619900336178,3.245550798515624,2.357762941114792],""source"":""LATEST SUCCESSFUL PHASE5 SERVO_J COMMAND \u2014 DRIVER MEMORY"",""error"":null}}","{""left"":{""valid"":true,""fresh"":true,""status"":""FRESH"",""joints_rad"":[3.0092631859669847,0.45531172141646953,-1.0667869521880569,1.4944057088960576,-0.11623805551819635,1.0689956663564557],""received_at_ms"":1788504018687,""age_ms"":61,""source"":""jaka_port10000_actual_feedback"",""mapping"":""port10000_joint_actual_position_deg_to_rad"",""error"":null},""right"":{""valid"":true,""fresh"":true,""status"":""FRESH"",""joints_rad"":[0.13442124473132366,2.6829279801473174,1.1600864944131422,-1.4843650042422594,3.246457620103219,2.3614177370447886],""received_at_ms"":1788504018636,""age_ms"":112,""source"":""jaka_port10000_actual_feedback"",""mapping"":""port10000_joint_actual_position_deg_to_rad"",""error"":null}}","{""left"":{""values"":[-112.36811382434098,-3.367675738991238,1.72607421875,-3.969970703125,-0.2589111328125,0.7274169921875],""received_at_ms"":1788503987887,""valid"":true,""status"":""STALE"",""error"":""Torque sample age 30861 ms exceeds 1500 ms"",""source"":""/left_jaka_driver/joint_torque_raw"",""age_ms"":30861,""fresh"":false},""right"":{""values"":[111.13329938671086,3.143164023058489,-2.6630859375,4.29052734375,-0.03082275390625,0.09246826171875],""received_at_ms"":1788503987893,""valid"":true,""status"":""STALE"",""error"":""Torque sample age 30855 ms exceeds 1500 ms"",""source"":""/right_jaka_driver/joint_torque_raw"",""age_ms"":30855,""fresh"":false}}"
299,1788504018851,RUNNING,28.272000000000002,"{""left"":{""valid"":true,""status"":""VALID"",""sample_index"":1178,""time_from_start_s"":28.272000000000002,""joints_rad"":[3.0100395263580495,0.4601584796735792,-1.0801459786315983,1.4937911692918164,-0.11498602667675355,1.0522432582884578],""source"":""LATEST SUCCESSFUL PHASE5 SERVO_J COMMAND \u2014 DRIVER MEMORY"",""error"":null},""right"":{""valid"":true,""status"":""VALID"",""sample_index"":1178,""time_from_start_s"":28.272000000000002,""joints_rad"":[0.13326302458124328,2.6801519162164693,1.167716057798207,-1.4846284073133407,3.24513112774308,2.3560806594267265],""source"":""LATEST SUCCESSFUL PHASE5 SERVO_J COMMAND \u2014 DRIVER MEMORY"",""error"":null}}","{""left"":{""valid"":true,""fresh"":true,""status"":""FRESH"",""joints_rad"":[3.00949095143437,0.45670187616568303,-1.0706099213816254,1.4942259399831022,-0.11596246802930645,1.0641900767940145],""received_at_ms"":1788504018756,""age_ms"":95,""source"":""jaka_port10000_actual_feedback"",""mapping"":""port10000_joint_actual_position_deg_to_rad"",""error"":null},""right"":{""valid"":true,""fresh"":true,""status"":""FRESH"",""joints_rad"":[0.1337620338728454,2.6812741061481273,1.1645445889215111,-1.484496776600785,3.245642725875463,2.3583138435030415],""received_at_ms"":1788504018817,""age_ms"":34,""source"":""jaka_port10000_actual_feedback"",""mapping"":""port10000_joint_actual_position_deg_to_rad"",""error"":null}}","{""left"":{""values"":[-112.36811382434098,-3.367675738991238,1.72607421875,-3.969970703125,-0.2589111328125,0.7274169921875],""received_at_ms"":1788503987887,""valid"":true,""status"":""STALE"",""error"":""Torque sample age 30964 ms exceeds 1500 ms"",""source"":""/left_jaka_driver/joint_torque_raw"",""age_ms"":30964,""fresh"":false},""right"":{""values"":[111.13329938671086,3.143164023058489,-2.6630859375,4.29052734375,-0.03082275390625,0.09246826171875],""received_at_ms"":1788503987893,""valid"":true,""status"":""STALE"",""error"":""Torque sample age 30958 ms exceeds 1500 ms"",""source"":""/right_jaka_driver/joint_torque_raw"",""age_ms"":30958,""fresh"":false}}"
300,1788504018952,RUNNING,28.368000000000002,"{""left"":{""valid"":true,""status"":""VALID"",""sample_index"":1182,""time_from_start_s"":28.368000000000002,""joints_rad"":[3.010303217323733,0.4619792787046617,-1.0850767948816111,1.4935704154005525,-0.11452450372472596,1.0459285536745635],""source"":""LATEST SUCCESSFUL PHASE5 SERVO_J COMMAND \u2014 DRIVER MEMORY"",""error"":null},""right"":{""valid"":true,""status"":""VALID"",""sample_index"":1182,""time_from_start_s"":28.368000000000002,""joints_rad"":[0.13290625238668433,2.6792839162644424,1.1701279440386094,-1.484696759991601,3.244711665028357,2.354397245752014],""source"":""LATEST SUCCESSFUL PHASE5 SERVO_J COMMAND \u2014 DRIVER MEMORY"",""error"":null}}","{""left"":{""valid"":true,""fresh"":true,""status"":""FRESH"",""joints_rad"":[3.0097544961514213,0.45887097136006155,-1.0765541637480676,1.4939622207331258,-0.11539907574676268,1.057047491363153],""received_at_ms"":1788504018867,""age_ms"":85,""source"":""jaka_port10000_actual_feedback"",""mapping"":""port10000_joint_actual_position_deg_to_rad"",""error"":null},""right"":{""valid"":true,""fresh"":true,""status"":""FRESH"",""joints_rad"":[0.13349848915579426,2.680638980833327,1.1663661890618178,-1.4845445986222896,3.2454149604080773,2.3570315501016013],""received_at_ms"":1788504018889,""age_ms"":63,""source"":""jaka_port10000_actual_feedback"",""mapping"":""port10000_joint_actual_position_deg_to_rad"",""error"":null}}","{""left"":{""values"":[-112.36811382434098,-3.367675738991238,1.72607421875,-3.969970703125,-0.2589111328125,0.7274169921875],""received_at_ms"":1788503987887,""valid"":true,""status"":""STALE"",""error"":""Torque sample age 31065 ms exceeds 1500 ms"",""source"":""/left_jaka_driver/joint_torque_raw"",""age_ms"":31065,""fresh"":false},""right"":{""values"":[111.13329938671086,3.143164023058489,-2.6630859375,4.29052734375,-0.03082275390625,0.09246826171875],""received_at_ms"":1788503987893,""valid"":true,""status"":""STALE"",""error"":""Torque sample age 31059 ms exceeds 1500 ms"",""source"":""/right_jaka_driver/joint_torque_raw"",""age_ms"":31059,""fresh"":false}}"
301,1788504019052,RUNNING,28.464000000000002,"{""left"":{""valid"":true,""status"":""VALID"",""sample_index"":1186,""time_from_start_s"":28.464000000000002,""joints_rad"":[3.01056752343516,0.4637901435836383,-1.0899929850209849,1.4933535796765298,-0.11406272688671834,1.0396189851350273],""source"":""LATEST SUCCESSFUL PHASE5 SERVO_J COMMAND \u2014 DRIVER MEMORY"",""error"":null},""right"":{""valid"":true,""status"":""VALID"",""sample_index"":1186,""time_from_start_s"":28.464000000000002,""joints_rad"":[0.13254871953712516,2.678421460298209,1.1725335940917954,-1.4847666772780714,3.244292409354672,2.352712943873431],""source"":""LATEST SUCCESSFUL PHASE5 SERVO_J COMMAND \u2014 DRIVER MEMORY"",""error"":null}}","{""left"":{""valid"":true,""fresh"":true,""status"":""FRESH"",""joints_rad"":[3.009934265064376,0.4601052682070719,-1.0798856482242742,1.4938304483746003,-0.11507566623636813,1.0527571229959005],""received_at_ms"":1788504018999,""age_ms"":53,""source"":""jaka_port10000_actual_feedback"",""mapping"":""port10000_joint_actual_position_deg_to_rad"",""error"":null},""right"":{""valid"":true,""fresh"":true,""status"":""FRESH"",""joints_rad"":[0.13304295822102374,2.6795603673555943,1.1694220860491347,-1.4846165061874717,3.244851742658459,2.354910276928728],""received_at_ms"":1788504019001,""age_ms"":51,""source"":""jaka_port10000_actual_feedback"",""mapping"":""port10000_joint_actual_position_deg_to_rad"",""error"":null}}","{""left"":{""values"":[-112.36811382434098,-3.367675738991238,1.72607421875,-3.969970703125,-0.2589111328125,0.7274169921875],""received_at_ms"":1788503987887,""valid"":true,""status"":""STALE"",""error"":""Torque sample age 31165 ms exceeds 1500 ms"",""source"":""/left_jaka_driver/joint_torque_raw"",""age_ms"":31165,""fresh"":false},""right"":{""values"":[111.13329938671086,3.143164023058489,-2.6630859375,4.29052734375,-0.03082275390625,0.09246826171875],""received_at_ms"":1788503987893,""valid"":true,""status"":""STALE"",""error"":""Torque sample age 31159 ms exceeds 1500 ms"",""source"":""/right_jaka_driver/joint_torque_raw"",""age_ms"":31159,""fresh"":false}}"
302,1788504019156,RUNNING,28.584,"{""left"":{""valid"":true,""status"":""VALID"",""sample_index"":1191,""time_from_start_s"":28.584,""joints_rad"":[3.010898800575251,0.4660397478686598,-1.0961185162785496,1.493088345476081,-0.11348517162575056,1.0317384096562405],""source"":""LATEST SUCCESSFUL PHASE5 SERVO_J COMMAND \u2014 DRIVER MEMORY"",""error"":null},""right"":{""valid"":true,""status"":""VALID"",""sample_index"":1191,""time_from_start_s"":28.584,""joints_rad"":[0.1321007973335585,2.6773508136425668,1.175532668268339,-1.4848557085294298,3.243768622549538,2.3506066846231195],""source"":""LATEST SUCCESSFUL PHASE5 SERVO_J COMMAND \u2014 DRIVER MEMORY"",""error"":null}}","{""left"":{""valid"":true,""fresh"":true,""status"":""FRESH"",""joints_rad"":[3.0104856145750816,0.4637245574769326,-1.0896649025561238,1.4933630492009162,-0.11412882511716121,1.0400537440352597],""received_at_ms"":1788504019124,""age_ms"":32,""source"":""jaka_port10000_actual_feedback"",""mapping"":""port10000_joint_actual_position_deg_to_rad"",""error"":null},""right"":{""valid"":true,""fresh"":true,""status"":""FRESH"",""joints_rad"":[0.13282723552547726,2.6789611958233843,1.1709920097113036,-1.4846765455137405,3.244576155169569,2.3537358448750605],""received_at_ms"":1788504019067,""age_ms"":89,""source"":""jaka_port10000_actual_feedback"",""mapping"":""port10000_joint_actual_position_deg_to_rad"",""error"":null}}","{""left"":{""values"":[-112.36811382434098,-3.367675738991238,1.72607421875,-3.969970703125,-0.2589111328125,0.7274169921875],""received_at_ms"":1788503987887,""valid"":true,""status"":""STALE"",""error"":""Torque sample age 31269 ms exceeds 1500 ms"",""source"":""/left_jaka_driver/joint_torque_raw"",""age_ms"":31269,""fresh"":false},""right"":{""values"":[111.13329938671086,3.143164023058489,-2.6630859375,4.29052734375,-0.03082275390625,0.09246826171875],""received_at_ms"":1788503987893,""valid"":true,""status"":""STALE"",""error"":""Torque sample age 31263 ms exceeds 1500 ms"",""source"":""/right_jaka_driver/joint_torque_raw"",""age_ms"":31263,""fresh"":false}}"
303,1788504019254,RUNNING,28.68,"{""left"":{""valid"":true,""status"":""VALID"",""sample_index"":1195,""time_from_start_s"":28.68,""joints_rad"":[3.0111645573848254,0.4678282622859046,-1.1010037433980577,1.492880981070615,-0.11302287466799928,1.0254385178742933],""source"":""LATEST SUCCESSFUL PHASE5 SERVO_J COMMAND \u2014 DRIVER MEMORY"",""error"":null},""right"":{""valid"":true,""status"":""VALID"",""sample_index"":1195,""time_from_start_s"":28.68,""joints_rad"":[0.13174172276200385,2.6764997987915446,1.1779262692556118,-1.4849278105455757,3.2433498067632134,2.348921246980302],""source"":""LATEST SUCCESSFUL PHASE5 SERVO_J COMMAND \u2014 DRIVER MEMORY"",""error"":null}}","{""left"":{""valid"":true,""fresh"":true,""status"":""FRESH"",""joints_rad"":[3.010713380042467,0.4652346163457581,-1.0936795089015612,1.493207191298713,-0.11376928729125038,1.0349484814402512],""received_at_ms"":1788504019239,""age_ms"":15,""source"":""jaka_port10000_actual_feedback"",""mapping"":""port10000_joint_actual_position_deg_to_rad"",""error"":null},""right"":{""valid"":true,""fresh"":true,""status"":""FRESH"",""joints_rad"":[0.13245582946065285,2.6780983050411984,1.1733888703730675,-1.484760321317836,3.244180663561067,2.352034148854366],""received_at_ms"":1788504019173,""age_ms"":81,""source"":""jaka_port10000_actual_feedback"",""mapping"":""port10000_joint_actual_position_deg_to_rad"",""error"":null}}","{""left"":{""values"":[-112.36811382434098,-3.367675738991238,1.72607421875,-3.969970703125,-0.2589111328125,0.7274169921875],""received_at_ms"":1788503987887,""valid"":true,""status"":""STALE"",""error"":""Torque sample age 31366 ms exceeds 1500 ms"",""source"":""/left_jaka_driver/joint_torque_raw"",""age_ms"":31366,""fresh"":false},""right"":{""values"":[111.13329938671086,3.143164023058489,-2.6630859375,4.29052734375,-0.03082275390625,0.09246826171875],""received_at_ms"":1788503987893,""valid"":true,""status"":""STALE"",""error"":""Torque sample age 31360 ms exceeds 1500 ms"",""source"":""/right_jaka_driver/joint_torque_raw"",""age_ms"":31360,""fresh"":false}}"
304,1788504019354,RUNNING,28.776,"{""left"":{""valid"":true,""status"":""VALID"",""sample_index"":1199,""time_from_start_s"":28.776,""joints_rad"":[3.0114309802340697,0.46960688089291364,-1.1058758258139265,1.492677983217576,-0.11256036185063609,1.0191423576186125],""source"":""LATEST SUCCESSFUL PHASE5 SERVO_J COMMAND \u2014 DRIVER MEMORY"",""error"":null},""right"":{""valid"":true,""status"":""VALID"",""sample_index"":1199,""time_from_start_s"":28.776,""joints_rad"":[0.13138206906080993,2.675653161367494,1.1803155745155893,-1.4850003484946468,3.242931164112855,2.34723564185475],""source"":""LATEST SUCCESSFUL PHASE5 SERVO_J COMMAND \u2014 DRIVER MEMORY"",""error"":null}}","{""left"":{""valid"":true,""fresh"":true,""status"":""FRESH"",""joints_rad"":[3.0110008357702704,0.4671879888445902,-1.0989645404095252,1.492979600364253,-0.1132060695416318,1.0280575724875272],""received_at_ms"":1788504019310,""age_ms"":44,""source"":""jaka_port10000_actual_feedback"",""mapping"":""port10000_joint_actual_position_deg_to_rad"",""error"":null},""right"":{""valid"":true,""fresh"":true,""status"":""FRESH"",""joints_rad"":[0.13214411365624668,2.677307321824195,1.1756059621218757,-1.4848203606441046,3.2437371753981354,2.3505480009962927],""received_at_ms"":1788504019258,""age_ms"":96,""source"":""jaka_port10000_actual_feedback"",""mapping"":""port10000_joint_actual_position_deg_to_rad"",""error"":null}}","{""left"":{""values"":[-112.36811382434098,-3.367675738991238,1.72607421875,-3.969970703125,-0.2589111328125,0.7274169921875],""received_at_ms"":1788503987887,""valid"":true,""status"":""STALE"",""error"":""Torque sample age 31467 ms exceeds 1500 ms"",""source"":""/left_jaka_driver/joint_torque_raw"",""age_ms"":31467,""fresh"":false},""right"":{""values"":[111.13329938671086,3.143164023058489,-2.6630859375,4.29052734375,-0.03082275390625,0.09246826171875],""received_at_ms"":1788503987893,""valid"":true,""status"":""STALE"",""error"":""Torque sample age 31461 ms exceeds 1500 ms"",""source"":""/right_jaka_driver/joint_torque_raw"",""age_ms"":31461,""fresh"":false}}"
305,1788504019456,RUNNING,28.872,"{""left"":{""valid"":true,""status"":""VALID"",""sample_index"":1203,""time_from_start_s"":28.872,""joints_rad"":[3.0116980754101683,0.47137565769778694,-1.1107349422220822,1.4924793395285243,-0.11209763654295994,1.0128497950118904],""source"":""LATEST SUCCESSFUL PHASE5 SERVO_J COMMAND \u2014 DRIVER MEMORY"",""error"":null},""right"":{""valid"":true,""status"":""VALID"",""sample_index"":1203,""time_from_start_s"":28.872,""joints_rad"":[0.1310219202286428,2.6748103077769345,1.1827013265360358,-1.485073059695608,3.2425126735804772,2.3455500278875805],""source"":""LATEST SUCCESSFUL PHASE5 SERVO_J COMMAND \u2014 DRIVER MEMORY"",""error"":null}}","{""left"":{""valid"":true,""fresh"":true,""status"":""FRESH"",""joints_rad"":[3.0111806046832257,0.4685182788004602,-1.1026436944727291,1.492811699690211,-0.11284653171572097,1.0234317518380414],""received_at_ms"":1788504019380,""age_ms"":76,""source"":""jaka_port10000_actual_feedback"",""mapping"":""port10000_joint_actual_position_deg_to_rad"",""error"":null},""right"":{""valid"":true,""fresh"":true,""status"":""FRESH"",""joints_rad"":[0.13146116631994129,2.6756775333686824,1.1802558683150388,-1.4849521330026303,3.242970277724809,2.3473362461067726],""received_at_ms"":1788504019441,""age_ms"":15,""source"":""jaka_port10000_actual_feedback"",""mapping"":""port10000_joint_actual_position_deg_to_rad"",""error"":null}}","{""left"":{""values"":[-112.36811382434098,-3.367675738991238,1.72607421875,-3.969970703125,-0.2589111328125,0.7274169921875],""received_at_ms"":1788503987887,""valid"":true,""status"":""STALE"",""error"":""Torque sample age 31569 ms exceeds 1500 ms"",""source"":""/left_jaka_driver/joint_torque_raw"",""age_ms"":31569,""fresh"":false},""right"":{""values"":[111.13329938671086,3.143164023058489,-2.6630859375,4.29052734375,-0.03082275390625,0.09246826171875],""received_at_ms"":1788503987893,""valid"":true,""status"":""STALE"",""error"":""Torque sample age 31563 ms exceeds 1500 ms"",""source"":""/right_jaka_driver/joint_torque_raw"",""age_ms"":31563,""fresh"":false}}"
306,1788504019557,RUNNING,28.968,"{""left"":{""valid"":true,""status"":""VALID"",""sample_index"":1207,""time_from_start_s"":28.968,""joints_rad"":[3.011965843200312,0.4731346740555697,-1.115581095657856,1.4922849419680497,-0.11163469679635425,1.0065608861656812],""source"":""LATEST SUCCESSFUL PHASE5 SERVO_J COMMAND \u2014 DRIVER MEMORY"",""error"":null},""right"":{""valid"":true,""status"":""VALID"",""sample_index"":1207,""time_from_start_s"":28.968,""joints_rad"":[0.13066137338292888,2.6739705290156417,1.1850843181472548,-1.485145750032937,3.242094308615973,2.343864514677072],""source"":""LATEST SUCCESSFUL PHASE5 SERVO_J COMMAND \u2014 DRIVER MEMORY"",""error"":null}}","{""left"":{""valid"":true,""fresh"":true,""status"":""FRESH"",""joints_rad"":[3.0116839576395007,0.47180194125516234,-1.111619922815736,1.4924521618643005,-0.1120075519442873,1.0119268904747452],""received_at_ms"":1788504019556,""age_ms"":1,""source"":""jaka_port10000_actual_feedback"",""mapping"":""port10000_joint_actual_position_deg_to_rad"",""error"":null},""right"":{""valid"":true,""fresh"":true,""status"":""FRESH"",""joints_rad"":[0.13105363193960062,2.6748626391409265,1.1826647717486416,-1.4850119977959737,3.242586654355221,2.3456705038686696],""received_at_ms"":1788504019534,""age_ms"":23,""source"":""jaka_port10000_actual_feedback"",""mapping"":""port10000_joint_actual_position_deg_to_rad"",""error"":null}}","{""left"":{""values"":[-112.36811382434098,-3.367675738991238,1.72607421875,-3.969970703125,-0.2589111328125,0.7274169921875],""received_at_ms"":1788503987887,""valid"":true,""status"":""STALE"",""error"":""Torque sample age 31670 ms exceeds 1500 ms"",""source"":""/left_jaka_driver/joint_torque_raw"",""age_ms"":31670,""fresh"":false},""right"":{""values"":[111.13329938671086,3.143164023058489,-2.6630859375,4.29052734375,-0.03082275390625,0.09246826171875],""received_at_ms"":1788503987893,""valid"":true,""status"":""STALE"",""error"":""Torque sample age 31664 ms exceeds 1500 ms"",""source"":""/right_jaka_driver/joint_torque_raw"",""age_ms"":31664,""fresh"":false}}"
307,1788504019657,RUNNING,29.064,"{""left"":{""valid"":true,""status"":""VALID"",""sample_index"":1212,""time_from_start_s"":29.088,""joints_rad"":[3.012301487983485,0.47531989434615535,-1.1216202346165354,1.492047572555937,-0.11105570762476967,0.9987053294040906],""source"":""LATEST SUCCESSFUL PHASE5 SERVO_J COMMAND \u2014 DRIVER MEMORY"",""error"":null},""right"":{""valid"":true,""status"":""VALID"",""sample_index"":1211,""time_from_start_s"":29.064,""joints_rad"":[0.13030053868796423,2.673132997819429,1.1874653821838606,-1.48521831038635,3.2416760368224584,2.342179151727424],""source"":""LATEST SUCCESSFUL PHASE5 SERVO_J COMMAND \u2014 DRIVER MEMORY"",""error"":null}}","{""left"":{""valid"":true,""fresh"":true,""status"":""FRESH"",""joints_rad"":[3.0118996803350475,0.4733957759280836,-1.1159701559763318,1.4922964784950226,-0.11156423831428072,1.006054555673485],""received_at_ms"":1788504019645,""age_ms"":12,""source"":""jaka_port10000_actual_feedback"",""mapping"":""port10000_joint_actual_position_deg_to_rad"",""error"":null},""right"":{""valid"":true,""fresh"":true,""status"":""FRESH"",""joints_rad"":[0.1307180051244421,2.674059613152084,1.1848218241711814,-1.4850959481329946,3.242263070311901,2.3440646264239096],""received_at_ms"":1788504019624,""age_ms"":33,""source"":""jaka_port10000_actual_feedback"",""mapping"":""port10000_joint_actual_position_deg_to_rad"",""error"":null}}","{""left"":{""values"":[-112.36811382434098,-3.367675738991238,1.72607421875,-3.969970703125,-0.2589111328125,0.7274169921875],""received_at_ms"":1788503987887,""valid"":true,""status"":""STALE"",""error"":""Torque sample age 31770 ms exceeds 1500 ms"",""source"":""/left_jaka_driver/joint_torque_raw"",""age_ms"":31770,""fresh"":false},""right"":{""values"":[111.13329938671086,3.143164023058489,-2.6630859375,4.29052734375,-0.03082275390625,0.09246826171875],""received_at_ms"":1788503987893,""valid"":true,""status"":""STALE"",""error"":""Torque sample age 31764 ms exceeds 1500 ms"",""source"":""/right_jaka_driver/joint_torque_raw"",""age_ms"":31764,""fresh"":false}}"
308,1788504019761,RUNNING,29.184,"{""left"":{""valid"":true,""status"":""VALID"",""sample_index"":1216,""time_from_start_s"":29.184,""joints_rad"":[3.0125707329077067,0.47705741753476,-1.1264361459187997,1.4918617416994095,-0.11059224537387162,0.9924260240454769],""source"":""LATEST SUCCESSFUL PHASE5 SERVO_J COMMAND \u2014 DRIVER MEMORY"",""error"":null},""right"":{""valid"":true,""status"":""VALID"",""sample_index"":1216,""time_from_start_s"":29.184,""joints_rad"":[0.12984927944919386,2.6720877884364236,1.1904403160464878,-1.485308827380719,3.241153268930235,2.340072617552949],""source"":""LATEST SUCCESSFUL PHASE5 SERVO_J COMMAND \u2014 DRIVER MEMORY"",""error"":null}}","{""left"":{""valid"":true,""fresh"":true,""status"":""FRESH"",""joints_rad"":[3.012115403030594,0.474678243862449,-1.1196014880180312,1.4921285778209807,-0.1112047004883699,1.0012967881325485],""received_at_ms"":1788504019745,""age_ms"":16,""source"":""jaka_port10000_actual_feedback"",""mapping"":""port10000_joint_actual_position_deg_to_rad"",""error"":null},""right"":{""valid"":true,""fresh"":true,""status"":""FRESH"",""joints_rad"":[0.13028655973334913,2.6730050852180285,1.1878059881262413,-1.485155812926338,3.241663898779691,2.3419433532510356],""received_at_ms"":1788504019739,""age_ms"":22,""source"":""jaka_port10000_actual_feedback"",""mapping"":""port10000_joint_actual_position_deg_to_rad"",""error"":null}}","{""left"":{""values"":[-112.36811382434098,-3.367675738991238,1.72607421875,-3.969970703125,-0.2589111328125,0.7274169921875],""received_at_ms"":1788503987887,""valid"":true,""status"":""STALE"",""error"":""Torque sample age 31874 ms exceeds 1500 ms"",""source"":""/left_jaka_driver/joint_torque_raw"",""age_ms"":31874,""fresh"":false},""right"":{""values"":[111.13329938671086,3.143164023058489,-2.6630859375,4.29052734375,-0.03082275390625,0.09246826171875],""received_at_ms"":1788503987893,""valid"":true,""status"":""STALE"",""error"":""Torque sample age 31868 ms exceeds 1500 ms"",""source"":""/right_jaka_driver/joint_torque_raw"",""age_ms"":31868,""fresh"":false}}"
309,1788504019859,RUNNING,29.28,"{""left"":{""valid"":true,""status"":""VALID"",""sample_index"":1220,""time_from_start_s"":29.28,""joints_rad"":[3.0128400076510515,0.47878126753257505,-1.1312259171264205,1.4916795401269058,-0.11012958991730505,0.9861591913569188],""source"":""LATEST SUCCESSFUL PHASE5 SERVO_J COMMAND \u2014 DRIVER MEMORY"",""error"":null},""right"":{""valid"":true,""status"":""VALID"",""sample_index"":1220,""time_from_start_s"":29.28,""joints_rad"":[0.12948947257725213,2.6712584746321455,1.1928009507741755,-1.4853822669826724,3.2407374065720562,2.3383724318601273],""source"":""LATEST SUCCESSFUL PHASE5 SERVO_J COMMAND \u2014 DRIVER MEMORY"",""error"":null}}","{""left"":{""valid"":true,""fresh"":true,""status"":""FRESH"",""joints_rad"":[3.012115403030594,0.474678243862449,-1.1196014880180312,1.4921285778209807,-0.1112047004883699,1.0012967881325485],""received_at_ms"":1788504019745,""age_ms"":114,""source"":""jaka_port10000_actual_feedback"",""mapping"":""port10000_joint_actual_position_deg_to_rad"",""error"":null},""right"":{""valid"":true,""fresh"":true,""status"":""FRESH"",""joints_rad"":[0.13004692602705029,2.672465778479163,1.1894118655710013,-1.4851917667089292,3.2413403147363717,2.3408048749799595],""received_at_ms"":1788504019852,""age_ms"":7,""source"":""jaka_port10000_actual_feedback"",""mapping"":""port10000_joint_actual_position_deg_to_rad"",""error"":null}}","{""left"":{""values"":[-112.36811382434098,-3.367675738991238,1.72607421875,-3.969970703125,-0.2589111328125,0.7274169921875],""received_at_ms"":1788503987887,""valid"":true,""status"":""STALE"",""error"":""Torque sample age 31972 ms exceeds 1500 ms"",""source"":""/left_jaka_driver/joint_torque_raw"",""age_ms"":31972,""fresh"":false},""right"":{""values"":[111.13329938671086,3.143164023058489,-2.6630859375,4.29052734375,-0.03082275390625,0.09246826171875],""received_at_ms"":1788503987893,""valid"":true,""status"":""STALE"",""error"":""Torque sample age 31966 ms exceeds 1500 ms"",""source"":""/right_jaka_driver/joint_torque_raw"",""age_ms"":31966,""fresh"":false}}"
310,1788504019963,RUNNING,29.376,"{""left"":{""valid"":true,""status"":""VALID"",""sample_index"":1224,""time_from_start_s"":29.376,""joints_rad"":[3.013106912774693,0.48047405057292947,-1.1359420917268725,1.491502649960715,-0.10967201497430061,0.9799333296799724],""source"":""LATEST SUCCESSFUL PHASE5 SERVO_J COMMAND \u2014 DRIVER MEMORY"",""error"":null},""right"":{""valid"":true,""status"":""VALID"",""sample_index"":1224,""time_from_start_s"":29.376,""joints_rad"":[0.1291356927039772,2.670461505265979,1.195067961364587,-1.4854609538258547,3.2403330071243697,2.336598840175874],""source"":""LATEST SUCCESSFUL PHASE5 SERVO_J COMMAND \u2014 DRIVER MEMORY"",""error"":null}}","{""left"":{""valid"":true,""fresh"":true,""status"":""FRESH"",""joints_rad"":[3.012534980182773,0.4774465105890372,-1.1272952484266727,1.4918170365494994,-0.11050953584730057,0.9913379394206688],""received_at_ms"":1788504019864,""age_ms"":99,""source"":""jaka_port10000_actual_feedback"",""mapping"":""port10000_joint_actual_position_deg_to_rad"",""error"":null},""right"":{""valid"":true,""fresh"":true,""status"":""FRESH"",""joints_rad"":[0.12962752340779604,2.6714831581102896,1.1920963564934939,-1.4852636742741112,3.2409209121171174,2.3388155486985363],""received_at_ms"":1788504019924,""age_ms"":39,""source"":""jaka_port10000_actual_feedback"",""mapping"":""port10000_joint_actual_position_deg_to_rad"",""error"":null}}","{""left"":{""values"":[-112.36811382434098,-3.367675738991238,1.72607421875,-3.969970703125,-0.2589111328125,0.7274169921875],""received_at_ms"":1788503987887,""valid"":true,""status"":""STALE"",""error"":""Torque sample age 32076 ms exceeds 1500 ms"",""source"":""/left_jaka_driver/joint_torque_raw"",""age_ms"":32076,""fresh"":false},""right"":{""values"":[111.13329938671086,3.143164023058489,-2.6630859375,4.29052734375,-0.03082275390625,0.09246826171875],""received_at_ms"":1788503987893,""valid"":true,""status"":""STALE"",""error"":""Torque sample age 32070 ms exceeds 1500 ms"",""source"":""/right_jaka_driver/joint_torque_raw"",""age_ms"":32070,""fresh"":false}}"
311,1788504020067,RUNNING,29.496000000000002,"{""left"":{""valid"":true,""status"":""VALID"",""sample_index"":1229,""time_from_start_s"":29.496000000000002,""joints_rad"":[3.013434088432005,0.4825240599032764,-1.141672608397533,1.4912911652056249,-0.10911274925343249,0.9722438426436253],""source"":""LATEST SUCCESSFUL PHASE5 SERVO_J COMMAND \u2014 DRIVER MEMORY"",""error"":null},""right"":{""valid"":true,""status"":""VALID"",""sample_index"":1229,""time_from_start_s"":29.496000000000002,""joints_rad"":[0.12870760047798963,2.669541790055134,1.1976808981368048,-1.4855718418152872,3.239854507004298,2.3342089790955383],""source"":""LATEST SUCCESSFUL PHASE5 SERVO_J COMMAND \u2014 DRIVER MEMORY"",""error"":null}}","{""left"":{""valid"":true,""fresh"":true,""status"":""FRESH"",""joints_rad"":[3.013062244149801,0.48073017304373933,-1.1364992422370648,1.4915175380498575,-0.10968259884770565,0.9791260451773897],""received_at_ms"":1788504020051,""age_ms"":16,""source"":""jaka_port10000_actual_feedback"",""mapping"":""port10000_joint_actual_position_deg_to_rad"",""error"":null},""right"":{""valid"":true,""fresh"":true,""status"":""FRESH"",""joints_rad"":[0.12929189659263754,2.6706680893496086,1.1943972240463978,-1.4853715356218844,3.2405254205086154,2.3371136781449167],""received_at_ms"":1788504020017,""age_ms"":50,""source"":""jaka_port10000_actual_feedback"",""mapping"":""port10000_joint_actual_position_deg_to_rad"",""error"":null}}","{""left"":{""values"":[-112.36811382434098,-3.367675738991238,1.72607421875,-3.969970703125,-0.2589111328125,0.7274169921875],""received_at_ms"":1788503987887,""valid"":true,""status"":""STALE"",""error"":""Torque sample age 32180 ms exceeds 1500 ms"",""source"":""/left_jaka_driver/joint_torque_raw"",""age_ms"":32180,""fresh"":false},""right"":{""values"":[111.13329938671086,3.143164023058489,-2.6630859375,4.29052734375,-0.03082275390625,0.09246826171875],""received_at_ms"":1788503987893,""valid"":true,""status"":""STALE"",""error"":""Torque sample age 32174 ms exceeds 1500 ms"",""source"":""/right_jaka_driver/joint_torque_raw"",""age_ms"":32174,""fresh"":false}}"
312,1788504020166,RUNNING,29.592000000000002,"{""left"":{""valid"":true,""status"":""VALID"",""sample_index"":1233,""time_from_start_s"":29.592000000000002,""joints_rad"":[3.01368914465312,0.48410089207947576,-1.1460960015546182,1.4911305864245301,-0.10867818461530057,0.966181911426056],""source"":""LATEST SUCCESSFUL PHASE5 SERVO_J COMMAND \u2014 DRIVER MEMORY"",""error"":null},""right"":{""valid"":true,""status"":""VALID"",""sample_index"":1233,""time_from_start_s"":29.592000000000002,""joints_rad"":[0.12837858878856992,2.6688797764655923,1.1995591376619794,-1.4856727949292046,3.239497589043522,2.332131405725708],""source"":""LATEST SUCCESSFUL PHASE5 SERVO_J COMMAND \u2014 DRIVER MEMORY"",""error"":null}}","{""left"":{""valid"":true,""fresh"":true,""status"":""FRESH"",""joints_rad"":[3.0132538813016696,0.4818208292933106,-1.1395910930069728,1.4913976339302453,-0.10935918933731109,0.9750513995056836],""received_at_ms"":1788504020123,""age_ms"":43,""source"":""jaka_port10000_actual_feedback"",""mapping"":""port10000_joint_actual_position_deg_to_rad"",""error"":null},""right"":{""valid"":true,""fresh"":true,""status"":""FRESH"",""joints_rad"":[0.12894440153856548,2.669949013697787,1.1962907317518865,-1.4854675287307442,3.2401299289001133,2.3355557972545866],""received_at_ms"":1788504020105,""age_ms"":61,""source"":""jaka_port10000_actual_feedback"",""mapping"":""port10000_joint_actual_position_deg_to_rad"",""error"":null}}","{""left"":{""values"":[-112.36811382434098,-3.367675738991238,1.72607421875,-3.969970703125,-0.2589111328125,0.7274169921875],""received_at_ms"":1788503987887,""valid"":true,""status"":""STALE"",""error"":""Torque sample age 32279 ms exceeds 1500 ms"",""source"":""/left_jaka_driver/joint_torque_raw"",""age_ms"":32279,""fresh"":false},""right"":{""values"":[111.13329938671086,3.143164023058489,-2.6630859375,4.29052734375,-0.03082275390625,0.09246826171875],""received_at_ms"":1788503987893,""valid"":true,""status"":""STALE"",""error"":""Torque sample age 32273 ms exceeds 1500 ms"",""source"":""/right_jaka_driver/joint_torque_raw"",""age_ms"":32273,""fresh"":false}}"
313,1788504020267,RUNNING,29.688000000000002,"{""left"":{""valid"":true,""status"":""VALID"",""sample_index"":1237,""time_from_start_s"":29.688000000000002,""joints_rad"":[3.0139377057231185,0.48561829658561395,-1.1503662133130232,1.4909778175147095,-0.10825599701916652,0.9602032530900785],""source"":""LATEST SUCCESSFUL PHASE5 SERVO_J COMMAND \u2014 DRIVER MEMORY"",""error"":null},""right"":{""valid"":true,""status"":""VALID"",""sample_index"":1237,""time_from_start_s"":29.688000000000002,""joints_rad"":[0.12806163158200046,2.6682850176188704,1.2012450591626003,-1.4857851278211769,3.239164069168169,2.3299040961697512],""source"":""LATEST SUCCESSFUL PHASE5 SERVO_J COMMAND \u2014 DRIVER MEMORY"",""error"":null}}","{""left"":{""valid"":true,""fresh"":true,""status"":""FRESH"",""joints_rad"":[3.013505557779807,0.4834385749769841,-1.1440373192764282,1.4912058222454512,-0.10891570117437933,0.9692150184870147],""received_at_ms"":1788504020234,""age_ms"":33,""source"":""jaka_port10000_actual_feedback"",""mapping"":""port10000_joint_actual_position_deg_to_rad"",""error"":null},""right"":{""valid"":true,""fresh"":true,""status"":""FRESH"",""joints_rad"":[0.12874072161485772,2.6694337925025984,1.1977768796099597,-1.485635254871861,3.239794302084955,2.3340816921683527],""received_at_ms"":1788504020216,""age_ms"":51,""source"":""jaka_port10000_actual_feedback"",""mapping"":""port10000_joint_actual_position_deg_to_rad"",""error"":null}}","{""left"":{""values"":[-112.36811382434098,-3.367675738991238,1.72607421875,-3.969970703125,-0.2589111328125,0.7274169921875],""received_at_ms"":1788503987887,""valid"":true,""status"":""STALE"",""error"":""Torque sample age 32380 ms exceeds 1500 ms"",""source"":""/left_jaka_driver/joint_torque_raw"",""age_ms"":32380,""fresh"":false},""right"":{""values"":[111.13329938671086,3.143164023058489,-2.6630859375,4.29052734375,-0.03082275390625,0.09246826171875],""received_at_ms"":1788503987893,""valid"":true,""status"":""STALE"",""error"":""Torque sample age 32374 ms exceeds 1500 ms"",""source"":""/right_jaka_driver/joint_torque_raw"",""age_ms"":32374,""fresh"":false}}"
314,1788504020368,RUNNING,29.784,"{""left"":{""valid"":true,""status"":""VALID"",""sample_index"":1241,""time_from_start_s"":29.784,""joints_rad"":[3.014179929282526,0.48707818633643873,-1.1544872518643212,1.49083247964052,-0.10784587366326572,0.9543030194795764],""source"":""LATEST SUCCESSFUL PHASE5 SERVO_J COMMAND \u2014 DRIVER MEMORY"",""error"":null},""right"":{""valid"":true,""status"":""VALID"",""sample_index"":1241,""time_from_start_s"":29.784,""joints_rad"":[0.1277553793836858,2.6677516341954233,1.2027569342174282,-1.4859081360512318,3.2388516313649784,2.3275419348793505],""source"":""LATEST SUCCESSFUL PHASE5 SERVO_J COMMAND \u2014 DRIVER MEMORY"",""error"":null}}","{""left"":{""valid"":true,""fresh"":true,""status"":""FRESH"",""joints_rad"":[3.013733323247193,0.4848287297261976,-1.1479681498177698,1.4910620071150869,-0.10853225233771618,0.963917944207212],""received_at_ms"":1788504020346,""age_ms"":22,""source"":""jaka_port10000_actual_feedback"",""mapping"":""port10000_joint_actual_position_deg_to_rad"",""error"":null},""right"":{""valid"":true,""fresh"":true,""status"":""FRESH"",""joints_rad"":[0.12814137554972288,2.668295314231522,1.2011083640861664,-1.4859708816870194,3.2392310843353362,2.3301149078444197],""received_at_ms"":1788504020358,""age_ms"":10,""source"":""jaka_port10000_actual_feedback"",""mapping"":""port10000_joint_actual_position_deg_to_rad"",""error"":null}}","{""left"":{""values"":[-112.36811382434098,-3.367675738991238,1.72607421875,-3.969970703125,-0.2589111328125,0.7274169921875],""received_at_ms"":1788503987887,""valid"":true,""status"":""STALE"",""error"":""Torque sample age 32481 ms exceeds 1500 ms"",""source"":""/left_jaka_driver/joint_torque_raw"",""age_ms"":32481,""fresh"":false},""right"":{""values"":[111.13329938671086,3.143164023058489,-2.6630859375,4.29052734375,-0.03082275390625,0.09246826171875],""received_at_ms"":1788503987893,""valid"":true,""status"":""STALE"",""error"":""Torque sample age 32475 ms exceeds 1500 ms"",""source"":""/right_jaka_driver/joint_torque_raw"",""age_ms"":32475,""fresh"":false}}"
315,1788504020482,RUNNING,29.88,"{""left"":{""valid"":true,""status"":""VALID"",""sample_index"":1245,""time_from_start_s"":29.88,""joints_rad"":[3.0144165388458917,0.48848657143589547,-1.1584742749017969,1.4906937707765884,-0.10744649351272813,0.9484697969784576],""source"":""LATEST SUCCESSFUL PHASE5 SERVO_J COMMAND \u2014 DRIVER MEMORY"",""error"":null},""right"":{""valid"":true,""status"":""VALID"",""sample_index"":1246,""time_from_start_s"":29.904,""joints_rad"":[0.12738379215113207,2.6671530038697675,1.2044568718781548,-1.4860743791397706,3.2384838811322516,2.3244435522896896],""source"":""LATEST SUCCESSFUL PHASE5 SERVO_J COMMAND \u2014 DRIVER MEMORY"",""error"":null}}","{""left"":{""valid"":true,""fresh"":true,""status"":""FRESH"",""joints_rad"":[3.0140329962797603,0.48655451129056965,-1.1528336041735545,1.4908822382021314,-0.10804076762035457,0.9570870745807565],""received_at_ms"":1788504020415,""age_ms"":67,""source"":""jaka_port10000_actual_feedback"",""mapping"":""port10000_joint_actual_position_deg_to_rad"",""error"":null},""right"":{""valid"":true,""fresh"":true,""status"":""FRESH"",""joints_rad"":[0.1277699694848985,2.667636103373044,1.2030378255742462,-1.486018703708524,3.238895632053103,2.327046968085264],""received_at_ms"":1788504020476,""age_ms"":6,""source"":""jaka_port10000_actual_feedback"",""mapping"":""port10000_joint_actual_position_deg_to_rad"",""error"":null}}","{""left"":{""values"":[-112.36811382434098,-3.367675738991238,1.72607421875,-3.969970703125,-0.2589111328125,0.7274169921875],""received_at_ms"":1788503987887,""valid"":true,""status"":""STALE"",""error"":""Torque sample age 32595 ms exceeds 1500 ms"",""source"":""/left_jaka_driver/joint_torque_raw"",""age_ms"":32595,""fresh"":false},""right"":{""values"":[111.13329938671086,3.143164023058489,-2.6630859375,4.29052734375,-0.03082275390625,0.09246826171875],""received_at_ms"":1788503987893,""valid"":true,""status"":""STALE"",""error"":""Torque sample age 32589 ms exceeds 1500 ms"",""source"":""/right_jaka_driver/joint_torque_raw"",""age_ms"":32589,""fresh"":false}}"
316,1788504020568,RUNNING,29.976,"{""left"":{""valid"":true,""status"":""VALID"",""sample_index"":1249,""time_from_start_s"":29.976,""joints_rad"":[3.0146487634179255,0.4898530394431273,-1.1623522980228385,1.4905605324818392,-0.10705563900165231,0.9426866586151693],""source"":""LATEST SUCCESSFUL PHASE5 SERVO_J COMMAND \u2014 DRIVER MEMORY"",""error"":null},""right"":{""valid"":true,""status"":""VALID"",""sample_index"":1249,""time_from_start_s"":29.976,""joints_rad"":[0.1271642970196369,2.666817769525217,1.2054124841732385,-1.4861789957662699,3.2382707975594043,2.3225362785390304],""source"":""LATEST SUCCESSFUL PHASE5 SERVO_J COMMAND \u2014 DRIVER MEMORY"",""error"":null}}","{""left"":{""valid"":true,""fresh"":true,""status"":""FRESH"",""joints_rad"":[3.0142007224208767,0.48762108199646337,-1.1558896756937964,1.4907743768543582,-0.10776518013146467,0.9524970331809367],""received_at_ms"":1788504020486,""age_ms"":82,""source"":""jaka_port10000_actual_feedback"",""mapping"":""port10000_joint_actual_position_deg_to_rad"",""error"":null},""right"":{""valid"":true,""fresh"":true,""status"":""FRESH"",""joints_rad"":[0.1277699694848985,2.667636103373044,1.2030378255742462,-1.486018703708524,3.238895632053103,2.327046968085264],""received_at_ms"":1788504020476,""age_ms"":92,""source"":""jaka_port10000_actual_feedback"",""mapping"":""port10000_joint_actual_position_deg_to_rad"",""error"":null}}","{""left"":{""values"":[-112.36811382434098,-3.367675738991238,1.72607421875,-3.969970703125,-0.2589111328125,0.7274169921875],""received_at_ms"":1788503987887,""valid"":true,""status"":""STALE"",""error"":""Torque sample age 32681 ms exceeds 1500 ms"",""source"":""/left_jaka_driver/joint_torque_raw"",""age_ms"":32681,""fresh"":false},""right"":{""values"":[111.13329938671086,3.143164023058489,-2.6630859375,4.29052734375,-0.03082275390625,0.09246826171875],""received_at_ms"":1788503987893,""valid"":true,""status"":""STALE"",""error"":""Torque sample age 32675 ms exceeds 1500 ms"",""source"":""/right_jaka_driver/joint_torque_raw"",""age_ms"":32675,""fresh"":false}}"
317,1788504020672,RUNNING,30.096,"{""left"":{""valid"":true,""status"":""VALID"",""sample_index"":1254,""time_from_start_s"":30.096,""joints_rad"":[3.0149354656360887,0.49152169191251,-1.1670984168305167,1.4903994493637593,-0.10657442039535783,0.9354952432319305],""source"":""LATEST SUCCESSFUL PHASE5 SERVO_J COMMAND \u2014 DRIVER MEMORY"",""error"":null},""right"":{""valid"":true,""status"":""VALID"",""sample_index"":1254,""time_from_start_s"":30.096,""joints_rad"":[0.12679876927118822,2.6662718310143934,1.206978453139243,-1.4863574783891684,3.237918281508363,2.319341127158358],""source"":""LATEST SUCCESSFUL PHASE5 SERVO_J COMMAND \u2014 DRIVER MEMORY"",""error"":null}}","{""left"":{""valid"":true,""fresh"":true,""status"":""FRESH"",""joints_rad"":[3.0146321678119694,0.49002998543006593,-1.163008350113906,1.4905227003762207,-0.10695028590370852,0.9418191088172353],""received_at_ms"":1788504020664,""age_ms"":8,""source"":""jaka_port10000_actual_feedback"",""mapping"":""port10000_joint_actual_position_deg_to_rad"",""error"":null},""right"":{""valid"":true,""fresh"":true,""status"":""FRESH"",""joints_rad"":[0.12743434266973996,2.6671208821778554,1.204547884443072,-1.4861146968173837,3.2385479624661055,2.324494249521297],""received_at_ms"":1788504020608,""age_ms"":64,""source"":""jaka_port10000_actual_feedback"",""mapping"":""port10000_joint_actual_position_deg_to_rad"",""error"":null}}","{""left"":{""values"":[-112.36811382434098,-3.367675738991238,1.72607421875,-3.969970703125,-0.2589111328125,0.7274169921875],""received_at_ms"":1788503987887,""valid"":true,""status"":""STALE"",""error"":""Torque sample age 32784 ms exceeds 1500 ms"",""source"":""/left_jaka_driver/joint_torque_raw"",""age_ms"":32784,""fresh"":false},""right"":{""values"":[111.13329938671086,3.143164023058489,-2.6630859375,4.29052734375,-0.03082275390625,0.09246826171875],""received_at_ms"":1788503987893,""valid"":true,""status"":""STALE"",""error"":""Torque sample age 32778 ms exceeds 1500 ms"",""source"":""/right_jaka_driver/joint_torque_raw"",""age_ms"":32778,""fresh"":false}}"
318,1788504020772,RUNNING,30.192,"{""left"":{""valid"":true,""status"":""VALID"",""sample_index"":1258,""time_from_start_s"":30.192,""joints_rad"":[3.015164525297105,0.4928438977469674,-1.1708649335607297,1.4902728921300614,-0.10619075623582842,0.9297415000446991],""source"":""LATEST SUCCESSFUL PHASE5 SERVO_J COMMAND \u2014 DRIVER MEMORY"",""error"":null},""right"":{""valid"":true,""status"":""VALID"",""sample_index"":1258,""time_from_start_s"":30.192,""joints_rad"":[0.12650162070048374,2.66582155547365,1.20828126587474,-1.4865002368538263,3.2376294565912036,2.316829091364974],""source"":""LATEST SUCCESSFUL PHASE5 SERVO_J COMMAND \u2014 DRIVER MEMORY"",""error"":null}}","{""left"":{""valid"":true,""fresh"":true,""status"":""FRESH"",""joints_rad"":[3.014811936724925,0.49101260579893874,-1.1658724354164287,1.4904389245721248,-0.10662670186038878,0.9375526514607352],""received_at_ms"":1788504020737,""age_ms"":35,""source"":""jaka_port10000_actual_feedback"",""mapping"":""port10000_joint_actual_position_deg_to_rad"",""error"":null},""right"":{""valid"":true,""fresh"":true,""status"":""FRESH"",""joints_rad"":[0.12714671240901132,2.6666293974604933,1.2058900426378554,-1.4862464691759092,3.2382484639664635,2.3216661180013656],""received_at_ms"":1788504020720,""age_ms"":52,""source"":""jaka_port10000_actual_feedback"",""mapping"":""port10000_joint_actual_position_deg_to_rad"",""error"":null}}","{""left"":{""values"":[-112.36811382434098,-3.367675738991238,1.72607421875,-3.969970703125,-0.2589111328125,0.7274169921875],""received_at_ms"":1788503987887,""valid"":true,""status"":""STALE"",""error"":""Torque sample age 32885 ms exceeds 1500 ms"",""source"":""/left_jaka_driver/joint_torque_raw"",""age_ms"":32885,""fresh"":false},""right"":{""values"":[111.13329938671086,3.143164023058489,-2.6630859375,4.29052734375,-0.03082275390625,0.09246826171875],""received_at_ms"":1788503987893,""valid"":true,""status"":""STALE"",""error"":""Torque sample age 32879 ms exceeds 1500 ms"",""source"":""/right_jaka_driver/joint_torque_raw"",""age_ms"":32879,""fresh"":false}}"
319,1788504020876,RUNNING,30.288,"{""left"":{""valid"":true,""status"":""VALID"",""sample_index"":1262,""time_from_start_s"":30.288,""joints_rad"":[3.0153959554778678,0.4941737713837419,-1.174656222048298,1.49014638606283,-0.10580356898343186,0.9239574673960065],""source"":""LATEST SUCCESSFUL PHASE5 SERVO_J COMMAND \u2014 DRIVER MEMORY"",""error"":null},""right"":{""valid"":true,""status"":""VALID"",""sample_index"":1262,""time_from_start_s"":30.288,""joints_rad"":[0.1261953118130869,2.6653342175598054,1.20970248502075,-1.4866391962945078,3.2373254339143194,2.3144148510340923],""source"":""LATEST SUCCESSFUL PHASE5 SERVO_J COMMAND \u2014 DRIVER MEMORY"",""error"":null}}","{""left"":{""valid"":true,""fresh"":true,""status"":""FRESH"",""joints_rad"":[3.0150395276593853,0.49234289575480883,-1.1696475825884924,1.4903310632243516,-0.1062792068063167,0.9318721283442691],""received_at_ms"":1788504020853,""age_ms"":23,""source"":""jaka_port10000_actual_feedback"",""mapping"":""port10000_joint_actual_position_deg_to_rad"",""error"":null},""right"":{""valid"":true,""fresh"":true,""status"":""FRESH"",""joints_rad"":[0.12679921735493924,2.666138087276057,1.207352104952251,-1.486414195317026,3.2378889261405526,2.318669911274467],""received_at_ms"":1788504020792,""age_ms"":84,""source"":""jaka_port10000_actual_feedback"",""mapping"":""port10000_joint_actual_position_deg_to_rad"",""error"":null}}","{""left"":{""values"":[-112.36811382434098,-3.367675738991238,1.72607421875,-3.969970703125,-0.2589111328125,0.7274169921875],""received_at_ms"":1788503987887,""valid"":true,""status"":""STALE"",""error"":""Torque sample age 32989 ms exceeds 1500 ms"",""source"":""/left_jaka_driver/joint_torque_raw"",""age_ms"":32989,""fresh"":false},""right"":{""values"":[111.13329938671086,3.143164023058489,-2.6630859375,4.29052734375,-0.03082275390625,0.09246826171875],""received_at_ms"":1788503987893,""valid"":true,""status"":""STALE"",""error"":""Torque sample age 32983 ms exceeds 1500 ms"",""source"":""/right_jaka_driver/joint_torque_raw"",""age_ms"":32983,""fresh"":false}}"
320,1788504020976,RUNNING,30.384,"{""left"":{""valid"":true,""status"":""VALID"",""sample_index"":1266,""time_from_start_s"":30.384,""joints_rad"":[3.01563245985875,0.4955303062841361,-1.1785247845972602,1.4900180029020018,-0.10540807699164746,0.9181145240945804],""source"":""LATEST SUCCESSFUL PHASE5 SERVO_J COMMAND \u2014 DRIVER MEMORY"",""error"":null},""right"":{""valid"":true,""status"":""VALID"",""sample_index"":1266,""time_from_start_s"":30.384,""joints_rad"":[0.125875362427557,2.6647870276199574,1.2113092304219084,-1.4867708889410214,3.23699792302567,2.31215154536703],""source"":""LATEST SUCCESSFUL PHASE5 SERVO_J COMMAND \u2014 DRIVER MEMORY"",""error"":null}}","{""left"":{""valid"":true,""fresh"":true,""status"":""FRESH"",""joints_rad"":[3.015279335898609,0.49362518915624903,-1.1734705517820607,1.4901872480939873,-0.10590762620856711,0.9260718756411165],""received_at_ms"":1788504020961,""age_ms"":15,""source"":""jaka_port10000_actual_feedback"",""mapping"":""port10000_joint_actual_position_deg_to_rad"",""error"":null},""right"":{""valid"":true,""fresh"":true,""status"":""FRESH"",""joints_rad"":[0.1262239568334819,2.665251285483119,1.2099168662880568,-1.4866538290233247,3.237325533858009,2.3141879057553454],""received_at_ms"":1788504020972,""age_ms"":4,""source"":""jaka_port10000_actual_feedback"",""mapping"":""port10000_joint_actual_position_deg_to_rad"",""error"":null}}","{""left"":{""values"":[-112.36811382434098,-3.367675738991238,1.72607421875,-3.969970703125,-0.2589111328125,0.7274169921875],""received_at_ms"":1788503987887,""valid"":true,""status"":""STALE"",""error"":""Torque sample age 33088 ms exceeds 1500 ms"",""source"":""/left_jaka_driver/joint_torque_raw"",""age_ms"":33088,""fresh"":false},""right"":{""values"":[111.13329938671086,3.143164023058489,-2.6630859375,4.29052734375,-0.03082275390625,0.09246826171875],""received_at_ms"":1788503987893,""valid"":true,""status"":""STALE"",""error"":""Torque sample age 33082 ms exceeds 1500 ms"",""source"":""/right_jaka_driver/joint_torque_raw"",""age_ms"":33082,""fresh"":false}}"
321,1788504021078,RUNNING,30.504,"{""left"":{""valid"":true,""status"":""VALID"",""sample_index"":1271,""time_from_start_s"":30.504,""joints_rad"":[3.0159396450050906,0.49729373459515896,-1.1835540144989811,1.4898519426361574,-0.10489425602664355,0.9106845009151974],""source"":""LATEST SUCCESSFUL PHASE5 SERVO_J COMMAND \u2014 DRIVER MEMORY"",""error"":null},""right"":{""valid"":true,""status"":""VALID"",""sample_index"":1271,""time_from_start_s"":30.504,""joints_rad"":[0.12544997670291969,2.6639867311815477,1.2136729677686369,-1.4869203441502103,3.2365438587489272,2.30960929775941],""source"":""LATEST SUCCESSFUL PHASE5 SERVO_J COMMAND \u2014 DRIVER MEMORY"",""error"":null}}","{""left"":{""valid"":true,""fresh"":true,""status"":""FRESH"",""joints_rad"":[3.0155310123767465,0.49505129768805367,-1.177641016029701,1.490043432963623,-0.10550026636115163,0.9197801382206021],""received_at_ms"":1788504021034,""age_ms"":44,""source"":""jaka_port10000_actual_feedback"",""mapping"":""port10000_joint_actual_position_deg_to_rad"",""error"":null},""right"":{""valid"":true,""fresh"":true,""status"":""FRESH"",""joints_rad"":[0.1262239568334819,2.665251285483119,1.2099168662880568,-1.4866538290233247,3.237325533858009,2.3141879057553454],""received_at_ms"":1788504020972,""age_ms"":106,""source"":""jaka_port10000_actual_feedback"",""mapping"":""port10000_joint_actual_position_deg_to_rad"",""error"":null}}","{""left"":{""values"":[-112.36811382434098,-3.367675738991238,1.72607421875,-3.969970703125,-0.2589111328125,0.7274169921875],""received_at_ms"":1788503987887,""valid"":true,""status"":""STALE"",""error"":""Torque sample age 33191 ms exceeds 1500 ms"",""source"":""/left_jaka_driver/joint_torque_raw"",""age_ms"":33191,""fresh"":false},""right"":{""values"":[111.13329938671086,3.143164023058489,-2.6630859375,4.29052734375,-0.03082275390625,0.09246826171875],""received_at_ms"":1788503987893,""valid"":true,""status"":""STALE"",""error"":""Torque sample age 33185 ms exceeds 1500 ms"",""source"":""/right_jaka_driver/joint_torque_raw"",""age_ms"":33185,""fresh"":false}}"
322,1788504021178,RUNNING,30.6,"{""left"":{""valid"":true,""status"":""VALID"",""sample_index"":1275,""time_from_start_s"":30.6,""joints_rad"":[3.016198330168,0.49878325769947096,-1.187802252572525,1.4897123635859904,-0.10446117008703622,0.9046061182037702],""source"":""LATEST SUCCESSFUL PHASE5 SERVO_J COMMAND \u2014 DRIVER MEMORY"",""error"":null},""right"":{""valid"":true,""status"":""VALID"",""sample_index"":1275,""time_from_start_s"":30.6,""joints_rad"":[0.12508505480564983,2.6632313842940354,1.2159127702266601,-1.4870243410937825,3.236136916915042,2.307855946528613],""source"":""LATEST SUCCESSFUL PHASE5 SERVO_J COMMAND \u2014 DRIVER MEMORY"",""error"":null}}","{""left"":{""valid"":true,""fresh"":true,""status"":""FRESH"",""joints_rad"":[3.015710781289702,0.4961299111657861,-1.1806370482236748,1.4899476143876884,-0.10516463954599312,0.9152620043859644],""received_at_ms"":1788504021113,""age_ms"":65,""source"":""jaka_port10000_actual_feedback"",""mapping"":""port10000_joint_actual_position_deg_to_rad"",""error"":null},""right"":{""valid"":true,""fresh"":true,""status"":""FRESH"",""joints_rad"":[0.12557678874684242,2.664148760994634,1.2132123969816724,-1.4868936372625488,3.236738405097638,2.31014921386623],""received_at_ms"":1788504021151,""age_ms"":27,""source"":""jaka_port10000_actual_feedback"",""mapping"":""port10000_joint_actual_position_deg_to_rad"",""error"":null}}","{""left"":{""values"":[-112.36811382434098,-3.367675738991238,1.72607421875,-3.969970703125,-0.2589111328125,0.7274169921875],""received_at_ms"":1788503987887,""valid"":true,""status"":""STALE"",""error"":""Torque sample age 33291 ms exceeds 1500 ms"",""source"":""/left_jaka_driver/joint_torque_raw"",""age_ms"":33291,""fresh"":false},""right"":{""values"":[111.13329938671086,3.143164023058489,-2.6630859375,4.29052734375,-0.03082275390625,0.09246826171875],""received_at_ms"":1788503987893,""valid"":true,""status"":""STALE"",""error"":""Torque sample age 33285 ms exceeds 1500 ms"",""source"":""/right_jaka_driver/joint_torque_raw"",""age_ms"":33285,""fresh"":false}}"
323,1788504021278,RUNNING,30.696,"{""left"":{""valid"":true,""status"":""VALID"",""sample_index"":1279,""time_from_start_s"":30.696,""joints_rad"":[3.01647186537719,0.5003643411389919,-1.1923129577700085,1.489564946049851,-0.10400267604410833,0.8983813259376423],""source"":""LATEST SUCCESSFUL PHASE5 SERVO_J COMMAND \u2014 DRIVER MEMORY"",""error"":null},""right"":{""valid"":true,""status"":""VALID"",""sample_index"":1279,""time_from_start_s"":30.696,""joints_rad"":[0.12469542623505589,2.6623587652650995,1.218506116584229,-1.4871121159970155,3.235685801608593,2.306386070699953],""source"":""LATEST SUCCESSFUL PHASE5 SERVO_J COMMAND \u2014 DRIVER MEMORY"",""error"":null}}","{""left"":{""valid"":true,""fresh"":true,""status"":""FRESH"",""joints_rad"":[3.0160102797893447,0.49778378516497596,-1.18540685853645,1.4897558027028943,-0.1047092831441478,0.9084070492158315],""received_at_ms"":1788504021216,""age_ms"":62,""source"":""jaka_port10000_actual_feedback"",""mapping"":""port10000_joint_actual_position_deg_to_rad"",""error"":null},""right"":{""valid"":true,""fresh"":true,""status"":""FRESH"",""joints_rad"":[0.1253012012579525,2.6635855432450155,1.21484235997011,-1.486965544827731,3.2364027782824794,2.3087351481062646],""received_at_ms"":1788504021222,""age_ms"":56,""source"":""jaka_port10000_actual_feedback"",""mapping"":""port10000_joint_actual_position_deg_to_rad"",""error"":null}}","{""left"":{""values"":[-112.36811382434098,-3.367675738991238,1.72607421875,-3.969970703125,-0.2589111328125,0.7274169921875],""received_at_ms"":1788503987887,""valid"":true,""status"":""STALE"",""error"":""Torque sample age 33391 ms exceeds 1500 ms"",""source"":""/left_jaka_driver/joint_torque_raw"",""age_ms"":33391,""fresh"":false},""right"":{""values"":[111.13329938671086,3.143164023058489,-2.6630859375,4.29052734375,-0.03082275390625,0.09246826171875],""received_at_ms"":1788503987893,""valid"":true,""status"":""STALE"",""error"":""Torque sample age 33385 ms exceeds 1500 ms"",""source"":""/right_jaka_driver/joint_torque_raw"",""age_ms"":33385,""fresh"":false}}"
324,1788504021379,RUNNING,30.792,"{""left"":{""valid"":true,""status"":""VALID"",""sample_index"":1283,""time_from_start_s"":30.792,""joints_rad"":[3.0167633383051133,0.5020559965818169,-1.197142789620362,1.489408198054563,-0.10351344578943308,0.8919888123436153],""source"":""LATEST SUCCESSFUL PHASE5 SERVO_J COMMAND \u2014 DRIVER MEMORY"",""error"":null},""right"":{""valid"":true,""status"":""VALID"",""sample_index"":1283,""time_from_start_s"":30.792,""joints_rad"":[0.12427961707652907,2.661360676867368,1.2214764702628662,-1.487182286446225,3.235187656716601,2.3052179489831577],""source"":""LATEST SUCCESSFUL PHASE5 SERVO_J COMMAND \u2014 DRIVER MEMORY"",""error"":null}}","{""left"":{""valid"":true,""fresh"":true,""status"":""FRESH"",""joints_rad"":[3.016369817615255,0.500048698935289,-1.1916385566306955,1.4895880765617777,-0.10407398329642187,0.8995746360031889],""received_at_ms"":1788504021342,""age_ms"":37,""source"":""jaka_port10000_actual_feedback"",""mapping"":""port10000_joint_actual_position_deg_to_rad"",""error"":null},""right"":{""valid"":true,""fresh"":true,""status"":""FRESH"",""joints_rad"":[0.12488179863869826,2.6626866986802384,1.2174788543381725,-1.4869414592840535,3.235911468098043,2.3068894624222804],""received_at_ms"":1788504021332,""age_ms"":47,""source"":""jaka_port10000_actual_feedback"",""mapping"":""port10000_joint_actual_position_deg_to_rad"",""error"":null}}","{""left"":{""values"":[-112.36811382434098,-3.367675738991238,1.72607421875,-3.969970703125,-0.2589111328125,0.7274169921875],""received_at_ms"":1788503987887,""valid"":true,""status"":""STALE"",""error"":""Torque sample age 33492 ms exceeds 1500 ms"",""source"":""/left_jaka_driver/joint_torque_raw"",""age_ms"":33492,""fresh"":false},""right"":{""values"":[111.13329938671086,3.143164023058489,-2.6630859375,4.29052734375,-0.03082275390625,0.09246826171875],""received_at_ms"":1788503987893,""valid"":true,""status"":""STALE"",""error"":""Torque sample age 33486 ms exceeds 1500 ms"",""source"":""/right_jaka_driver/joint_torque_raw"",""age_ms"":33486,""fresh"":false}}"
325,1788504021492,RUNNING,30.912,"{""left"":{""valid"":true,""status"":""VALID"",""sample_index"":1288,""time_from_start_s"":30.912,""joints_rad"":[3.017157493049168,0.5043527773936803,-1.2037111593760386,1.4891973244628751,-0.10285084366625209,0.8837371844417361],""source"":""LATEST SUCCESSFUL PHASE5 SERVO_J COMMAND \u2014 DRIVER MEMORY"",""error"":null},""right"":{""valid"":true,""status"":""VALID"",""sample_index"":1288,""time_from_start_s"":30.912,""joints_rad"":[0.12372293523561304,2.6599347579956776,1.2257237792197042,-1.4872447007743308,3.2344984018066034,2.304184895116934],""source"":""LATEST SUCCESSFUL PHASE5 SERVO_J COMMAND \u2014 DRIVER MEMORY"",""error"":null}}","{""left"":{""valid"":true,""fresh"":true,""status"":""FRESH"",""joints_rad"":[3.0165495865282104,0.5011992199782036,-1.1947784039550333,1.4894802152140043,-0.10379839580753197,0.8952963104077752],""received_at_ms"":1788504021460,""age_ms"":32,""source"":""jaka_port10000_actual_feedback"",""mapping"":""port10000_joint_actual_position_deg_to_rad"",""error"":null},""right"":{""valid"":true,""fresh"":true,""status"":""FRESH"",""joints_rad"":[0.124534129051701,2.661907758235073,1.2198277184455064,-1.486965544827731,3.235492065478789,2.305822891716387],""received_at_ms"":1788504021445,""age_ms"":47,""source"":""jaka_port10000_actual_feedback"",""mapping"":""port10000_joint_actual_position_deg_to_rad"",""error"":null}}","{""left"":{""values"":[-112.36811382434098,-3.367675738991238,1.72607421875,-3.969970703125,-0.2589111328125,0.7274169921875],""received_at_ms"":1788503987887,""valid"":true,""status"":""STALE"",""error"":""Torque sample age 33605 ms exceeds 1500 ms"",""source"":""/left_jaka_driver/joint_torque_raw"",""age_ms"":33605,""fresh"":false},""right"":{""values"":[111.13329938671086,3.143164023058489,-2.6630859375,4.29052734375,-0.03082275390625,0.09246826171875],""received_at_ms"":1788503987893,""valid"":true,""status"":""STALE"",""error"":""Torque sample age 33599 ms exceeds 1500 ms"",""source"":""/right_jaka_driver/joint_torque_raw"",""age_ms"":33599,""fresh"":false}}"
326,1788504021580,RUNNING,31.008,"{""left"":{""valid"":true,""status"":""VALID"",""sample_index"":1292,""time_from_start_s"":31.008,""joints_rad"":[3.017500164376414,0.5063548455195714,-1.2094516021294102,1.489015675621233,-0.10227400962240751,0.8769142931619721],""source"":""LATEST SUCCESSFUL PHASE5 SERVO_J COMMAND \u2014 DRIVER MEMORY"",""error"":null},""right"":{""valid"":true,""status"":""VALID"",""sample_index"":1292,""time_from_start_s"":31.008,""joints_rad"":[0.12324999639959043,2.6586599691979766,1.2295225598649888,-1.4872754516967823,3.233897096946601,2.303678554473833],""source"":""LATEST SUCCESSFUL PHASE5 SERVO_J COMMAND \u2014 DRIVER MEMORY"",""error"":null}}","{""left"":{""valid"":true,""fresh"":true,""status"":""FRESH"",""joints_rad"":[3.0168852133433695,0.5032724965966477,-1.200746557332228,1.48928840352921,-0.10317531326456998,0.8876025499991338],""received_at_ms"":1788504021533,""age_ms"":47,""source"":""jaka_port10000_actual_feedback"",""mapping"":""port10000_joint_actual_position_deg_to_rad"",""error"":null},""right"":{""valid"":true,""fresh"":true,""status"":""FRESH"",""joints_rad"":[0.12407877264985567,2.6607572371921586,1.2230995126612951,-1.4870254096210744,3.2349407159680843,2.304756321010493],""received_at_ms"":1788504021514,""age_ms"":66,""source"":""jaka_port10000_actual_feedback"",""mapping"":""port10000_joint_actual_position_deg_to_rad"",""error"":null}}","{""left"":{""values"":[-112.36811382434098,-3.367675738991238,1.72607421875,-3.969970703125,-0.2589111328125,0.7274169921875],""received_at_ms"":1788503987887,""valid"":true,""status"":""STALE"",""error"":""Torque sample age 33693 ms exceeds 1500 ms"",""source"":""/left_jaka_driver/joint_torque_raw"",""age_ms"":33693,""fresh"":false},""right"":{""values"":[111.13329938671086,3.143164023058489,-2.6630859375,4.29052734375,-0.03082275390625,0.09246826171875],""received_at_ms"":1788503987893,""valid"":true,""status"":""STALE"",""error"":""Torque sample age 33687 ms exceeds 1500 ms"",""source"":""/right_jaka_driver/joint_torque_raw"",""age_ms"":33687,""fresh"":false}}"
327,1788504021697,RUNNING,31.104,"{""left"":{""valid"":true,""status"":""VALID"",""sample_index"":1296,""time_from_start_s"":31.104,""joints_rad"":[3.0178700248819803,0.508517188887462,-1.215671965171237,1.4888221127825052,-0.10165083863209701,0.8698908181724905],""source"":""LATEST SUCCESSFUL PHASE5 SERVO_J COMMAND \u2014 DRIVER MEMORY"",""error"":null},""right"":{""valid"":true,""status"":""VALID"",""sample_index"":1296,""time_from_start_s"":31.104,""joints_rad"":[0.12275633633190049,2.657284038983204,1.2336233571785793,-1.4872916354291954,3.233258231863586,2.303413134152187],""source"":""LATEST SUCCESSFUL PHASE5 SERVO_J COMMAND \u2014 DRIVER MEMORY"",""error"":null}}","{""left"":{""valid"":true,""fresh"":true,""status"":""FRESH"",""joints_rad"":[3.0172566194081933,0.5052019580847275,-1.2060916281664606,1.4891566311706845,-0.1026478747646173,0.8807355520571621],""received_at_ms"":1788504021627,""age_ms"":70,""source"":""jaka_port10000_actual_feedback"",""mapping"":""port10000_joint_actual_position_deg_to_rad"",""error"":null},""right"":{""valid"":true,""fresh"":true,""status"":""FRESH"",""joints_rad"":[0.12376723137837468,2.6598823036381334,1.2257480498011963,-1.4870613634036656,3.2345333561206684,2.3041091529238535],""received_at_ms"":1788504021585,""age_ms"":112,""source"":""jaka_port10000_actual_feedback"",""mapping"":""port10000_joint_actual_position_deg_to_rad"",""error"":null}}","{""left"":{""values"":[-112.36811382434098,-3.367675738991238,1.72607421875,-3.969970703125,-0.2589111328125,0.7274169921875],""received_at_ms"":1788503987887,""valid"":true,""status"":""STALE"",""error"":""Torque sample age 33810 ms exceeds 1500 ms"",""source"":""/left_jaka_driver/joint_torque_raw"",""age_ms"":33810,""fresh"":false},""right"":{""values"":[111.13329938671086,3.143164023058489,-2.6630859375,4.29052734375,-0.03082275390625,0.09246826171875],""received_at_ms"":1788503987893,""valid"":true,""status"":""STALE"",""error"":""Torque sample age 33804 ms exceeds 1500 ms"",""source"":""/right_jaka_driver/joint_torque_raw"",""age_ms"":33804,""fresh"":false}}"
328,1788504021785,RUNNING,31.2,"{""left"":{""valid"":true,""status"":""VALID"",""sample_index"":1300,""time_from_start_s"":31.2,""joints_rad"":[3.0182694555468133,0.5108494496768736,-1.2224097357735821,1.488616786366283,-0.1009774737437008,0.8626717607559571],""source"":""LATEST SUCCESSFUL PHASE5 SERVO_J COMMAND \u2014 DRIVER MEMORY"",""error"":null},""right"":{""valid"":true,""status"":""VALID"",""sample_index"":1300,""time_from_start_s"":31.2,""joints_rad"":[0.12224764440892211,2.655834484201313,1.2379437474376278,-1.487297164207627,3.232592072796796,2.303322773643331],""source"":""LATEST SUCCESSFUL PHASE5 SERVO_J COMMAND \u2014 DRIVER MEMORY"",""error"":null}}","{""left"":{""valid"":true,""fresh"":true,""status"":""FRESH"",""joints_rad"":[3.017604288995191,0.5073111884857626,-1.211915966413291,1.4889409084751382,-0.10204870323240765,0.8738446431044382],""received_at_ms"":1788504021724,""age_ms"":61,""source"":""jaka_port10000_actual_feedback"",""mapping"":""port10000_joint_actual_position_deg_to_rad"",""error"":null},""right"":{""valid"":true,""fresh"":true,""status"":""FRESH"",""joints_rad"":[0.1228085220202542,2.6574376209548656,1.2333459916339033,-1.487193135762191,3.2332988847407327,2.30336616626128],""received_at_ms"":1788504021768,""age_ms"":17,""source"":""jaka_port10000_actual_feedback"",""mapping"":""port10000_joint_actual_position_deg_to_rad"",""error"":null}}","{""left"":{""values"":[-112.36811382434098,-3.367675738991238,1.72607421875,-3.969970703125,-0.2589111328125,0.7274169921875],""received_at_ms"":1788503987887,""valid"":true,""status"":""STALE"",""error"":""Torque sample age 33898 ms exceeds 1500 ms"",""source"":""/left_jaka_driver/joint_torque_raw"",""age_ms"":33898,""fresh"":false},""right"":{""values"":[111.13329938671086,3.143164023058489,-2.6630859375,4.29052734375,-0.03082275390625,0.09246826171875],""received_at_ms"":1788503987893,""valid"":true,""status"":""STALE"",""error"":""Torque sample age 33892 ms exceeds 1500 ms"",""source"":""/right_jaka_driver/joint_torque_raw"",""age_ms"":33892,""fresh"":false}}"
329,1788504021886,RUNNING,31.296,"{""left"":{""valid"":true,""status"":""VALID"",""sample_index"":1304,""time_from_start_s"":31.296,""joints_rad"":[3.018701023871535,0.5133608022076889,-1.2297040950298348,1.4884001178779362,-0.10024979275163186,0.855268962398986],""source"":""LATEST SUCCESSFUL PHASE5 SERVO_J COMMAND \u2014 DRIVER MEMORY"",""error"":null},""right"":{""valid"":true,""status"":""VALID"",""sample_index"":1304,""time_from_start_s"":31.296,""joints_rad"":[0.12173143641291988,2.654344480713175,1.2423859874860783,-1.4872969620504248,3.2319117957901473,2.303333630131287],""source"":""LATEST SUCCESSFUL PHASE5 SERVO_J COMMAND \u2014 DRIVER MEMORY"",""error"":null}}","{""left"":{""valid"":true,""fresh"":true,""status"":""FRESH"",""joints_rad"":[3.018059645397036,0.5097679139408698,-1.218842829148606,1.4887251857795916,-0.10131775934167243,0.8661866619454626],""received_at_ms"":1788504021837,""age_ms"":49,""source"":""jaka_port10000_actual_feedback"",""mapping"":""port10000_joint_actual_position_deg_to_rad"",""error"":null},""right"":{""valid"":true,""fresh"":true,""status"":""FRESH"",""joints_rad"":[0.12241303041175229,2.6563230536945417,1.2365816575341757,-1.4872172213058685,3.232771620773705,2.303402120043871],""received_at_ms"":1788504021842,""age_ms"":44,""source"":""jaka_port10000_actual_feedback"",""mapping"":""port10000_joint_actual_position_deg_to_rad"",""error"":null}}","{""left"":{""values"":[-112.36811382434098,-3.367675738991238,1.72607421875,-3.969970703125,-0.2589111328125,0.7274169921875],""received_at_ms"":1788503987887,""valid"":true,""status"":""STALE"",""error"":""Torque sample age 33999 ms exceeds 1500 ms"",""source"":""/left_jaka_driver/joint_torque_raw"",""age_ms"":33999,""fresh"":false},""right"":{""values"":[111.13329938671086,3.143164023058489,-2.6630859375,4.29052734375,-0.03082275390625,0.09246826171875],""received_at_ms"":1788503987893,""valid"":true,""status"":""STALE"",""error"":""Torque sample age 33993 ms exceeds 1500 ms"",""source"":""/right_jaka_driver/joint_torque_raw"",""age_ms"":33993,""fresh"":false}}"
330,1788504021998,RUNNING,31.416,"{""left"":{""valid"":true,""status"":""VALID"",""sample_index"":1309,""time_from_start_s"":31.416,""joints_rad"":[3.019350868741478,0.5171334530849443,-1.2408080633966452,1.4880805555616485,-0.09914943964951471,0.8455326235040611],""source"":""LATEST SUCCESSFUL PHASE5 SERVO_J COMMAND \u2014 DRIVER MEMORY"",""error"":null},""right"":{""valid"":true,""status"":""VALID"",""sample_index"":1309,""time_from_start_s"":31.416,""joints_rad"":[0.12103191585404768,2.6517746083804585,1.2502177549027043,-1.4872135792649301,3.2309064184052487,2.305685151548657],""source"":""LATEST SUCCESSFUL PHASE5 SERVO_J COMMAND \u2014 DRIVER MEMORY"",""error"":null}}","{""left"":{""valid"":true,""fresh"":true,""status"":""FRESH"",""joints_rad"":[3.0187427672662666,0.5137107872540502,-1.2304794628704279,1.4884016017362718,-0.10008328796173684,0.8545739392343931],""received_at_ms"":1788504021976,""age_ms"":22,""source"":""jaka_port10000_actual_feedback"",""mapping"":""port10000_joint_actual_position_deg_to_rad"",""error"":null},""right"":{""valid"":true,""fresh"":true,""status"":""FRESH"",""joints_rad"":[0.12175381955327402,2.654477542543483,1.242166362074707,-1.4872411323166208,3.2319326410022717,2.303426031054623],""received_at_ms"":1788504021966,""age_ms"":32,""source"":""jaka_port10000_actual_feedback"",""mapping"":""port10000_joint_actual_position_deg_to_rad"",""error"":null}}","{""left"":{""values"":[-112.36811382434098,-3.367675738991238,1.72607421875,-3.969970703125,-0.2589111328125,0.7274169921875],""received_at_ms"":1788503987887,""valid"":true,""status"":""STALE"",""error"":""Torque sample age 34111 ms exceeds 1500 ms"",""source"":""/left_jaka_driver/joint_torque_raw"",""age_ms"":34111,""fresh"":false},""right"":{""values"":[111.13329938671086,3.143164023058489,-2.6630859375,4.29052734375,-0.03082275390625,0.09246826171875],""received_at_ms"":1788503987893,""valid"":true,""status"":""STALE"",""error"":""Torque sample age 34105 ms exceeds 1500 ms"",""source"":""/right_jaka_driver/joint_torque_raw"",""age_ms"":34105,""fresh"":false}}"
331,1788504022201,RUNNING,31.608,"{""left"":{""valid"":true,""status"":""VALID"",""sample_index"":1317,""time_from_start_s"":31.608,""joints_rad"":[3.0208393401231004,0.5257352270454776,-1.2666661169263453,1.4873754359870144,-0.0966129138275688,0.8281594973101488],""source"":""LATEST SUCCESSFUL PHASE5 SERVO_J COMMAND \u2014 DRIVER MEMORY"",""error"":null},""right"":{""valid"":true,""status"":""VALID"",""sample_index"":1317,""time_from_start_s"":31.608,""joints_rad"":[0.11960771535965778,2.6437895394300033,1.2753453721996002,-1.4866535795353153,3.2284403562093766,2.322445399154829],""source"":""LATEST SUCCESSFUL PHASE5 SERVO_J COMMAND \u2014 DRIVER MEMORY"",""error"":null}}","{""left"":{""valid"":true,""fresh"":true,""status"":""FRESH"",""joints_rad"":[3.019869202765504,0.5200744322397467,-1.2495103585012488,1.4878743377692443,-0.09820182302808694,0.8392221976667762],""received_at_ms"":1788504022179,""age_ms"":22,""source"":""jaka_port10000_actual_feedback"",""mapping"":""port10000_joint_actual_position_deg_to_rad"",""error"":null},""right"":{""valid"":true,""fresh"":true,""status"":""FRESH"",""joints_rad"":[0.1205914302714458,2.6495998708829345,1.2567871597515887,-1.4869535020558924,3.2302548559923294,2.3098376725947496],""received_at_ms"":1788504022194,""age_ms"":7,""source"":""jaka_port10000_actual_feedback"",""mapping"":""port10000_joint_actual_position_deg_to_rad"",""error"":null}}","{""left"":{""values"":[-112.36811382434098,-3.367675738991238,1.72607421875,-3.969970703125,-0.2589111328125,0.7274169921875],""received_at_ms"":1788503987887,""valid"":true,""status"":""STALE"",""error"":""Torque sample age 34314 ms exceeds 1500 ms"",""source"":""/left_jaka_driver/joint_torque_raw"",""age_ms"":34314,""fresh"":false},""right"":{""values"":[111.13329938671086,3.143164023058489,-2.6630859375,4.29052734375,-0.03082275390625,0.09246826171875],""received_at_ms"":1788503987893,""valid"":true,""status"":""STALE"",""error"":""Torque sample age 34308 ms exceeds 1500 ms"",""source"":""/right_jaka_driver/joint_torque_raw"",""age_ms"":34308,""fresh"":false}}"
332,1788504022290,RUNNING,31.704,"{""left"":{""valid"":true,""status"":""VALID"",""sample_index"":1321,""time_from_start_s"":31.704,""joints_rad"":[3.0217311259880946,0.5308171769504013,-1.2821293421137172,1.4869848755464692,-0.09509680695175014,0.8189297068945527],""source"":""LATEST SUCCESSFUL PHASE5 SERVO_J COMMAND \u2014 DRIVER MEMORY"",""error"":null},""right"":{""valid"":true,""status"":""VALID"",""sample_index"":1321,""time_from_start_s"":31.704,""joints_rad"":[0.11878545528676042,2.638534011334393,1.2921299652974068,-1.4862626018577956,3.226915757868025,2.33524018462575],""source"":""LATEST SUCCESSFUL PHASE5 SERVO_J COMMAND \u2014 DRIVER MEMORY"",""error"":null}}","{""left"":{""valid"":true,""fresh"":true,""status"":""FRESH"",""joints_rad"":[3.0208519976673016,0.5254193285410542,-1.2654015813406574,1.4874428923781513,-0.09661985659407929,0.8289397649115768],""received_at_ms"":1788504022266,""age_ms"":24,""source"":""jaka_port10000_actual_feedback"",""mapping"":""port10000_joint_actual_position_deg_to_rad"",""error"":null},""right"":{""valid"":true,""fresh"":true,""status"":""FRESH"",""joints_rad"":[0.11974058226109856,2.644614512407538,1.2728579769710273,-1.4866897828059158,3.2287449716564294,2.3206473693169762],""received_at_ms"":1788504022264,""age_ms"":26,""source"":""jaka_port10000_actual_feedback"",""mapping"":""port10000_joint_actual_position_deg_to_rad"",""error"":null}}","{""left"":{""values"":[-112.36811382434098,-3.367675738991238,1.72607421875,-3.969970703125,-0.2589111328125,0.7274169921875],""received_at_ms"":1788503987887,""valid"":true,""status"":""STALE"",""error"":""Torque sample age 34403 ms exceeds 1500 ms"",""source"":""/left_jaka_driver/joint_torque_raw"",""age_ms"":34403,""fresh"":false},""right"":{""values"":[111.13329938671086,3.143164023058489,-2.6630859375,4.29052734375,-0.03082275390625,0.09246826171875],""received_at_ms"":1788503987893,""valid"":true,""status"":""STALE"",""error"":""Torque sample age 34397 ms exceeds 1500 ms"",""source"":""/right_jaka_driver/joint_torque_raw"",""age_ms"":34397,""fresh"":false}}"
333,1788504022390,RUNNING,31.8,"{""left"":{""valid"":true,""status"":""VALID"",""sample_index"":1325,""time_from_start_s"":31.8,""joints_rad"":[3.0226381953190318,0.5358919971786976,-1.2976730715293952,1.4866257340427769,-0.09356551307184897,0.8096955911315732],""source"":""LATEST SUCCESSFUL PHASE5 SERVO_J COMMAND \u2014 DRIVER MEMORY"",""error"":null},""right"":{""valid"":true,""status"":""VALID"",""sample_index"":1325,""time_from_start_s"":31.8,""joints_rad"":[0.11794662564895335,2.633253282994316,1.3091506331395015,-1.4859071261680887,3.225369291727296,2.3483595523403493],""source"":""LATEST SUCCESSFUL PHASE5 SERVO_J COMMAND \u2014 DRIVER MEMORY"",""error"":null}}","{""left"":{""valid"":true,""fresh"":true,""status"":""FRESH"",""joints_rad"":[3.0214152154169205,0.528798984104616,-1.2756480603132656,1.4871671303563363,-0.09561315068152895,0.8228037108603404],""received_at_ms"":1788504022340,""age_ms"":50,""source"":""jaka_port10000_actual_feedback"",""mapping"":""port10000_joint_actual_position_deg_to_rad"",""error"":null},""right"":{""valid"":true,""fresh"":true,""status"":""FRESH"",""joints_rad"":[0.11911732518521138,2.6407435466595395,1.2850698712143065,-1.4864262380888646,3.2274745464939025,2.329623597659983],""received_at_ms"":1788504022334,""age_ms"":56,""source"":""jaka_port10000_actual_feedback"",""mapping"":""port10000_joint_actual_position_deg_to_rad"",""error"":null}}","{""left"":{""values"":[-112.36811382434098,-3.367675738991238,1.72607421875,-3.969970703125,-0.2589111328125,0.7274169921875],""received_at_ms"":1788503987887,""valid"":true,""status"":""STALE"",""error"":""Torque sample age 34503 ms exceeds 1500 ms"",""source"":""/left_jaka_driver/joint_torque_raw"",""age_ms"":34503,""fresh"":false},""right"":{""values"":[111.13329938671086,3.143164023058489,-2.6630859375,4.29052734375,-0.03082275390625,0.09246826171875],""received_at_ms"":1788503987893,""valid"":true,""status"":""STALE"",""error"":""Torque sample age 34497 ms exceeds 1500 ms"",""source"":""/right_jaka_driver/joint_torque_raw"",""age_ms"":34497,""fresh"":false}}"
334,1788504022500,RUNNING,31.92,"{""left"":{""valid"":true,""status"":""VALID"",""sample_index"":1330,""time_from_start_s"":31.92,""joints_rad"":[3.023713173576463,0.5417225349846223,-1.3156731531371773,1.4862707306355962,-0.09177443192467936,0.7984846987275623],""source"":""LATEST SUCCESSFUL PHASE5 SERVO_J COMMAND \u2014 DRIVER MEMORY"",""error"":null},""right"":{""valid"":true,""status"":""VALID"",""sample_index"":1330,""time_from_start_s"":31.92,""joints_rad"":[0.1169341018202479,2.627411806684848,1.3282079040145067,-1.485608835146877,3.223577771531977,2.362601628880799],""source"":""LATEST SUCCESSFUL PHASE5 SERVO_J COMMAND \u2014 DRIVER MEMORY"",""error"":null}}","{""left"":{""valid"":true,""fresh"":true,""status"":""FRESH"",""joints_rad"":[3.0221941558620857,0.5331253062544595,-1.2886987597950532,1.4868915428674465,-0.0943069462693364,0.8149900463320869],""received_at_ms"":1788504022453,""age_ms"":47,""source"":""jaka_port10000_actual_feedback"",""mapping"":""port10000_joint_actual_position_deg_to_rad"",""error"":null},""right"":{""valid"":true,""fresh"":true,""status"":""FRESH"",""joints_rad"":[0.11826647717486416,2.6354705579234143,1.3019437144225876,-1.4860906112737062,3.225964662158002,2.3430338349676814],""received_at_ms"":1788504022447,""age_ms"":53,""source"":""jaka_port10000_actual_feedback"",""mapping"":""port10000_joint_actual_position_deg_to_rad"",""error"":null}}","{""left"":{""values"":[-112.36811382434098,-3.367675738991238,1.72607421875,-3.969970703125,-0.2589111328125,0.7274169921875],""received_at_ms"":1788503987887,""valid"":true,""status"":""STALE"",""error"":""Torque sample age 34613 ms exceeds 1500 ms"",""source"":""/left_jaka_driver/joint_torque_raw"",""age_ms"":34613,""fresh"":false},""right"":{""values"":[111.13329938671086,3.143164023058489,-2.6630859375,4.29052734375,-0.03082275390625,0.09246826171875],""received_at_ms"":1788503987893,""valid"":true,""status"":""STALE"",""error"":""Torque sample age 34607 ms exceeds 1500 ms"",""source"":""/right_jaka_driver/joint_torque_raw"",""age_ms"":34607,""fresh"":false}}"
335,1788504022591,RUNNING,32.016,"{""left"":{""valid"":true,""status"":""VALID"",""sample_index"":1334,""time_from_start_s"":32.016,""joints_rad"":[3.0245128362705853,0.5458970416740807,-1.328679661103929,1.4860650638853434,-0.09046364087884563,0.7898341905974688],""source"":""LATEST SUCCESSFUL PHASE5 SERVO_J COMMAND \u2014 DRIVER MEMORY"",""error"":null},""right"":{""valid"":true,""status"":""VALID"",""sample_index"":1334,""time_from_start_s"":32.016,""joints_rad"":[0.11616634400056089,2.6234593631155763,1.341262792430615,-1.4854876008817741,3.2222879317945967,2.3718150585397524],""source"":""LATEST SUCCESSFUL PHASE5 SERVO_J COMMAND \u2014 DRIVER MEMORY"",""error"":null}}","{""left"":{""valid"":true,""fresh"":true,""status"":""FRESH"",""joints_rad"":[3.0232129045464746,0.5389016479468599,-1.3064475365573591,1.4864840084871056,-0.09249721436794348,0.804371986761729],""received_at_ms"":1788504022525,""age_ms"":66,""source"":""jaka_port10000_actual_feedback"",""mapping"":""port10000_joint_actual_position_deg_to_rad"",""error"":null},""right"":{""valid"":true,""fresh"":true,""status"":""FRESH"",""joints_rad"":[0.11748753672969908,2.6307965661865738,1.3171516408598403,-1.4858029810129776,3.22456246463695,2.3547184652439332],""received_at_ms"":1788504022558,""age_ms"":33,""source"":""jaka_port10000_actual_feedback"",""mapping"":""port10000_joint_actual_position_deg_to_rad"",""error"":null}}","{""left"":{""values"":[-112.36811382434098,-3.367675738991238,1.72607421875,-3.969970703125,-0.2589111328125,0.7274169921875],""received_at_ms"":1788503987887,""valid"":true,""status"":""STALE"",""error"":""Torque sample age 34704 ms exceeds 1500 ms"",""source"":""/left_jaka_driver/joint_torque_raw"",""age_ms"":34704,""fresh"":false},""right"":{""values"":[111.13329938671086,3.143164023058489,-2.6630859375,4.29052734375,-0.03082275390625,0.09246826171875],""received_at_ms"":1788503987893,""valid"":true,""status"":""STALE"",""error"":""Torque sample age 34698 ms exceeds 1500 ms"",""source"":""/right_jaka_driver/joint_torque_raw"",""age_ms"":34698,""fresh"":false}}"
336,1788504022697,RUNNING,32.112,"{""left"":{""valid"":true,""status"":""VALID"",""sample_index"":1338,""time_from_start_s"":32.112,""joints_rad"":[3.0253034445971756,0.549919659484579,-1.3413056317403838,1.4858890834181713,-0.08918111625173912,0.7812782018742954],""source"":""LATEST SUCCESSFUL PHASE5 SERVO_J COMMAND \u2014 DRIVER MEMORY"",""error"":null},""right"":{""valid"":true,""status"":""VALID"",""sample_index"":1338,""time_from_start_s"":32.112,""joints_rad"":[0.115408092479279,2.619675405846826,1.3538050834043618,-1.4853914250672238,3.221031163904126,2.3805209944214663],""source"":""LATEST SUCCESSFUL PHASE5 SERVO_J COMMAND \u2014 DRIVER MEMORY"",""error"":null}}","{""left"":{""valid"":true,""fresh"":true,""status"":""FRESH"",""joints_rad"":[3.0238960264157053,0.5422451751949054,-1.3168856526818362,1.4862803285633979,-0.09149068298831835,0.7977447970589814],""received_at_ms"":1788504022603,""age_ms"":94,""source"":""jaka_port10000_actual_feedback"",""mapping"":""port10000_joint_actual_position_deg_to_rad"",""error"":null},""right"":{""valid"":true,""fresh"":true,""status"":""FRESH"",""joints_rad"":[0.11607329643680808,2.6232106671257056,1.3424742739111755,-1.4854793969696578,3.2221895149859385,2.3726349681473557],""received_at_ms"":1788504022695,""age_ms"":2,""source"":""jaka_port10000_actual_feedback"",""mapping"":""port10000_joint_actual_position_deg_to_rad"",""error"":null}}","{""left"":{""values"":[-112.36811382434098,-3.367675738991238,1.72607421875,-3.969970703125,-0.2589111328125,0.7274169921875],""received_at_ms"":1788503987887,""valid"":true,""status"":""STALE"",""error"":""Torque sample age 34810 ms exceeds 1500 ms"",""source"":""/left_jaka_driver/joint_torque_raw"",""age_ms"":34810,""fresh"":false},""right"":{""values"":[111.13329938671086,3.143164023058489,-2.6630859375,4.29052734375,-0.03082275390625,0.09246826171875],""received_at_ms"":1788503987893,""valid"":true,""status"":""STALE"",""error"":""Torque sample age 34804 ms exceeds 1500 ms"",""source"":""/right_jaka_driver/joint_torque_raw"",""age_ms"":34804,""fresh"":false}}"
337,1788504022798,RUNNING,32.208,"{""left"":{""valid"":true,""status"":""VALID"",""sample_index"":1342,""time_from_start_s"":32.208,""joints_rad"":[3.0261004040788624,0.5538917231971944,-1.3538452841614477,1.4857139493339733,-0.08789863657242655,0.7727564557570682],""source"":""LATEST SUCCESSFUL PHASE5 SERVO_J COMMAND \u2014 DRIVER MEMORY"",""error"":null},""right"":{""valid"":true,""status"":""VALID"",""sample_index"":1342,""time_from_start_s"":32.208,""joints_rad"":[0.11464621964355746,2.615922035239179,1.3662898505904908,-1.485295798984784,3.2197745109075084,2.3892030163900113],""source"":""LATEST SUCCESSFUL PHASE5 SERVO_J COMMAND \u2014 DRIVER MEMORY"",""error"":null}}","{""left"":{""valid"":true,""fresh"":true,""status"":""FRESH"",""joints_rad"":[3.0247707854368047,0.546847084833639,-1.3321415756735187,1.4860527376289379,-0.09008848546726611,0.7873663711949223],""received_at_ms"":1788504022713,""age_ms"":85,""source"":""jaka_port10000_actual_feedback"",""mapping"":""port10000_joint_actual_position_deg_to_rad"",""error"":null},""right"":{""valid"":true,""fresh"":true,""status"":""FRESH"",""joints_rad"":[0.11607329643680808,2.6232106671257056,1.3424742739111755,-1.4854793969696578,3.2221895149859385,2.3726349681473557],""received_at_ms"":1788504022695,""age_ms"":103,""source"":""jaka_port10000_actual_feedback"",""mapping"":""port10000_joint_actual_position_deg_to_rad"",""error"":null}}","{""left"":{""values"":[-112.36811382434098,-3.367675738991238,1.72607421875,-3.969970703125,-0.2589111328125,0.7274169921875],""received_at_ms"":1788503987887,""valid"":true,""status"":""STALE"",""error"":""Torque sample age 34911 ms exceeds 1500 ms"",""source"":""/left_jaka_driver/joint_torque_raw"",""age_ms"":34911,""fresh"":false},""right"":{""values"":[111.13329938671086,3.143164023058489,-2.6630859375,4.29052734375,-0.03082275390625,0.09246826171875],""received_at_ms"":1788503987893,""valid"":true,""status"":""STALE"",""error"":""Torque sample age 34905 ms exceeds 1500 ms"",""source"":""/right_jaka_driver/joint_torque_raw"",""age_ms"":34905,""fresh"":false}}"
338,1788504022894,RUNNING,32.304,"{""left"":{""valid"":true,""status"":""VALID"",""sample_index"":1346,""time_from_start_s"":32.304,""joints_rad"":[3.0269037891959942,0.5578144160598171,-1.36629933313417,1.4855358274750647,-0.08661619227636196,0.7642689289246489],""source"":""LATEST SUCCESSFUL PHASE5 SERVO_J COMMAND \u2014 DRIVER MEMORY"",""error"":null},""right"":{""valid"":true,""status"":""VALID"",""sample_index"":1346,""time_from_start_s"":32.304,""joints_rad"":[0.11387761214785307,2.6122248873682277,1.3786805765385295,-1.4852052736649055,3.218518577169303,2.397850421560237],""source"":""LATEST SUCCESSFUL PHASE5 SERVO_J COMMAND \u2014 DRIVER MEMORY"",""error"":null}}","{""left"":{""valid"":true,""fresh"":true,""status"":""FRESH"",""joints_rad"":[3.025777491349355,0.5517247564941875,-1.3477331254803597,1.4858249721615526,-0.08843461146807628,0.7767123578419732],""received_at_ms"":1788504022826,""age_ms"":68,""source"":""jaka_port10000_actual_feedback"",""mapping"":""port10000_joint_actual_position_deg_to_rad"",""error"":null},""right"":{""valid"":true,""fresh"":true,""status"":""FRESH"",""joints_rad"":[0.1146831416875946,2.6162597188467127,1.365483996637768,-1.4854074894044755,3.2198286081067655,2.388574013008269],""received_at_ms"":1788504022870,""age_ms"":24,""source"":""jaka_port10000_actual_feedback"",""mapping"":""port10000_joint_actual_position_deg_to_rad"",""error"":null}}","{""left"":{""values"":[-112.36811382434098,-3.367675738991238,1.72607421875,-3.969970703125,-0.2589111328125,0.7274169921875],""received_at_ms"":1788503987887,""valid"":true,""status"":""STALE"",""error"":""Torque sample age 35007 ms exceeds 1500 ms"",""source"":""/left_jaka_driver/joint_torque_raw"",""age_ms"":35007,""fresh"":false},""right"":{""values"":[111.13329938671086,3.143164023058489,-2.6630859375,4.29052734375,-0.03082275390625,0.09246826171875],""received_at_ms"":1788503987893,""valid"":true,""status"":""STALE"",""error"":""Torque sample age 35001 ms exceeds 1500 ms"",""source"":""/right_jaka_driver/joint_torque_raw"",""age_ms"":35001,""fresh"":false}}"
339,1788504023007,RUNNING,32.424,"{""left"":{""valid"":true,""status"":""VALID"",""sample_index"":1351,""time_from_start_s"":32.424,""joints_rad"":[3.027917432653502,0.5626460257107425,-1.381754772813947,1.4853256802443493,-0.08501376594793497,0.7536991457567821],""source"":""LATEST SUCCESSFUL PHASE5 SERVO_J COMMAND \u2014 DRIVER MEMORY"",""error"":null},""right"":{""valid"":true,""status"":""VALID"",""sample_index"":1351,""time_from_start_s"":32.424,""joints_rad"":[0.11290410729342452,2.607708603282047,1.394016076301166,-1.485109702304724,3.2169510083192643,2.408613254854417],""source"":""LATEST SUCCESSFUL PHASE5 SERVO_J COMMAND \u2014 DRIVER MEMORY"",""error"":null}}","{""left"":{""valid"":true,""fresh"":true,""status"":""FRESH"",""joints_rad"":[3.0262927125445436,0.5543612508622501,-1.3561220505300704,1.4856811570311883,-0.08758376345772904,0.7712475574210539],""received_at_ms"":1788504022942,""age_ms"":65,""source"":""jaka_port10000_actual_feedback"",""mapping"":""port10000_joint_actual_position_deg_to_rad"",""error"":null},""right"":{""valid"":true,""fresh"":true,""status"":""FRESH"",""joints_rad"":[0.11408397015538495,2.6134434555656947,1.3749037131437065,-1.4854074894044755,3.218881941520484,2.3950814731243297],""received_at_ms"":1788504022938,""age_ms"":69,""source"":""jaka_port10000_actual_feedback"",""mapping"":""port10000_joint_actual_position_deg_to_rad"",""error"":null}}","{""left"":{""values"":[-112.36811382434098,-3.367675738991238,1.72607421875,-3.969970703125,-0.2589111328125,0.7274169921875],""received_at_ms"":1788503987887,""valid"":true,""status"":""STALE"",""error"":""Torque sample age 35120 ms exceeds 1500 ms"",""source"":""/left_jaka_driver/joint_torque_raw"",""age_ms"":35120,""fresh"":false},""right"":{""values"":[111.13329938671086,3.143164023058489,-2.6630859375,4.29052734375,-0.03082275390625,0.09246826171875],""received_at_ms"":1788503987893,""valid"":true,""status"":""STALE"",""error"":""Torque sample age 35114 ms exceeds 1500 ms"",""source"":""/right_jaka_driver/joint_torque_raw"",""age_ms"":35114,""fresh"":false}}"
340,1788504023206,RUNNING,32.616,"{""left"":{""valid"":true,""status"":""VALID"",""sample_index"":1359,""time_from_start_s"":32.616,""joints_rad"":[3.0295625041423757,0.5701985061310999,-1.4062581314896985,1.485096689016373,-0.0824538335161744,0.736842815330183],""source"":""LATEST SUCCESSFUL PHASE5 SERVO_J COMMAND \u2014 DRIVER MEMORY"",""error"":null},""right"":{""valid"":true,""status"":""VALID"",""sample_index"":1359,""time_from_start_s"":32.616,""joints_rad"":[0.11131431015449032,2.600744574445878,1.418237537485697,-1.4850236156537493,3.214451618441519,2.4257704899666086],""source"":""LATEST SUCCESSFUL PHASE5 SERVO_J COMMAND \u2014 DRIVER MEMORY"",""error"":null}}","{""left"":{""valid"":true,""fresh"":true,""status"":""FRESH"",""joints_rad"":[3.0288574738803495,0.5666450526707114,-1.3953224945957134,1.485153893064161,-0.08361697913379633,0.744498815837914],""received_at_ms"":1788504023200,""age_ms"":6,""source"":""jaka_port10000_actual_feedback"",""mapping"":""port10000_joint_actual_position_deg_to_rad"",""error"":null},""right"":{""valid"":true,""fresh"":true,""status"":""FRESH"",""joints_rad"":[0.11214246589546646,2.6044433162119356,1.405391473583394,-1.485203809480768,3.2157780479787372,2.4166050479928494],""received_at_ms"":1788504023184,""age_ms"":22,""source"":""jaka_port10000_actual_feedback"",""mapping"":""port10000_joint_actual_position_deg_to_rad"",""error"":null}}","{""left"":{""values"":[-112.36811382434098,-3.367675738991238,1.72607421875,-3.969970703125,-0.2589111328125,0.7274169921875],""received_at_ms"":1788503987887,""valid"":true,""status"":""STALE"",""error"":""Torque sample age 35319 ms exceeds 1500 ms"",""source"":""/left_jaka_driver/joint_torque_raw"",""age_ms"":35319,""fresh"":false},""right"":{""values"":[111.13329938671086,3.143164023058489,-2.6630859375,4.29052734375,-0.03082275390625,0.09246826171875],""received_at_ms"":1788503987893,""valid"":true,""status"":""STALE"",""error"":""Torque sample age 35313 ms exceeds 1500 ms"",""source"":""/right_jaka_driver/joint_torque_raw"",""age_ms"":35313,""fresh"":false}}"
341,1788504023298,RUNNING,32.712,"{""left"":{""valid"":true,""status"":""VALID"",""sample_index"":1363,""time_from_start_s"":32.712,""joints_rad"":[3.030396326737651,0.5738891821701304,-1.418417159171323,1.4850547084124457,-0.08117650932951218,0.7284282666113882],""source"":""LATEST SUCCESSFUL PHASE5 SERVO_J COMMAND \u2014 DRIVER MEMORY"",""error"":null},""right"":{""valid"":true,""status"":""VALID"",""sample_index"":1363,""time_from_start_s"":32.712,""joints_rad"":[0.11050737785304802,2.597359399070645,1.4302527488687697,-1.485012632928108,3.2132060643033276,2.434342477810515],""source"":""LATEST SUCCESSFUL PHASE5 SERVO_J COMMAND \u2014 DRIVER MEMORY"",""error"":null}}","{""left"":{""valid"":true,""fresh"":true,""status"":""FRESH"",""joints_rad"":[3.0288574738803495,0.5666450526707114,-1.3953224945957134,1.485153893064161,-0.08361697913379633,0.744498815837914],""received_at_ms"":1788504023200,""age_ms"":98,""source"":""jaka_port10000_actual_feedback"",""mapping"":""port10000_joint_actual_position_deg_to_rad"",""error"":null},""right"":{""valid"":true,""fresh"":true,""status"":""FRESH"",""joints_rad"":[0.1113275716677103,2.600991927616117,1.41721991899001,-1.4851319019155858,3.2144957545772974,2.424946151021055],""received_at_ms"":1788504023294,""age_ms"":4,""source"":""jaka_port10000_actual_feedback"",""mapping"":""port10000_joint_actual_position_deg_to_rad"",""error"":null}}","{""left"":{""values"":[-112.36811382434098,-3.367675738991238,1.72607421875,-3.969970703125,-0.2589111328125,0.7274169921875],""received_at_ms"":1788503987887,""valid"":true,""status"":""STALE"",""error"":""Torque sample age 35411 ms exceeds 1500 ms"",""source"":""/left_jaka_driver/joint_torque_raw"",""age_ms"":35411,""fresh"":false},""right"":{""values"":[111.13329938671086,3.143164023058489,-2.6630859375,4.29052734375,-0.03082275390625,0.09246826171875],""received_at_ms"":1788503987893,""valid"":true,""status"":""STALE"",""error"":""Torque sample age 35405 ms exceeds 1500 ms"",""source"":""/right_jaka_driver/joint_torque_raw"",""age_ms"":35405,""fresh"":false}}"
342,1788504023400,RUNNING,32.808,"{""left"":{""valid"":true,""status"":""VALID"",""sample_index"":1367,""time_from_start_s"":32.808,""joints_rad"":[3.0312377635211107,0.5775251051110463,-1.4305137160419146,1.4850513936487568,-0.07990082652445682,0.7200243915276815],""source"":""LATEST SUCCESSFUL PHASE5 SERVO_J COMMAND \u2014 DRIVER MEMORY"",""error"":null},""right"":{""valid"":true,""status"":""VALID"",""sample_index"":1367,""time_from_start_s"":32.808,""joints_rad"":[0.10969711738120622,2.5940006421176744,1.4422462488986703,-1.485012408416295,3.2119618318390835,2.4429161607503906],""source"":""LATEST SUCCESSFUL PHASE5 SERVO_J COMMAND \u2014 DRIVER MEMORY"",""error"":null}}","{""left"":{""valid"":true,""fresh"":true,""status"":""FRESH"",""joints_rad"":[3.0295524639884936,0.5697730317561356,-1.4053773364164528,1.4851657613030742,-0.08252649741715028,0.7374520489829869],""received_at_ms"":1788504023314,""age_ms"":86,""source"":""jaka_port10000_actual_feedback"",""mapping"":""port10000_joint_actual_position_deg_to_rad"",""error"":null},""right"":{""valid"":true,""fresh"":true,""status"":""FRESH"",""joints_rad"":[0.11064444979847972,2.5981395360195823,1.4273705793866838,-1.4851079909048333,3.213477005892908,2.43219659779969],""received_at_ms"":1788504023397,""age_ms"":3,""source"":""jaka_port10000_actual_feedback"",""mapping"":""port10000_joint_actual_position_deg_to_rad"",""error"":null}}","{""left"":{""values"":[-112.36811382434098,-3.367675738991238,1.72607421875,-3.969970703125,-0.2589111328125,0.7274169921875],""received_at_ms"":1788503987887,""valid"":true,""status"":""STALE"",""error"":""Torque sample age 35513 ms exceeds 1500 ms"",""source"":""/left_jaka_driver/joint_torque_raw"",""age_ms"":35513,""fresh"":false},""right"":{""values"":[111.13329938671086,3.143164023058489,-2.6630859375,4.29052734375,-0.03082275390625,0.09246826171875],""received_at_ms"":1788503987893,""valid"":true,""status"":""STALE"",""error"":""Torque sample age 35507 ms exceeds 1500 ms"",""source"":""/right_jaka_driver/joint_torque_raw"",""age_ms"":35507,""fresh"":false}}"
343,1788504023498,RUNNING,32.904,"{""left"":{""valid"":true,""status"":""VALID"",""sample_index"":1372,""time_from_start_s"":32.928,""joints_rad"":[3.0323000593501304,0.5820021299169756,-1.4455374477629575,1.4850776170253892,-0.07830753732598943,0.7095468386925446],""source"":""LATEST SUCCESSFUL PHASE5 SERVO_J COMMAND \u2014 DRIVER MEMORY"",""error"":null},""right"":{""valid"":true,""status"":""VALID"",""sample_index"":1371,""time_from_start_s"":32.904,""joints_rad"":[0.10888459127738466,2.5906559739426047,1.4542149732822123,-1.4850287048813589,3.2107178173290545,2.4514814858021223],""source"":""LATEST SUCCESSFUL PHASE5 SERVO_J COMMAND \u2014 DRIVER MEMORY"",""error"":null}}","{""left"":{""valid"":true,""fresh"":true,""status"":""FRESH"",""joints_rad"":[3.030439265781432,0.5737757698626594,-1.4184999434634227,1.4851657613030742,-0.08105239233091587,0.7281403683577466],""received_at_ms"":1788504023427,""age_ms"":71,""source"":""jaka_port10000_actual_feedback"",""mapping"":""port10000_joint_actual_position_deg_to_rad"",""error"":null},""right"":{""valid"":true,""fresh"":true,""status"":""FRESH"",""joints_rad"":[0.10974560523370265,2.5945204212826467,1.4405052292054923,-1.4850720371222421,3.2121228049262855,2.441616139772703],""received_at_ms"":1788504023470,""age_ms"":28,""source"":""jaka_port10000_actual_feedback"",""mapping"":""port10000_joint_actual_position_deg_to_rad"",""error"":null}}","{""left"":{""values"":[-112.36811382434098,-3.367675738991238,1.72607421875,-3.969970703125,-0.2589111328125,0.7274169921875],""received_at_ms"":1788503987887,""valid"":true,""status"":""STALE"",""error"":""Torque sample age 35611 ms exceeds 1500 ms"",""source"":""/left_jaka_driver/joint_torque_raw"",""age_ms"":35611,""fresh"":false},""right"":{""values"":[111.13329938671086,3.143164023058489,-2.6630859375,4.29052734375,-0.03082275390625,0.09246826171875],""received_at_ms"":1788503987893,""valid"":true,""status"":""STALE"",""error"":""Torque sample age 35605 ms exceeds 1500 ms"",""source"":""/right_jaka_driver/joint_torque_raw"",""age_ms"":35605,""fresh"":false}}"
344,1788504023599,RUNNING,33.024,"{""left"":{""valid"":true,""status"":""VALID"",""sample_index"":1376,""time_from_start_s"":33.024,""joints_rad"":[3.033158304117734,0.5855335131773957,-1.4574767068838168,1.4851161224888054,-0.07703361157904495,0.7011903621624775],""source"":""LATEST SUCCESSFUL PHASE5 SERVO_J COMMAND \u2014 DRIVER MEMORY"",""error"":null},""right"":{""valid"":true,""status"":""VALID"",""sample_index"":1376,""time_from_start_s"":33.024,""joints_rad"":[0.1078600087510027,2.5865313211569907,1.4690843903552682,-1.48510347696239,3.209164065799402,2.4621601841798957],""source"":""LATEST SUCCESSFUL PHASE5 SERVO_J COMMAND \u2014 DRIVER MEMORY"",""error"":null}}","{""left"":{""valid"":true,""fresh"":true,""status"":""FRESH"",""joints_rad"":[3.032236954910986,0.5816613419560951,-1.4446975100687827,1.485153893064161,-0.07836790140842338,0.7103678551176136],""received_at_ms"":1788504023590,""age_ms"":9,""source"":""jaka_port10000_actual_feedback"",""mapping"":""port10000_joint_actual_position_deg_to_rad"",""error"":null},""right"":{""valid"":true,""fresh"":true,""status"":""FRESH"",""joints_rad"":[0.10918238748408408,2.591979745490519,1.4492297810703616,-1.4850479515785648,3.2111880065789173,2.4481715964431943],""received_at_ms"":1788504023560,""age_ms"":39,""source"":""jaka_port10000_actual_feedback"",""mapping"":""port10000_joint_actual_position_deg_to_rad"",""error"":null}}","{""left"":{""values"":[-112.36811382434098,-3.367675738991238,1.72607421875,-3.969970703125,-0.2589111328125,0.7274169921875],""received_at_ms"":1788503987887,""valid"":true,""status"":""STALE"",""error"":""Torque sample age 35712 ms exceeds 1500 ms"",""source"":""/left_jaka_driver/joint_torque_raw"",""age_ms"":35712,""fresh"":false},""right"":{""values"":[111.13329938671086,3.143164023058489,-2.6630859375,4.29052734375,-0.03082275390625,0.09246826171875],""received_at_ms"":1788503987893,""valid"":true,""status"":""STALE"",""error"":""Torque sample age 35706 ms exceeds 1500 ms"",""source"":""/right_jaka_driver/joint_torque_raw"",""age_ms"":35706,""fresh"":false}}"
345,1788504023706,RUNNING,33.12,"{""left"":{""valid"":true,""status"":""VALID"",""sample_index"":1380,""time_from_start_s"":33.12,""joints_rad"":[3.034024233240868,0.5890187870905031,-1.4693483064426263,1.485164066636151,-0.0757606396687639,0.6928530339292993],""source"":""LATEST SUCCESSFUL PHASE5 SERVO_J COMMAND \u2014 DRIVER MEMORY"",""error"":null},""right"":{""valid"":true,""status"":""VALID"",""sample_index"":1380,""time_from_start_s"":33.12,""joints_rad"":[0.10702951400899882,2.58330260976551,1.480882538323406,-1.4852112407834996,3.2079234987923395,2.4706809715049483],""source"":""LATEST SUCCESSFUL PHASE5 SERVO_J COMMAND \u2014 DRIVER MEMORY"",""error"":null}}","{""left"":{""valid"":true,""fresh"":true,""status"":""FRESH"",""joints_rad"":[3.033004027117238,0.5849570471826359,-1.4556510219213739,1.485153893064161,-0.07722942313734749,0.7025301050456827],""received_at_ms"":1788504023680,""age_ms"":26,""source"":""jaka_port10000_actual_feedback"",""mapping"":""port10000_joint_actual_position_deg_to_rad"",""error"":null},""right"":{""valid"":true,""fresh"":true,""status"":""FRESH"",""joints_rad"":[0.10835545048448916,2.58870795127473,1.461273949172524,-1.4850720371222421,3.209917755949316,2.456560521492905],""received_at_ms"":1788504023674,""age_ms"":32,""source"":""jaka_port10000_actual_feedback"",""mapping"":""port10000_joint_actual_position_deg_to_rad"",""error"":null}}","{""left"":{""values"":[-112.36811382434098,-3.367675738991238,1.72607421875,-3.969970703125,-0.2589111328125,0.7274169921875],""received_at_ms"":1788503987887,""valid"":true,""status"":""STALE"",""error"":""Torque sample age 35819 ms exceeds 1500 ms"",""source"":""/left_jaka_driver/joint_torque_raw"",""age_ms"":35819,""fresh"":false},""right"":{""values"":[111.13329938671086,3.143164023058489,-2.6630859375,4.29052734375,-0.03082275390625,0.09246826171875],""received_at_ms"":1788503987893,""valid"":true,""status"":""STALE"",""error"":""Torque sample age 35813 ms exceeds 1500 ms"",""source"":""/right_jaka_driver/joint_torque_raw"",""age_ms"":35813,""fresh"":false}}"
346,1788504023802,RUNNING,33.216,"{""left"":{""valid"":true,""status"":""VALID"",""sample_index"":1384,""time_from_start_s"":33.216,""joints_rad"":[3.034898148789107,0.5924539577022785,-1.481157807416375,1.48521639283746,-0.07448925365605763,0.6845280030685527],""source"":""LATEST SUCCESSFUL PHASE5 SERVO_J COMMAND \u2014 DRIVER MEMORY"",""error"":null},""right"":{""valid"":true,""status"":""VALID"",""sample_index"":1384,""time_from_start_s"":33.216,""joints_rad"":[0.10618755919659409,2.5801518473161824,1.4925910218343803,-1.4853519772457715,3.206686390879096,2.479189855810542],""source"":""LATEST SUCCESSFUL PHASE5 SERVO_J COMMAND \u2014 DRIVER MEMORY"",""error"":null}}","{""left"":{""valid"":true,""fresh"":true,""status"":""FRESH"",""joints_rad"":[3.033998690257949,0.5887559308325268,-1.4683184470994235,1.485153893064161,-0.07588709040963866,0.6933262857682159],""received_at_ms"":1788504023793,""age_ms"":9,""source"":""jaka_port10000_actual_feedback"",""mapping"":""port10000_joint_actual_position_deg_to_rad"",""error"":null},""right"":{""valid"":true,""fresh"":true,""status"":""FRESH"",""joints_rad"":[0.10739674112636868,2.584920935863753,1.4751636284257454,-1.4852636742741112,3.208383786069738,2.4664834164221934],""received_at_ms"":1788504023768,""age_ms"":34,""source"":""jaka_port10000_actual_feedback"",""mapping"":""port10000_joint_actual_position_deg_to_rad"",""error"":null}}","{""left"":{""values"":[-112.36811382434098,-3.367675738991238,1.72607421875,-3.969970703125,-0.2589111328125,0.7274169921875],""received_at_ms"":1788503987887,""valid"":true,""status"":""STALE"",""error"":""Torque sample age 35915 ms exceeds 1500 ms"",""source"":""/left_jaka_driver/joint_torque_raw"",""age_ms"":35915,""fresh"":false},""right"":{""values"":[111.13329938671086,3.143164023058489,-2.6630859375,4.29052734375,-0.03082275390625,0.09246826171875],""received_at_ms"":1788503987893,""valid"":true,""status"":""STALE"",""error"":""Torque sample age 35909 ms exceeds 1500 ms"",""source"":""/right_jaka_driver/joint_torque_raw"",""age_ms"":35909,""fresh"":false}}"
347,1788504023903,RUNNING,33.312,"{""left"":{""valid"":true,""status"":""VALID"",""sample_index"":1388,""time_from_start_s"":33.312,""joints_rad"":[3.0357803773948757,0.5958345675032866,-1.4929112090910817,1.4852701836872688,-0.07322014460694116,0.676207784554528],""source"":""LATEST SUCCESSFUL PHASE5 SERVO_J COMMAND \u2014 DRIVER MEMORY"",""error"":null},""right"":{""valid"":true,""status"":""VALID"",""sample_index"":1388,""time_from_start_s"":33.312,""joints_rad"":[0.1053340217691692,2.5770822724816713,1.504220400169255,-1.4855107645148506,3.205453538048129,2.487696647827395],""source"":""LATEST SUCCESSFUL PHASE5 SERVO_J COMMAND \u2014 DRIVER MEMORY"",""error"":null}}","{""left"":{""valid"":true,""fresh"":true,""status"":""FRESH"",""joints_rad"":[3.033998690257949,0.5887559308325268,-1.4683184470994235,1.485153893064161,-0.07588709040963866,0.6933262857682159],""received_at_ms"":1788504023793,""age_ms"":110,""source"":""jaka_port10000_actual_feedback"",""mapping"":""port10000_joint_actual_position_deg_to_rad"",""error"":null},""right"":{""valid"":true,""fresh"":true,""status"":""FRESH"",""joints_rad"":[0.10642598899640943,2.581205828017958,1.4887656774182378,-1.4854195321763144,3.2070295851031156,2.4763824003407295],""received_at_ms"":1788504023858,""age_ms"":45,""source"":""jaka_port10000_actual_feedback"",""mapping"":""port10000_joint_actual_position_deg_to_rad"",""error"":null}}","{""left"":{""values"":[-112.36811382434098,-3.367675738991238,1.72607421875,-3.969970703125,-0.2589111328125,0.7274169921875],""received_at_ms"":1788503987887,""valid"":true,""status"":""STALE"",""error"":""Torque sample age 36016 ms exceeds 1500 ms"",""source"":""/left_jaka_driver/joint_torque_raw"",""age_ms"":36016,""fresh"":false},""right"":{""values"":[111.13329938671086,3.143164023058489,-2.6630859375,4.29052734375,-0.03082275390625,0.09246826171875],""received_at_ms"":1788503987893,""valid"":true,""status"":""STALE"",""error"":""Torque sample age 36010 ms exceeds 1500 ms"",""source"":""/right_jaka_driver/joint_torque_raw"",""age_ms"":36010,""fresh"":false}}"
348,1788504024015,RUNNING,33.432,"{""left"":{""valid"":true,""status"":""VALID"",""sample_index"":1393,""time_from_start_s"":33.432,""joints_rad"":[3.036895266321121,0.5999793512073308,-1.5075306697823327,1.4853410309044623,-0.07163770050169915,0.6658062301019245],""source"":""LATEST SUCCESSFUL PHASE5 SERVO_J COMMAND \u2014 DRIVER MEMORY"",""error"":null},""right"":{""valid"":true,""status"":""VALID"",""sample_index"":1393,""time_from_start_s"":33.432,""joints_rad"":[0.10425339756524457,2.5733441009306603,1.5186767134725767,-1.4857131338421539,3.2039183738983197,2.4983390286132656],""source"":""LATEST SUCCESSFUL PHASE5 SERVO_J COMMAND \u2014 DRIVER MEMORY"",""error"":null}}","{""left"":{""valid"":true,""fresh"":true,""status"":""FRESH"",""joints_rad"":[3.0357483828330736,0.5955031991878116,-1.49207115648859,1.4851657613030742,-0.07323872780266245,0.6766440797118036],""received_at_ms"":1788504023974,""age_ms"":41,""source"":""jaka_port10000_actual_feedback"",""mapping"":""port10000_joint_actual_position_deg_to_rad"",""error"":null},""right"":{""valid"":true,""fresh"":true,""status"":""FRESH"",""joints_rad"":[0.10580290645344745,2.5788091418891197,1.497574179620128,-1.4854793969696578,3.2061066549946613,2.4827699563371786],""received_at_ms"":1788504023931,""age_ms"":84,""source"":""jaka_port10000_actual_feedback"",""mapping"":""port10000_joint_actual_position_deg_to_rad"",""error"":null}}","{""left"":{""values"":[-112.36811382434098,-3.367675738991238,1.72607421875,-3.969970703125,-0.2589111328125,0.7274169921875],""received_at_ms"":1788503987887,""valid"":true,""status"":""STALE"",""error"":""Torque sample age 36127 ms exceeds 1500 ms"",""source"":""/left_jaka_driver/joint_torque_raw"",""age_ms"":36127,""fresh"":false},""right"":{""values"":[111.13329938671086,3.143164023058489,-2.6630859375,4.29052734375,-0.03082275390625,0.09246826171875],""received_at_ms"":1788503987893,""valid"":true,""status"":""STALE"",""error"":""Torque sample age 36121 ms exceeds 1500 ms"",""source"":""/right_jaka_driver/joint_torque_raw"",""age_ms"":36121,""fresh"":false}}"
349,1788504024223,RUNNING,33.624,"{""left"":{""valid"":true,""status"":""VALID"",""sample_index"":1401,""time_from_start_s"":33.624,""joints_rad"":[3.038771438935821,0.6066248681720594,-1.531495639226866,1.485521733075424,-0.0690321493704567,0.6486182037791521],""source"":""LATEST SUCCESSFUL PHASE5 SERVO_J COMMAND \u2014 DRIVER MEMORY"",""error"":null},""right"":{""valid"":true,""status"":""VALID"",""sample_index"":1402,""time_from_start_s"":33.648,""joints_rad"":[0.10218255006376589,2.5664506555438953,1.545880791780927,-1.4861188992538659,3.2010255971796093,2.518493171584184],""source"":""LATEST SUCCESSFUL PHASE5 SERVO_J COMMAND \u2014 DRIVER MEMORY"",""error"":null}}","{""left"":{""valid"":true,""fresh"":true,""status"":""FRESH"",""joints_rad"":[3.0377256663426575,0.6029213721075631,-1.5183406306591323,1.4852497116400953,-0.07048232931498781,0.6580805832546668],""received_at_ms"":1788504024184,""age_ms"":39,""source"":""jaka_port10000_actual_feedback"",""mapping"":""port10000_joint_actual_position_deg_to_rad"",""error"":null},""right"":{""valid"":true,""fresh"":true,""status"":""FRESH"",""joints_rad"":[0.10351390713945689,2.570815533914985,1.5285054282227473,-1.4858509775674076,3.202870989094389,2.5055999101508157],""received_at_ms"":1788504024186,""age_ms"":37,""source"":""jaka_port10000_actual_feedback"",""mapping"":""port10000_joint_actual_position_deg_to_rad"",""error"":null}}","{""left"":{""values"":[-112.36811382434098,-3.367675738991238,1.72607421875,-3.969970703125,-0.2589111328125,0.7274169921875],""received_at_ms"":1788503987887,""valid"":true,""status"":""STALE"",""error"":""Torque sample age 36336 ms exceeds 1500 ms"",""source"":""/left_jaka_driver/joint_torque_raw"",""age_ms"":36336,""fresh"":false},""right"":{""values"":[111.13329938671086,3.143164023058489,-2.6630859375,4.29052734375,-0.03082275390625,0.09246826171875],""received_at_ms"":1788503987893,""valid"":true,""status"":""STALE"",""error"":""Torque sample age 36330 ms exceeds 1500 ms"",""source"":""/right_jaka_driver/joint_torque_raw"",""age_ms"":36330,""fresh"":false}}"
350,1788504024312,RUNNING,33.72,"{""left"":{""valid"":true,""status"":""VALID"",""sample_index"":1405,""time_from_start_s"":33.72,""joints_rad"":[3.0399676369665394,0.6106081449867456,-1.5462387767770704,1.485743578737555,-0.06741758641227136,0.6379366789601687],""source"":""LATEST SUCCESSFUL PHASE5 SERVO_J COMMAND \u2014 DRIVER MEMORY"",""error"":null},""right"":{""valid"":true,""status"":""VALID"",""sample_index"":1405,""time_from_start_s"":33.72,""joints_rad"":[0.10129937384783254,2.563679220646477,1.5571244575444088,-1.4863532155913346,3.1998243598887304,2.5269048454683296],""source"":""LATEST SUCCESSFUL PHASE5 SERVO_J COMMAND \u2014 DRIVER MEMORY"",""error"":null}}","{""left"":{""valid"":true,""fresh"":true,""status"":""FRESH"",""joints_rad"":[3.0383489234185452,0.6051623748671239,-1.5262380709914813,1.4855732956834151,-0.06957144197837196,0.6524480566926306],""received_at_ms"":1788504024293,""age_ms"":19,""source"":""jaka_port10000_actual_feedback"",""mapping"":""port10000_joint_actual_position_deg_to_rad"",""error"":null},""right"":{""valid"":true,""fresh"":true,""status"":""FRESH"",""joints_rad"":[0.10239933987913331,2.567184376406211,1.5424911005848283,-1.486018703708524,3.2012771544214678,2.5160621118189703],""received_at_ms"":1788504024298,""age_ms"":14,""source"":""jaka_port10000_actual_feedback"",""mapping"":""port10000_joint_actual_position_deg_to_rad"",""error"":null}}","{""left"":{""values"":[-112.36811382434098,-3.367675738991238,1.72607421875,-3.969970703125,-0.2589111328125,0.7274169921875],""received_at_ms"":1788503987887,""valid"":true,""status"":""STALE"",""error"":""Torque sample age 36425 ms exceeds 1500 ms"",""source"":""/left_jaka_driver/joint_torque_raw"",""age_ms"":36425,""fresh"":false},""right"":{""values"":[111.13329938671086,3.143164023058489,-2.6630859375,4.29052734375,-0.03082275390625,0.09246826171875],""received_at_ms"":1788503987893,""valid"":true,""status"":""STALE"",""error"":""Torque sample age 36419 ms exceeds 1500 ms"",""source"":""/right_jaka_driver/joint_torque_raw"",""age_ms"":36419,""fresh"":false}}"
351,1788504024416,RUNNING,33.84,"{""left"":{""valid"":true,""status"":""VALID"",""sample_index"":1410,""time_from_start_s"":33.84,""joints_rad"":[3.0417109716587185,0.6162226081337631,-1.5673143475956182,1.4861620736189434,-0.06510034922174068,0.6225833942896581],""source"":""LATEST SUCCESSFUL PHASE5 SERVO_J COMMAND \u2014 DRIVER MEMORY"",""error"":null},""right"":{""valid"":true,""status"":""VALID"",""sample_index"":1410,""time_from_start_s"":33.84,""joints_rad"":[0.09962178920660776,2.5586139082691526,1.5780561589680544,-1.4868730594110957,3.1975810495004073,2.5426641405416133],""source"":""LATEST SUCCESSFUL PHASE5 SERVO_J COMMAND \u2014 DRIVER MEMORY"",""error"":null}}","{""left"":{""valid"":true,""fresh"":true,""status"":""FRESH"",""joints_rad"":[3.0396191740481466,0.6095845155929019,-1.5425726074608963,1.485848883172305,-0.06780988116433409,0.6408831560030659],""received_at_ms"":1788504024361,""age_ms"":55,""source"":""jaka_port10000_actual_feedback"",""mapping"":""port10000_joint_actual_position_deg_to_rad"",""error"":null},""right"":{""valid"":true,""fresh"":true,""status"":""FRESH"",""joints_rad"":[0.10158444565137716,2.5645119282555573,1.553384747644076,-1.486222558165157,3.2001505443893055,2.5238998618909014],""received_at_ms"":1788504024409,""age_ms"":7,""source"":""jaka_port10000_actual_feedback"",""mapping"":""port10000_joint_actual_position_deg_to_rad"",""error"":null}}","{""left"":{""values"":[-112.36811382434098,-3.367675738991238,1.72607421875,-3.969970703125,-0.2589111328125,0.7274169921875],""received_at_ms"":1788503987887,""valid"":true,""status"":""STALE"",""error"":""Torque sample age 36529 ms exceeds 1500 ms"",""source"":""/left_jaka_driver/joint_torque_raw"",""age_ms"":36529,""fresh"":false},""right"":{""values"":[111.13329938671086,3.143164023058489,-2.6630859375,4.29052734375,-0.03082275390625,0.09246826171875],""received_at_ms"":1788503987893,""valid"":true,""status"":""STALE"",""error"":""Torque sample age 36523 ms exceeds 1500 ms"",""source"":""/right_jaka_driver/joint_torque_raw"",""age_ms"":36523,""fresh"":false}}"
352,1788504024517,RUNNING,33.936,"{""left"":{""valid"":true,""status"":""VALID"",""sample_index"":1414,""time_from_start_s"":33.936,""joints_rad"":[3.04307694691602,0.620538631093026,-1.5836477427466982,1.4865337066255522,-0.06330042467421368,0.6106474348125266],""source"":""LATEST SUCCESSFUL PHASE5 SERVO_J COMMAND \u2014 DRIVER MEMORY"",""error"":null},""right"":{""valid"":true,""status"":""VALID"",""sample_index"":1414,""time_from_start_s"":33.936,""joints_rad"":[0.09830415894004753,2.5547465530374236,1.594259020312101,-1.4873231037403978,3.1958405351248524,2.554919960974144],""source"":""LATEST SUCCESSFUL PHASE5 SERVO_J COMMAND \u2014 DRIVER MEMORY"",""error"":null}}","{""left"":{""valid"":true,""fresh"":true,""status"":""FRESH"",""joints_rad"":[3.0404941076021714,0.6125088147546184,-1.5532625745964364,1.485956744520078,-0.06665936012141943,0.6329497618881256],""received_at_ms"":1788504024431,""age_ms"":86,""source"":""jaka_port10000_actual_feedback"",""mapping"":""port10000_joint_actual_position_deg_to_rad"",""error"":null},""right"":{""valid"":true,""fresh"":true,""status"":""FRESH"",""joints_rad"":[0.10011034056514274,2.5599578406383285,1.5722838709163713,-1.4866779145670022,3.198149175336044,2.538424666458923],""received_at_ms"":1788504024480,""age_ms"":37,""source"":""jaka_port10000_actual_feedback"",""mapping"":""port10000_joint_actual_position_deg_to_rad"",""error"":null}}","{""left"":{""values"":[-112.36811382434098,-3.367675738991238,1.72607421875,-3.969970703125,-0.2589111328125,0.7274169921875],""received_at_ms"":1788503987887,""valid"":true,""status"":""STALE"",""error"":""Torque sample age 36630 ms exceeds 1500 ms"",""source"":""/left_jaka_driver/joint_torque_raw"",""age_ms"":36630,""fresh"":false},""right"":{""values"":[111.13329938671086,3.143164023058489,-2.6630859375,4.29052734375,-0.03082275390625,0.09246826171875],""received_at_ms"":1788503987893,""valid"":true,""status"":""STALE"",""error"":""Torque sample age 36624 ms exceeds 1500 ms"",""source"":""/right_jaka_driver/joint_torque_raw"",""age_ms"":36624,""fresh"":false}}"
353,1788504024617,RUNNING,34.032000000000004,"{""left"":{""valid"":true,""status"":""VALID"",""sample_index"":1418,""time_from_start_s"":34.032000000000004,""joints_rad"":[3.044171640384807,0.6239630394033369,-1.5966623257808412,1.4868503809931854,-0.061864518477613484,0.6011211321714607],""source"":""LATEST SUCCESSFUL PHASE5 SERVO_J COMMAND \u2014 DRIVER MEMORY"",""error"":null},""right"":{""valid"":true,""status"":""VALID"",""sample_index"":1418,""time_from_start_s"":34.032000000000004,""joints_rad"":[0.09724650052549988,2.5516917708954954,1.6071590949194943,-1.4877029624172353,3.194452993983269,2.564703264679531],""source"":""LATEST SUCCESSFUL PHASE5 SERVO_J COMMAND \u2014 DRIVER MEMORY"",""error"":null}}","{""left"":{""valid"":true,""fresh"":true,""status"":""FRESH"",""joints_rad"":[3.042998829611708,0.6205980667717618,-1.5835707406560935,1.4865199622696967,-0.06332770111228746,0.6107308478456118],""received_at_ms"":1788504024608,""age_ms"":9,""source"":""jaka_port10000_actual_feedback"",""mapping"":""port10000_joint_actual_position_deg_to_rad"",""error"":null},""right"":{""valid"":true,""fresh"":true,""status"":""FRESH"",""joints_rad"":[0.0988041361529502,2.556015141858073,1.5889659024398584,-1.4871571819796,3.196279578641307,2.5511160026477255],""received_at_ms"":1788504024575,""age_ms"":42,""source"":""jaka_port10000_actual_feedback"",""mapping"":""port10000_joint_actual_position_deg_to_rad"",""error"":null}}","{""left"":{""values"":[-112.36811382434098,-3.367675738991238,1.72607421875,-3.969970703125,-0.2589111328125,0.7274169921875],""received_at_ms"":1788503987887,""valid"":true,""status"":""STALE"",""error"":""Torque sample age 36730 ms exceeds 1500 ms"",""source"":""/left_jaka_driver/joint_torque_raw"",""age_ms"":36730,""fresh"":false},""right"":{""values"":[111.13329938671086,3.143164023058489,-2.6630859375,4.29052734375,-0.03082275390625,0.09246826171875],""received_at_ms"":1788503987893,""valid"":true,""status"":""STALE"",""error"":""Torque sample age 36724 ms exceeds 1500 ms"",""source"":""/right_jaka_driver/joint_torque_raw"",""age_ms"":36724,""fresh"":false}}"
354,1788504024715,RUNNING,34.128,"{""left"":{""valid"":true,""status"":""VALID"",""sample_index"":1422,""time_from_start_s"":34.128,""joints_rad"":[3.044831683923264,0.626014410806497,-1.6044802419203448,1.4870488440214784,-0.0610012954048295,0.595392537674894],""source"":""LATEST SUCCESSFUL PHASE5 SERVO_J COMMAND \u2014 DRIVER MEMORY"",""error"":null},""right"":{""valid"":true,""status"":""VALID"",""sample_index"":1422,""time_from_start_s"":34.128,""joints_rad"":[0.09660800974398888,2.549867880465954,1.6149033951209277,-1.4879398771935426,3.19361926514375,2.5705870593901645],""source"":""LATEST SUCCESSFUL PHASE5 SERVO_J COMMAND \u2014 DRIVER MEMORY"",""error"":null}}","{""left"":{""valid"":true,""fresh"":true,""status"":""FRESH"",""joints_rad"":[3.044077443089441,0.6240255443568282,-1.5966814794641497,1.4868316780741029,-0.06178168846087087,0.6009517680466876],""received_at_ms"":1788504024698,""age_ms"":17,""source"":""jaka_port10000_actual_feedback"",""mapping"":""port10000_joint_actual_position_deg_to_rad"",""error"":null},""right"":{""valid"":true,""fresh"":true,""status"":""FRESH"",""joints_rad"":[0.09771347990337893,2.5528152552074665,1.60220841360644,-1.487552673588102,3.194817516326912,2.5611708444684647],""received_at_ms"":1788504024668,""age_ms"":47,""source"":""jaka_port10000_actual_feedback"",""mapping"":""port10000_joint_actual_position_deg_to_rad"",""error"":null}}","{""left"":{""values"":[-112.36811382434098,-3.367675738991238,1.72607421875,-3.969970703125,-0.2589111328125,0.7274169921875],""received_at_ms"":1788503987887,""valid"":true,""status"":""STALE"",""error"":""Torque sample age 36828 ms exceeds 1500 ms"",""source"":""/left_jaka_driver/joint_torque_raw"",""age_ms"":36828,""fresh"":false},""right"":{""values"":[111.13329938671086,3.143164023058489,-2.6630859375,4.29052734375,-0.03082275390625,0.09246826171875],""received_at_ms"":1788503987893,""valid"":true,""status"":""STALE"",""error"":""Torque sample age 36822 ms exceeds 1500 ms"",""source"":""/right_jaka_driver/joint_torque_raw"",""age_ms"":36822,""fresh"":false}}"
355,1788504024817,RUNNING,34.224000000000004,"{""left"":{""valid"":true,""status"":""VALID"",""sample_index"":1427,""time_from_start_s"":34.248,""joints_rad"":[3.045059332395256,0.6267188208397861,-1.607169829765905,1.4871190846782356,-0.06070416605630799,0.5934203126240896],""source"":""LATEST SUCCESSFUL PHASE5 SERVO_J COMMAND \u2014 DRIVER MEMORY"",""error"":null},""right"":{""valid"":true,""status"":""VALID"",""sample_index"":1426,""time_from_start_s"":34.224000000000004,""joints_rad"":[0.0963953287534444,2.5492649732381896,1.6174731178221577,-1.488020532773039,3.193342444492193,2.572541862977806],""source"":""LATEST SUCCESSFUL PHASE5 SERVO_J COMMAND \u2014 DRIVER MEMORY"",""error"":null}}","{""left"":{""valid"":true,""fresh"":true,""status"":""FRESH"",""joints_rad"":[3.044616749828307,0.6255476459974925,-1.602613679058753,1.4869873614433808,-0.0610985665916403,0.5966374886686827],""received_at_ms"":1788504024786,""age_ms"":31,""source"":""jaka_port10000_actual_feedback"",""mapping"":""port10000_joint_actual_position_deg_to_rad"",""error"":null},""right"":{""valid"":true,""fresh"":true,""status"":""FRESH"",""joints_rad"":[0.09681463533860185,2.550286622187177,1.6129582455353235,-1.4878883004032604,3.193691080827674,2.5692002316922644],""received_at_ms"":1788504024784,""age_ms"":33,""source"":""jaka_port10000_actual_feedback"",""mapping"":""port10000_joint_actual_position_deg_to_rad"",""error"":null}}","{""left"":{""values"":[-112.36811382434098,-3.367675738991238,1.72607421875,-3.969970703125,-0.2589111328125,0.7274169921875],""received_at_ms"":1788503987887,""valid"":true,""status"":""STALE"",""error"":""Torque sample age 36930 ms exceeds 1500 ms"",""source"":""/left_jaka_driver/joint_torque_raw"",""age_ms"":36930,""fresh"":false},""right"":{""values"":[111.13329938671086,3.143164023058489,-2.6630859375,4.29052734375,-0.03082275390625,0.09246826171875],""received_at_ms"":1788503987893,""valid"":true,""status"":""STALE"",""error"":""Torque sample age 36924 ms exceeds 1500 ms"",""source"":""/right_jaka_driver/joint_torque_raw"",""age_ms"":36924,""fresh"":false}}"
356,1788504024918,COMPLETED,34.268988357316154,"{""left"":{""valid"":true,""status"":""VALID"",""sample_index"":1428,""time_from_start_s"":34.268988357316154,""joints_rad"":[3.0450602804554845,0.626721745147001,-1.607181010422846,1.4871193826507771,-0.06070293041925891,0.5934121097960219],""source"":""LATEST SUCCESSFUL PHASE5 SERVO_J COMMAND \u2014 DRIVER MEMORY"",""error"":null},""right"":{""valid"":true,""status"":""VALID"",""sample_index"":1428,""time_from_start_s"":34.268988357316154,""joints_rad"":[0.09638667246286234,2.5492405555959423,1.6175774485263057,-1.4880238610454466,3.193331201064551,2.5726212919769362],""source"":""LATEST SUCCESSFUL PHASE5 SERVO_J COMMAND \u2014 DRIVER MEMORY"",""error"":null}}","{""left"":{""valid"":true,""fresh"":true,""status"":""FRESH"",""joints_rad"":[3.044976113121293,0.6266260849422998,-1.606568420610847,1.487023315225972,-0.060679163972386055,0.5936173709310317],""received_at_ms"":1788504024894,""age_ms"":24,""source"":""jaka_port10000_actual_feedback"",""mapping"":""port10000_joint_actual_position_deg_to_rad"",""error"":null},""right"":{""valid"":true,""fresh"":true,""status"":""FRESH"",""joints_rad"":[0.0964671402845298,2.5493518238398094,1.6171047987722116,-1.4879362969576901,3.193295589219172,2.572280214223259],""received_at_ms"":1788504024852,""age_ms"":66,""source"":""jaka_port10000_actual_feedback"",""mapping"":""port10000_joint_actual_position_deg_to_rad"",""error"":null}}","{""left"":{""values"":[-112.36811382434098,-3.367675738991238,1.72607421875,-3.969970703125,-0.2589111328125,0.7274169921875],""received_at_ms"":1788503987887,""valid"":true,""status"":""STALE"",""error"":""Torque sample age 37031 ms exceeds 1500 ms"",""source"":""/left_jaka_driver/joint_torque_raw"",""age_ms"":37031,""fresh"":false},""right"":{""values"":[111.13329938671086,3.143164023058489,-2.6630859375,4.29052734375,-0.03082275390625,0.09246826171875],""received_at_ms"":1788503987893,""valid"":true,""status"":""STALE"",""error"":""Torque sample age 37025 ms exceeds 1500 ms"",""source"":""/right_jaka_driver/joint_torque_raw"",""age_ms"":37025,""fresh"":false}}"
