receive_wall_iso,receive_monotonic_ns,elapsed_sec,ros_stamp_ns,side,cycle,completed_cycles,step_index,step_name,sequence_status,j1_rad,j2_rad,j3_rad,j4_rad,j5_rad,j6_rad
2026-07-17T09:59:43.312+07:00,3680813807622,0.028048788,1784257183312398356,right,,,,,,0.08362964540719985,2.8592031002044678,0.6508644819259644,-1.5157943964004517,3.2493093013763423,1.9337618350982675
2026-07-17T09:59:43.343+07:00,3680844943852,0.059185018,1784257183343673690,left,,,,,,3.0326125621795654,0.5639516711235047,-0.23975493013858787,1.5973879098892212,-0.13782687485218048,1.8970664739608762
2026-07-17T09:59:43.377+07:00,3680878487114,0.092728280,1784257183377158118,right,,,,,,0.08362964540719985,2.8592031002044678,0.6508644819259644,-1.5157943964004517,3.2493093013763423,1.9337618350982675
2026-07-17T09:59:43.409+07:00,3680910774693,0.125015859,1784257183409385491,left,,,,,,3.0326125621795654,0.5639516711235047,-0.23975493013858787,1.5973879098892212,-0.13782687485218048,1.8970664739608762
2026-07-17T09:59:43.442+07:00,3680943028354,0.157269520,1784257183441535660,right,,,,,,0.08362964540719985,2.8592031002044678,0.6508644819259644,-1.5157943964004517,3.2493093013763423,1.9337618350982675
2026-07-17T09:59:43.475+07:00,3680976032120,0.190273286,1784257183474548991,left,,,,,,3.0326125621795654,0.5639516711235047,-0.23975493013858787,1.5973879098892212,-0.13782687485218048,1.8970664739608762
2026-07-17T09:59:43.502+07:00,3681003768034,0.218009200,1784257183502254110,right,,,,,,0.08362964540719985,2.8592031002044678,0.6508644819259644,-1.5157943964004517,3.2493093013763423,1.9337618350982675
2026-07-17T09:59:43.549+07:00,3681050461013,0.264702179,1784257183537663996,left,,,,,,3.0326125621795654,0.5639516711235047,-0.23975493013858787,1.5973879098892212,-0.13782687485218048,1.8970664739608762
2026-07-17T09:59:43.564+07:00,3681065092908,0.279334074,1784257183563623567,right,,,,,,0.08362964540719985,2.8592031002044678,0.6508644819259644,-1.5157943964004517,3.2493093013763423,1.9337618350982675
2026-07-17T09:59:43.600+07:00,3681101309045,0.315550211,1784257183599999444,left,,,,,,3.0326125621795654,0.5639516711235047,-0.23975493013858787,1.5973879098892212,-0.13782687485218048,1.8970664739608762
2026-07-17T09:59:43.630+07:00,3681131651838,0.345893004,1784257183630284450,right,,,,,,0.08362964540719985,2.8592031002044678,0.6508644819259644,-1.5157943964004517,3.2493093013763423,1.9337618350982675
2026-07-17T09:59:43.666+07:00,3681167859089,0.382100255,1784257183666354248,left,,,,,,3.0326125621795654,0.5639516711235047,-0.23975493013858787,1.5973879098892212,-0.13782687485218048,1.8970664739608762
2026-07-17T09:59:43.693+07:00,3681194005875,0.408247041,1784257183692520047,right,,,,,,0.08362964540719985,2.8592031002044678,0.6508644819259644,-1.5157943964004517,3.2493093013763423,1.9337618350982675
2026-07-17T09:59:43.747+07:00,3681248768078,0.463009244,1784257183728318004,left,,,,,,3.0326125621795654,0.5639516711235047,-0.23975493013858787,1.5973879098892212,-0.13782687485218048,1.8970664739608762
2026-07-17T09:59:43.757+07:00,3681258386344,0.472627510,1784257183756966733,right,,,,,,0.08362964540719985,2.8592031002044678,0.6508644819259644,-1.5157943964004517,3.2493093013763423,1.9337618350982675
2026-07-17T09:59:43.790+07:00,3681291692816,0.505933982,1784257183790304810,left,,,,,,3.0326125621795654,0.5639516711235047,-0.23975493013858787,1.5973879098892212,-0.13782687485218048,1.8970664739608762
2026-07-17T09:59:43.835+07:00,3681336941775,0.551182941,1784257183835418413,right,,,,,,0.08362964540719985,2.8592031002044678,0.6508644819259644,-1.5157943964004517,3.2493093013763423,1.9337618350982675
2026-07-17T09:59:43.851+07:00,3681351987000,0.566228166,1784257183850667286,left,,,,,,3.0326125621795654,0.5639516711235047,-0.23975493013858787,1.5973879098892212,-0.13782687485218048,1.8970664739608762
2026-07-17T09:59:43.902+07:00,3681403771752,0.618012918,1784257183902295072,right,,,,,,0.08362964540719985,2.8592031002044678,0.6508644819259644,-1.5157943964004517,3.2493093013763423,1.9337618350982675
2026-07-17T09:59:43.947+07:00,3681448950881,0.663192047,1784257183924774425,left,,,,,,3.0326125621795654,0.5639516711235047,-0.23975493013858787,1.5973879098892212,-0.13782687485218048,1.8970664739608762
2026-07-17T09:59:43.967+07:00,3681468866790,0.683107956,1784257183967301068,right,,,,,,0.08362964540719985,2.8592031002044678,0.6508644819259644,-1.5157943964004517,3.2493093013763423,1.9337618350982675
2026-07-17T09:59:43.988+07:00,3681489852578,0.704093744,1784257183988343636,left,,,,,,3.0326125621795654,0.5639516711235047,-0.23975493013858787,1.5973879098892212,-0.13782687485218048,1.8970664739608762
2026-07-17T09:59:44.031+07:00,3681532924994,0.747166160,1784257184031463226,right,,,,,,0.08362964540719985,2.8592031002044678,0.6508644819259644,-1.5157943964004517,3.2493093013763423,1.9337618350982675
2026-07-17T09:59:44.049+07:00,3681550941654,0.765182820,1784257184049563270,left,,,,,,3.0326125621795654,0.5639516711235047,-0.23975493013858787,1.5973879098892212,-0.13782687485218048,1.8970664739608762
2026-07-17T09:59:44.095+07:00,3681596652199,0.810893365,1784257184095195436,right,,,,,,0.08362964540719985,2.8592031002044678,0.6508644819259644,-1.5157943964004517,3.2493093013763423,1.9337618350982675
2026-07-17T09:59:44.148+07:00,3681649510364,0.863751530,1784257184129178036,left,,,,,,3.0326125621795654,0.5639516711235047,-0.23975493013858787,1.5973879098892212,-0.13782687485218048,1.8970664739608762
2026-07-17T09:59:44.158+07:00,3681659145026,0.873386192,1784257184157638249,right,,,,,,0.08362964540719985,2.8592031002044678,0.6508644819259644,-1.5157943964004517,3.2493093013763423,1.9337618350982675
2026-07-17T09:59:44.192+07:00,3681693631366,0.907872532,1784257184192182529,left,,,,,,3.0326125621795654,0.5639516711235047,-0.23975493013858787,1.5973879098892212,-0.13782687485218048,1.8970664739608762
2026-07-17T09:59:44.224+07:00,3681725548754,0.939789920,1784257184224030619,right,,,,,,0.08362964540719985,2.8592031002044678,0.6508644819259644,-1.5157943964004517,3.2493093013763423,1.9337618350982675
2026-07-17T09:59:44.258+07:00,3681759662668,0.973903834,1784257184258156447,left,,,,,,3.0326125621795654,0.5639516711235047,-0.23975493013858787,1.5973879098892212,-0.13782687485218048,1.8970664739608762
2026-07-17T09:59:44.348+07:00,3681848997877,1.063239043,1784257184323189971,left,,,,,,3.0326125621795654,0.5639516711235047,-0.23975493013858787,1.5973879098892212,-0.13782687485218048,1.8970664739608762
2026-07-17T09:59:44.348+07:00,3681849110139,1.063351305,1784257184305443386,right,,,,,,0.08362964540719985,2.8592031002044678,0.6508644819259644,-1.5157943964004517,3.2493093013763423,1.9337618350982675
2026-07-17T09:59:44.373+07:00,3681874232675,1.088473841,1784257184372730248,right,,,,,,0.08362964540719985,2.8592031002044678,0.6508644819259644,-1.5157943964004517,3.2493093013763423,1.9337618350982675
2026-07-17T09:59:44.394+07:00,3681895308847,1.109550013,1784257184394127663,left,,,,,,3.0326125621795654,0.5639516711235047,-0.23975493013858787,1.5973879098892212,-0.13782687485218048,1.8970664739608762
2026-07-17T09:59:44.439+07:00,3681940915794,1.155156960,1784257184439476915,right,,,,,,0.08362964540719985,2.8592031002044678,0.6508644819259644,-1.5157943964004517,3.2493093013763423,1.9337618350982675
2026-07-17T09:59:44.464+07:00,3681965764298,1.180005464,1784257184464456409,left,,,,,,3.0326125621795654,0.5639516711235047,-0.23975493013858787,1.5973879098892212,-0.13782687485218048,1.8970664739608762
2026-07-17T09:59:44.547+07:00,3682048950164,1.263191330,1784257184536352513,left,,,,,,3.0326125621795654,0.5639516711235047,-0.23975493013858787,1.5973879098892212,-0.13782687485218048,1.8970664739608762
2026-07-17T09:59:44.548+07:00,3682049079396,1.263320562,1784257184507410015,right,,,,,,0.08362964540719985,2.8592031002044678,0.6508644819259644,-1.5157943964004517,3.2493093013763423,1.9337618350982675
2026-07-17T09:59:44.569+07:00,3682070703189,1.284944355,1784257184569338708,right,,,,,,0.08362964540719985,2.8592031002044678,0.6508644819259644,-1.5157943964004517,3.2493093013763423,1.9337618350982675
2026-07-17T09:59:44.599+07:00,3682100699459,1.314940625,1784257184599372712,left,,,,,,3.0326125621795654,0.5639516711235047,-0.23975493013858787,1.5973879098892212,-0.13782687485218048,1.8970664739608762
2026-07-17T09:59:44.645+07:00,3682146678332,1.360919498,1784257184645281810,right,,,,,,0.08362964540719985,2.8592031002044678,0.6508644819259644,-1.5157943964004517,3.2493093013763423,1.9337618350982675
2026-07-17T09:59:44.663+07:00,3682164220869,1.378462035,1784257184663000004,left,,,,,,3.0326125621795654,0.5639516711235047,-0.23975493013858787,1.5973879098892212,-0.13782687485218048,1.8970664739608762
2026-07-17T09:59:44.748+07:00,3682249084551,1.463325717,1784257184724736340,left,,,,,,3.0326125621795654,0.5639516711235047,-0.23975493013858787,1.5973879098892212,-0.13782687485218048,1.8970664739608762
2026-07-17T09:59:44.748+07:00,3682249188451,1.463429617,1784257184712701759,right,,,,,,0.08362964540719985,2.8592031002044678,0.6508644819259644,-1.5157943964004517,3.2493093013763423,1.9337618350982675
2026-07-17T09:59:44.777+07:00,3682278688095,1.492929261,1784257184777283110,right,,,,,,0.08362964540719985,2.8592031002044678,0.6508644819259644,-1.5157943964004517,3.2493093013763423,1.9337618350982675
2026-07-17T09:59:44.786+07:00,3682287193704,1.501434870,1784257184785819199,left,,,,,,3.0326125621795654,0.5639516711235047,-0.23975493013858787,1.5973879098892212,-0.13782687485218048,1.8970664739608762
2026-07-17T09:59:44.843+07:00,3682344633799,1.558874965,1784257184843207435,right,,,,,,0.08362964540719985,2.8592031002044678,0.6508644819259644,-1.5157943964004517,3.2493093013763423,1.9337618350982675
2026-07-17T09:59:44.852+07:00,3682353604692,1.567845858,1784257184852278396,left,,,,,,3.0326125621795654,0.5639516711235047,-0.23975493013858787,1.5973879098892212,-0.13782687485218048,1.8970664739608762
2026-07-17T09:59:44.948+07:00,3682449011375,1.663252541,1784257184921939655,left,,,,,,3.0326125621795654,0.5639516711235047,-0.23975493013858787,1.5973879098892212,-0.13782687485218048,1.8970664739608762
2026-07-17T09:59:44.948+07:00,3682449121818,1.663362984,1784257184907739910,right,,,,,,0.08362964540719985,2.8592031002044678,0.6508644819259644,-1.5157943964004517,3.2493093013763423,1.9337618350982675
2026-07-17T09:59:44.973+07:00,3682474882492,1.689123658,1784257184973384043,right,,,,,,0.08362964540719985,2.8592031002044678,0.6508644819259644,-1.5157943964004517,3.2493093013763423,1.9337618350982675
2026-07-17T09:59:44.987+07:00,3682488854497,1.703095663,1784257184987587100,left,,,,,,3.0326125621795654,0.5639516711235047,-0.23975493013858787,1.5973879098892212,-0.13782687485218048,1.8970664739608762
2026-07-17T09:59:45.034+07:00,3682535472085,1.749713251,1784257185034190120,right,,,,,,0.08362964540719985,2.8592031002044678,0.6508644819259644,-1.5157943964004517,3.2493093013763423,1.9337618350982675
2026-07-17T09:59:45.050+07:00,3682551310042,1.765551208,1784257185050016180,left,,,,,,3.0326125621795654,0.5639516711235047,-0.23975493013858787,1.5973879098892212,-0.13782687485218048,1.8970664739608762
2026-07-17T09:59:45.100+07:00,3682601378489,1.815619655,1784257185100016446,right,,,,,,0.08362964540719985,2.8592031002044678,0.6508644819259644,-1.5157943964004517,3.2493093013763423,1.9337618350982675
2026-07-17T09:59:45.147+07:00,3682648457826,1.862698992,1784257185129811658,left,,,,,,3.0326125621795654,0.5639516711235047,-0.23975493013858787,1.5973879098892212,-0.13782687485218048,1.8970664739608762
2026-07-17T09:59:45.163+07:00,3682664632781,1.878873947,1784257185163256892,right,,,,,,0.08362964540719985,2.8592031002044678,0.6508644819259644,-1.5157943964004517,3.2493093013763423,1.9337618350982675
2026-07-17T09:59:45.194+07:00,3682695091180,1.909332346,1784257185193662156,left,,,,,,3.0326125621795654,0.5639516711235047,-0.23975493013858787,1.5973879098892212,-0.13782687485218048,1.8970664739608762
2026-07-17T09:59:45.227+07:00,3682728228680,1.942469846,1784257185226830971,right,,,,,,0.08362964540719985,2.8592031002044678,0.6508644819259644,-1.5157943964004517,3.2493093013763423,1.9337618350982675
2026-07-17T09:59:45.259+07:00,3682760160522,1.974401688,1784257185258720467,left,,,,,,3.0326125621795654,0.5639516711235047,-0.23975493013858787,1.5973879098892212,-0.13782687485218048,1.8970664739608762
2026-07-17T09:59:45.291+07:00,3682792692233,2.006933399,1784257185291091501,right,,,,,,0.08362964540719985,2.8592031002044678,0.6508644819259644,-1.5157943964004517,3.2493093013763423,1.9337618350982675
2026-07-17T09:59:45.347+07:00,3682848462802,2.062703968,1784257185324378463,left,,,,,,3.0326125621795654,0.5639516711235047,-0.23975493013858787,1.5973879098892212,-0.13782687485218048,1.8970664739608762
2026-07-17T09:59:45.354+07:00,3682855727561,2.069968727,1784257185354489308,right,,,,,,0.08362964540719985,2.8592031002044678,0.6508644819259644,-1.5157943964004517,3.2493093013763423,1.9337618350982675
2026-07-17T09:59:45.392+07:00,3682893379157,2.107620323,1784257185391981272,left,,,,,,3.0326125621795654,0.5639516711235047,-0.23975493013858787,1.5973879098892212,-0.13782687485218048,1.8970664739608762
2026-07-17T09:59:45.417+07:00,3682918812588,2.133053754,1784257185417630711,right,,,,,,0.08362964540719985,2.8592031002044678,0.6508644819259644,-1.5157943964004517,3.2493093013763423,1.9337618350982675
2026-07-17T09:59:45.460+07:00,3682961506846,2.175748012,1784257185460140394,left,,,,,,3.0326125621795654,0.5639516711235047,-0.23975493013858787,1.5973879098892212,-0.13782687485218048,1.8970664739608762
2026-07-17T09:59:45.480+07:00,3682981414757,2.195655923,1784257185480055390,right,,,,,,0.08362964540719985,2.8592031002044678,0.6508644819259644,-1.5157943964004517,3.2493093013763423,1.9337618350982675
2026-07-17T09:59:45.548+07:00,3683049686297,2.263927463,1784257185526659447,left,,,,,,3.0326125621795654,0.5639516711235047,-0.23975493013858787,1.5973879098892212,-0.13782687485218048,1.8970664739608762
2026-07-17T09:59:45.548+07:00,3683049839687,2.264080853,1784257185545986407,right,,,,,,0.08362964540719985,2.8592031002044678,0.6508644819259644,-1.5157943964004517,3.2493093013763423,1.9337618350982675
2026-07-17T09:59:45.596+07:00,3683097842304,2.312083470,1784257185596406516,left,,,,,,3.0326125621795654,0.5639516711235047,-0.23975493013858787,1.5973879098892212,-0.13782687485218048,1.8970664739608762
2026-07-17T09:59:45.620+07:00,3683121423004,2.335664170,1784257185620055209,right,,,,,,0.08362964540719985,2.8592031002044678,0.6508644819259644,-1.5157943964004517,3.2493093013763423,1.9337618350982675
2026-07-17T09:59:45.659+07:00,3683160748359,2.374989525,1784257185659253426,left,,,,,,3.0326125621795654,0.5639516711235047,-0.23975493013858787,1.5973879098892212,-0.13782687485218048,1.8970664739608762
2026-07-17T09:59:45.688+07:00,3683189062431,2.403303597,1784257185687636587,right,,,,,,0.08362964540719985,2.8592031002044678,0.6508644819259644,-1.5157943964004517,3.2493093013763423,1.9337618350982675
2026-07-17T09:59:45.748+07:00,3683249923270,2.464164436,1784257185725552384,left,,,,,,3.0326125621795654,0.5639516711235047,-0.23975493013858787,1.5973879098892212,-0.13782687485218048,1.8970664739608762
2026-07-17T09:59:45.760+07:00,3683261057363,2.475298529,1784257185759630452,right,,,,,,0.08362964540719985,2.8592031002044678,0.6508644819259644,-1.5157943964004517,3.2493093013763423,1.9337618350982675
2026-07-17T09:59:45.801+07:00,3683302433142,2.516674308,1784257185801105046,left,,,,,,3.0326125621795654,0.5639516711235047,-0.23975493013858787,1.5973879098892212,-0.13782687485218048,1.8970664739608762
2026-07-17T09:59:45.824+07:00,3683325319981,2.539561147,1784257185823941914,right,,,,,,0.08362964540719985,2.8592031002044678,0.6508644819259644,-1.5157943964004517,3.2493093013763423,1.9337618350982675
2026-07-17T09:59:45.894+07:00,3683395149635,2.609390801,1784257185893561166,right,,,,,,0.08362964540719985,2.8592031002044678,0.6508644819259644,-1.5157943964004517,3.2493093013763423,1.9337618350982675
2026-07-17T09:59:45.898+07:00,3683399948911,2.614190077,1784257185898696561,left,,,,,,3.0326125621795654,0.5639516711235047,-0.23975493013858787,1.5973879098892212,-0.13782687485218048,1.8970664739608762
2026-07-17T09:59:45.966+07:00,3683467076513,2.681317679,1784257185965701583,right,,,,,,0.08362964540719985,2.8592031002044678,0.6508644819259644,-1.5157943964004517,3.2493093013763423,1.9337618350982675
2026-07-17T09:59:45.995+07:00,3683496675798,2.710916964,1784257185995327897,left,,,,,,3.0326125621795654,0.5639516711235047,-0.23975493013858787,1.5973879098892212,-0.13782687485218048,1.8970664739608762
2026-07-17T09:59:46.028+07:00,3683529843490,2.744084656,1784257186028503206,right,,,,,,0.08362964540719985,2.8592031002044678,0.6508644819259644,-1.5157943964004517,3.2493093013763423,1.9337618350982675
2026-07-17T09:59:46.080+07:00,3683581456162,2.795697328,1784257186080062155,left,,,,,,3.0326125621795654,0.5639516711235047,-0.23975493013858787,1.5973879098892212,-0.13782687485218048,1.8970664739608762
2026-07-17T09:59:46.097+07:00,3683598772109,2.813013275,1784257186097390782,right,,,,,,0.08362964540719985,2.8592031002044678,0.6508644819259644,-1.5157943964004517,3.2493093013763423,1.9337618350982675
2026-07-17T09:59:46.157+07:00,3683658883958,2.873125124,1784257186157592194,left,,,,,,3.0326125621795654,0.5639516711235047,-0.23975493013858787,1.5973879098892212,-0.13782687485218048,1.8970664739608762
2026-07-17T09:59:46.159+07:00,3683660187309,2.874428475,1784257186158986376,right,,,,,,0.08362964540719985,2.8592031002044678,0.6508644819259644,-1.5157943964004517,3.2493093013763423,1.9337618350982675
2026-07-17T09:59:46.222+07:00,3683723260917,2.937502083,1784257186221671932,right,,,,,,0.08362964540719985,2.8592031002044678,0.6508644819259644,-1.5157943964004517,3.2493093013763423,1.9337618350982675
2026-07-17T09:59:46.225+07:00,3683726922400,2.941163566,1784257186225553633,left,,,,,,3.0326125621795654,0.5639516711235047,-0.23975493013858787,1.5973879098892212,-0.13782687485218048,1.8970664739608762
2026-07-17T09:59:46.286+07:00,3683787551589,3.001792755,1784257186286073815,right,,,,,,0.08362964540719985,2.8592031002044678,0.6508644819259644,-1.5157943964004517,3.2493093013763423,1.9337618350982675
2026-07-17T09:59:46.289+07:00,3683790787003,3.005028169,1784257186289520146,left,,,,,,3.0326125621795654,0.5639516711235047,-0.23975493013858787,1.5973879098892212,-0.13782687485218048,1.8970664739608762
2026-07-17T09:59:46.350+07:00,3683851680089,3.065921255,1784257186350369463,right,,,,,,0.08362964540719985,2.8592031002044678,0.6508644819259644,-1.5157943964004517,3.2493093013763423,1.9337618350982675
2026-07-17T09:59:46.351+07:00,3683852646700,3.066887866,1784257186351437804,left,,,,,,3.0326125621795654,0.5639516711235047,-0.23975493013858787,1.5973879098892212,-0.13782687485218048,1.8970664739608762
2026-07-17T09:59:46.414+07:00,3683915129984,3.129371150,1784257186413487034,right,,,,,,0.08362964540719985,2.8592031002044678,0.6508644819259644,-1.5157943964004517,3.2493093013763423,1.9337618350982675
2026-07-17T09:59:46.416+07:00,3683917682008,3.131923174,1784257186416135611,left,,,,,,3.0326125621795654,0.5639516711235047,-0.23975493013858787,1.5973879098892212,-0.13782687485218048,1.8970664739608762
2026-07-17T09:59:46.475+07:00,3683976424691,3.190665857,1784257186474871109,right,,,,,,0.08362964540719985,2.8592031002044678,0.6508644819259644,-1.5157943964004517,3.2493093013763423,1.9337618350982675
2026-07-17T09:59:46.478+07:00,3683979752854,3.193994020,1784257186478345829,left,,,,,,3.0326125621795654,0.5639516711235047,-0.23975493013858787,1.5973879098892212,-0.13782687485218048,1.8970664739608762
2026-07-17T09:59:46.547+07:00,3684048388892,3.262630058,1784257186539471051,left,,,,,,3.0326125621795654,0.5639516711235047,-0.23975493013858787,1.5973879098892212,-0.13782687485218048,1.8970664739608762
2026-07-17T09:59:46.547+07:00,3684048480462,3.262721628,1784257186542203073,right,,,,,,0.08362964540719985,2.8592031002044678,0.6508644819259644,-1.5157943964004517,3.2493093013763423,1.9337618350982675
2026-07-17T09:59:46.601+07:00,3684102934901,3.317176067,1784257186601373252,left,,,,,,3.0326125621795654,0.5639516711235047,-0.23975493013858787,1.5973879098892212,-0.13782687485218048,1.8970664739608762
2026-07-17T09:59:46.608+07:00,3684109866896,3.324108062,1784257186608348905,right,,,,,,0.08362964540719985,2.8592031002044678,0.6508644819259644,-1.5157943964004517,3.2493093013763423,1.9337618350982675
2026-07-17T09:59:46.667+07:00,3684168830704,3.383071870,1784257186667212185,left,,,,,,3.0326125621795654,0.5639516711235047,-0.23975493013858787,1.5973879098892212,-0.13782687485218048,1.8970664739608762
2026-07-17T09:59:46.679+07:00,3684180795422,3.395036588,1784257186679505600,right,,,,,,0.08362964540719985,2.8592031002044678,0.6508644819259644,-1.5157943964004517,3.2493093013763423,1.9337618350982675
2026-07-17T09:59:46.747+07:00,3684248769667,3.463010833,1784257186732728399,left,,,,,,3.0326125621795654,0.5639516711235047,-0.23975493013858787,1.5973879098892212,-0.13782687485218048,1.8970664739608762
2026-07-17T09:59:46.750+07:00,3684251380341,3.465621507,1784257186750136832,right,,,,,,0.08362964540719985,2.8592031002044678,0.6508644819259644,-1.5157943964004517,3.2493093013763423,1.9337618350982675
2026-07-17T09:59:46.801+07:00,3684301985452,3.516226618,1784257186800303219,left,,,,,,3.0326125621795654,0.5639516711235047,-0.23975493013858787,1.5973879098892212,-0.13782687485218048,1.8970664739608762
2026-07-17T09:59:46.811+07:00,3684312243714,3.526484880,1784257186810911576,right,,,,,,0.08362964540719985,2.8592031002044678,0.6508644819259644,-1.5157943964004517,3.2493093013763423,1.9337618350982675
2026-07-17T09:59:46.867+07:00,3684368858750,3.583099916,1784257186867156954,left,,,,,,3.0326125621795654,0.5639516711235047,-0.23975493013858787,1.5973879098892212,-0.13782687485218048,1.8970664739608762
2026-07-17T09:59:46.877+07:00,3684378152761,3.592393927,1784257186876774872,right,,,,,,0.08362964540719985,2.8592031002044678,0.6508644819259644,-1.5157943964004517,3.2493093013763423,1.9337618350982675
2026-07-17T09:59:46.947+07:00,3684448714970,3.662956136,1784257186933008708,left,,,,,,3.0326125621795654,0.5639516711235047,-0.23975493013858787,1.5973879098892212,-0.13782687485218048,1.8970664739608762
2026-07-17T09:59:46.947+07:00,3684448821174,3.663062340,1784257186942427033,right,,,,,,0.08362964540719985,2.8592031002044678,0.6508644819259644,-1.5157943964004517,3.2493093013763423,1.9337618350982675
2026-07-17T09:59:47.005+07:00,3684506684760,3.720925926,1784257187004973815,left,,,,,,3.0326125621795654,0.5639516711235047,-0.23975493013858787,1.5973879098892212,-0.13782687485218048,1.8970664739608762
2026-07-17T09:59:47.009+07:00,3684509997970,3.724239136,1784257187008461216,right,,,,,,0.08362964540719985,2.8592031002044678,0.6508644819259644,-1.5157943964004517,3.2493093013763423,1.9337618350982675
2026-07-17T09:59:47.067+07:00,3684568588836,3.782830002,1784257187066856284,left,,,,,,3.0326125621795654,0.5639516711235047,-0.23975493013858787,1.5973879098892212,-0.13782687485218048,1.8970664739608762
2026-07-17T09:59:47.073+07:00,3684574326629,3.788567795,1784257187072892130,right,,,,,,0.08362964540719985,2.8592031002044678,0.6508644819259644,-1.5157943964004517,3.2493093013763423,1.9337618350982675
2026-07-17T09:59:47.148+07:00,3684649383771,3.863624937,1784257187134538830,left,,,,,,3.0326125621795654,0.5639516711235047,-0.23975493013858787,1.5973879098892212,-0.13782687485218048,1.8970664739608762
2026-07-17T09:59:47.148+07:00,3684649486073,3.863727239,1784257187143154838,right,,,,,,0.08362964540719985,2.8592031002044678,0.6508644819259644,-1.5157943964004517,3.2493093013763423,1.9337618350982675
2026-07-17T09:59:47.203+07:00,3684704866335,3.919107501,1784257187203180054,left,,,,,,3.0326125621795654,0.5639516711235047,-0.23975493013858787,1.5973879098892212,-0.13782687485218048,1.8970664739608762
2026-07-17T09:59:47.207+07:00,3684708391017,3.922632183,1784257187207005634,right,,,,,,0.08362964540719985,2.8592031002044678,0.6508644819259644,-1.5157943964004517,3.2493093013763423,1.9337618350982675
2026-07-17T09:59:47.268+07:00,3684769395944,3.983637110,1784257187267686150,left,,,,,,3.0326125621795654,0.5639516711235047,-0.23975493013858787,1.5973879098892212,-0.13782687485218048,1.8970664739608762
2026-07-17T09:59:47.277+07:00,3684778959567,3.993200733,1784257187277581292,right,,,,,,0.08362964540719985,2.8592031002044678,0.6508644819259644,-1.5157943964004517,3.2493093013763423,1.9337618350982675
2026-07-17T09:59:47.358+07:00,3684859451805,4.073692971,1784257187332829878,left,,,,,,3.0326125621795654,0.5639516711235047,-0.23975493013858787,1.5973879098892212,-0.13782687485218048,1.8970664739608762
2026-07-17T09:59:47.358+07:00,3684859548322,4.073789488,1784257187350203726,right,,,,,,0.08362964540719985,2.8592031002044678,0.6508644819259644,-1.5157943964004517,3.2493093013763423,1.9337618350982675
2026-07-17T09:59:47.398+07:00,3684899220926,4.113462092,1784257187397506986,left,,,,,,3.0326125621795654,0.5639516711235047,-0.23975493013858787,1.5973879098892212,-0.13782687485218048,1.8970664739608762
2026-07-17T09:59:47.410+07:00,3684911262130,4.125503296,1784257187409963981,right,,,,,,0.08362964540719985,2.8592031002044678,0.6508644819259644,-1.5157943964004517,3.2493093013763423,1.9337618350982675
2026-07-17T09:59:47.464+07:00,3684965281093,4.179522259,1784257187463495244,left,,,,,,3.0326125621795654,0.5639516711235047,-0.23975493013858787,1.5973879098892212,-0.13782687485218048,1.8970664739608762
2026-07-17T09:59:47.472+07:00,3684973216093,4.187457259,1784257187471848650,right,,,,,,0.08362964540719985,2.8592031002044678,0.6508644819259644,-1.5157943964004517,3.2493093013763423,1.9337618350982675
2026-07-17T09:59:47.548+07:00,3685049207910,4.263449076,1784257187529101207,left,,,,,,3.0326125621795654,0.5639516711235047,-0.23975493013858787,1.5973879098892212,-0.13782687485218048,1.8970664739608762
2026-07-17T09:59:47.548+07:00,3685049300491,4.263541657,1784257187543062200,right,,,,,,0.08362964540719985,2.8592031002044678,0.6508644819259644,-1.5157943964004517,3.2493093013763423,1.9337618350982675
2026-07-17T09:59:47.594+07:00,3685095413099,4.309654265,1784257187593844722,left,,,,,,3.0326125621795654,0.5639516711235047,-0.23975493013858787,1.5973879098892212,-0.13782687485218048,1.8970664739608762
2026-07-17T09:59:47.610+07:00,3685111614360,4.325855526,1784257187610314171,right,,,,,,0.08361922182035446,2.8591999988153507,0.6508711348585666,-1.5157980033975895,3.2492994696564206,1.9337649649169193
2026-07-17T09:59:47.674+07:00,3685175496483,4.389737649,1784257187674169297,right,,,,,,0.08278533487272262,2.8589518876859477,0.6514033694667449,-1.5160865631686347,3.2485129320626855,1.9340153504090491
2026-07-17T09:59:47.695+07:00,3685196121400,4.410362566,1784257187694792613,left,,,,,,3.0335946834534715,0.564466374408857,-0.24085798234748831,1.5970323074140345,-0.13689839899631046,1.8964641930237427
2026-07-17T09:59:47.748+07:00,3685249186300,4.463427466,1784257187742577526,right,1,0,0,Pre_Grap1,running,0.08030278394699096,2.8582132401801537,0.6529878762431034,-1.5169456296509325,3.2461713441088325,1.934760768882192
2026-07-17T09:59:47.757+07:00,3685258383377,4.472624543,1784257187757138397,left,1,0,0,Pre_Grap1,running,3.0360984864606015,0.5657785500717659,-0.24367008459091177,1.5961257406077032,-0.1345313586910657,1.8949287484085033
2026-07-17T09:59:47.807+07:00,3685308912104,4.523153270,1784257187807283169,right,1,0,0,Pre_Grap1,running,0.07766214197158813,2.857427554944611,0.6546732858194364,-1.5178594022504408,3.2436806417526585,1.9355536562663014
2026-07-17T09:59:47.825+07:00,3685326722857,4.540964023,1784257187825347195,left,1,0,0,Pre_Grap1,running,3.039170141507607,0.5673883216816146,-0.24711995985031118,1.5950135682450275,-0.1316274835541774,1.893045071382648
2026-07-17T09:59:47.871+07:00,3685372728967,4.586970133,1784257187871376425,right,1,0,0,Pre_Grap1,running,0.07502149999618529,2.8566418697090703,0.6563586953957692,-1.5187731748499491,3.2411899393964845,1.9363465436504106
2026-07-17T09:59:47.891+07:00,3685392354440,4.606595606,1784257187890953366,left,1,0,0,Pre_Grap1,running,3.042625753435488,0.5691993147426943,-0.2510010695171356,1.5937623743370173,-0.1283606240251781,1.890925934728561
2026-07-17T09:59:47.950+07:00,3685451513825,4.665754991,1784257187950228326,right,1,0,0,Pre_Grap1,running,0.07172069752693176,2.8556597631646423,0.6584654573661854,-1.5199153905993348,3.2380765614512668,1.9373376528805473
2026-07-17T09:59:47.952+07:00,3685453451895,4.667693061,1784257187952157430,left,1,0,0,Pre_Grap1,running,3.0456974084824937,0.570809086352543,-0.25445094477653496,1.5926502019743414,-0.1254567488882898,1.8890422577027062
2026-07-17T09:59:48.013+07:00,3685514918489,4.729159655,1784257188013309594,right,1,0,0,Pre_Grap1,running,0.06908005555152893,2.8548740779291006,0.6601508669425183,-1.520829163198843,3.2355858590950928,1.9381305402646565
2026-07-17T09:59:48.017+07:00,3685518214818,4.732455984,1784257188016694535,left,1,0,0,Pre_Grap1,running,3.048769063529499,0.5724188579623917,-0.2579008200359344,1.5915380296116657,-0.12255287375140152,1.8871585806768505
2026-07-17T09:59:48.076+07:00,3685577423011,4.791664177,1784257188075787103,right,1,0,0,Pre_Grap1,running,0.06676949382305145,2.8541866033480017,0.6616256003218097,-1.521628714223413,3.23340649453344,1.9388243167257524
2026-07-17T09:59:48.081+07:00,3685582942363,4.797183529,1784257188081472639,left,1,0,0,Pre_Grap1,running,3.0518407185765044,0.5740286295722403,-0.2613506952953338,1.5904258572489895,-0.11964899861451322,1.885274903650995
2026-07-17T09:59:48.168+07:00,3685669703480,4.883944646,1784257188147722218,left,1,0,0,Pre_Grap1,running,3.0549123736235098,0.575638401182089,-0.2648005705547332,1.5893136848863139,-0.11674512347762495,1.88339122662514
2026-07-17T09:59:48.168+07:00,3685669818931,4.884060097,1784257188152562629,right,1,0,0,Pre_Grap1,running,0.06346869135379792,2.853204496803574,0.6637323622922258,-1.5227709299727985,3.2302931165882227,1.9398154259558886
2026-07-17T09:59:48.215+07:00,3685716525847,4.930767013,1784257188214882835,left,1,0,0,Pre_Grap1,running,3.057984028670515,0.5772481727919377,-0.26825044581413265,1.5882015125236377,-0.11384124834073665,1.8815075495992848
2026-07-17T09:59:48.231+07:00,3685732129493,4.946370659,1784257188230814478,right,1,0,0,Pre_Grap1,running,0.06016788888454438,2.8522223902591475,0.6658391242626419,-1.523913145722184,3.2271797386430054,1.9408065351860253
2026-07-17T09:59:48.281+07:00,3685782538373,4.996779539,1784257188280888770,left,1,0,0,Pre_Grap1,running,3.0614396405983966,0.5790591658530176,-0.272131555480957,1.5869503186156275,-0.11057438881173734,1.8793884129451979
2026-07-17T09:59:48.296+07:00,3685797352130,5.011593296,1784257188296041004,right,1,0,0,Pre_Grap1,running,0.05752724690914154,2.8514367050236054,0.6675245338389749,-1.524826918321692,3.2246890362868315,1.9415994225701345
2026-07-17T09:59:48.347+07:00,3685848946004,5.063187170,1784257188344467010,left,1,0,0,Pre_Grap1,running,3.064511295645402,0.5806689374628663,-0.2755814307403564,1.5858381462529516,-0.10767051367484905,1.8775047359193426
2026-07-17T09:59:48.361+07:00,3685862415285,5.076656451,1784257188361082879,right,1,0,0,Pre_Grap1,running,0.05488660493373871,2.8506510197880637,0.6692099434153078,-1.5257406909212006,3.222198333930657,1.9423923099542442
2026-07-17T09:59:48.421+07:00,3685922445996,5.136687162,1784257188421042168,left,1,0,0,Pre_Grap1,running,3.067966907573283,0.582479930523946,-0.27946254040718077,1.5845869523449412,-0.10440365414584976,1.8753855992652555
2026-07-17T09:59:48.426+07:00,3685927659423,5.141900589,1784257188426330365,right,1,0,0,Pre_Grap1,running,0.05224596295833588,2.849865334552522,0.6708953529916407,-1.5266544635207089,3.219707631574483,1.9431851973383532
2026-07-17T09:59:48.489+07:00,3685990881110,5.205122276,1784257188489248413,left,1,0,0,Pre_Grap1,running,3.0714225195011644,0.5842909235850258,-0.283343650074005,1.583335758436931,-0.10113679461685049,1.8732664626111684
2026-07-17T09:59:48.493+07:00,3685994379749,5.208620915,1784257188492924186,right,1,0,0,Pre_Grap1,running,0.04960532098293306,2.8490796493169803,0.6725807625679737,-1.5275682361202172,3.217216929218309,1.9439780847224626
2026-07-17T09:59:48.554+07:00,3686054998668,5.269239834,1784257188553620445,left,1,0,0,Pre_Grap1,running,3.0744941745481698,0.5859006951948744,-0.2867935253334044,1.5822235860742548,-0.09823291947996221,1.8713827855853131
2026-07-17T09:59:48.564+07:00,3686065253366,5.279494532,1784257188563905480,right,1,0,0,Pre_Grap1,running,0.04663459876060486,2.848195753426995,0.6744768483413482,-1.5285962302946643,3.214414889067614,1.9448700830295855
2026-07-17T09:59:48.634+07:00,3686135067543,5.349308709,1784257188633670617,left,1,0,0,Pre_Grap1,running,3.0783337433569264,0.5879129097071852,-0.2911058694076537,1.5808333706209103,-0.09460307555885189,1.869028189302994
2026-07-17T09:59:48.653+07:00,3686154933174,5.369174340,1784257188653552458,right,1,0,0,Pre_Grap1,running,0.043003716044425974,2.847115436228126,0.6767942865088059,-1.5298526676189883,3.2109901733278736,1.945960303182736
2026-07-17T09:59:48.700+07:00,3686201215754,5.415456920,1784257188699579818,left,1,0,0,Pre_Grap1,running,3.0814053984039322,0.5895226813170339,-0.2945557446670531,1.5797211982582344,-0.09169920042196363,1.8671445122771388
2026-07-17T09:59:48.758+07:00,3686259295758,5.473536924,1784257188718225907,right,1,0,0,Pre_Grap1,running,0.040032993822097795,2.846231540338141,0.6786903722821805,-1.5308806617934352,3.2081881331771784,1.9468523014898587
2026-07-17T09:59:48.779+07:00,3686280550749,5.494791915,1784257188779043555,left,1,0,0,Pre_Grap1,running,3.085244967212689,0.5915348958293447,-0.29886808874130233,1.5783309828048895,-0.0880693565008533,1.8647899159948202
2026-07-17T09:59:48.794+07:00,3686295298949,5.509540115,1784257188793868307,right,1,0,0,Pre_Grap1,running,0.03706227159976961,2.8453476444481565,0.6805864580555552,-1.5319086559678823,3.205386093026482,1.9477442997969816
2026-07-17T09:59:48.847+07:00,3686348413028,5.562654194,1784257188846520172,left,1,0,0,Pre_Grap1,running,3.0883166222596943,0.5931446674391935,-0.30231796400070166,1.5772188104422138,-0.08516548136396504,1.8629062389689646
2026-07-17T09:59:48.859+07:00,3686360359436,5.574600602,1784257188859087594,right,1,0,0,Pre_Grap1,running,0.034421629624366776,2.844561959212615,0.6822718676318881,-1.5328224285673906,3.2028953906703084,1.9485371871810913
2026-07-17T09:59:48.958+07:00,3686459585950,5.673827116,1784257188925089871,left,1,0,0,Pre_Grap1,running,3.0921561910684514,0.5951568819515044,-0.30663030807495095,1.575828594988869,-0.08153563744285472,1.860551642686646
2026-07-17T09:59:48.958+07:00,3686459681598,5.673922764,1784257188923013734,right,1,0,0,Pre_Grap1,running,0.03178098764896395,2.8437762739770736,0.6839572772082209,-1.533736201166899,3.200404688314134,1.9493300745652002
2026-07-17T09:59:48.988+07:00,3686489695110,5.703936276,1784257188988233553,right,1,0,0,Pre_Grap1,running,0.02914034567356112,2.8429905887415314,0.6856426867845539,-1.5346499737664074,3.1979139859579604,1.9501229619493097
2026-07-17T09:59:48.993+07:00,3686494791003,5.709032169,1784257188993671484,left,1,0,0,Pre_Grap1,running,3.0956118029963324,0.5969678750125842,-0.31051141774177526,1.5745774010808586,-0.0782687779138554,1.8584325060325588
2026-07-17T09:59:49.049+07:00,3686550685842,5.764927008,1784257189049185117,right,1,0,0,Pre_Grap1,running,0.026499703698158298,2.8422049035059898,0.6873280963608868,-1.5355637463659155,3.195423283601786,1.9509158493334189
2026-07-17T09:59:49.057+07:00,3686558484283,5.772725449,1784257189057212716,left,1,0,0,Pre_Grap1,running,3.0986834580433373,0.5985776466224328,-0.3139612930011747,1.5734652287181827,-0.07536490277696709,1.8565488290067034
2026-07-17T09:59:49.180+07:00,3686681258245,5.895499411,1784257189147991788,left,1,0,0,Pre_Grap1,running,3.102757635689664,0.6007128133023404,-0.3185371338587479,1.571990067051415,-0.07151326481977982,1.854050360033399
2026-07-17T09:59:49.180+07:00,3686681415109,5.895656275,1784257189113727495,right,1,0,0,Pre_Grap1,running,0.023884407325637676,2.8414267594919225,0.6889973289157934,-1.5364687483264479,3.192956487687078,1.9517011263678652
2026-07-17T09:59:49.180+07:00,3686681829813,5.896070979,1784257189178494179,right,1,0,0,Pre_Grap1,running,0.022159181332625226,2.8409134431834984,0.6900984673650972,-1.5370657486979704,3.191329222618297,1.9522191480979365
2026-07-17T09:59:49.215+07:00,3686716661210,5.930902376,1784257189215196070,left,1,0,0,Pre_Grap1,running,3.104469900318236,0.60161016503795,-0.3204602337150993,1.5713700972408913,-0.06989452749198884,1.8530003223521914
2026-07-17T09:59:49.250+07:00,3686751932005,5.966173171,1784257189250463773,right,1,0,0,Pre_Grap1,running,0.021739600226283073,2.84078860282898,0.6903662681579591,-1.5372109413146973,3.1909334659576416,1.952345132827759
2026-07-17T09:59:49.282+07:00,3686783600396,5.997841562,1784257189282011034,left,1,0,0,Pre_Grap1,running,3.104604482650757,0.6016806960105895,-0.3206113874912262,1.5713213682174683,-0.06976729631423949,1.852917790412903
2026-07-17T09:59:49.349+07:00,3686850351041,6.064592207,1784257189342956344,left,1,0,1,Pre_Grap2,running,3.104635731742859,0.6016787113129557,-0.32060716698836583,1.5713124094366049,-0.06973739851657924,1.8529208464085687
2026-07-17T09:59:49.349+07:00,3686850448163,6.064689329,1784257189322835816,right,1,0,1,Pre_Grap2,running,0.02171039983642101,2.840790377586731,0.6903616858232321,-1.5372217262065113,3.1909063695210356,1.9523422990699137
2026-07-17T09:59:49.398+07:00,3686899840460,6.114081626,1784257189398410181,right,1,0,1,Pre_Grap2,running,0.018206353052973745,2.8410033485168458,0.689811805655987,-1.5385159132242145,3.1876547971283413,1.9520022481284882
2026-07-17T09:59:49.404+07:00,3686905267110,6.119508276,1784257189403980269,left,1,0,1,Pre_Grap2,running,3.1071356591110226,0.6015199355022489,-0.3202695267595373,1.5705957069675438,-0.06734557470376008,1.8531653260618246
2026-07-17T09:59:49.465+07:00,3686966811341,6.181052507,1784257189465205603,right,1,0,1,Pre_Grap2,running,0.011495130183100697,2.8414112470025494,0.688758632401698,-1.540994640834854,3.1814271328437256,1.951350956123542
2026-07-17T09:59:49.470+07:00,3686971015662,6.185256828,1784257189469602760,left,1,0,1,Pre_Grap2,running,3.113588596649169,0.6011100954396509,-0.3193979929162976,1.5687457187138116,-0.06117167946867193,1.8537963891686564
2026-07-17T09:59:49.548+07:00,3687049872240,6.264113406,1784257189533491467,left,1,0,1,Pre_Grap2,running,3.121505033416748,0.6006073053659524,-0.3183287988446016,1.566476160865955,-0.05359757063075153,1.8545705747472485
2026-07-17T09:59:49.548+07:00,3687049966708,6.264207874,1784257189543051618,right,1,0,1,Pre_Grap2,running,0.002248340250849719,2.8419732536120925,0.6873075597680663,-1.5444098565055693,3.172846594762219,1.9504535994910683
2026-07-17T09:59:49.602+07:00,3687103236459,6.317477625,1784257189601562257,left,1,0,1,Pre_Grap2,running,3.130411024780273,0.6000416665330414,-0.31712595551394357,1.5639229082871162,-0.045076698188091055,1.855441533523164
2026-07-17T09:59:49.605+07:00,3687106603961,6.320845127,1784257189605178921,right,1,0,1,Pre_Grap2,running,-0.005149091694951064,2.842422858899728,0.6861467016611609,-1.5471420290421418,3.165982164297014,1.9497357141850893
2026-07-17T09:59:49.670+07:00,3687171061471,6.385302637,1784257189669695430,right,1,0,1,Pre_Grap2,running,-0.012546523640751848,2.8428724641873617,0.6849858435542555,-1.5498742015787137,3.159117733831808,1.94901782887911
2026-07-17T09:59:49.695+07:00,3687196560018,6.410801184,1784257189695285938,left,1,0,1,Pre_Grap2,running,3.14228567993164,0.5992874814224934,-0.3155221644063995,1.5605185715153305,-0.03371553493121044,1.8566028118910516
2026-07-17T09:59:49.758+07:00,3687259194191,6.473435357,1784257189752390029,right,1,0,1,Pre_Grap2,running,-0.021793313573002793,2.8434344707969053,0.6835347709206239,-1.5532894172494294,3.1505371957503012,1.948120472246636
2026-07-17T09:59:49.784+07:00,3687285431352,6.499672518,1784257189783998422,left,1,0,1,Pre_Grap2,running,3.15317078048706,0.598596145071158,-0.3140520225578175,1.557397929474527,-0.02330113527906987,1.8576673170616154
2026-07-17T09:59:49.818+07:00,3687319299410,6.533540576,1784257189817803707,right,1,0,1,Pre_Grap2,running,-0.029190745518803546,2.84388407608454,0.6823739128137186,-1.5560215897860015,3.143672765285096,1.9474025869406568
2026-07-17T09:59:49.850+07:00,3687351682985,6.565924151,1784257189850183503,left,1,0,1,Pre_Grap2,running,3.1610872172546385,0.5980933549974593,-0.31298282848612147,1.5551283716266704,-0.015727026441149452,1.858441502640207
2026-07-17T09:59:49.896+07:00,3687397482281,6.611723447,1784257189896042911,right,1,0,1,Pre_Grap2,running,-0.03843753545105448,2.844446082694083,0.6809228401800868,-1.5594368054567167,3.135092227203589,1.9465052303081831
2026-07-17T09:59:49.948+07:00,3687449075004,6.663316170,1784257189929372827,left,1,0,1,Pre_Grap2,running,3.1709827632141114,0.5974648674053361,-0.3116463358965014,1.5522914243168489,-0.0062593903937489355,1.8594092346134465
2026-07-17T09:59:49.961+07:00,3687462744018,6.676985184,1784257189961497416,right,1,0,1,Pre_Grap2,running,-0.04583496739685524,2.844895687981718,0.6797619820731815,-1.562168977993289,3.128227796738384,1.945787345002204
2026-07-17T09:59:49.995+07:00,3687496470422,6.710711588,1784257189995135128,left,1,0,1,Pre_Grap2,running,3.178899199981689,0.5969620773316375,-0.31057714182480545,1.5500218664689922,0.001314718444171478,1.8601834201920386
2026-07-17T09:59:50.038+07:00,3687539444564,6.753685730,1784257190037943744,right,1,0,1,Pre_Grap2,running,-0.055081757329106244,2.845457694591261,0.6783109094395497,-1.5655841936640043,3.119647258656877,1.9448899883697297
2026-07-17T09:59:50.061+07:00,3687562840181,6.777081347,1784257190061333585,left,1,0,1,Pre_Grap2,running,3.186815636749267,0.5964592872579388,-0.3095079477531094,1.5477523086211353,0.008888827282091892,1.8609576057706303
2026-07-17T09:59:50.104+07:00,3687605127421,6.819368587,1784257190103641623,right,1,0,1,Pre_Grap2,running,-0.06247918927490705,2.845907299878896,0.6771500513326443,-1.5683163662005768,3.112782828191672,1.9441721030637509
2026-07-17T09:59:50.168+07:00,3687669781664,6.884022830,1784257190147152354,left,1,0,1,Pre_Grap2,running,3.1977007373046877,0.5957679509066034,-0.30803780590452734,1.5446316665803324,0.01930322693423247,1.8620221109411936
2026-07-17T09:59:50.171+07:00,3687672015404,6.886256570,1784257190170705047,right,1,0,1,Pre_Grap2,running,-0.06987662122070787,2.8463569051665307,0.675989193225739,-1.5710485387371487,3.1059183977264664,1.9434542177577716
2026-07-17T09:59:50.211+07:00,3687712155229,6.926396395,1784257190210874558,left,1,0,1,Pre_Grap2,running,3.2056171740722657,0.5952651608329047,-0.3069686118328313,1.5423621087324753,0.026877335772152882,1.8627962965197857
2026-07-17T09:59:50.246+07:00,3687747671133,6.961912299,1784257190246404753,right,1,0,1,Pre_Grap2,running,-0.07912341115295889,2.846918911776074,0.6745381205921072,-1.5744637544078643,3.09733785964496,1.9425568611252977
2026-07-17T09:59:50.280+07:00,3687781296989,6.995538155,1784257190280027861,left,1,0,1,Pre_Grap2,running,3.214523165435791,0.5946995219999939,-0.3057657685021733,1.539808856153636,0.035398208214813334,1.8636672552957012
2026-07-17T09:59:50.347+07:00,3687848788208,7.063029374,1784257190342123989,left,1,0,1,Pre_Grap2,running,3.221450047607422,0.5942595806855075,-0.30483022368943924,1.5378229930367613,0.04202555344799371,1.864344667676969
2026-07-17T09:59:50.347+07:00,3687848899830,7.063140996,1784257190318398067,right,1,0,1,Pre_Grap2,running,-0.0874455220919848,2.8474247177246625,0.6732321552218388,-1.5775374485115081,3.089615375371604,1.941749240156071
2026-07-17T09:59:50.389+07:00,3687890847094,7.105088260,1784257190389502947,right,1,0,1,Pre_Grap2,running,-0.09576763303101074,2.8479305236732513,0.6719261898515702,-1.5806111426151517,3.081892891098248,1.9409416191868445
2026-07-17T09:59:50.422+07:00,3687922988126,7.137229292,1784257190421508612,left,1,0,1,Pre_Grap2,running,3.2313455935668944,0.5936310930933844,-0.3034937310998192,1.5349860457269402,0.05149318949539425,1.8653123996502088
2026-07-17T09:59:50.455+07:00,3687956093712,7.170334878,1784257190454711580,right,1,0,1,Pre_Grap2,running,-0.10316506497681154,2.848380128960886,0.6707653317446648,-1.583343315151724,3.0750284606330425,1.9402237338808657
2026-07-17T09:59:50.487+07:00,3687988646434,7.202887600,1784257190487288862,left,1,0,1,Pre_Grap2,running,3.24025158493042,0.5930654542604733,-0.3022908877691612,1.5324327931481012,0.060014061938054704,1.8661833584261243
2026-07-17T09:59:50.548+07:00,3688049260717,7.263501883,1784257190518611539,right,1,0,1,Pre_Grap2,running,-0.11056249692261236,2.8488297342485205,0.6696044736377594,-1.5860754876882965,3.0681640301678366,1.9395058485748864
2026-07-17T09:59:50.551+07:00,3688052122313,7.266363479,1784257190550885399,left,1,0,1,Pre_Grap2,running,3.248168021697998,0.5925626641867747,-0.30122169369746515,1.5301632353002443,0.06758817077597506,1.8669575440047161
2026-07-17T09:59:50.598+07:00,3688099175653,7.313416819,1784257190597887274,right,1,0,1,Pre_Grap2,running,-0.11980928685486335,2.849391740858064,0.6681534010041277,-1.5894907033590113,3.0595834920863303,1.9386084919424125
2026-07-17T09:59:50.632+07:00,3688133410309,7.347651475,1784257190632049506,left,1,0,1,Pre_Grap2,running,3.2580635676574703,0.5919341765946515,-0.2998852011078451,1.5273262879904232,0.07705580682337544,1.8679252759779559
2026-07-17T09:59:50.661+07:00,3688162457716,7.376698882,1784257190661074035,right,1,0,1,Pre_Grap2,running,-0.12720671880066417,2.8498413461456993,0.6669925428972223,-1.5922228758955839,3.052719061621125,1.9378906066364334
2026-07-17T09:59:50.694+07:00,3688195164222,7.409405388,1784257190693707587,left,1,0,1,Pre_Grap2,running,3.264990449829101,0.5914942352801652,-0.29894965629511117,1.525340424873548,0.0836831520565557,1.8686026883592237
2026-07-17T09:59:50.747+07:00,3688248580830,7.462821996,1784257190726198025,right,1,0,1,Pre_Grap2,running,-0.13460415074646498,2.850290951433333,0.665831684790317,-1.5949550484321562,3.045854631155919,1.9371727213304544
2026-07-17T09:59:50.755+07:00,3688256951848,7.471193014,1784257190755591171,left,1,0,1,Pre_Grap2,running,3.2729068865966786,0.5909914452064667,-0.29788046222341513,1.5230708670256916,0.091257260894476,1.8693768739378152
2026-07-17T09:59:50.801+07:00,3688302655061,7.516896227,1784257190800941198,right,1,0,1,Pre_Grap2,running,-0.1429262616854909,2.8507967573819224,0.6645257194200483,-1.5980287425358,3.0381321468825635,1.9363651003612277
2026-07-17T09:59:50.818+07:00,3688319663288,7.533904454,1784257190818248725,left,1,0,1,Pre_Grap2,running,3.280823323364257,0.590488655132768,-0.2968112681517191,1.520801309177835,0.09883136973239627,1.870151059516407
2026-07-17T09:59:50.864+07:00,3688365244744,7.579485910,1784257190863736942,right,1,0,1,Pre_Grap2,running,-0.14908793356235134,2.8511712549476727,0.6635587856513093,-1.60030449860962,3.032414437215477,1.9357671396455263
2026-07-17T09:59:50.883+07:00,3688384582623,7.598823789,1784257190883223539,left,1,0,1,Pre_Grap2,running,3.2874172526678485,0.5900698603772673,-0.295920691958468,1.5189109000912022,0.10514015987135095,1.8707959108709964
2026-07-17T09:59:50.958+07:00,3688459411470,7.673652636,1784257190944156378,left,1,0,1,Pre_Grap2,running,3.290089391325223,0.5899001470539729,-0.2955597928702678,1.5181448264853041,0.10769674809597429,1.8710572318760488
2026-07-17T09:59:50.958+07:00,3688459505628,7.673746794,1784257190924761490,right,1,0,1,Pre_Grap2,running,-0.15158493205596116,2.851323018929304,0.6631669387285561,-1.6012267417283252,3.0300973530359,1.935524817912694
2026-07-17T09:59:50.990+07:00,3688491655577,7.705896743,1784257190990244511,right,1,0,1,Pre_Grap2,running,-0.1516377180814743,2.8513262271881104,0.6631586551666259,-1.6012462377548218,3.030048370361328,1.9355196952819822
2026-07-17T09:59:51.009+07:00,3688510865103,7.725106269,1784257191009497523,left,1,0,1,Pre_Grap2,running,3.2901458740234375,0.589896559715271,-0.29555216431617737,1.5181286334991455,0.10775078833103181,1.8710627555847175
2026-07-17T09:59:51.078+07:00,3688579265324,7.793506490,1784257191077655146,left,1,0,1,Pre_Grap2,running,3.290146881890213,0.5899151599376183,-0.2955905643177032,1.5181307370151331,0.10775258787018407,1.87104288270746
2026-07-17T09:59:51.080+07:00,3688581855466,7.796096632,1784257191080518220,right,1,0,1,Pre_Grap2,running,-0.1516386825076596,2.851315326958296,0.6631873949069975,-1.6012486787792934,3.0300482563139837,1.93553766868138
2026-07-17T09:59:51.188+07:00,3688689362907,7.903604073,1784257191154764364,left,1,0,2,Pre_Grap3,running,3.2902678259032876,0.5921471866192947,-0.30019856450080873,1.518383158933647,0.10796853256845355,1.868658137436586
2026-07-17T09:59:51.188+07:00,3688689465626,7.903706792,1784257191148432535,right,1,0,2,Pre_Grap3,running,-0.15171583660248472,2.8504433085731766,0.6654865741367338,-1.6014439607370399,3.030039132526432,1.9369755406332216
2026-07-17T09:59:51.213+07:00,3688714482962,7.928724128,1784257191212988541,right,1,0,2,Pre_Grap3,running,-0.15194553077255357,2.8478472371694625,0.6723314223098753,-1.6020253313994228,3.0300119702505417,1.941256205261488
2026-07-17T09:59:51.217+07:00,3688718648144,7.932889310,1784257191217390219,left,1,0,2,Pre_Grap3,running,3.290499467278044,0.5964221376143299,-0.3090241646289825,1.5188666170126108,0.10838212663984985,1.8640906879287822
2026-07-17T09:59:51.277+07:00,3688778737808,7.992978974,1784257191276996202,right,1,0,2,Pre_Grap3,running,-0.1521898520736864,2.845085845606938,0.6796121565628052,-1.60264372426778,3.029983078256526,1.9458094664582253
2026-07-17T09:59:51.287+07:00,3688788918107,8.003159273,1784257191287674565,left,1,0,2,Pre_Grap3,running,3.2907867092940775,0.601723200706146,-0.3199681644916534,1.519466119037736,0.10889499527142465,1.8584269182065858
2026-07-17T09:59:51.348+07:00,3688849572538,8.063813704,1784257191343439319,right,1,0,2,Pre_Grap3,running,-0.1524341733748192,2.8423244540444133,0.6868928908157348,-1.603262117136137,3.02995418626251,1.9503627276549622
2026-07-17T09:59:51.352+07:00,3688853279396,8.067520562,1784257191352083173,left,1,0,2,Pre_Grap3,running,3.291042035530552,0.6064352567877604,-0.3296961643695831,1.5199990097267364,0.10935087849949113,1.8533924562313
2026-07-17T09:59:51.409+07:00,3688910864169,8.125105335,1784257191409373328,right,1,0,2,Pre_Grap3,running,-0.15267849467595204,2.8395630624818886,0.6941736250686644,-1.6038805100044944,3.029925294268495,1.9549159888516991
2026-07-17T09:59:51.428+07:00,3688929559235,8.143800401,1784257191428202368,left,1,0,2,Pre_Grap3,running,3.2913292775465854,0.6117363198795768,-0.3406401642322541,1.520598511751862,0.10986374713106592,1.8477286865091034
2026-07-17T09:59:51.478+07:00,3688979313821,8.193554987,1784257191477560829,right,1,0,2,Pre_Grap3,running,-0.1529533561397265,2.8364564969740487,0.7023644511032103,-1.604576201981396,3.029892790775226,1.9600384076980282
2026-07-17T09:59:51.489+07:00,3688990442377,8.204683543,1784257191489076504,left,1,0,2,Pre_Grap3,running,3.29158460378306,0.6164483759611912,-0.3503681641101838,1.521131402440862,0.1103196303591324,1.8426942245338178
2026-07-17T09:59:51.559+07:00,3689060086392,8.274327558,1784257191557935007,left,1,0,2,Pre_Grap3,running,3.2918399300195333,0.6211604320428056,-0.36009616398811345,1.5216642931298625,0.11077551358719888,1.8376597625585325
2026-07-17T09:59:51.559+07:00,3689060206551,8.274447717,1784257191552613143,right,1,0,2,Pre_Grap3,running,-0.1532282176035009,2.8333499314662083,0.7105552771377561,-1.605271893958298,3.0298602872819584,1.9651608265443574
2026-07-17T09:59:51.623+07:00,3689124618414,8.338859580,1784257191623043779,right,1,0,2,Pre_Grap3,running,-0.15350307906727537,2.830243365958369,0.7187461031723021,-1.6059675859352,3.0298277837886904,1.9702832453906869
2026-07-17T09:59:51.647+07:00,3689148219879,8.362461045,1784257191646842924,left,1,0,2,Pre_Grap3,running,3.2922229193742454,0.6282285161652273,-0.374688163805008,1.5224636291633633,0.1114593384292986,1.830108069595604
2026-07-17T09:59:51.703+07:00,3689204137199,8.418378365,1784257191702577855,right,1,0,2,Pre_Grap3,running,-0.15380848069369138,2.8267916265052127,0.7278470209884642,-1.6067405770206464,3.0297916687961712,1.975974821886608
2026-07-17T09:59:51.747+07:00,3689248435807,8.462676973,1784257191724002692,left,1,0,2,Pre_Grap3,running,3.2925101613902785,0.6335295792570435,-0.3856321636676789,1.5230631311884884,0.11197220706087337,1.8244442998734072
2026-07-17T09:59:51.765+07:00,3689266875422,8.481116588,1784257191765419123,right,1,0,2,Pre_Grap3,running,-0.15405280199482424,2.824030234942688,0.7351277552413937,-1.6073589698890036,3.0297627768021544,1.980528083083345
2026-07-17T09:59:51.798+07:00,3689299375427,8.513616593,1784257191798095653,left,1,0,2,Pre_Grap3,running,3.292797403406312,0.6388306423488598,-0.39657616353034986,1.5236626332136138,0.11248507569244817,1.818780530151211
2026-07-17T09:59:51.829+07:00,3689330508312,8.544749478,1784257191829018136,right,1,0,2,Pre_Grap3,running,-0.15426658313331543,2.821614017325479,0.7414983977127073,-1.607900063648816,3.029737496307391,1.9845121866304902
2026-07-17T09:59:51.875+07:00,3689376634239,8.590875405,1784257191875294457,left,1,0,2,Pre_Grap3,running,3.293116561201905,0.6447207124508778,-0.408736163377762,1.5243287465748643,0.11305492972753127,1.8124874526821038
2026-07-17T09:59:51.894+07:00,3689395030833,8.609271999,1784257191893626657,right,1,0,2,Pre_Grap3,running,-0.15454144459708988,2.8185074518176396,0.7496892237472532,-1.6085957556257178,3.0297049928141226,1.9896346054768193
2026-07-17T09:59:51.947+07:00,3689448835851,8.663077017,1784257191940227509,left,1,0,2,Pre_Grap3,running,3.293371887438379,0.6494327685324922,-0.41846416325569175,1.5248616372638644,0.11351081295559774,1.807452990706818
2026-07-17T09:59:51.957+07:00,3689458250207,8.672491373,1784257191956943843,right,1,0,2,Pre_Grap3,running,-0.1547857658982227,2.8157460602551145,0.7569699580001827,-1.6092141484940752,3.0296761008201067,1.9941878666735562
2026-07-17T09:59:52.007+07:00,3689508485039,8.722726205,1784257192006827332,left,1,0,2,Pre_Grap3,running,3.2936591294544124,0.6547338316243085,-0.4294081631183626,1.5254611392889903,0.11402368158717253,1.8017892209846214
2026-07-17T09:59:52.019+07:00,3689520865440,8.735106606,1784257192019526944,right,1,0,2,Pre_Grap3,running,-0.15499954703671392,2.8133298426379056,0.7633406004714962,-1.6097552422538877,3.0296508203253434,1.9981719702207013
2026-07-17T09:59:52.073+07:00,3689574213171,8.788454337,1784257192072399873,left,1,0,2,Pre_Grap3,running,3.293914455690887,0.6594458877059228,-0.4391361629962923,1.5259940299779906,0.11447956481523901,1.7967547590093358
2026-07-17T09:59:52.084+07:00,3689585884009,8.800125175,1784257192084542097,right,1,0,2,Pre_Grap3,running,-0.15524386833784679,2.810568451075381,0.7706213347244258,-1.6103736351222446,3.0296219283313275,2.0027252314174384
2026-07-17T09:59:52.151+07:00,3689652221306,8.866462472,1784257192150813112,left,1,0,2,Pre_Grap3,running,3.29423361348648,0.6653359578079409,-0.4512961628437042,1.5266601433392408,0.1150494188503221,1.7904616815402288
2026-07-17T09:59:52.174+07:00,3689675518969,8.889760135,1784257192174143507,right,1,0,2,Pre_Grap3,running,-0.155610350289546,2.8064263637315943,0.7815424361038203,-1.6113012244247806,3.0295785903403036,2.009555123212544
2026-07-17T09:59:52.217+07:00,3689717971257,8.932212423,1784257192216529201,left,1,0,2,Pre_Grap3,running,3.2944889397229535,0.6700480138895553,-0.4610241627216338,1.5271930340282414,0.11550530207838858,1.7854272195649432
2026-07-17T09:59:52.243+07:00,3689744860255,8.959101421,1784257192243470614,right,1,0,2,Pre_Grap3,running,-0.15585467159067884,2.8036649721690696,0.78882317035675,-1.6119196172931376,3.0295496983462877,2.0141083844092806
2026-07-17T09:59:52.285+07:00,3689786267435,9.000508601,1784257192284586421,left,1,0,2,Pre_Grap3,running,3.294744265959428,0.6747600699711696,-0.4707521625995634,1.5277259247172414,0.11596118530645505,1.7803927575896574
2026-07-17T09:59:52.348+07:00,3689849105633,9.063346799,1784257192304189951,right,1,0,2,Pre_Grap3,running,-0.15609899289181167,2.800903580606545,0.7961039046096796,-1.6125380101614948,3.029520806352272,2.018661645606018
2026-07-17T09:59:52.349+07:00,3689850458185,9.064699351,1784257192349258877,left,1,0,2,Pre_Grap3,running,3.2949995921959023,0.679472126052784,-0.48048016247749303,1.528258815406242,0.11641706853452152,1.7753582956143719
2026-07-17T09:59:52.369+07:00,3689870145354,9.084386520,1784257192368740021,right,1,0,2,Pre_Grap3,running,-0.1563433141929445,2.798142189044021,0.8033846388626092,-1.6131564030298522,3.029491914358256,2.0232149068027545
2026-07-17T09:59:52.429+07:00,3689930872116,9.145113282,1784257192429305511,left,1,0,2,Pre_Grap3,running,3.2953187499914955,0.6853621961548019,-0.492640162324905,1.5289249287674924,0.11698692256960462,1.769065218145265
2026-07-17T09:59:52.432+07:00,3689933910430,9.148151596,1784257192432535400,right,1,0,2,Pre_Grap3,running,-0.15658763549407734,2.7953807974814957,0.810665373115539,-1.6137747958982092,3.02946302236424,2.027768167999492
2026-07-17T09:59:52.495+07:00,3689996195155,9.210436321,1784257192494504843,left,1,0,2,Pre_Grap3,running,3.2955740762279695,0.6900742522364163,-0.5023681622028346,1.5294578194564927,0.1174428057976711,1.764030756169979
2026-07-17T09:59:52.498+07:00,3689999124209,9.213365375,1784257192497691598,right,1,0,2,Pre_Grap3,running,-0.15683195679521017,2.7926194059189715,0.8179461073684688,-1.6143931887665663,3.0294341303702237,2.0323214291962293
2026-07-17T09:59:52.559+07:00,3690060060669,9.274301835,1784257192558539772,right,1,0,2,Pre_Grap3,running,-0.157076278096343,2.789858014356447,0.8252268416213986,-1.6150115816349233,3.0294052383762073,2.036874690392966
2026-07-17T09:59:52.575+07:00,3690076026296,9.290267462,1784257192574750025,left,1,0,2,Pre_Grap3,running,3.2959251498031215,0.696553329348636,-0.5157441620349877,1.5301905441538681,0.11806964523626251,1.7571083709539614
2026-07-17T09:59:52.624+07:00,3690125498499,9.339739665,1784257192624192142,right,1,0,2,Pre_Grap3,running,-0.15732059939747584,2.7870966227939222,0.8325075758743284,-1.6156299745032807,3.0293763463821923,2.0414279515897036
2026-07-17T09:59:52.645+07:00,3690146338362,9.360579528,1784257192645072213,left,1,0,2,Pre_Grap3,running,3.296180476039596,0.7012653854302504,-0.5254721619129173,1.5307234348428687,0.11852552846432896,1.7520739089786759
2026-07-17T09:59:52.748+07:00,3690249622542,9.463863708,1784257192706926475,left,1,0,2,Pre_Grap3,running,3.2964358022760702,0.7059774415118648,-0.535200161790847,1.5312563255318687,0.11898141169239543,1.74703944700339
2026-07-17T09:59:52.748+07:00,3690249713178,9.463954344,1784257192711884267,right,1,0,2,Pre_Grap3,running,-0.15765654118653347,2.7832997093954512,0.8425185854721069,-1.6164802646972718,3.02933661989042,2.047688685735217
2026-07-17T09:59:52.779+07:00,3690280257533,9.494498699,1784257192778731949,right,1,0,2,Pre_Grap3,running,-0.15790086248766633,2.780538317832927,0.8497993197250366,-1.6170986575656292,3.0293077278964042,2.052241946931954
2026-07-17T09:59:52.790+07:00,3690291764362,9.506005528,1784257192790520132,left,1,0,2,Pre_Grap3,running,3.2967549600716626,0.7118675116138828,-0.5473601616382588,1.5319224388931192,0.11955126572747851,1.7407463695342829
2026-07-17T09:59:52.841+07:00,3690342713580,9.556954746,1784257192841220246,right,1,0,2,Pre_Grap3,running,-0.15814518378879916,2.777776926270402,0.8570800539779665,-1.6177170504339864,3.0292788359023883,2.056795208128691
2026-07-17T09:59:52.857+07:00,3690358407394,9.572648560,1784257192857130578,left,1,0,2,Pre_Grap3,running,3.297042202087697,0.717168574705699,-0.5583041615009297,1.5325219409182447,0.12006413435905332,1.7350825998120867
2026-07-17T09:59:52.958+07:00,3690459376817,9.673617983,1784257192932739435,left,1,0,2,Pre_Grap3,running,3.29732944410373,0.7224696377975152,-0.5692481613636005,1.5331214429433702,0.12057700299062811,1.7294188300898905
2026-07-17T09:59:52.958+07:00,3690459464009,9.673705175,1784257192905354536,right,1,0,2,Pre_Grap3,running,-0.15838950508993196,2.7750155347078778,0.8643607882308962,-1.6183354433023434,3.0292499439083724,2.0613484693254285
2026-07-17T09:59:52.969+07:00,3690470444245,9.684685411,1784257192969030846,right,1,0,2,Pre_Grap3,running,-0.15863382639106482,2.772254143145353,0.8716415224838261,-1.6189538361707008,3.0292210519143565,2.0659017305221656
2026-07-17T09:59:52.994+07:00,3690495221591,9.709462757,1784257192993784738,left,1,0,2,Pre_Grap3,running,3.2975847703402046,0.7271816938791295,-0.5789761612415302,1.5336543336323707,0.12103288621869458,1.7243843681146047
2026-07-17T09:59:53.041+07:00,3690542761550,9.757002716,1784257193041111321,right,1,0,2,Pre_Grap3,running,-0.15890868785483925,2.7691475776375127,0.879832348518372,-1.6196495281476027,3.0291885484210885,2.071024149368495
2026-07-17T09:59:53.065+07:00,3690566577502,9.780818668,1784257193065140499,left,1,0,2,Pre_Grap3,running,3.297872012356238,0.7324827569709459,-0.5899201611042013,1.5342538356574957,0.12154575485026936,1.718720598392408
2026-07-17T09:59:53.151+07:00,3690652467896,9.866709062,1784257193106255142,right,1,0,2,Pre_Grap3,running,-0.1591530091559721,2.766386186074988,0.8871130827713017,-1.6202679210159598,3.0291596564270726,2.075577410565232
2026-07-17T09:59:53.155+07:00,3690656382119,9.870623285,1784257193155199427,left,1,0,2,Pre_Grap3,running,3.29822308593139,0.7389618340831657,-0.6032961609363546,1.5349865603548711,0.12217259428886079,1.71179821317639
2026-07-17T09:59:53.180+07:00,3690681698893,9.895940059,1784257193180232731,right,1,0,2,Pre_Grap3,running,-0.15945841078238812,2.7629344466218324,0.8962140005874641,-1.6210409121014064,3.029123541434553,2.0812689870611534
2026-07-17T09:59:53.219+07:00,3690720636051,9.934877217,1784257193219232551,left,1,0,2,Pre_Grap3,running,3.298478412167864,0.7436738901647804,-0.6130241608142846,1.5355194510438717,0.12262847751692726,1.7067637512011045
2026-07-17T09:59:53.259+07:00,3690760814752,9.975055918,1784257193259260509,right,1,0,2,Pre_Grap3,running,-0.15973327224616254,2.759827881113992,0.90440482662201,-1.6217366040783079,3.0290910379412854,2.0863914059074826
2026-07-17T09:59:53.285+07:00,3690786570033,10.000811199,1784257193284876482,left,1,0,2,Pre_Grap3,running,3.2987337384043385,0.7483859462463948,-0.6227521606922143,1.5360523417328718,0.12308436074499376,1.7017292892258187
2026-07-17T09:59:53.348+07:00,3690849198964,10.063440130,1784257193320027102,right,1,0,2,Pre_Grap3,running,-0.15997759354729538,2.7570664895514674,0.9116855608749399,-1.6223549969466653,3.0290621459472695,2.09094466710422
2026-07-17T09:59:53.348+07:00,3690849635973,10.063877139,1784257193348469626,left,1,0,2,Pre_Grap3,running,3.298989064640813,0.7530980023280093,-0.6324801605701442,1.5365852324218723,0.12354024397306024,1.6966948272505329
2026-07-17T09:59:53.404+07:00,3690905365643,10.119606809,1784257193403977067,right,1,0,2,Pre_Grap3,running,-0.160313535336353,2.7532695761529964,0.9216965704727184,-1.6232052871406564,3.0290224194554973,2.097205401249733
2026-07-17T09:59:53.427+07:00,3690928948032,10.143189198,1784257193427455290,left,1,0,2,Pre_Grap3,running,3.299308222436405,0.7589880724300274,-0.6446401604175566,1.537251345783123,0.12411009800814335,1.6904017497814257
2026-07-17T09:59:53.466+07:00,3690967849420,10.182090586,1784257193466303203,right,1,0,2,Pre_Grap3,running,-0.16052135919328683,2.750920689492818,0.9278896869416392,-1.623731302639127,3.028997843433664,2.1010784827172326
2026-07-17T09:59:53.495+07:00,3690996354556,10.210595722,1784257193494943576,left,1,0,2,Pre_Grap3,running,3.2995393873447156,0.7632542302174062,-0.6534476070429863,1.5377338094302706,0.12452284135199695,1.6858436951256395
2026-07-17T09:59:53.548+07:00,3691049439192,10.263680358,1784257193542205288,right,1,0,2,Pre_Grap3,running,-0.16068319963685773,2.7490915209623634,0.9327125053187203,-1.624140931171932,3.0289787051387,2.1040946004620102
2026-07-17T09:59:53.560+07:00,3691061246998,10.275488164,1784257193559848407,left,1,0,2,Pre_Grap3,running,3.29961022104925,0.7645614691163393,-0.6561463906798924,1.5378816462610456,0.12464931444119147,1.6844470129946754
2026-07-17T09:59:53.604+07:00,3691105573106,10.319814272,1784257193603822800,right,1,0,2,Pre_Grap3,running,-0.16069428622722629,2.748966217041015,0.9330428838729858,-1.6241689920425415,3.0289773941040044,2.104301214218139
2026-07-17T09:59:53.647+07:00,3691148014466,10.362255632,1784257193646527422,left,1,0,2,Pre_Grap3,running,3.299610376358032,0.7645643353462218,-0.656152307987213,1.5378819704055786,0.12464959174394608,1.6844439506530762
2026-07-17T09:59:53.665+07:00,3691166040830,10.380281996,1784257193664589208,right,1,0,2,Pre_Grap3,running,-0.16069428622722629,2.748966217041015,0.9330428838729858,-1.6241689920425415,3.0289773941040044,2.104301214218139
2026-07-17T09:59:53.758+07:00,3691259323385,10.473564551,1784257193725258480,left,1,0,3,Pre_Grap4,running,3.2994324973464013,0.7645972744446076,-0.6562178112400768,1.5379045518667291,0.12447368655224067,1.6844055844047492
2026-07-17T09:59:53.758+07:00,3691259413385,10.473654551,1784257193726876734,right,1,0,3,Pre_Grap4,running,-0.16045724430179598,2.7489327116292017,0.933133107652989,-1.624050771193624,3.029182371534278,2.1043491883359167
2026-07-17T09:59:53.790+07:00,3691291831919,10.506073085,1784257193790173936,left,1,0,3,Pre_Grap4,running,3.2982158049068446,0.7648225778775671,-0.6566658534896648,1.5380590090609998,0.12327049504097583,1.684143159266194
2026-07-17T09:59:53.796+07:00,3691297389390,10.511630556,1784257193795965744,right,1,0,3,Pre_Grap4,running,-0.1592127741932869,2.7487568082171827,0.9336067824980054,-1.6234301117368082,3.030258503043215,2.1046010524542487
2026-07-17T09:59:53.855+07:00,3691356725811,10.570966977,1784257193854994578,left,1,0,3,Pre_Grap4,running,3.296438200583457,0.7651517492798724,-0.6573204493546789,1.5382846731379574,0.12151261575879055,1.6837597525434307
2026-07-17T09:59:53.856+07:00,3691357851849,10.572093015,1784257193856438326,right,1,0,3,Pre_Grap4,running,-0.1577586975002289,2.74855127732504,0.9341602385814557,-1.6227049143662076,3.031515887800882,2.104895338144021
2026-07-17T09:59:53.959+07:00,3691460777840,10.675019006,1784257193925092499,left,1,0,3,Pre_Grap4,running,3.2946356931829452,0.7654855321588212,-0.6579842156808008,1.5385134986214435,0.11973010973444129,1.6833709745425587
2026-07-17T09:59:53.959+07:00,3691460867764,10.675108930,1784257193917008149,right,1,0,3,Pre_Grap4,running,-0.15609062460899353,2.748315498489486,0.9347951466944185,-1.6218729898326045,3.0329583216409457,2.105232933804368
2026-07-17T09:59:53.981+07:00,3691482282428,10.696523594,1784257193980863899,right,1,0,3,Pre_Grap4,running,-0.1544225517177582,2.7480797196539317,0.9354300548073812,-1.6210410652990022,3.0344007554810104,2.105570529464715
2026-07-17T09:59:53.992+07:00,3691493061942,10.707303108,1784257193991691160,left,1,0,3,Pre_Grap4,running,3.292607872357368,0.7658610378976386,-0.6587309527976881,1.5387709272903654,0.11772479045704838,1.6829335992915775
2026-07-17T09:59:54.045+07:00,3691546504060,10.760745226,1784257194044732850,right,1,0,3,Pre_Grap4,running,-0.15275447882652285,2.7478439408183783,0.9360649629203439,-1.6202091407653998,3.035843189321075,2.1059081251250618
2026-07-17T09:59:54.058+07:00,3691559189878,10.773431044,1784257194057675114,left,1,0,3,Pre_Grap4,running,3.290805364956855,0.7661948207765877,-0.65939471912381,1.5389997527738517,0.11594228443269915,1.6825448212907057
2026-07-17T09:59:54.150+07:00,3691651110106,10.865351272,1784257194106437419,right,1,0,3,Pre_Grap4,running,-0.15129491504669193,2.747637634337269,0.9366205075191865,-1.6194812067984976,3.0371053189311317,2.1062035213278656
2026-07-17T09:59:54.153+07:00,3691654119412,10.868360578,1784257194152739013,left,1,0,3,Pre_Grap4,running,3.2881016038560866,0.7666954950950111,-0.6603903686129929,1.5393429909990806,0.11326852539617524,1.6819616542893978
2026-07-17T09:59:54.175+07:00,3691676604469,10.890845635,1784257194175300804,right,1,0,3,Pre_Grap4,running,-0.14941833304405214,2.747372383147271,0.9373347791462696,-1.6185452916981948,3.0387280570012036,2.106583316445756
2026-07-17T09:59:54.215+07:00,3691716106483,10.930347649,1784257194214575732,left,1,0,3,Pre_Grap4,running,3.286299096455573,0.76702927797396,-0.6610541349391149,1.5395718164825667,0.11148601937182598,1.6815728762885263
2026-07-17T09:59:54.236+07:00,3691737079261,10.951320427,1784257194235682421,right,1,0,3,Pre_Grap4,running,-0.14775026015281678,2.7471366043117174,0.9379696872592324,-1.6177133671645922,3.0401704908412683,2.1069209121061028
2026-07-17T09:59:54.277+07:00,3691778574881,10.992816047,1784257194277025482,left,1,0,3,Pre_Grap4,running,3.284721902480125,0.7673213379930403,-0.6616349304744716,1.539772038780617,0.10992632660052036,1.681232695537763
2026-07-17T09:59:54.369+07:00,3691869982138,11.084223304,1784257194341358091,left,1,0,3,Pre_Grap4,running,3.282919395079612,0.7676551208719892,-0.6622986968005935,1.5400008642641032,0.1081438205761711,1.6808439175368912
2026-07-17T09:59:54.369+07:00,3691870138834,11.084380000,1784257194305471061,right,1,0,3,Pre_Grap4,running,-0.14608218726158143,2.746900825476163,0.9386045953721953,-1.6168814426309897,3.041612924681333,2.10725850776645
2026-07-17T09:59:54.376+07:00,3691877191290,11.091432456,1784257194375819918,right,1,0,3,Pre_Grap4,running,-0.14420560525894163,2.7466355742861657,0.9393188669992785,-1.6159455275306869,3.043235662751406,2.10763830288434
2026-07-17T09:59:54.408+07:00,3691909543584,11.123784750,1784257194408130808,left,1,0,3,Pre_Grap4,running,3.280891574254036,0.7680306266108067,-0.6630454339174808,1.5402582929330249,0.10613850129877819,1.6804065422859105
2026-07-17T09:59:54.439+07:00,3691939979397,11.154220563,1784257194438471467,right,1,0,3,Pre_Grap4,running,-0.1425375323677063,2.7463997954506123,0.9399537751122412,-1.6151136029970843,3.0446780965914697,2.1079758985446873
2026-07-17T09:59:54.499+07:00,3692000669218,11.214910384,1784257194498953451,left,1,0,3,Pre_Grap4,running,3.2784131265783305,0.7684895780693614,-0.6639581126158984,1.5405729279728184,0.10368755551529794,1.6798719725347113
2026-07-17T09:59:54.503+07:00,3692004638992,11.218880158,1784257194503132818,right,1,0,3,Pre_Grap4,running,-0.14107796858787536,2.7461934889695025,0.9405093197110838,-1.614385669030182,3.0459402262015267,2.1082712947474906
2026-07-17T09:59:54.568+07:00,3692069781870,11.284023036,1784257194566593051,left,1,0,3,Pre_Grap4,running,3.2763853057527537,0.7688650838081791,-0.6647048497327858,1.5408303566417403,0.10168223623790502,1.6794345972837306
2026-07-17T09:59:54.579+07:00,3692080337068,11.294578234,1784257194578969569,right,1,0,3,Pre_Grap4,running,-0.13899287747383118,2.74589876542506,0.9413029548522871,-1.613345763363179,3.0477432685016073,2.1086932893229244
2026-07-17T09:59:54.646+07:00,3692147190398,11.361431564,1784257194645723277,left,1,0,3,Pre_Grap4,running,3.274357484927177,0.7692405895469965,-0.6654515868496728,1.541087785310662,0.09967691696051212,1.6789972220327498
2026-07-17T09:59:54.653+07:00,3692154864375,11.369105541,1784257194653491861,right,1,0,3,Pre_Grap4,running,-0.136907786359787,2.7456040418806182,0.9420965899934907,-1.6123058576961762,3.0495463108016874,2.1091152838983582
2026-07-17T09:59:54.748+07:00,3692249927405,11.464168571,1784257194723191615,left,1,0,3,Pre_Grap4,running,3.272104350676536,0.7696578181456827,-0.6662812947573253,1.5413738171650198,0.09744878443007554,1.67851124953166
2026-07-17T09:59:54.749+07:00,3692250026513,11.464267679,1784257194717381648,right,1,0,3,Pre_Grap4,running,-0.13523971346855168,2.7453682630450644,0.9427314981064534,-1.6114739331625734,3.0509887446417516,2.109452879558705
2026-07-17T09:59:54.782+07:00,3692283107048,11.497348214,1784257194781382916,right,1,0,3,Pre_Grap4,running,-0.13357164057731633,2.745132484209511,0.9433664062194163,-1.610642008628971,3.052431178481816,2.1097904752190524
2026-07-17T09:59:54.789+07:00,3692290555416,11.504796582,1784257194789206069,left,1,0,3,Pre_Grap4,running,3.270301843276023,0.7699916010246315,-0.6669450610834473,1.5416026426485057,0.09566627840572627,1.678122471530788
2026-07-17T09:59:54.846+07:00,3692346981855,11.561223021,1784257194845327576,right,1,0,3,Pre_Grap4,running,-0.131903567686081,2.744896705373957,0.9440013143323791,-1.6098100840953684,3.0538736123218806,2.1101280708793992
2026-07-17T09:59:54.855+07:00,3692356420482,11.570661648,1784257194855059702,left,1,0,3,Pre_Grap4,running,3.2682740224504463,0.7703671067634491,-0.6676917982003345,1.5418600713174275,0.09366095912833335,1.6776850962798069
2026-07-17T09:59:54.948+07:00,3692449463304,11.663704470,1784257194922380501,left,1,0,3,Pre_Grap4,running,3.266471515049934,0.7707008896423981,-0.6683555645264564,1.5420888968009137,0.0918784531039841,1.6772963182789353
2026-07-17T09:59:54.948+07:00,3692449622187,11.663863353,1784257194909737629,right,1,0,3,Pre_Grap4,running,-0.13023549479484564,2.7446609265384034,0.9446362224453418,-1.608978159561766,3.0553160461619444,2.110465666539746
2026-07-17T09:59:54.975+07:00,3692476085394,11.690326560,1784257194974366352,right,1,0,3,Pre_Grap4,running,-0.1285674219036103,2.7444251477028496,0.9452711305583047,-1.6081462350281635,3.05675848000201,2.110803262200093
2026-07-17T09:59:54.988+07:00,3692489736385,11.703977551,1784257194988383383,left,1,0,3,Pre_Grap4,running,3.264669007649421,0.7710346725213469,-0.6690193308525785,1.5423177222843998,0.09009594707963484,1.6769075402780633
2026-07-17T09:59:55.041+07:00,3692542527847,11.756769013,1784257195040776779,right,1,0,3,Pre_Grap4,running,-0.12689934901237493,2.7441893688672963,0.9459060386712674,-1.6073143104945609,3.0582009138420743,2.1111408578604403
2026-07-17T09:59:55.055+07:00,3692556857595,11.771098761,1784257195055495042,left,1,0,3,Pre_Grap4,running,3.2626411868238443,0.7714101782601643,-0.6697660679694656,1.5425751509533219,0.08809062780224194,1.6764701650270828
2026-07-17T09:59:55.151+07:00,3692652242823,11.866483989,1784257195126034670,left,1,0,3,Pre_Grap4,running,3.2606133659982675,0.771785683998982,-0.6705128050863527,1.5428325796222433,0.08608530852484905,1.6760327897761016
2026-07-17T09:59:55.151+07:00,3692652342132,11.866583298,1784257195106176286,right,1,0,3,Pre_Grap4,running,-0.1252312761211396,2.743953590031742,0.9465409467842302,-1.6064823859609583,3.0596433476821385,2.111478453520787
2026-07-17T09:59:55.187+07:00,3692688290130,11.902531296,1784257195186854247,right,1,0,3,Pre_Grap4,running,-0.12314928672671874,2.7436593049092926,0.947333401337365,-1.6054440272267447,3.061443707830035,2.1118998203496218
2026-07-17T09:59:55.190+07:00,3692691370625,11.905611791,1784257195190131542,left,1,0,3,Pre_Grap4,running,3.2588280370915594,0.7721162858163072,-0.6711702454990732,1.5430592243229215,0.08431979037455083,1.675647716958619
2026-07-17T09:59:55.250+07:00,3692750989615,11.965230781,1784257195249205832,right,1,0,3,Pre_Grap4,running,-0.12195319582335497,2.7434902398031493,0.9477886619092363,-1.6048474961206072,3.062478004355008,2.1121418931633924
2026-07-17T09:59:55.256+07:00,3692757096719,11.971337885,1784257195255718743,left,1,0,3,Pre_Grap4,running,3.257649607782228,0.7723345037983219,-0.6716041975000621,1.543208824072906,0.08315443740981077,1.6753935446922967
2026-07-17T09:59:55.349+07:00,3692850875608,12.065116774,1784257195324967364,left,1,0,3,Pre_Grap4,running,3.2573640346527095,0.7723873853683472,-0.6717093586921691,1.5432450771331787,0.08287203311920167,1.675331950187683
2026-07-17T09:59:55.349+07:00,3692850965950,12.065207116,1784257195310162513,right,1,0,3,Pre_Grap4,running,-0.12159883230924606,2.7434401512146,0.9479235410690308,-1.604670763015747,3.0627844333648677,2.1122136116027828
2026-07-17T09:59:55.374+07:00,3692875391825,12.089632991,1784257195373906658,right,1,0,3,Pre_Grap4,running,-0.12159883230924606,2.7434401512146,0.9479235410690308,-1.604670763015747,3.0627844333648677,2.1122136116027828
2026-07-17T09:59:55.387+07:00,3692888331115,12.102572281,1784257195386959425,left,1,0,3,Pre_Grap4,running,3.2573640346527095,0.7723873853683472,-0.6717093586921691,1.5432450771331787,0.08287203311920167,1.675331950187683
2026-07-17T09:59:55.446+07:00,3692947941362,12.162182528,1784257195446469143,right,1,0,3,Pre_Grap4,running,-0.12159384181785582,2.7434396784731963,0.9479248204181777,-1.6046681934556044,3.0627887020514986,2.1122143066005084
2026-07-17T09:59:55.451+07:00,3692952124964,12.166366130,1784257195450868844,left,1,0,3,Pre_Grap4,running,3.257343401250839,0.772389775736277,-0.6717141059390257,1.543247318487092,0.08285156414321544,1.675329024999574
2026-07-17T09:59:55.549+07:00,3693050285037,12.264526203,1784257195525422378,left,1,0,4,Pre_Lift,running,3.2567398742461195,0.7724596939982219,-0.671852962909581,1.5433128780890548,0.08225284659561824,1.6752434632473834
2026-07-17T09:59:55.549+07:00,3693050372980,12.264614146,1784257195522833004,right,1,0,4,Pre_Lift,running,-0.12109978317022324,2.743392877074187,0.9480514759837197,-1.6044138070014557,3.0632113020279754,2.112283111375336
2026-07-17T09:59:55.592+07:00,3693093094566,12.307335732,1784257195591347445,left,1,0,4,Pre_Lift,running,3.2553909655809394,0.7726159643037005,-0.6721633141769446,1.5434594066030767,0.08091468727277963,1.6750522290722165
2026-07-17T09:59:55.606+07:00,3693107530092,12.321771258,1784257195606192419,right,1,0,4,Pre_Lift,running,-0.11953193712949751,2.7432443574834697,0.9484534048395811,-1.6036065368588077,3.064552381074167,2.1125014564934994
2026-07-17T09:59:55.664+07:00,3693165620053,12.379861219,1784257195664227242,left,1,0,4,Pre_Lift,running,3.253920835661887,0.7727862780228376,-0.6725015555237047,1.5436191030732813,0.07945627269828301,1.674843809414374
2026-07-17T09:59:55.681+07:00,3693182362518,12.396603684,1784257195681108437,right,1,0,4,Pre_Lift,running,-0.11810964709043503,2.7431096261839696,0.9488180193446115,-1.60287421222176,3.065768956757905,2.112699530844281
2026-07-17T09:59:55.759+07:00,3693260586888,12.474828054,1784257195727567058,left,1,0,4,Pre_Lift,running,3.2526140535116186,0.7729376679954042,-0.6728022144986027,1.5437610554912407,0.07815990418761937,1.6746585474962918
2026-07-17T09:59:55.759+07:00,3693260732500,12.474973666,1784257195758611161,right,1,0,4,Pre_Lift,running,-0.11652932482481002,2.7429599247400804,0.9492231465724231,-1.6020605181805962,3.0671207075176152,2.1129196134562602
2026-07-17T09:59:55.791+07:00,3693292273291,12.506514457,1784257195790750071,left,1,0,4,Pre_Lift,running,3.2513072713613504,0.7730890579679706,-0.6731028734735006,1.5439030079092002,0.07686353567695571,1.6744732855782094
2026-07-17T09:59:55.835+07:00,3693336321816,12.550562982,1784257195834526320,right,1,0,4,Pre_Lift,running,-0.1151070347857475,2.7428251934405803,0.9495877610774536,-1.6013281935435484,3.068337283201355,2.1131176878070415
2026-07-17T09:59:55.852+07:00,3693353957083,12.568198249,1784257195852644628,left,1,0,4,Pre_Lift,running,3.250163836979865,0.7732215241939664,-0.6733659500765363,1.544027216274915,0.075729213230125,1.6743111813998874
2026-07-17T09:59:55.948+07:00,3693449351091,12.663592257,1784257195922185716,left,1,0,4,Pre_Lift,running,3.2486937070608133,0.7733918379131036,-0.6737041914232964,1.5441869127451193,0.0742707986556284,1.6741027617420448
2026-07-17T09:59:55.948+07:00,3693449450078,12.663691244,1784257195913785813,right,1,0,4,Pre_Lift,running,-0.1135267125201225,2.7426754919966916,0.9499928883052652,-1.6005144995023843,3.069689033961065,2.1133377704190206
2026-07-17T09:59:55.979+07:00,3693480712784,12.694953950,1784257195979046657,right,1,0,4,Pre_Lift,running,-0.1122624547076225,2.74255573084158,0.9503169900875146,-1.5998635442694533,3.070770434568833,2.113513836508604
2026-07-17T09:59:55.994+07:00,3693495380091,12.709621257,1784257195993987138,left,1,0,4,Pre_Lift,running,3.247223577141761,0.773562151632241,-0.6740424327700567,1.5443466092153242,0.07281238408113179,1.673894342084202
2026-07-17T09:59:56.043+07:00,3693544876224,12.759117390,1784257196043228995,right,1,0,4,Pre_Lift,running,-0.11084016466856002,2.7424209995420794,0.9506816045925449,-1.5991312196324055,3.0719870102525717,2.1137119108593856
2026-07-17T09:59:56.062+07:00,3693563779783,12.778020949,1784257196062307477,left,1,0,4,Pre_Lift,running,3.245753447222709,0.7737324653513783,-0.6743806741168168,1.5445063056855284,0.07135396950663518,1.6736859224263596
2026-07-17T09:59:56.149+07:00,3693650668335,12.864909501,1784257196107582543,right,1,0,4,Pre_Lift,running,-0.10957590685606,2.7423012383869687,0.9510057063747943,-1.5984802643994744,3.0730684108603397,2.1138879769489685
2026-07-17T09:59:56.152+07:00,3693653655703,12.867896869,1784257196152318878,left,1,0,4,Pre_Lift,running,3.24395662176609,0.773940626563657,-0.6747940802073015,1.5447014902602227,0.06957146280447266,1.6734311872889962
2026-07-17T09:59:56.176+07:00,3693677020449,12.891261615,1784257196175494670,right,1,0,4,Pre_Lift,running,-0.10831164904356001,2.7421814772318576,0.9513298081570434,-1.597829309166543,3.0741498114681076,2.114064043038552
2026-07-17T09:59:56.214+07:00,3693715549868,12.929791034,1784257196213996294,left,1,0,4,Pre_Lift,running,3.2426498396158205,0.7740920165362236,-0.6750947391821994,1.5448434426781823,0.06827509429380901,1.6732459253709142
2026-07-17T09:59:56.236+07:00,3693737363889,12.951605055,1784257196236059862,right,1,0,4,Pre_Lift,running,-0.10704739123106,2.742061716076746,0.9516539099392928,-1.597178353933612,3.0752312120758756,2.1142401091281355
2026-07-17T09:59:56.280+07:00,3693781654021,12.995895187,1784257196280315023,left,1,0,4,Pre_Lift,running,3.241343057465553,0.77424340650879,-0.6753953981570973,1.544985395096142,0.06697872578314536,1.6730606634528316
2026-07-17T09:59:56.348+07:00,3693849501710,13.063742876,1784257196306532882,right,1,0,4,Pre_Lift,running,-0.10578313341856001,2.741941954921635,0.9519780117215421,-1.5965273987006807,3.076312612683644,2.114416175217719
2026-07-17T09:59:56.349+07:00,3693850953180,13.065194346,1784257196349677557,left,1,0,4,Pre_Lift,running,3.240036275315284,0.7743947964813563,-0.6756960571319953,1.5451273475141016,0.0656823572724817,1.6728754015347496
2026-07-17T09:59:56.367+07:00,3693868701561,13.082942727,1784257196367495276,right,1,0,4,Pre_Lift,running,-0.10451887560605999,2.7418221937665237,0.9523021135037912,-1.5958764434677495,3.077394013291412,2.114592241307302
2026-07-17T09:59:56.415+07:00,3693916261315,13.130502481,1784257196414948834,left,1,0,4,Pre_Lift,running,3.238566145396232,0.7745651102004937,-0.6760342984787554,1.5452870439843063,0.0642239426979851,1.6726669818769069
2026-07-17T09:59:56.428+07:00,3693929898914,13.144140080,1784257196428565115,right,1,0,4,Pre_Lift,running,-0.10325461779356,2.7417024326114126,0.9526262152860405,-1.5952254882348185,3.07847541389918,2.1147683073968855
2026-07-17T09:59:56.481+07:00,3693982057472,13.196298638,1784257196480429142,left,1,0,4,Pre_Lift,running,3.237259363245963,0.7747165001730603,-0.6763349574536532,1.5454289964022656,0.06292757418732146,1.6724817199588244
2026-07-17T09:59:56.488+07:00,3693989042002,13.203283168,1784257196487842846,right,1,0,4,Pre_Lift,running,-0.10214839220762252,2.74159764160069,0.9529098043455086,-1.5946559024060036,3.0794216394309775,2.114922365225271
2026-07-17T09:59:56.549+07:00,3694050425146,13.264666312,1784257196549243182,left,1,0,4,Pre_Lift,running,3.235789233326911,0.7748868138921975,-0.6766731988004134,1.5455886928724702,0.06146915961282488,1.672273300300982
2026-07-17T09:59:56.549+07:00,3694050547637,13.264788803,1784257196549182932,right,1,0,4,Pre_Lift,running,-0.10088413439512253,2.7414778804455793,0.9532339061277579,-1.5940049471730722,3.0805030400387445,2.1150984313148546
2026-07-17T09:59:56.611+07:00,3694112414063,13.326655229,1784257196610631419,left,1,0,4,Pre_Lift,running,3.2346457989454263,0.7750192801181931,-0.6769362754034491,1.5457129012381847,0.060334837165994186,1.6721111961226598
2026-07-17T09:59:56.611+07:00,3694112784197,13.327025363,1784257196610698266,right,1,0,4,Pre_Lift,running,-0.09977790880918505,2.7413730894348567,0.9535174951872261,-1.5934353613442573,3.081449265570542,2.11525248914324
2026-07-17T09:59:56.676+07:00,3694177479726,13.391720892,1784257196676008299,right,1,0,4,Pre_Lift,running,-0.09835561877012257,2.7412383581353565,0.9538821096922566,-1.59270303670721,3.082665841254281,2.1154505634940213
2026-07-17T09:59:56.677+07:00,3694178724261,13.392965427,1784257196677443449,left,1,0,4,Pre_Lift,running,3.233175669026374,0.7751895938373304,-0.6772745167502093,1.5458725977083891,0.05887642259149759,1.6719027764648173
2026-07-17T09:59:56.748+07:00,3694249921388,13.464162554,1784257196741852931,left,1,0,4,Pre_Lift,running,3.231868886876105,0.775340983809897,-0.6775751757251073,1.5460145501263487,0.057580054080833956,1.671717514546735
2026-07-17T09:59:56.749+07:00,3694250082882,13.464324048,1784257196743572952,right,1,0,4,Pre_Lift,running,-0.09709136095762258,2.741118596980245,0.9542062114745058,-1.5920520814742787,3.083747241862049,2.1156266295836046
2026-07-17T09:59:56.812+07:00,3694313818800,13.528059966,1784257196812081564,right,1,0,4,Pre_Lift,running,-0.0956690709185601,2.740983865680745,0.9545708259795364,-1.591319756837231,3.084963817545788,2.115824703934386
2026-07-17T09:59:56.813+07:00,3694314565948,13.528807114,1784257196812561246,left,1,0,4,Pre_Lift,running,3.2305621047258373,0.7754923737824633,-0.6778758347000052,1.5461565025443085,0.056283685570170314,1.6715322526286527
2026-07-17T09:59:56.877+07:00,3694378614555,13.592855721,1784257196876885693,right,1,0,4,Pre_Lift,running,-0.09440481310606011,2.7408641045256337,0.9548949277617855,-1.5906688016042996,3.086045218153556,2.116000770023969
2026-07-17T09:59:56.887+07:00,3694388773702,13.603014868,1784257196887425339,left,1,0,4,Pre_Lift,running,3.2289286270380013,0.7756816112481714,-0.6782516584186276,1.546333943066758,0.05466322493184077,1.6713006752310495
2026-07-17T09:59:56.948+07:00,3694449935827,13.664176993,1784257196948632485,right,1,0,4,Pre_Lift,running,-0.09299457710492542,2.740730515086197,0.9552564521255986,-1.589942683485408,3.0872514832473086,2.1161971656765446
2026-07-17T09:59:56.949+07:00,3694450772234,13.665013400,1784257196949505791,left,1,0,4,Pre_Lift,running,3.2276546702506135,0.7758291984210248,-0.6785447650712411,1.5464723297491199,0.053399420201437724,1.671120066949909
2026-07-17T09:59:57.015+07:00,3694516101790,13.730342956,1784257197014285146,left,1,0,4,Pre_Lift,running,3.2268830683352103,0.7759185880662547,-0.6787222920147081,1.5465561469007174,0.0526339671183118,1.6710106772931754
2026-07-17T09:59:57.015+07:00,3694516509669,13.730750835,1784257197014422280,right,1,0,4,Pre_Lift,running,-0.09216806789230539,2.740652221167793,0.9554683338369135,-1.5895171211580874,3.0879584494657624,2.116312268975596
2026-07-17T09:59:57.077+07:00,3694578890457,13.793131623,1784257197077023557,right,1,0,4,Pre_Lift,running,-0.09196779131889343,2.7406332492828374,0.9555196762084961,-1.5894140005111694,3.088129758834839,2.1163401603698726
2026-07-17T09:59:57.080+07:00,3694581324416,13.795565582,1784257197079777403,left,1,0,4,Pre_Lift,running,3.2267363071441646,0.7759355902671814,-0.678756058216095,1.5465720891952515,0.05248837545514107,1.6709898710250854
2026-07-17T09:59:57.150+07:00,3694651478285,13.865719451,1784257197150236316,left,1,0,4,Pre_Lift,delay,3.2267363071441646,0.7759355902671814,-0.678756058216095,1.5465720891952515,0.05248837545514107,1.6709898710250854
2026-07-17T09:59:57.179+07:00,3694680788254,13.895029420,1784257197179419302,right,1,0,4,Pre_Lift,delay,-0.09196779131889343,2.7406332492828374,0.9555196762084961,-1.5894140005111694,3.088129758834839,2.1163401603698726
2026-07-17T09:59:57.211+07:00,3694712390131,13.926631297,1784257197211106229,left,1,0,4,Pre_Lift,delay,3.2267363071441646,0.7759355902671814,-0.678756058216095,1.5465720891952515,0.05248837545514107,1.6709898710250854
2026-07-17T09:59:57.260+07:00,3694761950847,13.976192013,1784257197260380663,right,1,0,4,Pre_Lift,delay,-0.09196779131889343,2.7406332492828374,0.9555196762084961,-1.5894140005111694,3.088129758834839,2.1163401603698726
2026-07-17T09:59:57.279+07:00,3694780903438,13.995144604,1784257197279388761,left,1,0,4,Pre_Lift,delay,3.2267363071441646,0.7759355902671814,-0.678756058216095,1.5465720891952515,0.05248837545514107,1.6709898710250854
2026-07-17T09:59:57.358+07:00,3694859737417,14.073978583,1784257197349703077,left,1,0,4,Pre_Lift,delay,3.2267363071441646,0.7759355902671814,-0.678756058216095,1.5465720891952515,0.05248837545514107,1.6709898710250854
2026-07-17T09:59:57.358+07:00,3694859829837,14.074071003,1784257197325080140,right,1,0,4,Pre_Lift,delay,-0.09196779131889343,2.7406332492828374,0.9555196762084961,-1.5894140005111694,3.088129758834839,2.1163401603698726
2026-07-17T09:59:57.392+07:00,3694893311260,14.107552426,1784257197391787753,right,1,0,4,Pre_Lift,delay,-0.09196779131889343,2.7406332492828374,0.9555196762084961,-1.5894140005111694,3.088129758834839,2.1163401603698726
2026-07-17T09:59:57.415+07:00,3694915989769,14.130230935,1784257197414638975,left,1,0,4,Pre_Lift,delay,3.2267363071441646,0.7759355902671814,-0.678756058216095,1.5465720891952515,0.05248837545514107,1.6709898710250854
2026-07-17T09:59:57.455+07:00,3694956418550,14.170659716,1784257197454892521,right,1,0,4,Pre_Lift,delay,-0.09196779131889343,2.7406332492828374,0.9555196762084961,-1.5894140005111694,3.088129758834839,2.1163401603698726
2026-07-17T09:59:57.480+07:00,3694981159252,14.195400418,1784257197479793095,left,1,0,4,Pre_Lift,delay,3.2267363071441646,0.7759355902671814,-0.678756058216095,1.5465720891952515,0.05248837545514107,1.6709898710250854
2026-07-17T09:59:57.548+07:00,3695049905142,14.264146308,1784257197546360515,left,1,0,4,Pre_Lift,delay,3.2267363071441646,0.7759355902671814,-0.678756058216095,1.5465720891952515,0.05248837545514107,1.6709898710250854
2026-07-17T09:59:57.549+07:00,3695049998800,14.264239966,1784257197515383842,right,1,0,4,Pre_Lift,delay,-0.09196779131889343,2.7406332492828374,0.9555196762084961,-1.5894140005111694,3.088129758834839,2.1163401603698726
2026-07-17T09:59:57.581+07:00,3695082168709,14.296409875,1784257197580614477,right,1,0,4,Pre_Lift,delay,-0.09196779131889343,2.7406332492828374,0.9555196762084961,-1.5894140005111694,3.088129758834839,2.1163401603698726
2026-07-17T09:59:57.611+07:00,3695112567005,14.326808171,1784257197610992179,left,1,0,4,Pre_Lift,delay,3.2267363071441646,0.7759355902671814,-0.678756058216095,1.5465720891952515,0.05248837545514107,1.6709898710250854
2026-07-17T09:59:57.681+07:00,3695182445636,14.396686802,1784257197680942902,right,1,0,4,Pre_Lift,delay,-0.09139426568412781,2.74068240478685,0.9553891447610129,-1.5891218763730346,3.0886246341844235,2.1162782065380266
2026-07-17T09:59:57.698+07:00,3695199865545,14.414106711,1784257197698510449,left,1,0,4,Pre_Lift,delay,3.22612190711975,0.7758375378194201,-0.6785605713666895,1.5466501601741227,0.05187740307468096,1.6710804582340884
2026-07-17T09:59:57.748+07:00,3695249294191,14.463535357,1784257197746756077,right,1,0,5,Lift,running,-0.08590992680168151,2.7411524542939754,0.9541409377944535,-1.5863284393021182,3.093356879714825,2.1156857730209992
2026-07-17T09:59:57.768+07:00,3695269606670,14.483847836,1784257197768315905,left,1,0,5,Lift,running,3.2202467068862908,0.7748999112877015,-0.6766912283692494,1.5473967139095761,0.04603497968653124,1.6719466984201774
2026-07-17T09:59:57.807+07:00,3695308714370,14.522955536,1784257197807331556,right,1,0,5,Lift,running,-0.07825694442749022,2.741808373023677,0.952399158863725,-1.5824304079941771,3.099960372389289,2.1148590766113005
2026-07-17T09:59:57.844+07:00,3695345088178,14.559329344,1784257197843779988,left,1,0,5,Lift,running,3.209616306877135,0.7732033997314484,-0.6733088987417537,1.5487475044394043,0.03546388505639888,1.6735140457983464
2026-07-17T09:59:57.877+07:00,3695378735528,14.592976694,1784257197877238808,right,1,0,5,Lift,running,-0.06804101968765257,2.742683955384964,0.9500740675986821,-1.577226947104243,3.108775339010654,2.1137555240495356
2026-07-17T09:59:57.948+07:00,3695449198556,14.663439722,1784257197922763026,left,1,0,5,Lift,running,3.1974563070297233,0.7712627784709688,-0.6694398883828937,1.5502926591487705,0.023371723992028644,1.6753069175494533
2026-07-17T09:59:57.948+07:00,3695449325624,14.663566790,1784257197942626860,right,1,0,5,Lift,running,-0.05896019769668577,2.7434622508172195,0.9480073198075328,-1.5726016485354128,3.116610864896311,2.112774588439078
2026-07-17T09:59:57.984+07:00,3695485518781,14.699759947,1784257197983725430,left,1,0,5,Lift,running,3.1877283071517937,0.769710281462585,-0.6663446800958057,1.5515287829162638,0.013697995140532444,1.6767412149503387
2026-07-17T09:59:58.004+07:00,3695505953457,14.720194623,1784257198004556452,right,1,0,5,Lift,running,-0.049879375705718994,2.7442405462494746,0.9459405720163837,-1.5679763499665822,3.1244463907819693,2.1117936528286205
2026-07-17T09:59:58.053+07:00,3695554755748,14.768996914,1784257198052930180,left,1,0,5,Lift,running,3.178000307273864,0.7681577844542014,-0.6632494718087177,1.5527649066837572,0.004024266289036232,1.6781755123512239
2026-07-17T09:59:58.069+07:00,3695570328199,14.784569365,1784257198068759275,right,1,0,5,Lift,running,-0.04079855371475222,2.7450188416817296,0.9438738242252345,-1.5633510513977518,3.1322819166676275,2.1108127172181628
2026-07-17T09:59:58.149+07:00,3695650208611,14.864449777,1784257198127475546,left,1,0,5,Lift,running,3.1658403074264516,0.7662171631937216,-0.6593804614498578,1.5543100613931238,-0.008067894775334034,1.6799683841023307
2026-07-17T09:59:58.157+07:00,3695658875147,14.873116313,1784257198157550435,right,1,0,5,Lift,running,-0.02831242347717291,2.7460889979010803,0.9410320460124044,-1.5569912658656104,3.1430557647604065,2.1094639307537837
2026-07-17T09:59:58.221+07:00,3695722912081,14.937153247,1784257198221354234,left,1,0,5,Lift,running,3.151248307609557,0.763888417681146,-0.6547376490192259,1.5561642470443637,-0.022578488052578352,1.6821198302036586
2026-07-17T09:59:58.236+07:00,3695737860661,14.952101827,1784257198236625409,right,1,0,5,Lift,running,-0.016961395988464426,2.747061867191399,0.9384486112734679,-1.5512096426545725,3.1528501721174784,2.1082377612407117
2026-07-17T09:59:58.285+07:00,3695786731345,15.000972511,1784257198285078087,left,1,0,5,Lift,running,3.141520307731627,0.7623359206727623,-0.6516424407321378,1.5574003708118567,-0.032252216904074565,1.6835541276045443
2026-07-17T09:59:58.301+07:00,3695802896090,15.017137256,1784257198301690405,right,1,0,5,Lift,running,-0.007880573997497652,2.747840162623654,0.9363818634823187,-1.5465843440857425,3.1606856980031366,2.1072568256302544
2026-07-17T09:59:58.349+07:00,3695850938072,15.065179238,1784257198349506115,left,1,0,5,Lift,running,3.131792307853698,0.7607834236643783,-0.64854723244505,1.55863649457935,-0.04192594575557078,1.6849884250054294
2026-07-17T09:59:58.368+07:00,3695869808521,15.084049687,1784257198368435806,right,1,0,5,Lift,running,0.0012002479934691208,2.748618458055909,0.9343151156911694,-1.5419590455169123,3.1685212238887948,2.1062758900197966
2026-07-17T09:59:58.417+07:00,3695918491971,15.132733137,1784257198417122452,left,1,0,5,Lift,running,3.122064307975768,0.7592309266559947,-0.645452024157962,1.5598726183468434,-0.051599674607067006,1.6864227224063149
2026-07-17T09:59:58.432+07:00,3695933559226,15.147800392,1784257198432096233,right,1,0,5,Lift,running,0.01028106998443591,2.7493967534881643,0.9322483679000203,-1.537333746948082,3.176356749774452,2.105294954409339
2026-07-17T09:59:58.487+07:00,3695988675460,15.202916626,1784257198486972937,left,1,0,5,Lift,running,3.111120308113097,0.7574843675215631,-0.641969914834988,1.5612632575852732,-0.06248261956500023,1.688036306982311
2026-07-17T09:59:58.499+07:00,3696000509297,15.214750463,1784257198499140435,right,1,0,5,Lift,running,0.020496994724273528,2.7502723358494516,0.9299232766349774,-1.532130286058148,3.185171716395817,2.1041914018475745
2026-07-17T09:59:58.552+07:00,3696053462700,15.267703866,1784257198552086097,left,1,0,5,Lift,running,3.1013923082351678,0.7559318705131793,-0.6388747065479,1.5624993813527666,-0.07215634841649646,1.6894706043831964
2026-07-17T09:59:58.564+07:00,3696065091396,15.279332562,1784257198563705384,right,1,0,5,Lift,running,0.029577816715240287,2.7510506312817062,0.9278565288438282,-1.5275049874893176,3.1930072422814746,2.103210466237117
2026-07-17T09:59:58.618+07:00,3696119824148,15.334065314,1784257198618261107,left,1,0,5,Lift,running,3.0916643083572377,0.7543793735047954,-0.6357794982608121,1.5637355051202595,-0.08183007726799267,1.6909049017840816
2026-07-17T09:59:58.628+07:00,3696129281973,15.343523139,1784257198627893490,right,1,0,5,Lift,running,0.03865863870620706,2.7518289267139617,0.9257897810526792,-1.5228796889204874,3.2008427681671323,2.1022295306266594
2026-07-17T09:59:58.685+07:00,3696186452458,15.400693624,1784257198685013197,left,1,0,5,Lift,running,3.0807203084945667,0.7526328143703639,-0.6322973889378382,1.5651261443586892,-0.09271302222592583,1.6925184863600777
2026-07-17T09:59:58.699+07:00,3696200202255,15.414443421,1784257198698833174,right,1,0,5,Lift,running,0.0488745634460447,2.7527045090752487,0.9234646897876363,-1.5176762280305534,3.2096577347884976,2.1011259780648945
2026-07-17T09:59:58.751+07:00,3696252334434,15.466575600,1784257198750940067,left,1,0,5,Lift,running,3.070992308616637,0.7510803173619801,-0.6292021806507502,1.5663622681261826,-0.10238675107742193,1.6939527837609631
2026-07-17T09:59:58.766+07:00,3696267968487,15.482209653,1784257198766606048,right,1,0,5,Lift,running,0.05795538543701159,2.753482804507504,0.9213979419964871,-1.5130509294617231,3.217493260674155,2.100145042454437
2026-07-17T09:59:58.819+07:00,3696320250331,15.534491497,1784257198818549290,left,1,0,5,Lift,running,3.061264308738708,0.7495278203535963,-0.6261069723636623,1.567598391893676,-0.11206047992891804,1.6953870811618483
2026-07-17T09:59:58.831+07:00,3696332052800,15.546293966,1784257198830603225,right,1,0,5,Lift,running,0.06703620742797849,2.7542610999397588,0.9193311942053378,-1.508425630892893,3.225328786559813,2.0991641068439795
2026-07-17T09:59:58.891+07:00,3696392457248,15.606698414,1784257198890969879,right,1,0,5,Lift,running,0.0761170294189454,2.7550393953720143,0.9172644464141887,-1.5038003323240625,3.233164312445471,2.098183171233522
2026-07-17T09:59:58.892+07:00,3696393210929,15.607452095,1784257198891865590,left,1,0,5,Lift,running,3.050320308876037,0.7477812612191648,-0.6226248630406883,1.5689890311321057,-0.12294342488685113,1.6970006657378442
2026-07-17T09:59:58.959+07:00,3696459976676,15.674217842,1784257198958526492,left,1,0,5,Lift,running,3.0393763090133663,0.7460347020847331,-0.6191427537177144,1.5703796703705355,-0.13382636984478424,1.6986142503138404
2026-07-17T09:59:58.965+07:00,3696466859507,15.681100673,1784257198965474243,right,1,0,5,Lift,running,0.08633295415878316,2.755914977733301,0.9149393551491458,-1.4985968714341287,3.2419792790668365,2.0970796186717573
2026-07-17T09:59:59.021+07:00,3696522056016,15.736297182,1784257199020267817,left,1,0,5,Lift,running,3.0308643091201777,0.7446762672023973,-0.6164344464665125,1.571461278667092,-0.1422908825898433,1.6998692605396153
2026-07-17T09:59:59.030+07:00,3696531172906,15.745414072,1784257199029801788,right,1,0,5,Lift,running,0.09541377614975005,2.7566932731655562,0.9128726073579965,-1.4939715728652982,3.2498148049524938,2.0960986830612995
2026-07-17T09:59:59.085+07:00,3696586897783,15.801138949,1784257199085152859,left,1,0,5,Lift,running,3.019920309257507,0.7429297080679655,-0.6129523371435387,1.5728519179055218,-0.15317382754777636,1.7014828451156114
2026-07-17T09:59:59.098+07:00,3696599869287,15.814110453,1784257199098580799,right,1,0,5,Lift,running,0.10562970088958781,2.757568855526843,0.9105475160929537,-1.488768111975364,3.258629771573859,2.0949951304995347
2026-07-17T09:59:59.152+07:00,3696653482457,15.867723623,1784257199152172216,left,1,0,5,Lift,running,3.010192309379577,0.7413772110595818,-0.6098571288564506,1.5740880416730152,-0.1628475563992725,1.7029171425164966
2026-07-17T09:59:59.175+07:00,3696676124614,15.890365780,1784257199174605463,right,1,0,5,Lift,running,0.11584562562942556,2.75844443788813,0.9082224248279108,-1.4835646510854297,3.267444738195224,2.0938915779377703
2026-07-17T09:59:59.216+07:00,3696717482777,15.931723943,1784257199215895466,left,1,0,5,Lift,running,3.000464309501648,0.7398247140511981,-0.6067619205693627,1.5753241654405081,-0.1725212852507686,1.704351439917382
2026-07-17T09:59:59.246+07:00,3696747021313,15.961262479,1784257199245515812,right,1,0,5,Lift,running,0.12598159578669552,2.759313167534271,0.9059155308094475,-1.4784019149026524,3.2761907147844083,2.092796662292062
2026-07-17T09:59:59.279+07:00,3696780045239,15.994286405,1784257199278561891,left,1,0,5,Lift,running,2.9911942159293505,0.7383452945693908,-0.6038124067117248,1.5765021036739986,-0.1817396623860164,1.705718223560839
2026-07-17T09:59:59.348+07:00,3696849616536,16.063857702,1784257199345160773,left,1,0,5,Lift,running,2.986027092846061,0.7375206704709718,-0.6021683563017236,1.5771586830051012,-0.18687795887833564,1.7064800647719223
2026-07-17T09:59:59.348+07:00,3696849711050,16.063952216,1784257199307866922,right,1,0,5,Lift,running,0.131952030010395,2.7598248791050413,0.9045566910748609,-1.4753608861392162,3.2813423951008978,2.0921517194063024
2026-07-17T09:59:59.372+07:00,3696873905237,16.088146403,1784257199372495022,right,1,0,5,Lift,running,0.13342489302158353,2.7599511146545415,0.9042214751243592,-1.474610686302185,3.282613277435303,2.091992616653442
2026-07-17T09:59:59.413+07:00,3696914164497,16.128405663,1784257199412689499,left,1,0,5,Lift,running,2.985280275344849,0.7374014854431152,-0.6019307374954223,1.5772535800933838,-0.18762060999870303,1.706590175628662
2026-07-17T09:59:59.436+07:00,3696937516367,16.151757533,1784257199436176520,right,1,0,5,Lift,running,0.13342489302158353,2.7599511146545415,0.9042214751243592,-1.474610686302185,3.282613277435303,2.091992616653442
2026-07-17T09:59:59.478+07:00,3696979603381,16.193844547,1784257199478024295,left,1,0,5,Lift,running,2.985280275344849,0.7374014854431152,-0.6019307374954223,1.5772535800933838,-0.18762060999870303,1.706590175628662
2026-07-17T09:59:59.503+07:00,3697004128190,16.218369356,1784257199502734699,right,1,0,5,Lift,running,0.13342489302158353,2.7599511146545415,0.9042214751243592,-1.474610686302185,3.282613277435303,2.091992616653442
2026-07-17T09:59:59.548+07:00,3697049218120,16.263459286,1784257199542505093,left,1,0,5,Lift,delay,2.985280275344849,0.7374014854431152,-0.6019307374954223,1.5772535800933838,-0.18762060999870303,1.706590175628662
2026-07-17T09:59:59.567+07:00,3697068484258,16.282725424,1784257199567223448,right,1,0,5,Lift,delay,0.13342489302158353,2.7599511146545415,0.9042214751243592,-1.474610686302185,3.282613277435303,2.091992616653442
2026-07-17T09:59:59.609+07:00,3697110607156,16.324848322,1784257199609114300,left,1,0,5,Lift,delay,2.985280275344849,0.7374014854431152,-0.6019307374954223,1.5772535800933838,-0.18762060999870303,1.706590175628662
2026-07-17T09:59:59.631+07:00,3697132888220,16.347129386,1784257199631481049,right,1,0,5,Lift,delay,0.13342489302158353,2.7599511146545415,0.9042214751243592,-1.474610686302185,3.282613277435303,2.091992616653442
2026-07-17T09:59:59.671+07:00,3697172465043,16.386706209,1784257199671046513,left,1,0,5,Lift,delay,2.985280275344849,0.7374014854431152,-0.6019307374954223,1.5772535800933838,-0.18762060999870303,1.706590175628662
2026-07-17T09:59:59.693+07:00,3697194078731,16.408319897,1784257199692767078,right,1,0,5,Lift,delay,0.13342489302158353,2.7599511146545415,0.9042214751243592,-1.474610686302185,3.282613277435303,2.091992616653442
2026-07-17T09:59:59.748+07:00,3697249342425,16.463583591,1784257199738093669,left,1,0,5,Lift,delay,2.985280275344849,0.7374014854431152,-0.6019307374954223,1.5772535800933838,-0.18762060999870303,1.706590175628662
2026-07-17T09:59:59.756+07:00,3697257465319,16.471706485,1784257199756286418,right,1,0,5,Lift,delay,0.13342489302158353,2.7599511146545415,0.9042214751243592,-1.474610686302185,3.282613277435303,2.091992616653442
2026-07-17T09:59:59.803+07:00,3697303976794,16.518217960,1784257199802488489,left,1,0,5,Lift,delay,2.985280275344849,0.7374014854431152,-0.6019307374954223,1.5772535800933838,-0.18762060999870303,1.706590175628662
2026-07-17T09:59:59.818+07:00,3697319553848,16.533795014,1784257199818326903,right,1,0,5,Lift,delay,0.13342489302158353,2.7599511146545415,0.9042214751243592,-1.474610686302185,3.282613277435303,2.091992616653442
2026-07-17T09:59:59.867+07:00,3697368137407,16.582378573,1784257199866587733,left,1,0,5,Lift,delay,2.985280275344849,0.7374014854431152,-0.6019307374954223,1.5772535800933838,-0.18762060999870303,1.706590175628662
2026-07-17T09:59:59.883+07:00,3697384612496,16.598853662,1784257199883266293,right,1,0,5,Lift,delay,0.13342489302158353,2.7599511146545415,0.9042214751243592,-1.474610686302185,3.282613277435303,2.091992616653442
2026-07-17T09:59:59.949+07:00,3697450161354,16.664402520,1784257199928541217,left,1,0,5,Lift,delay,2.985280275344849,0.7374014854431152,-0.6019307374954223,1.5772535800933838,-0.18762060999870303,1.706590175628662
2026-07-17T09:59:59.949+07:00,3697450267658,16.664508824,1784257199947008867,right,1,0,5,Lift,delay,0.13342489302158353,2.7599511146545415,0.9042214751243592,-1.474610686302185,3.282613277435303,2.091992616653442
2026-07-17T09:59:59.992+07:00,3697493095882,16.707337048,1784257199991636966,left,1,0,5,Lift,delay,2.9852906686271052,0.7370786278744765,-0.602192073615993,1.5771566674388955,-0.1875790944871612,1.7059991669006347
2026-07-17T10:00:00.021+07:00,3697522070510,16.736311676,1784257200020788487,right,1,0,5,Lift,delay,0.13344791997780994,2.7592797953642956,0.9035273579017615,-1.4748393070052284,3.2826881250293813,2.09061021659851
2026-07-17T10:00:00.055+07:00,3697556154901,16.770396067,1784257200054700343,left,1,0,5,Lift,delay,2.985373814885152,0.7344957673253676,-0.6042827625805599,1.5763813662029893,-0.1872469703948267,1.7012710970764162
2026-07-17T10:00:00.085+07:00,3697586292130,16.800533296,1784257200084815327,right,1,0,5,Lift,delay,0.1335502620054829,2.7562961540743114,0.9004423924679947,-1.4758553990187553,3.2830207810030627,2.0844662163543695
2026-07-17T10:00:00.148+07:00,3697649225651,16.863466817,1784257200124975944,left,1,0,6,Move,running,2.985528739752301,0.7296831715834434,-0.6081783042163768,1.5749367619141834,-0.1866281297868384,1.6924613730239868
2026-07-17T10:00:00.162+07:00,3697663804898,16.878046064,1784257200162517403,right,1,0,6,Move,running,0.13373032000247723,2.751046810411307,0.8950147816473859,-1.4776430858261949,3.2836060475809403,2.0736566164016716
2026-07-17T10:00:00.206+07:00,3697707765517,16.922006683,1784257200206367569,left,1,0,6,Move,running,2.9857550101766903,0.7226542929987728,-0.6138678095577786,1.572826892585152,-0.18572430246992475,1.6795946200180054
2026-07-17T10:00:00.251+07:00,3697752346253,16.966587419,1784257200250699810,right,1,0,6,Move,running,0.13395312711357413,2.7445511750258613,0.8882985551687786,-1.4798552026983172,3.2843302673191097,2.060280616569518
2026-07-17T10:00:00.270+07:00,3697771542162,16.985783328,1784257200270149539,left,1,0,6,Move,running,2.9859195704853367,0.7175423813008305,-0.6180056316242528,1.5712924421640386,-0.18506697351216939,1.6702369814682005
2026-07-17T10:00:00.358+07:00,3697859779995,17.074021161,1784257200344988371,left,1,0,6,Move,running,2.9861047008325636,0.7117914806406455,-0.6226606814490361,1.5695661854402858,-0.18432747843469457,1.6597096380996703
2026-07-17T10:00:00.358+07:00,3697859870224,17.074111390,1784257200316097051,right,1,0,6,Move,running,0.13413542384083527,2.739236564255951,0.882803460777191,-1.4816651165027808,3.2849228107412483,2.0493366167068476
2026-07-17T10:00:00.388+07:00,3697889072990,17.103314156,1784257200387638088,right,1,0,6,Move,running,0.13431772056809638,2.73392195348604,0.8773083663856034,-1.4834750303072444,3.285515354163387,2.038392616844177
2026-07-17T10:00:00.413+07:00,3697914082653,17.128323819,1784257200412730415,left,1,0,6,Move,running,2.98626926114121,0.7066795689427032,-0.6267985035155101,1.5680317350191721,-0.1836701494769392,1.6503519995498657
2026-07-17T10:00:00.451+07:00,3697952156791,17.166397957,1784257200450540508,right,1,0,6,Move,running,0.1344595069115217,2.729788367331665,0.8730344040810353,-1.4848827410440493,3.2859762212694945,2.0298806169509884
2026-07-17T10:00:00.477+07:00,3697978520664,17.192761830,1784257200477172208,left,1,0,6,Move,running,2.986454391488437,0.700928668282518,-0.6314535533402936,1.5663054782954193,-0.18293065439946438,1.6398246561813354
2026-07-17T10:00:00.549+07:00,3698050149947,17.264391113,1784257200543324736,left,1,0,6,Move,running,2.986618951797084,0.6958167565845758,-0.6355913754067676,1.5647710278743059,-0.18227332544170902,1.6304670176315306
2026-07-17T10:00:00.549+07:00,3698050298746,17.264539912,1784257200514861282,right,1,0,6,Move,running,0.1346418036387828,2.7244737565617547,0.8675393096894475,-1.486692654848513,3.286568764691633,2.0189366170883174
2026-07-17T10:00:00.580+07:00,3698081436278,17.295677444,1784257200579942145,right,1,0,6,Move,running,0.134803845174126,2.7197496580996123,0.8626547813413697,-1.4883014671191477,3.2870954699557564,2.009208617210388
2026-07-17T10:00:00.606+07:00,3698107166039,17.321407205,1784257200605871209,left,1,0,6,Move,running,2.9867835121057293,0.6907048448866334,-0.6397291974732416,1.5632365774531924,-0.1816159964839536,1.6211093790817261
2026-07-17T10:00:00.643+07:00,3698144684043,17.358925209,1784257200643239626,right,1,0,6,Move,running,0.1349658867094692,2.71502555963747,0.8577702529932918,-1.4899102793897816,3.2876221752198793,1.999480617332458
2026-07-17T10:00:00.671+07:00,3698172049358,17.386290524,1784257200670656615,left,1,0,6,Move,running,2.9869480724143767,0.6855929331886912,-0.6438670195397158,1.561702127032079,-0.18095866752619824,1.6117517405319215
2026-07-17T10:00:00.748+07:00,3698249680361,17.463921527,1784257200734213443,left,1,0,6,Move,running,2.987112632723022,0.680481021490749,-0.6480048416061899,1.5601676766109653,-0.18030133856844283,1.6023941019821166
2026-07-17T10:00:00.748+07:00,3698249778884,17.464020050,1784257200742118711,right,1,0,6,Move,running,0.13520894901248404,2.7079394119442552,0.8504434604711749,-1.4923234977957334,3.2884122331160635,1.9848886175155631
2026-07-17T10:00:00.799+07:00,3698299984022,17.514225188,1784257200798228869,left,1,0,6,Move,running,2.9872771930316686,0.6753691097928066,-0.6521426636726639,1.5586332261898517,-0.17964400961068744,1.5930364634323118
2026-07-17T10:00:00.804+07:00,3698305170303,17.519411469,1784257200803762376,right,1,0,6,Move,running,0.13537099054782725,2.7032153134821133,0.845558932123097,-1.4939323100663677,3.288938938380187,1.9751606176376337
2026-07-17T10:00:00.869+07:00,3698370677945,17.584919111,1784257200869067238,right,1,0,6,Move,running,0.13553303208317044,2.69849121501997,0.840674403775019,-1.495541122337002,3.2894656436443097,1.9654326177597037
2026-07-17T10:00:00.870+07:00,3698371201853,17.585443019,1784257200869313644,left,1,0,6,Move,running,2.987462323378896,0.6696182091326215,-0.6567977134974474,1.556906969466099,-0.17890451453321268,1.5825091200637815
2026-07-17T10:00:00.948+07:00,3698449192280,17.663433446,1784257200932875618,left,1,0,6,Move,running,2.9876268836875424,0.6645062974346793,-0.6609355355639214,1.5553725190449854,-0.1782471855754573,1.5731514815139769
2026-07-17T10:00:00.948+07:00,3698449286965,17.663528131,1784257200945425660,right,1,0,6,Move,running,0.13571532881043158,2.69317660425006,0.8351793093834314,-1.4973510361414655,3.290058187066449,1.954488617897033
2026-07-17T10:00:00.996+07:00,3698497703392,17.711944558,1784257200996195102,left,1,0,6,Move,running,2.9877914439961892,0.6593943857367371,-0.6650733576303954,1.5538380686238717,-0.1775898566177019,1.563793842964172
2026-07-17T10:00:01.010+07:00,3698511383854,17.725625020,1784257201010090021,right,1,0,6,Move,running,0.13587737034577477,2.6884525057879176,0.8302947810353536,-1.4989598484120998,3.2905848923305716,1.9447606180191033
2026-07-17T10:00:01.061+07:00,3698562261040,17.776502206,1784257201060560357,left,1,0,6,Move,running,2.9879560043048348,0.6542824740387948,-0.6692111796968695,1.5523036182027583,-0.17693252765994655,1.5544362044143674
2026-07-17T10:00:01.070+07:00,3698571812763,17.786053929,1784257201070597282,right,1,0,6,Move,running,0.136039411881118,2.6837284073257743,0.8254102526872759,-1.5005686606827346,3.2911115975946954,1.9350326181411737
2026-07-17T10:00:01.148+07:00,3698649950255,17.864191421,1784257201124129420,left,1,0,6,Move,running,2.9880999945749003,0.6498095513030954,-0.6728317740050342,1.5509609740842842,-0.17635736482191056,1.5462482706832885
2026-07-17T10:00:01.149+07:00,3698650053628,17.864294794,1784257201143540693,right,1,0,6,Move,running,0.1362217086083791,2.6784137965558643,0.8199151582956882,-1.502378574487198,3.291704141016833,1.9240886182785026
2026-07-17T10:00:01.217+07:00,3698718444264,17.932685430,1784257201217020125,left,1,0,6,Move,running,2.9883468350378704,0.6421416837561821,-0.6790385071047453,1.5486592984526137,-0.1753713713852775,1.5322118128585815
2026-07-17T10:00:01.224+07:00,3698725852929,17.940094095,1784257201224520113,right,1,0,6,Move,running,0.1364242605275581,2.672508673478186,0.813809497860591,-1.5043895898254909,3.2923625225969873,1.9119286184310909
2026-07-17T10:00:01.280+07:00,3698781704326,17.995945492,1784257201280148164,left,1,0,6,Move,running,2.9885113953465168,0.6370297720582399,-0.6831763291712194,1.5471248480315003,-0.17471404242752214,1.522854174308777
2026-07-17T10:00:01.285+07:00,3698786061015,18.000302181,1784257201284740965,right,1,0,6,Move,running,0.13658630206290134,2.6677845750160434,0.808924969512513,-1.5059984020961252,3.2928892278611106,1.9022006185531612
2026-07-17T10:00:01.349+07:00,3698850602833,18.064843999,1784257201344351646,left,1,0,6,Move,running,2.988675955655163,0.6319178603602976,-0.6873141512376933,1.5455903976103864,-0.17405671346976676,1.5134965357589725
2026-07-17T10:00:01.349+07:00,3698850697487,18.064938653,1784257201348124879,right,1,0,6,Move,running,0.13674834359824453,2.663060476553901,0.8040404411644352,-1.5076072143667596,3.2934159331252335,1.8924726186752319
2026-07-17T10:00:01.410+07:00,3698911633665,18.125874831,1784257201410167806,left,1,0,6,Move,running,2.988840515963809,0.6268059486623554,-0.6914519733041674,1.544055947189273,-0.1733993845120114,1.5041388972091678
2026-07-17T10:00:01.414+07:00,3698915827814,18.130068980,1784257201414491693,right,1,0,6,Move,running,0.13691038513358775,2.658336378091758,0.7991559128163574,-1.509216026637394,3.2939426383893564,1.8827446187973023
2026-07-17T10:00:01.476+07:00,3698977466668,18.191707834,1784257201475832211,right,1,0,6,Move,running,0.13707242666893094,2.6536122796296153,0.7942713844682795,-1.5108248389080279,3.2944693436534798,1.8730166189193727
2026-07-17T10:00:01.478+07:00,3698979917156,18.194158322,1784257201478493379,left,1,0,6,Move,running,2.9890256463110365,0.6210550480021705,-0.6961070231289508,1.5423296904655204,-0.17265988943453658,1.4936115538406376
2026-07-17T10:00:01.548+07:00,3699049447011,18.263688177,1784257201544844974,left,1,0,6,Move,running,2.989190206619683,0.6159431363042281,-0.7002448451954246,1.5407952400444067,-0.1720025604767812,1.4842539152908334
2026-07-17T10:00:01.548+07:00,3699049533630,18.263774796,1784257201545278784,right,1,0,6,Move,running,0.13723446820427418,2.648888181167473,0.7893868561202017,-1.5124336511786627,3.2949960489176027,1.863288619041443
2026-07-17T10:00:01.615+07:00,3699116668650,18.330909816,1784257201614891787,left,1,0,6,Move,running,2.9893753369669103,0.6101922356440432,-0.7048998950202079,1.5390689833206541,-0.1712630653993064,1.473726571922303
2026-07-17T10:00:01.619+07:00,3699120112223,18.334353389,1784257201618531741,right,1,0,6,Move,running,0.13743702012345316,2.642983058089795,0.7832811956851045,-1.5144446665169555,3.295654430497757,1.851128619194031
2026-07-17T10:00:01.680+07:00,3699181959124,18.396200290,1784257201680616104,left,1,0,6,Move,running,2.9895398972755567,0.605080323946101,-0.7090377170866821,1.5375345328995407,-0.17060573644155105,1.464368933372498
2026-07-17T10:00:01.686+07:00,3699187687064,18.401928230,1784257201686333708,right,1,0,6,Move,running,0.13759906165879637,2.6382589596276524,0.7783966673370266,-1.51605347878759,3.2961811357618798,1.8414006193161014
2026-07-17T10:00:01.748+07:00,3699248997300,18.463238466,1784257201744469082,left,1,0,6,Move,running,2.989704457584203,0.5999684122481588,-0.713175539153156,1.5360000824784268,-0.1699484074837957,1.4550112948226939
2026-07-17T10:00:01.774+07:00,3699275570493,18.489811659,1784257201774104521,right,1,0,6,Move,running,0.13782186876989327,2.6317633242422063,0.7716804408584196,-1.5182655956597118,3.2969053555000496,1.8280246194839482
2026-07-17T10:00:01.806+07:00,3699307764576,18.522005742,1784257201806143230,left,1,0,6,Move,running,2.9898690178928486,0.5948565005502167,-0.71731336121963,1.5344656320573133,-0.1692910785260403,1.445653656272889
2026-07-17T10:00:01.838+07:00,3699339115437,18.553356603,1784257201837725980,right,1,0,6,Move,running,0.1379839103052365,2.627039225780064,0.7667959125103416,-1.5198744079303461,3.2974320607641725,1.8182966196060186
2026-07-17T10:00:01.877+07:00,3699378132455,18.592373621,1784257201876374076,left,1,0,6,Move,running,2.9900541482400764,0.5891055998900315,-0.7219684110444133,1.5327393753335607,-0.1685515834485655,1.435126312904359
2026-07-17T10:00:01.948+07:00,3699449479587,18.663720753,1784257201914934569,right,1,0,6,Move,running,0.13818646222441552,2.6211341027023853,0.7606902520752443,-1.5218854232686394,3.298090442344326,1.8061366197586064
2026-07-17T10:00:01.959+07:00,3699460203440,18.674444606,1784257201958777779,left,1,0,6,Move,running,2.9902598486258847,0.5827157102676037,-0.7271406886275059,1.5308213123071688,-0.1677299222513713,1.4234292647171032
2026-07-17T10:00:01.977+07:00,3699478825425,18.693066591,1784257201977442219,right,1,0,6,Move,running,0.13832824856784082,2.6170005165480106,0.7564162897706761,-1.5232931340054445,3.298551309450434,1.797624619865418
2026-07-17T10:00:02.023+07:00,3699524802211,18.739043377,1784257202023331760,left,1,0,6,Move,running,2.99042440893453,0.5776037985696614,-0.7312785106939801,1.5292868618860553,-0.1670725932936159,1.4140716261672983
2026-07-17T10:00:02.044+07:00,3699545565330,18.759806496,1784257202044066899,right,1,0,6,Move,running,0.13851054529510196,2.6116859057781,0.7509211953790884,-1.5251030478099081,3.2991438528725725,1.786680620002747
2026-07-17T10:00:02.090+07:00,3699591619224,18.805860390,1784257202089945780,left,1,0,6,Move,running,2.9905889692431766,0.5724918868717193,-0.7354163327604539,1.5277524114649415,-0.1664152643358605,1.4047139876174939
2026-07-17T10:00:02.148+07:00,3699649094131,18.863335297,1784257202106246963,right,1,0,6,Move,running,0.13867258683044514,2.6069618073159573,0.7460366670310103,-1.5267118600805425,3.299670558136695,1.776952620124817
2026-07-17T10:00:02.160+07:00,3699661606612,18.875847778,1784257202160308734,left,1,0,6,Move,running,2.990774099590404,0.5667409862115342,-0.7400713825852373,1.5260261547411889,-0.16567576925838573,1.3941866442489639
2026-07-17T10:00:02.180+07:00,3699681437534,18.895678700,1784257202179982135,right,1,0,6,Move,running,0.13885488355770625,2.6016471965460464,0.7405415726394228,-1.528521773885006,3.3002631015588344,1.766008620262146
2026-07-17T10:00:02.222+07:00,3699723643990,18.937885156,1784257202222131338,left,1,0,6,Move,running,2.9909386598990504,0.5616290745135921,-0.7442092046517114,1.5244917043200754,-0.16501844030063034,1.3848290056991592
2026-07-17T10:00:02.243+07:00,3699744882005,18.959123171,1784257202243482064,right,1,0,6,Move,running,0.13901692509304947,2.596923098083904,0.7356570442913447,-1.5301305861556405,3.3007898068229573,1.7562806203842158
2026-07-17T10:00:02.285+07:00,3699786523832,19.000764998,1784257202285012033,left,1,0,6,Move,running,2.991103220207697,0.5565171628156499,-0.7483470267181853,1.5229572538989617,-0.16436111134287498,1.3754713671493548
2026-07-17T10:00:02.348+07:00,3699849235071,19.063476237,1784257202306692561,right,1,0,6,Move,running,0.1391789666283927,2.5921989996217616,0.7307725159432668,-1.5317393984262748,3.3013165120870807,1.7465526205062862
2026-07-17T10:00:02.348+07:00,3699849963348,19.064204514,1784257202348733792,left,1,0,6,Move,running,2.9912472104777623,0.5520442400799505,-0.7519676210263501,1.5216146097804875,-0.16378594850483905,1.3672834334182755
2026-07-17T10:00:02.371+07:00,3699872857274,19.087098440,1784257202371620573,right,1,0,6,Move,running,0.1393410081637359,2.5874749011596188,0.7258879875951888,-1.5333482106969092,3.3018432173512036,1.7368246206283564
2026-07-17T10:00:02.417+07:00,3699918834086,19.133075252,1784257202417423931,left,1,0,6,Move,running,2.9914323408249897,0.5462933394197654,-0.7566226708511334,1.5198883530567346,-0.16304645342736426,1.3567560900497455
2026-07-17T10:00:02.434+07:00,3699935243766,19.149484932,1784257202433944191,right,1,0,6,Move,running,0.13948279450716122,2.583341315005244,0.7216140252906205,-1.534755921433714,3.3023040844573113,1.7283126207351678
2026-07-17T10:00:02.480+07:00,3699981807871,19.196049037,1784257202480234580,left,1,0,6,Move,running,2.9915969011336356,0.5411814277218233,-0.7607604929176075,1.5183539026356214,-0.16238912446960885,1.3473984514999409
2026-07-17T10:00:02.498+07:00,3699999074155,19.213315321,1784257202497830228,right,1,0,6,Move,running,0.13966509123442233,2.578026704235333,0.7161189308990329,-1.536565835238178,3.30289662787945,1.7173686208724968
2026-07-17T10:00:02.548+07:00,3700049652572,19.263893738,1784257202542296002,left,1,0,6,Move,running,2.991761461442282,0.5360695160238811,-0.7648983149840815,1.5168194522145078,-0.1617317955118535,1.3380408129501364
2026-07-17T10:00:02.561+07:00,3700062808940,19.277050106,1784257202561394400,right,1,0,6,Move,running,0.13980687757784765,2.5738931180809583,0.7118449685944646,-1.5379735459749828,3.3033574949855575,1.7088566209793081
2026-07-17T10:00:02.609+07:00,3700110512333,19.324753499,1784257202608833408,left,1,0,6,Move,running,2.9919260217509294,0.5309576043259389,-0.7690361370505555,1.515285001793394,-0.16107446655409813,1.3286831744003318
2026-07-17T10:00:02.627+07:00,3700128715213,19.342956379,1784257202627314541,right,1,0,6,Move,running,0.13998917430510877,2.568578507311048,0.706349874202877,-1.5397834597794466,3.303950038407696,1.697912621116637
2026-07-17T10:00:02.671+07:00,3700172479765,19.386720931,1784257202671105215,left,1,0,6,Move,running,2.992090582059575,0.5258456926279966,-0.7731739591170296,1.5137505513722807,-0.16041713759634274,1.3193255358505271
2026-07-17T10:00:02.690+07:00,3700191509478,19.405750644,1784257202690258904,right,1,0,6,Move,running,0.14015121584045195,2.563854408848905,0.7014653458547989,-1.5413922720500812,3.3044767436718194,1.688184621238707
2026-07-17T10:00:02.748+07:00,3700249802127,19.464043293,1784257202732919265,left,1,0,6,Move,running,2.9922551423682213,0.5207337809300544,-0.7773117811835035,1.5122161009511672,-0.15975980863858735,1.3099678973007227
2026-07-17T10:00:02.762+07:00,3700263273591,19.477514757,1784257202761846444,right,1,0,6,Move,running,0.14033351256771306,2.5585397980789946,0.6959702514632112,-1.5432021858545448,3.3050692870939575,1.6772406213760365
2026-07-17T10:00:02.798+07:00,3700299781940,19.514023106,1784257202798183080,left,1,0,6,Move,running,2.9924197026768677,0.5156218692321121,-0.7814496032499776,1.5106816505300533,-0.15910247968083197,1.3006102587509178
2026-07-17T10:00:02.827+07:00,3700328081153,19.542322319,1784257202826462457,right,1,0,6,Move,running,0.1404955541030563,2.553815699616852,0.6910857231151333,-1.5448109981251792,3.305595992358081,1.6675126214981064
2026-07-17T10:00:02.861+07:00,3700362068453,19.576309619,1784257202860502071,left,1,0,6,Move,running,2.992584262985514,0.51050995753417,-0.7855874253164516,1.5091472001089399,-0.1584451507230766,1.2912526202011134
2026-07-17T10:00:02.891+07:00,3700392459927,19.606701093,1784257202891060036,right,1,0,6,Move,running,0.14065759563839952,2.5490916011547093,0.6862011947670553,-1.5464198103958136,3.306122697622204,1.6577846216201768
2026-07-17T10:00:02.958+07:00,3700459285861,19.673527027,1784257202924807689,left,1,0,6,Move,running,2.992748823294161,0.5053980458362278,-0.7897252473829258,1.5076127496878267,-0.15778782176532122,1.2818949816513088
2026-07-17T10:00:02.958+07:00,3700459430257,19.673671423,1784257202954718379,right,1,0,6,Move,running,0.1408196371737427,2.5443675026925665,0.6813166664189774,-1.548028622666448,3.306649402886327,1.6480566217422468
2026-07-17T10:00:02.988+07:00,3700489249040,19.703490206,1784257202987815360,left,1,0,6,Move,running,2.9928928135642257,0.5009251231005283,-0.7933458416910905,1.5062701055693521,-0.15721265892728528,1.2737070479202295
2026-07-17T10:00:03.035+07:00,3700536214264,19.750455430,1784257203034664279,right,1,0,6,Move,running,0.14102218909292175,2.5384623796148884,0.6752110059838798,-1.550039638004741,3.3073077844664813,1.6358966218948343
2026-07-17T10:00:03.052+07:00,3700553547880,19.767789046,1784257203052171386,left,1,0,6,Move,running,2.993057373872872,0.49581321140258605,-0.7974836637575646,1.5047356551482383,-0.15655532996952992,1.264349409370425
2026-07-17T10:00:03.148+07:00,3700649713937,19.863955103,1784257203125347112,left,1,0,6,Move,running,2.9932630742586803,0.4894233217801583,-0.8026559413406571,1.5028175921218465,-0.1557336687723357,1.2526523611831695
2026-07-17T10:00:03.148+07:00,3700649815508,19.864056674,1784257203106087423,right,1,0,6,Move,running,0.14120448582018286,2.5331477688449775,0.6697159115922922,-1.5518495518092044,3.3079003278886194,1.6249526220321633
2026-07-17T10:00:03.202+07:00,3700703692712,19.917933878,1784257203202238518,right,1,0,6,Move,running,0.14144754812319768,2.5260616211517637,0.6623891190701753,-1.5542627702151561,3.308690385784805,1.6103606222152687
2026-07-17T10:00:03.214+07:00,3700715598976,19.929840142,1784257203214178764,left,1,0,6,Move,running,2.9934893446830695,0.48239444319548774,-0.8083454466820589,1.5007077227928154,-0.15482984145542206,1.2397856081771879
2026-07-17T10:00:03.269+07:00,3700770248392,19.984489558,1784257203268514168,right,1,0,6,Move,running,0.1416095896585409,2.521337522689621,0.6575045907220972,-1.5558715824857905,3.309217091048928,1.600632622337339
2026-07-17T10:00:03.277+07:00,3700778385188,19.992626354,1784257203277239522,left,1,0,6,Move,running,2.993653904991715,0.47728253149754557,-0.8124832687485328,1.499173272371702,-0.15417251249766667,1.2304279696273832
2026-07-17T10:00:03.348+07:00,3700849484438,20.063725604,1784257203345016700,left,1,0,6,Move,running,2.993818465300362,0.47217061979960334,-0.8166210908150069,1.4976388219505885,-0.1535151835399113,1.2210703310775786
2026-07-17T10:00:03.348+07:00,3700849575141,20.063816307,1784257203345338240,right,1,0,6,Move,running,0.141791886385802,2.5160229119197104,0.6520094963305095,-1.5576814962902543,3.309809634471066,1.589688622474668
2026-07-17T10:00:03.409+07:00,3700910399271,20.124640437,1784257203409093111,left,1,0,6,Move,running,2.9939830256090083,0.46705870810166117,-0.820758912881481,1.496104371529475,-0.15285785458215592,1.2117126925277744
2026-07-17T10:00:03.418+07:00,3700919036525,20.133277691,1784257203417792839,right,1,0,6,Move,running,0.141994438304981,2.510117788842032,0.6459038358954121,-1.5596925116285472,3.3104680160512197,1.5775286226272556
2026-07-17T10:00:03.479+07:00,3700980187240,20.194428406,1784257203478636875,left,1,0,6,Move,running,2.9941681559562356,0.4613078074414761,-0.8254139627062642,1.4943781148057222,-0.15211835950468114,1.2011853491592441
2026-07-17T10:00:03.481+07:00,3700982870916,20.197112082,1784257203481465052,right,1,0,6,Move,running,0.14215647984032426,2.505393690379889,0.6410193075473342,-1.5613013238991815,3.310994721315343,1.5678006227493255
2026-07-17T10:00:03.548+07:00,3701049868581,20.264109747,1784257203541073661,left,1,0,6,Move,running,2.994332716264882,0.45619589574353386,-0.8295517847727382,1.4928436643846086,-0.15146103054692575,1.1918277106094395
2026-07-17T10:00:03.548+07:00,3701049964165,20.264205331,1784257203545066248,right,1,0,6,Move,running,0.14229826618374955,2.5012601042255143,0.6367453452427659,-1.5627090346359864,3.3114555884214503,1.5592886228561371
2026-07-17T10:00:03.605+07:00,3701106466066,20.320707232,1784257203604598384,left,1,0,6,Move,running,2.9944972765735276,0.4510839840455917,-0.8336896068392123,1.4913092139634951,-0.1508037015891704,1.1824700720596348
2026-07-17T10:00:03.609+07:00,3701110668574,20.324909740,1784257203609332782,right,1,0,6,Move,running,0.1424603077190928,2.496536005763372,0.631860816894688,-1.5643178469066208,3.3119822936855736,1.549560622978207
2026-07-17T10:00:03.676+07:00,3701177535333,20.391776499,1784257203676041810,left,1,0,6,Move,running,2.994661836882175,0.4459720723476495,-0.8378274289056863,1.4897747635423817,-0.150146372631415,1.1731124335098304
2026-07-17T10:00:03.694+07:00,3701195802613,20.410043779,1784257203694604820,right,1,0,6,Move,running,0.1426831148301897,2.4900403703779252,0.6251445904160807,-1.566529963778743,3.312706513423743,1.5361846231460536
2026-07-17T10:00:03.748+07:00,3701249496960,20.463738126,1784257203748201888,left,1,0,6,Move,running,2.9948675372679823,0.4395821827252217,-0.8429997064887788,1.4878567005159895,-0.1493247114342208,1.1614153853225744
2026-07-17T10:00:03.763+07:00,3701264111837,20.478353003,1784257203762737107,right,1,0,6,Move,running,0.1428654115574508,2.4847257596080152,0.6196494960244934,-1.568339877583207,3.3132990568458816,1.5252406232833828
2026-07-17T10:00:03.812+07:00,3701313399459,20.527640625,1784257203811498822,left,1,0,6,Move,running,2.9950115275380482,0.4351092599895222,-0.8466203007969436,1.4865140563975154,-0.14874954859618483,1.1532274515914955
2026-07-17T10:00:03.827+07:00,3701328608953,20.542850119,1784257203827171299,right,1,0,6,Move,running,0.143027453092794,2.4800016611458724,0.6147649676764156,-1.5699486898538413,3.313825762110005,1.5155126234054535
2026-07-17T10:00:03.875+07:00,3701376311611,20.590552777,1784257203874796628,left,1,0,6,Move,running,2.995176087846694,0.4299973482915799,-0.8507581228634177,1.484979605976402,-0.14809221963842945,1.1438698130416907
2026-07-17T10:00:03.889+07:00,3701390117871,20.604359037,1784257203888711712,right,1,0,6,Move,running,0.14316923943621931,2.4758680749914976,0.6104910053718476,-1.5713564005906462,3.314286629216112,1.5070006235122655
2026-07-17T10:00:03.948+07:00,3701449180915,20.663422081,1784257203938971757,left,1,0,6,Move,running,2.9953406481553406,0.4248854365936374,-0.854895944929892,1.483445155555288,-0.14743489068067403,1.1345121744918856
2026-07-17T10:00:03.950+07:00,3701451336140,20.665577306,1784257203950064504,right,1,0,6,Move,running,0.14333128097156253,2.4711439765293552,0.6056064770237698,-1.5729652128612805,3.3148133344802355,1.4972726236343363
2026-07-17T10:00:04.005+07:00,3701506721642,20.720962808,1784257204005187372,left,1,0,6,Move,running,2.9955257785025675,0.4191345359334521,-0.8595509947546756,1.4817188988315353,-0.1466953956031992,1.123984831123355
2026-07-17T10:00:04.017+07:00,3701518745467,20.732986633,1784257204017500234,right,1,0,6,Move,running,0.1434933225069057,2.466419878067213,0.6007219486756922,-1.5745740251319145,3.3153400397443584,1.487544623756407
2026-07-17T10:00:04.072+07:00,3701573607463,20.787848629,1784257204071917781,left,1,0,6,Move,running,2.995690338811214,0.4140226242355096,-0.8636888168211497,1.4801844484104218,-0.14603806664544383,1.1146271925735496
2026-07-17T10:00:04.083+07:00,3701584420516,20.798661682,1784257204083166036,right,1,0,6,Move,running,0.14367561923416683,2.461105267297303,0.5952268542841048,-1.5763839389363783,3.315932583166497,1.4766006238937361
2026-07-17T10:00:04.149+07:00,3701650544641,20.864785807,1784257204147347498,right,1,0,6,Move,running,0.14383766076951002,2.45638116883516,0.590342325936027,-1.5779927512070127,3.3164592884306203,1.4668726240158068
2026-07-17T10:00:04.162+07:00,3701663123499,20.877364665,1784257204161763935,left,1,0,6,Move,running,2.995916609235603,0.4069937456508387,-0.869378322162552,1.4780745790813907,-0.1451342393285301,1.1017604395675678
2026-07-17T10:00:04.229+07:00,3701730266866,20.944508032,1784257204228494886,left,1,0,6,Move,running,2.9961017395828304,0.40124284499065344,-0.8740333719873354,1.4763483223576375,-0.14439474425105528,1.091233096199037
2026-07-17T10:00:04.241+07:00,3701742199898,20.956441064,1784257204240764626,right,1,0,6,Move,running,0.14406046788060692,2.4498855334497143,0.5836260994574202,-1.5802048680791345,3.3171835081687897,1.4534966241836542
2026-07-17T10:00:04.295+07:00,3701796306370,21.010547536,1784257204294580452,left,1,0,6,Move,running,2.9962662998914764,0.396130933292711,-0.8781711940538097,1.474813871936524,-0.14373741529329986,1.081875457649232
2026-07-17T10:00:04.303+07:00,3701804457117,21.018698283,1784257204303189704,right,1,0,6,Move,running,0.14422250941595013,2.445161434987572,0.5787415711093424,-1.5818136803497689,3.3177102134329126,1.4437686243057248
2026-07-17T10:00:04.369+07:00,3701870271734,21.084512900,1784257204366493773,right,1,0,6,Move,running,0.14438455095129335,2.4404373365254295,0.5738570427612646,-1.5834224926204032,3.318236918697036,1.4340406244277957
2026-07-17T10:00:04.399+07:00,3701900374661,21.114615827,1784257204399103407,left,1,0,6,Move,running,2.9965337103930265,0.3878240767835544,-0.8848951549118301,1.4723203900022144,-0.14266925573694733,1.0666692950057985
2026-07-17T10:00:04.435+07:00,3701936049214,21.150290380,1784257204434500558,right,1,0,6,Move,running,0.14454659248663654,2.4357132380632867,0.568972514413187,-1.5850313048910376,3.318763623961159,1.4243126245498663
2026-07-17T10:00:04.466+07:00,3701967152662,21.181393828,1784257204465798720,left,1,0,6,Move,running,2.996698270701673,0.38271216508561184,-0.8890329769783046,1.470785939581101,-0.14201192677919192,1.0573116564559937
2026-07-17T10:00:04.499+07:00,3702000705278,21.214946444,1784257204499325652,right,1,0,6,Move,running,0.14472888921389765,2.4303986272933766,0.5634774200215996,-1.586841218695501,3.3193561673832974,1.4133686246871955
2026-07-17T10:00:04.548+07:00,3702049753139,21.263994305,1784257204535186837,left,1,0,6,Move,running,2.9968834010489003,0.37696126442542666,-0.8936880268030881,1.4690596828573477,-0.14127243170171708,1.0467843130874628
2026-07-17T10:00:04.570+07:00,3702071831430,21.286072596,1784257204570485168,right,1,0,6,Move,running,0.14491118594115876,2.4250840165234666,0.5579823256300122,-1.5886511324999646,3.319948710805436,1.4024246248245251
2026-07-17T10:00:04.604+07:00,3702105337744,21.319578910,1784257204603665857,left,1,0,6,Move,running,2.9970685313961276,0.37121036376524125,-0.8983430766278717,1.4673334261335949,-0.14053293662424224,1.036256969718932
2026-07-17T10:00:04.634+07:00,3702135708895,21.349950061,1784257204634204219,right,1,0,6,Move,running,0.14507322747650195,2.4203599180613242,0.5530977972819344,-1.590259944770599,3.3204754160695593,1.3926966249465957
2026-07-17T10:00:04.667+07:00,3702168220570,21.382461736,1784257204666950854,left,1,0,6,Move,running,2.997233091704774,0.36609845206729885,-0.902480898694346,1.4657989757124814,-0.13987560766648682,1.026899331169127
2026-07-17T10:00:04.696+07:00,3702197263261,21.411504427,1784257204695732886,right,1,0,6,Move,running,0.1452150138199273,2.416226331906949,0.5488238349773664,-1.5916676555074039,3.3209362831756666,1.3841846250534076
2026-07-17T10:00:04.748+07:00,3702249337632,21.463578798,1784257204729102536,left,1,0,6,Move,running,2.99737708197484,0.36162552933159914,-0.906101493002511,1.464456331594007,-0.13930044482845083,1.0187113974380475
2026-07-17T10:00:04.773+07:00,3702274627104,21.488868270,1784257204773038591,right,1,0,6,Move,running,0.14541756573910625,2.4103212088292714,0.5427181745422692,-1.593678670845697,3.3215946647558208,1.372024625205996
2026-07-17T10:00:04.795+07:00,3702296060835,21.510302001,1784257204794471877,left,1,0,6,Move,running,2.997536996689409,0.3566579286579827,-0.9101225029297747,1.462965199235711,-0.13866167249311342,1.00961792824096
2026-07-17T10:00:04.836+07:00,3702337037421,21.551278587,1784257204835221147,right,1,0,6,Move,running,0.14555131380438435,2.406421967636842,0.5386865155298586,-1.5950065743868302,3.3220294039719045,1.3639951952210072
2026-07-17T10:00:04.861+07:00,3702362449229,21.576690395,1784257204860929617,left,1,0,6,Move,running,2.9976386984004213,0.35349866035994154,-0.9126797634714247,1.4620168767965163,-0.13825542945521885,1.0038347119880606
2026-07-17T10:00:04.948+07:00,3702449749717,21.663990883,1784257204923146478,left,1,0,6,Move,running,2.9976501464843754,0.3531430363655091,-0.9129676222801208,1.4619101285934448,-0.13820970058441162,1.0031837224960325
2026-07-17T10:00:04.948+07:00,3702449844667,21.664085833,1784257204905055908,right,1,0,6,Move,running,0.14560540491656665,2.404845015534193,0.5370560102999875,-1.5955436122816318,3.3222052235447594,1.3607478899446663
2026-07-17T10:00:04.966+07:00,3702467875160,21.682116326,1784257204966445176,right,1,0,6,Move,running,0.14560543000698092,2.4048442840576167,0.5370552539825438,-1.5955438613891602,3.322205305099487,1.360746383666992
2026-07-17T10:00:04.996+07:00,3702497057781,21.711298947,1784257204995541339,left,1,0,6,Move,running,2.9976501464843754,0.3531430363655091,-0.9129676222801208,1.4619101285934448,-0.13820970058441162,1.0031837224960325
2026-07-17T10:00:05.034+07:00,3702535201263,21.749442429,1784257205033597684,right,1,0,6,Move,running,0.14560543000698092,2.4048442840576167,0.5370552539825438,-1.5955438613891602,3.322205305099487,1.360746383666992
2026-07-17T10:00:05.060+07:00,3702561958971,21.776200137,1784257205060294078,left,1,0,6,Move,running,2.9976501464843754,0.3531430363655091,-0.9129676222801208,1.4619101285934448,-0.13820970058441162,1.0031837224960325
2026-07-17T10:00:05.096+07:00,3702597392408,21.811633574,1784257205096005011,right,1,0,6,Move,running,0.14560543000698092,2.4048442840576167,0.5370552539825438,-1.5955438613891602,3.322205305099487,1.360746383666992
2026-07-17T10:00:05.163+07:00,3702664398941,21.878640107,1784257205163106111,left,1,0,6,Move,delay,2.9976501464843754,0.3531430363655091,-0.9129676222801208,1.4619101285934448,-0.13820970058441162,1.0031837224960325
2026-07-17T10:00:05.184+07:00,3702685899632,21.900140798,1784257205184527468,right,1,0,6,Move,delay,0.14560543000698092,2.4048442840576167,0.5370552539825438,-1.5955438613891602,3.322205305099487,1.360746383666992
2026-07-17T10:00:05.226+07:00,3702727475535,21.941716701,1784257205225937257,left,1,0,6,Move,delay,2.9976501464843754,0.3531430363655091,-0.9129676222801208,1.4619101285934448,-0.13820970058441162,1.0031837224960325
2026-07-17T10:00:05.246+07:00,3702747622632,21.961863798,1784257205246359543,right,1,0,6,Move,delay,0.14560543000698092,2.4048442840576167,0.5370552539825438,-1.5955438613891602,3.322205305099487,1.360746383666992
2026-07-17T10:00:05.293+07:00,3702794810097,22.009051263,1784257205293253173,left,1,0,6,Move,delay,2.9976501464843754,0.3531430363655091,-0.9129676222801208,1.4619101285934448,-0.13820970058441162,1.0031837224960325
2026-07-17T10:00:05.348+07:00,3702849295148,22.063536314,1784257205306483073,right,1,0,6,Move,delay,0.14560543000698092,2.4048442840576167,0.5370552539825438,-1.5955438613891602,3.322205305099487,1.360746383666992
2026-07-17T10:00:05.357+07:00,3702858707696,22.072948862,1784257205357332441,left,1,0,6,Move,delay,2.9976501464843754,0.3531430363655091,-0.9129676222801208,1.4619101285934448,-0.13820970058441162,1.0031837224960325
2026-07-17T10:00:05.368+07:00,3702869730120,22.083971286,1784257205368418952,right,1,0,6,Move,delay,0.14560543000698092,2.4048442840576167,0.5370552539825438,-1.5955438613891602,3.322205305099487,1.360746383666992
2026-07-17T10:00:05.426+07:00,3702927449967,22.141691133,1784257205426126372,left,1,0,6,Move,delay,2.9976501464843754,0.3531430363655091,-0.9129676222801208,1.4619101285934448,-0.13820970058441162,1.0031837224960325
2026-07-17T10:00:05.429+07:00,3702930330527,22.144571693,1784257205428993083,right,1,0,6,Move,delay,0.14560543000698092,2.4048442840576167,0.5370552539825438,-1.5955438613891602,3.322205305099487,1.360746383666992
2026-07-17T10:00:05.491+07:00,3702992718314,22.206959480,1784257205491182199,left,1,0,6,Move,delay,2.9976501464843754,0.3531430363655091,-0.9129676222801208,1.4619101285934448,-0.13820970058441162,1.0031837224960325
2026-07-17T10:00:05.492+07:00,3702992976529,22.207217695,1784257205491102632,right,1,0,6,Move,delay,0.14560543000698092,2.4048442840576167,0.5370552539825438,-1.5955438613891602,3.322205305099487,1.360746383666992
2026-07-17T10:00:05.553+07:00,3703054306565,22.268547731,1784257205552774772,right,1,0,7,Pre_Place,running,0.14525982999324802,2.4048005400425008,0.537142420653268,-1.595476567660272,3.32186587785175,1.3607902551779998
2026-07-17T10:00:05.589+07:00,3703090302474,22.304543640,1784257205588742343,left,1,0,7,Pre_Place,running,2.999979512207032,0.3533428807259172,-0.9135081428760722,1.4631726326885355,-0.13623897296292775,1.0029452941835912
2026-07-17T10:00:05.614+07:00,3703115686056,22.329927222,1784257205614141829,right,1,0,7,Pre_Place,running,0.14095902982234956,2.404256170076612,0.5382271614445019,-1.5946391345896633,3.317641894324348,1.3613362117594308
2026-07-17T10:00:05.674+07:00,3703175852519,22.390093685,1784257205674419372,left,1,0,7,Pre_Place,running,3.009266644926072,0.35413965603698516,-0.9156631872571018,1.468206210273797,-0.12838172289876543,1.0019946854577562
2026-07-17T10:00:05.678+07:00,3703179476314,22.393717480,1784257205678123946,right,1,0,7,Pre_Place,running,0.13213342969417574,2.4031390775706094,0.5404531398870553,-1.5929206521860135,3.3089739283460426,1.3624565601326613
2026-07-17T10:00:05.747+07:00,3703248961940,22.463203106,1784257205737674423,left,1,0,7,Pre_Place,running,3.0184870512676247,0.3549307066608126,-0.9178027480320259,1.4732036225098357,-0.12058092576250379,1.0010509066845663
2026-07-17T10:00:05.761+07:00,3703262636515,22.476877681,1784257205761191733,right,1,0,7,Pre_Place,running,0.11875742986202244,2.4014460222592673,0.5438268127072096,-1.5903161357781834,3.2958368374075135,1.3641545500069634
2026-07-17T10:00:05.804+07:00,3703305298232,22.519539398,1784257205803719081,left,1,0,7,Pre_Place,running,3.0288600084018715,0.3558206386126184,-0.9202097539038158,1.4788257112753789,-0.11180502898420946,0.9999891555647279
2026-07-17T10:00:05.830+07:00,3703331012484,22.545253650,1784257205829477655,right,1,0,7,Pre_Place,running,0.11024542996883395,2.4003686234247774,0.5459736954109441,-1.5886587162459282,3.287476870446631,1.365235089017883
2026-07-17T10:00:05.867+07:00,3703368294548,22.582535714,1784257205866757646,left,1,0,7,Pre_Place,running,3.03692786395073,0.35651280790846734,-0.9220818695818747,1.4831984469819124,-0.10497933148998055,0.9991633491381868
2026-07-17T10:00:05.901+07:00,3703402781516,22.617022682,1784257205901314188,right,1,0,7,Pre_Place,running,0.09808543012142182,2.3988294822326486,0.5490406707019935,-1.5862909740569917,3.275534060502513,1.36677871617634
2026-07-17T10:00:05.965+07:00,3703466238074,22.680479240,1784257205964882670,right,1,0,7,Pre_Place,running,0.08835743024349212,2.3975981692789445,0.5514942509348328,-1.5843967803058427,3.2659798125472195,1.3680136179031053
2026-07-17T10:00:05.976+07:00,3703477240647,22.691481813,1784257205975922131,left,1,0,7,Pre_Place,running,3.053063575048447,0.3578971465001653,-0.925826100937992,1.4919439183949799,-0.09132793650152272,0.9975117362851047
2026-07-17T10:00:06.039+07:00,3703540934051,22.755175217,1784257206039258710,left,1,0,7,Pre_Place,running,3.06228398139,0.35868819712399275,-0.9279656617129163,1.4969413306310182,-0.08352713936526109,0.996567957511915
2026-07-17T10:00:06.042+07:00,3703543160195,22.757401361,1784257206041591732,right,1,0,7,Pre_Place,running,0.07619743039607998,2.3960590280868153,0.5545612262258822,-1.5820290381169062,3.2540370026031016,1.369557245061562
2026-07-17T10:00:06.101+07:00,3703602655038,22.816896204,1784257206100899845,left,1,0,7,Pre_Place,running,3.0715043877315527,0.3594792477478201,-0.9301052224878406,1.5019387428670565,-0.07572634222899949,0.9956241787387251
2026-07-17T10:00:06.160+07:00,3703661148408,22.875389574,1784257206107190277,right,1,0,7,Pre_Place,running,0.06646943051815028,2.394827715133112,0.5570148064587217,-1.5801348443657572,3.244482754647808,1.3707921467883275
2026-07-17T10:00:06.175+07:00,3703676208183,22.890449349,1784257206174863516,right,1,0,7,Pre_Place,running,0.056741430640220566,2.3935964021794094,0.5594683866915612,-1.5782406506146078,3.2349285066925133,1.3720270485150927
2026-07-17T10:00:06.176+07:00,3703677354217,22.891595383,1784257206175967202,left,1,0,7,Pre_Place,running,3.0818773448657995,0.36036917969962595,-0.9325122283596303,1.5075608316325997,-0.0669504454507052,0.9945624276188866
2026-07-17T10:00:06.241+07:00,3703742939942,22.957181108,1784257206241419602,left,1,0,7,Pre_Place,running,3.0910977512073523,0.3611602303234534,-0.9346517891345546,1.512558243868638,-0.05914964831444365,0.9936186488456968
2026-07-17T10:00:06.257+07:00,3703757988756,22.972229922,1784257206256632201,right,1,0,7,Pre_Place,running,0.04458143079280843,2.3920572609872797,0.5625353619826104,-1.5758729084256715,3.2229856967483954,1.3735706756735495
2026-07-17T10:00:06.359+07:00,3703860487164,23.074728330,1784257206307577523,left,1,0,7,Pre_Place,running,3.1014707083415987,0.36205016227525916,-0.9370587950063445,1.5181803326341812,-0.050373751536149376,0.9925568977258583
2026-07-17T10:00:06.359+07:00,3703860571621,23.074812787,1784257206320332985,right,1,0,7,Pre_Place,running,0.03485343091487872,2.3908259480335765,0.56498894221545,-1.5739787146745223,3.2134314487931017,1.374805577400315
2026-07-17T10:00:06.386+07:00,3703887020184,23.101261350,1784257206385714778,left,1,0,7,Pre_Place,running,3.1118436654758455,0.362940094227065,-0.9394658008781342,1.5238024213997243,-0.04159785475785509,0.9914951466060198
2026-07-17T10:00:06.386+07:00,3703887244485,23.101485651,1784257206385994753,right,1,0,7,Pre_Place,running,0.02390943105220779,2.38944072096066,0.5677492199773945,-1.5718477467044798,3.2026829198433955,1.376194841842926
2026-07-17T10:00:06.455+07:00,3703956909826,23.171150992,1784257206455311023,right,1,0,7,Pre_Place,running,0.014181431174278093,2.3882094080069574,0.5702028002102338,-1.5699535529533304,3.1931286718881013,1.3774297435696914
2026-07-17T10:00:06.467+07:00,3703968430451,23.182671617,1784257206467065858,left,1,0,7,Pre_Place,running,3.124521724195481,0.36402778883482767,-0.9424076969436551,1.5306738632242773,-0.03087175869549544,0.9901974507928838
2026-07-17T10:00:06.549+07:00,3704050244179,23.264485345,1784257206529322476,left,1,0,7,Pre_Place,running,3.132589579744339,0.36471995813067665,-0.9442798126217138,1.5350465989308109,-0.02404606120126657,0.9893716443663426
2026-07-17T10:00:06.549+07:00,3704050392449,23.264633615,1784257206515912830,right,1,0,7,Pre_Place,running,0.004453431296348399,2.3869780950532533,0.5726563804430734,-1.568059359202181,3.1835744239328068,1.3786646452964566
2026-07-17T10:00:06.590+07:00,3704091763219,23.306004385,1784257206590158211,left,1,0,7,Pre_Place,running,3.141809986085892,0.36551100875450404,-0.9464193733966381,1.5400440111668492,-0.01624526406500499,0.9884278655931529
2026-07-17T10:00:06.608+07:00,3704109643985,23.323885151,1784257206608108237,right,1,0,7,Pre_Place,running,-0.00892256853580478,2.3852850397419116,0.5760300532632276,-1.565454842794351,3.1704373329942777,1.3803626351707592
2026-07-17T10:00:06.653+07:00,3704154959129,23.369200295,1784257206653493023,left,1,0,7,Pre_Place,running,3.1510303924274443,0.3663020593783314,-0.9485589341715623,1.5450414234028875,-0.00844446692874341,0.9874840868199631
2026-07-17T10:00:06.675+07:00,3704176747312,23.390988478,1784257206675381210,right,1,0,7,Pre_Place,running,-0.019866568398475563,2.383899812668995,0.578790331025172,-1.5633238748243083,3.159688804044572,1.3817518996133702
2026-07-17T10:00:06.747+07:00,3704248773789,23.463014955,1784257206730791287,left,1,0,7,Pre_Place,running,3.1614033495616916,0.36719199133013725,-0.9509659400433522,1.550663512168431,0.0003314298495508517,0.9864223357001247
2026-07-17T10:00:06.751+07:00,3704252302407,23.466543573,1784257206750920767,right,1,0,7,Pre_Place,running,-0.030810568261146344,2.3825145855960788,0.5815506087871163,-1.5611929068542656,3.1489402750948665,1.3831411640559814
2026-07-17T10:00:06.798+07:00,3704299839835,23.514081001,1784257206798148083,left,1,0,7,Pre_Place,running,3.1717763066959384,0.3680819232819431,-0.953372945915142,1.556285600933974,0.009107326627845129,0.9853605845802862
2026-07-17T10:00:06.812+07:00,3704313728307,23.527969473,1784257206812437102,right,1,0,7,Pre_Place,running,-0.04053856813907593,2.3812832726423756,0.5840041890199558,-1.5592987131031166,3.139386027139572,1.3843760657827464
2026-07-17T10:00:06.863+07:00,3704364741946,23.578983112,1784257206863154229,left,1,0,7,Pre_Place,running,3.180996713037491,0.36887297390577045,-0.9555125066900663,1.5612830131700124,0.016908123764106695,0.9844168058070965
2026-07-17T10:00:06.877+07:00,3704378877404,23.593118570,1784257206877571108,right,1,0,7,Pre_Place,running,-0.05026656801700555,2.3800519596886724,0.5864577692527952,-1.5574045193519674,3.1298317791842782,1.3856109675095118
2026-07-17T10:00:06.948+07:00,3704449421508,23.663662674,1784257206928016644,left,1,0,7,Pre_Place,running,3.1902171193790436,0.3696640245295978,-0.9576520674649905,1.566280425406051,0.02470892090036826,0.9834730270339067
2026-07-17T10:00:06.948+07:00,3704449521412,23.663762578,1784257206942879284,right,1,0,7,Pre_Place,running,-0.05999456789493509,2.3788206467349693,0.5889113494856347,-1.5555103256008185,3.120277531228984,1.3868458692362775
2026-07-17T10:00:06.994+07:00,3704495631229,23.709872395,1784257206993960576,left,1,0,7,Pre_Place,running,3.1994375257205965,0.37045507515342524,-0.9597916282399148,1.5712778376420893,0.032509718036629824,0.9825292482607167
2026-07-17T10:00:07.003+07:00,3704504668495,23.718909661,1784257207003366743,right,1,0,7,Pre_Place,running,-0.06972256777286467,2.377589333781266,0.5913649297184742,-1.5536161318496693,3.1107232832736904,1.3880807709630425
2026-07-17T10:00:07.063+07:00,3704564088931,23.778330097,1784257207062417717,left,1,0,7,Pre_Place,running,3.2098104828548424,0.371345007105231,-0.9621986341117046,1.5768999264076322,0.0412856148149241,0.9814674971408782
2026-07-17T10:00:07.065+07:00,3704566395581,23.780636747,1784257207064930732,right,1,0,7,Pre_Place,running,-0.07945056765079427,2.376358020827562,0.5938185099513136,-1.55172193809852,3.101169035318396,1.389315672689808
2026-07-17T10:00:07.149+07:00,3704650546420,23.864787586,1784257207126132845,left,1,0,7,Pre_Place,running,3.2177178222351874,0.3720234051625322,-0.9640335026137525,1.5811856631864727,0.0479755098269971,0.9806581207660059
2026-07-17T10:00:07.149+07:00,3704650648744,23.864889910,1784257207143734093,right,1,0,7,Pre_Place,running,-0.08793298237912173,2.375284366709066,0.5959579307331115,-1.5500702792606635,3.0928381251013897,1.3903924560704202
2026-07-17T10:00:07.192+07:00,3704693289820,23.907530986,1784257207191860366,left,1,0,7,Pre_Place,running,3.2211107689101235,0.37231449781988346,-0.9648208231881602,1.583024622620737,0.05084606538874599,0.9803108268473052
2026-07-17T10:00:07.245+07:00,3704746393748,23.960634914,1784257207244765959,right,1,0,7,Pre_Place,running,-0.09028510749340057,2.374986648559571,0.5965511798858641,-1.549612283706665,3.0905280113220215,1.390691041946411
2026-07-17T10:00:07.257+07:00,3704758219016,23.972460182,1784257207256905189,left,1,0,7,Pre_Place,running,3.2212321758270264,0.3723249137401581,-0.9648489952087402,1.5830904245376587,0.05094878003001211,0.9802983999252319
2026-07-17T10:00:07.350+07:00,3704850975307,24.065216473,1784257207323336881,left,1,0,7,Pre_Place,delay,3.2212321758270264,0.3723249137401581,-0.9648489952087402,1.5830904245376587,0.05094878003001211,0.9802983999252319
2026-07-17T10:00:07.350+07:00,3704851088273,24.065329439,1784257207309013898,right,1,0,7,Pre_Place,delay,-0.09028510749340057,2.374986648559571,0.5965511798858641,-1.549612283706665,3.0905280113220215,1.390691041946411
2026-07-17T10:00:07.374+07:00,3704875541421,24.089782587,1784257207374005242,right,1,0,7,Pre_Place,delay,-0.09028510749340057,2.374986648559571,0.5965511798858641,-1.549612283706665,3.0905280113220215,1.390691041946411
2026-07-17T10:00:07.388+07:00,3704889566622,24.103807788,1784257207388273500,left,1,0,7,Pre_Place,delay,3.2212321758270264,0.3723249137401581,-0.9648489952087402,1.5830904245376587,0.05094878003001211,0.9802983999252319
2026-07-17T10:00:07.449+07:00,3704950432565,24.164673731,1784257207448973205,right,1,0,7,Pre_Place,delay,-0.09028510749340057,2.374986648559571,0.5965511798858641,-1.549612283706665,3.0905280113220215,1.390691041946411
2026-07-17T10:00:07.450+07:00,3704951643803,24.165884969,1784257207450297003,left,1,0,7,Pre_Place,delay,3.2212321758270264,0.3723249137401581,-0.9648489952087402,1.5830904245376587,0.05094878003001211,0.9802983999252319
2026-07-17T10:00:07.550+07:00,3705051788187,24.266029353,1784257207524290487,left,1,0,7,Pre_Place,delay,3.2212321758270264,0.3723249137401581,-0.9648489952087402,1.5830904245376587,0.05094878003001211,0.9802983999252319
2026-07-17T10:00:07.550+07:00,3705051883938,24.266125104,1784257207517960437,right,1,0,7,Pre_Place,delay,-0.09028510749340057,2.374986648559571,0.5965511798858641,-1.549612283706665,3.0905280113220215,1.390691041946411
2026-07-17T10:00:07.579+07:00,3705080511265,24.294752431,1784257207578908929,right,1,0,7,Pre_Place,delay,-0.09028510749340057,2.374986648559571,0.5965511798858641,-1.549612283706665,3.0905280113220215,1.390691041946411
2026-07-17T10:00:07.591+07:00,3705092963192,24.307204358,1784257207591644582,left,1,0,7,Pre_Place,delay,3.2212321758270264,0.3723249137401581,-0.9648489952087402,1.5830904245376587,0.05094878003001211,0.9802983999252319
2026-07-17T10:00:07.643+07:00,3705144053354,24.358294520,1784257207642331558,right,1,0,7,Pre_Place,delay,-0.09028510749340057,2.374986648559571,0.5965511798858641,-1.549612283706665,3.0905280113220215,1.390691041946411
2026-07-17T10:00:07.679+07:00,3705180127260,24.394368426,1784257207678768043,left,1,0,7,Pre_Place,delay,3.2212321758270264,0.3723249137401581,-0.9648489952087402,1.5830904245376587,0.05094878003001211,0.9802983999252319
2026-07-17T10:00:07.747+07:00,3705248706886,24.462948052,1784257207743287050,left,1,0,7,Pre_Place,delay,3.2212321758270264,0.3723249137401581,-0.9648489952087402,1.5830904245376587,0.05094878003001211,0.9802983999252319
2026-07-17T10:00:07.747+07:00,3705248800596,24.463041762,1784257207707745753,right,1,0,7,Pre_Place,delay,-0.09028510749340057,2.374986648559571,0.5965511798858641,-1.549612283706665,3.0905280113220215,1.390691041946411
2026-07-17T10:00:07.771+07:00,3705272670173,24.486911339,1784257207771179146,right,1,0,7,Pre_Place,delay,-0.09028510749340057,2.374986648559571,0.5965511798858641,-1.549612283706665,3.0905280113220215,1.390691041946411
2026-07-17T10:00:07.807+07:00,3705308233680,24.522474846,1784257207806778604,left,1,0,7,Pre_Place,delay,3.2212882274937633,0.37232054115794433,-0.9648367294456989,1.5831211320865315,0.05099553458947299,0.9803053788725447
2026-07-17T10:00:07.839+07:00,3705340690453,24.554931619,1784257207839185286,right,1,0,7,Pre_Place,delay,-0.09052477803516387,2.375021937801831,0.5964811637278735,-1.5495680485576488,3.0902928431871146,1.3906503918097168
2026-07-17T10:00:07.869+07:00,3705370304998,24.584546164,1784257207868784270,left,1,0,7,Pre_Place,delay,3.221985759346486,0.3722661268015072,-0.9646840888389616,1.583503270472503,0.051577369107208476,0.9803922279946593
2026-07-17T10:00:07.949+07:00,3705450127103,24.664368269,1784257207933418736,left,1,0,8,Place,running,3.2234171528637408,0.37215446400539853,-0.964370857587799,1.5842874503006206,0.05277134204701332,0.9805704496341292
2026-07-17T10:00:07.949+07:00,3705450227868,24.664469034,1784257207904614472,right,1,0,8,Place,running,-0.09158998044300078,2.3751787788785426,0.5961699808034711,-1.5493714478953557,3.0892476514764167,1.3904697245355213
2026-07-17T10:00:07.969+07:00,3705470516824,24.684757990,1784257207969051750,right,1,0,8,Place,running,-0.09346407081604004,2.3754547211312067,0.5956224933789341,-1.549025553626035,3.087408767421529,1.3901518630691916
2026-07-17T10:00:07.999+07:00,3705500033062,24.714274228,1784257207998552536,left,1,0,8,Place,running,3.2249949035465724,0.3720313839084976,-0.964025599058647,1.5851518109703875,0.054087396366352514,0.9807668940849238
2026-07-17T10:00:08.030+07:00,3705531738574,24.745979740,1784257208030224395,right,1,0,8,Place,running,-0.09493981987953186,2.3756720113573375,0.595191375399963,-1.5487531798113245,3.085960741509379,1.389901563634327
2026-07-17T10:00:08.061+07:00,3705562371964,24.776613130,1784257208060845666,left,1,0,8,Place,running,3.2265726542294026,0.3719083038115967,-0.963680340529495,1.5860161716401537,0.05540345068569171,0.9809633385357186
2026-07-17T10:00:08.096+07:00,3705597552321,24.811793487,1784257208096053147,right,1,0,8,Place,running,-0.09662639023780822,2.3759203430443443,0.594698669138282,-1.5484418954516554,3.0843058547526363,1.3896155071373393
2026-07-17T10:00:08.148+07:00,3705649941588,24.864182754,1784257208123008107,left,1,0,8,Place,running,3.2279531860768795,0.37180060872680837,-0.963378239316487,1.5867724872261997,0.05655499821511351,0.981135227430164
2026-07-17T10:00:08.161+07:00,3705662213995,24.876455161,1784257208160792347,right,1,0,8,Place,running,-0.09831296059608459,2.3761686747313506,0.5942059628766007,-1.548130611091986,3.0826509679958938,1.3893294506403515
2026-07-17T10:00:08.184+07:00,3705685325834,24.899567000,1784257208184009378,left,1,0,8,Place,running,3.2295309367597107,0.3716775286299074,-0.9630329807873349,1.5876368478959664,0.057871052534452704,0.9813316718809588
2026-07-17T10:00:08.225+07:00,3705726318640,24.940559806,1784257208224757977,right,1,0,8,Place,running,-0.10021035224914551,2.376448047879233,0.5936516683322092,-1.5477804161873583,3.0807892203945584,1.3890076370812399
2026-07-17T10:00:08.244+07:00,3705745742284,24.959983450,1784257208244360649,left,1,0,8,Place,running,3.231108687442541,0.37155444853300645,-0.962687722258183,1.588501208565733,0.05918710685379189,0.9815281163317536
2026-07-17T10:00:08.287+07:00,3705788426735,25.002667901,1784257208286943215,right,1,0,8,Place,running,-0.10168610131263733,2.3766653381053637,0.5932205503532382,-1.5475080423726477,3.0793411944824083,1.3887573376463758
2026-07-17T10:00:08.348+07:00,3705849152006,25.063393172,1784257208322851632,left,1,0,8,Place,running,3.23308087579608,0.3714005984118802,-0.962256149096743,1.5895816594029413,0.0608321747529659,0.9817736718952471
2026-07-17T10:00:08.354+07:00,3705855944192,25.070185358,1784257208354496741,right,1,0,8,Place,running,-0.10358349296569826,2.376944711253246,0.5926662558088468,-1.54715784746802,3.0774794468810733,1.3884355240872646
2026-07-17T10:00:08.388+07:00,3705889811084,25.104052250,1784257208388288656,left,1,0,8,Place,running,3.23465862647891,0.3712775183149793,-0.9619108905675909,1.590446020072708,0.0621482290723051,0.9819701163460418
2026-07-17T10:00:08.433+07:00,3705934350406,25.148591572,1784257208432823782,right,1,0,8,Place,running,-0.10569170591354372,2.3772551258620043,0.5920503729817452,-1.5467687420184335,3.075410838435145,1.3880779534660297
2026-07-17T10:00:08.452+07:00,3705953143526,25.167384692,1784257208451704776,left,1,0,8,Place,running,3.2362363771617417,0.3711544382180783,-0.9615656320384389,1.5913103807424744,0.06346428339164431,0.9821665607968365
2026-07-17T10:00:08.495+07:00,3705996747957,25.210989123,1784257208495170722,right,1,0,8,Place,running,-0.10716745497703555,2.377472416088135,0.5916192550027741,-1.5464963682037232,3.073962812522995,1.3878276540311651
2026-07-17T10:00:08.548+07:00,3706048982786,25.263223952,1784257208521727635,left,1,0,8,Place,running,3.237814127844572,0.3710313581211774,-0.9612203735092868,1.5921747414122416,0.06478033771098352,0.9823630052476313
2026-07-17T10:00:08.563+07:00,3706064446511,25.278687677,1784257208562968026,right,1,0,8,Place,running,-0.10906484663009645,2.3777517892360174,0.5910649604583827,-1.546146173299095,3.07210106492166,1.387505840472054
2026-07-17T10:00:08.587+07:00,3706088242925,25.302484091,1784257208586772861,left,1,0,8,Place,running,3.239589097362757,0.37089289301216377,-0.960831957663991,1.5931471471657286,0.06626089882024011,0.9825840052547755
2026-07-17T10:00:08.625+07:00,3706126351919,25.340593085,1784257208624834935,right,1,0,8,Place,running,-0.11054059569358825,2.3779690794621478,0.5906338424794116,-1.5458737994843845,3.0706530390095104,1.3872555410371894
2026-07-17T10:00:08.686+07:00,3706187692015,25.401933181,1784257208686368606,left,1,0,8,Place,running,3.241955723387003,0.37070827286681235,-0.9603140698702628,1.5944436881703785,0.06823498029924892,0.9828786719309676
2026-07-17T10:00:08.748+07:00,3706249636225,25.463877391,1784257208706199046,right,1,0,8,Place,running,-0.11285962993621826,2.378310535531782,0.5899563713696,-1.5454457834898394,3.0683775697189897,1.386862213353831
2026-07-17T10:00:08.751+07:00,3706252489805,25.466730971,1784257208751199852,left,1,0,8,Place,running,3.243533474069834,0.3705851927699114,-0.9599688113411108,1.5953080488401452,0.06955103461858812,0.9830751163817624
2026-07-17T10:00:08.770+07:00,3706271958849,25.486200015,1784257208770582267,right,1,0,8,Place,running,-0.1145462002944946,2.3785588672187887,0.5894636651079187,-1.5451344991301703,3.0667226829622467,1.3865761568568435
2026-07-17T10:00:08.821+07:00,3706322109315,25.536350481,1784257208820632599,left,1,0,8,Place,running,3.245308443588019,0.3704467276608978,-0.9595803954958148,1.596280454593633,0.07103159572784472,0.9832961163889066
2026-07-17T10:00:08.859+07:00,3706360145253,25.574386419,1784257208858529986,right,1,0,8,Place,running,-0.11686523453712461,2.3789003232884225,0.588786193998107,-1.5447064831356252,3.064447213671726,1.386182829173485
2026-07-17T10:00:08.886+07:00,3706387962668,25.602203834,1784257208886609049,left,1,0,8,Place,running,3.246886194270849,0.3703236475639969,-0.9592351369666627,1.5971448152633994,0.07234765004718392,0.9834925608397013
2026-07-17T10:00:08.967+07:00,3706468904609,25.683145775,1784257208950942032,left,1,0,8,Place,running,3.2484639449536807,0.37020056746709595,-0.9588898784375108,1.598009175933166,0.07366370436652313,0.983689005290496
2026-07-17T10:00:08.968+07:00,3706469011393,25.683252559,1784257208942522218,right,1,0,8,Place,running,-0.11897344748497005,2.3792107378971807,0.5881703111710056,-1.5443173776860388,3.0623786052257977,1.3858252585522501
2026-07-17T10:00:09.017+07:00,3706518041950,25.732283116,1784257209016369561,left,1,0,8,Place,running,3.250041695636511,0.37007748737019497,-0.9585446199083587,1.5988735366029327,0.07497975868586232,0.9838854497412908
2026-07-17T10:00:09.020+07:00,3706521524056,25.735765222,1784257209020064205,right,1,0,8,Place,running,-0.1210816604328155,2.3795211525059394,0.587554428343904,-1.5439282722364522,3.06030999677987,1.3854676879310155
2026-07-17T10:00:09.082+07:00,3706583963344,25.798204510,1784257209082230632,left,1,0,8,Place,running,3.251619446319342,0.36995440727329404,-0.9581993613792067,1.5997378972726994,0.07629581300520152,0.9840818941920855
2026-07-17T10:00:09.088+07:00,3706589032289,25.803273455,1784257209087621219,right,1,0,8,Place,running,-0.12276823079109186,2.3797694841929458,0.5870617220822227,-1.5436169878767831,3.0586551100231274,1.3851816314340275
2026-07-17T10:00:09.148+07:00,3706649833869,25.864075035,1784257209148646545,right,1,0,8,Place,running,-0.1244548011493682,2.380017815879952,0.5865690158205414,-1.543305703517114,3.057000223266384,1.3848955749370395
2026-07-17T10:00:09.159+07:00,3706660861401,25.875102567,1784257209159529367,left,1,0,8,Place,running,3.2535916346728806,0.3698005571521678,-0.9577677882177665,1.6008183481099079,0.07794088090437552,0.9843274497555791
2026-07-17T10:00:09.217+07:00,3706718064865,25.932306031,1784257209216620971,right,1,0,8,Place,running,-0.1261413715076446,2.3802661475669584,0.5860763095588604,-1.5429944191574447,3.0553453365096415,1.384609518440052
2026-07-17T10:00:09.237+07:00,3706738636096,25.952877262,1784257209237340527,left,1,0,8,Place,running,3.255563823026419,0.3696467070310417,-0.9573362150563267,1.601898798947116,0.07958594880354954,0.9845730053190724
2026-07-17T10:00:09.281+07:00,3706782766609,25.997007775,1784257209281071599,right,1,0,8,Place,running,-0.1280387631607055,2.3805455207148407,0.5855220150144689,-1.542644224252817,3.0534835889083065,1.3842877048809406
2026-07-17T10:00:09.303+07:00,3706804101727,26.018342893,1784257209302856260,left,1,0,8,Place,running,3.257101645995608,0.3695267416891635,-0.9569996938922314,1.6027412854730894,0.08086869808897444,0.9847644784028046
2026-07-17T10:00:09.348+07:00,3706849120581,26.063361747,1784257209346981555,right,1,0,8,Place,running,-0.12935053133472857,2.3807386662910206,0.585138801595566,-1.542402115814185,3.052196463370701,1.3840652179820812
2026-07-17T10:00:09.383+07:00,3706884231688,26.098472854,1784257209382639116,left,1,0,8,Place,running,3.258141004014466,0.36944566152417424,-0.9567722516069843,1.6033106911485764,0.08173566118076245,0.9848938880220908
2026-07-17T10:00:09.411+07:00,3706912633413,26.126874579,1784257209411290378,right,1,0,8,Place,running,-0.1298133129397936,2.3808068065474512,0.5850036068831204,-1.542316701840856,3.051742375496021,1.3839867263353105
2026-07-17T10:00:09.448+07:00,3706949894494,26.164135660,1784257209448411467,left,1,0,8,Place,running,3.258210659027099,0.3694402277469635,-0.9567570090293884,1.6033488512039185,0.08179376274347304,0.984902560710907
2026-07-17T10:00:09.488+07:00,3706989285322,26.203526488,1784257209487742011,right,1,0,8,Place,running,-0.12981410324573517,2.380806922912598,0.5850033760070801,-1.5423165559768677,3.0517416000366224,1.3839865922927859
2026-07-17T10:00:09.547+07:00,3707048717601,26.262958767,1784257209522062397,left,1,0,8,Place,delay,3.258210659027099,0.3694402277469635,-0.9567570090293884,1.6033488512039185,0.08179376274347304,0.984902560710907
2026-07-17T10:00:09.552+07:00,3707053816874,26.268058040,1784257209552564232,right,1,0,8,Place,delay,-0.12981410324573517,2.380806922912598,0.5850033760070801,-1.5423165559768677,3.0517416000366224,1.3839865922927859
2026-07-17T10:00:09.586+07:00,3707087711720,26.301952886,1784257209586117291,left,1,0,8,Place,delay,3.258210659027099,0.3694402277469635,-0.9567570090293884,1.6033488512039185,0.08179376274347304,0.984902560710907
2026-07-17T10:00:09.618+07:00,3707119248704,26.333489870,1784257209617490807,right,1,0,8,Place,delay,-0.12981410324573517,2.380806922912598,0.5850033760070801,-1.5423165559768677,3.0517416000366224,1.3839865922927859
2026-07-17T10:00:09.650+07:00,3707151462672,26.365703838,1784257209650257548,left,1,0,8,Place,delay,3.258210659027099,0.3694402277469635,-0.9567570090293884,1.6033488512039185,0.08179376274347304,0.984902560710907
2026-07-17T10:00:09.698+07:00,3707199422968,26.413664134,1784257209698001005,right,1,0,8,Place,delay,-0.12981410324573517,2.380806922912598,0.5850033760070801,-1.5423165559768677,3.0517416000366224,1.3839865922927859
2026-07-17T10:00:09.748+07:00,3707249598466,26.463839632,1784257209732598241,left,1,0,8,Place,delay,3.258210659027099,0.3694402277469635,-0.9567570090293884,1.6033488512039185,0.08179376274347304,0.984902560710907
2026-07-17T10:00:09.775+07:00,3707276806087,26.491047253,1784257209775313711,right,1,0,8,Place,delay,-0.12981410324573517,2.380806922912598,0.5850033760070801,-1.5423165559768677,3.0517416000366224,1.3839865922927859
2026-07-17T10:00:09.795+07:00,3707296036102,26.510277268,1784257209794724728,left,1,0,8,Place,delay,3.258210659027099,0.3694402277469635,-0.9567570090293884,1.6033488512039185,0.08179376274347304,0.984902560710907
2026-07-17T10:00:09.847+07:00,3707348122278,26.562363444,1784257209846238354,right,1,0,8,Place,delay,-0.12981410324573517,2.380806922912598,0.5850033760070801,-1.5423165559768677,3.0517416000366224,1.3839865922927859
2026-07-17T10:00:09.857+07:00,3707358397283,26.572638449,1784257209857037564,left,1,0,8,Place,delay,3.258210659027099,0.3694402277469635,-0.9567570090293884,1.6033488512039185,0.08179376274347304,0.984902560710907
2026-07-17T10:00:09.959+07:00,3707460290656,26.674531822,1784257209933929102,left,1,0,8,Place,delay,3.258210659027099,0.3694402277469635,-0.9567570090293884,1.6033488512039185,0.08179376274347304,0.984902560710907
2026-07-17T10:00:09.959+07:00,3707460456788,26.674697954,1784257209911862090,right,1,0,8,Place,delay,-0.12981410324573517,2.380806922912598,0.5850033760070801,-1.5423165559768677,3.0517416000366224,1.3839865922927859
2026-07-17T10:00:09.976+07:00,3707477389974,26.691631140,1784257209975922033,right,1,0,8,Place,delay,-0.12981410324573517,2.380806922912598,0.5850033760070801,-1.5423165559768677,3.0517416000366224,1.3839865922927859
2026-07-17T10:00:09.998+07:00,3707499523329,26.713764495,1784257209998082004,left,1,0,8,Place,delay,3.258210659027099,0.3694402277469635,-0.9567570090293884,1.6033488512039185,0.08179376274347304,0.984902560710907
2026-07-17T10:00:10.040+07:00,3707541144357,26.755385523,1784257210039530243,right,1,0,8,Place,delay,-0.12981410324573517,2.380806922912598,0.5850033760070801,-1.5423165559768677,3.0517416000366224,1.3839865922927859
2026-07-17T10:00:10.061+07:00,3707562252558,26.776493724,1784257210060797915,left,1,0,8,Place,delay,3.2582366838359826,0.369436923107165,-0.9567478187999078,1.6033626807585761,0.08181573043165044,0.9849075887345652
2026-07-17T10:00:10.104+07:00,3707605193466,26.819434632,1784257210103702526,right,1,0,8,Place,delay,-0.1300693844499588,2.3808662548776707,0.5848852772947103,-1.5422631277186798,3.0514925240309245,1.3839192272965783
2026-07-17T10:00:10.148+07:00,3707649214844,26.863456010,1784257210126245157,left,1,0,9,Leave1,running,3.258861279249191,0.36935761175200027,-0.9565272532923706,1.6036945900703639,0.08234295494790808,0.9850282613023624
2026-07-17T10:00:10.168+07:00,3707669162111,26.883403277,1784257210167740869,right,1,0,9,Leave1,running,-0.13120396757984162,2.3811299525002134,0.5843603941286227,-1.5420256687933998,3.05038551956116,1.3836198273134352
2026-07-17T10:00:10.192+07:00,3707693202110,26.907443276,1784257210191983808,left,1,0,9,Leave1,running,3.2602872219324106,0.3691765450259217,-0.9560237052915489,1.6044523344351602,0.08354660122111783,0.9853037551043937
2026-07-17T10:00:10.261+07:00,3707762565047,26.976806213,1784257210260882679,right,1,0,9,Leave1,running,-0.13387378332376482,2.381750465925592,0.5831252785133518,-1.5414668982982722,3.0477805998473633,1.382915301776546
2026-07-17T10:00:10.275+07:00,3707776561275,26.990802441,1784257210275167706,left,1,0,9,Leave1,running,3.262347519421577,0.36891492769340095,-0.9552961454155623,1.6055471742422522,0.08528570996912067,0.9857018070003677
2026-07-17T10:00:10.349+07:00,3707850053187,27.064294353,1784257210347595439,left,1,0,9,Leave1,running,3.2644078169107433,0.3686533103608802,-0.9545685855395756,1.6066420140493436,0.08702481871712352,0.9860998588963417
2026-07-17T10:00:10.350+07:00,3707851729392,27.065970558,1784257210350447046,right,1,0,9,Leave1,running,-0.13634386515378952,2.382324557579971,0.5819825642094886,-1.5409499304699459,3.0453705590539615,1.3822634831139964
2026-07-17T10:00:10.412+07:00,3707913223105,27.127464271,1784257210411756447,right,1,0,9,Leave1,running,-0.1381402883028984,2.382742078783155,0.5811514992612243,-1.5405739538675265,3.043617802113306,1.3817894331775966
2026-07-17T10:00:10.430+07:00,3707931905827,27.146146993,1784257210430523215,left,1,0,9,Leave1,running,3.2664681143999093,0.3683916930283595,-0.953841025663589,1.6077368538564356,0.08876392746512637,0.9864979107923154
2026-07-17T10:00:10.493+07:00,3707994824152,27.209065318,1784257210493215211,right,1,0,9,Leave1,running,-0.14038581723928453,2.383263980287136,0.5801126680758941,-1.5401039831145025,3.0414268559374857,1.3811968707570965
2026-07-17T10:00:10.494+07:00,3707995284096,27.209525262,1784257210493874973,left,1,0,9,Leave1,running,3.268116352391243,0.368182399162343,-0.9532589777627997,1.6086127257021088,0.09015521446352864,0.9868163523090945
2026-07-17T10:00:10.555+07:00,3708055994640,27.270235806,1784257210554648946,right,1,0,9,Leave1,running,-0.1421822403883934,2.38368150149032,0.57928160312763,-1.5397280065120833,3.03967409899683,1.3807228208206968
2026-07-17T10:00:10.556+07:00,3708057320501,27.271561667,1784257210555979333,left,1,0,9,Leave1,running,3.2697645903825756,0.36797310529632643,-0.9526769298620101,1.6094885975477822,0.09154650146193091,0.9871347938258737
2026-07-17T10:00:10.617+07:00,3708118051433,27.332292599,1784257210616267049,right,1,0,9,Leave1,running,-0.1439786635375023,2.3840990226935044,0.5784505381793658,-1.5393520299096641,3.0379213420561735,1.3802487708842968
2026-07-17T10:00:10.619+07:00,3708120530889,27.334772055,1784257210618917330,left,1,0,9,Leave1,running,3.271412828373909,0.3677638114303099,-0.9520948819612209,1.6103644693934553,0.0929377884603332,0.9874532353426528
2026-07-17T10:00:10.684+07:00,3708185703617,27.399944783,1784257210684317429,left,1,0,9,Leave1,running,3.2730610663652415,0.36755451756429325,-0.9515128340604316,1.6112403412391285,0.09432907545873546,0.9877716768594319
2026-07-17T10:00:10.704+07:00,3708205432587,27.419673753,1784257210703990684,right,1,0,9,Leave1,running,-0.14644874536752697,2.384673114347883,0.5773078238755024,-1.5388350620813378,3.035511301262772,1.379596952221747
2026-07-17T10:00:10.748+07:00,3708249872800,27.464113966,1784257210746528642,left,1,0,9,Leave1,running,3.2747093043565743,0.3673452236982767,-0.9509307861596423,1.6121162130848021,0.09572036245713773,0.9880901183762111
2026-07-17T10:00:10.764+07:00,3708265827908,27.480069074,1784257210764645282,right,1,0,9,Leave1,running,-0.1480206156229973,2.38503844540067,0.5765806420457713,-1.538506082554221,3.0339776389396977,1.3791821585273971
2026-07-17T10:00:10.813+07:00,3708314096391,27.528337557,1784257210812412212,left,1,0,9,Leave1,running,3.276357542347908,0.3671359298322602,-0.950348738258853,1.6129920849304755,0.09711164945554002,0.9884085598929901
2026-07-17T10:00:10.832+07:00,3708333525032,27.547766198,1784257210831899997,right,1,0,9,Leave1,running,-0.15004159166574477,2.385508156754252,0.575645693978974,-1.5380831088764995,3.0320057873814594,1.3786488523489473
2026-07-17T10:00:10.877+07:00,3708378159871,27.592401037,1784257210876445854,left,1,0,9,Leave1,running,3.2780057803392406,0.36692663596624353,-0.9497666903580635,1.6138679567761487,0.09850293645394229,0.9887270014097693
2026-07-17T10:00:10.896+07:00,3708397706236,27.611947402,1784257210896352310,right,1,0,9,Leave1,running,-0.15183801481485368,2.385925677957436,0.5748146290307099,-1.5377071322740798,3.0302530304408037,1.3781748024125473
2026-07-17T10:00:10.958+07:00,3708459035703,27.673276869,1784257210941469024,left,1,0,9,Leave1,running,3.279654018330574,0.366717342100227,-0.9491846424572742,1.614743828621822,0.09989422345234454,0.9890454429265484
2026-07-17T10:00:10.963+07:00,3708464572587,27.678813753,1784257210963135586,right,1,0,9,Leave1,running,-0.15363443796396256,2.38634319916062,0.5739835640824457,-1.5373311556716607,3.028500273500148,1.3777007524761475
2026-07-17T10:00:11.008+07:00,3708509685094,27.723926260,1784257211007947073,left,1,0,9,Leave1,running,3.2813022563219065,0.3665080482342104,-0.9486025945564849,1.6156197004674953,0.10128551045074682,0.9893638844433276
2026-07-17T10:00:11.026+07:00,3708527241309,27.741482475,1784257211025785275,right,1,0,9,Leave1,running,-0.15543086111307144,2.3867607203638053,0.5731524991341814,-1.5369551790692415,3.026747516559492,1.3772267025397475
2026-07-17T10:00:11.071+07:00,3708572640728,27.786881894,1784257211071091111,left,1,0,9,Leave1,running,3.28295049431324,0.36629875436819387,-0.9480205466556956,1.6164955723131689,0.1026767974491491,0.9896823259601066
2026-07-17T10:00:11.094+07:00,3708595552629,27.809793795,1784257211094091166,right,1,0,9,Leave1,running,-0.15722728426218036,2.387178241566989,0.5723214341859172,-1.5365792024668223,3.0249947596188353,1.3767526526033478
2026-07-17T10:00:11.148+07:00,3708649148730,27.863389896,1784257211137865094,left,1,0,9,Leave1,running,3.284598732304573,0.36608946050217733,-0.9474384987549063,1.617371444158842,0.10406808444755133,0.9900007674768857
2026-07-17T10:00:11.155+07:00,3708656160528,27.870401694,1784257211154804387,right,1,0,9,Leave1,running,-0.15902370741128927,2.387595762770174,0.571490369237653,-1.5362032258644032,3.02324200267818,1.376278602666948
2026-07-17T10:00:11.202+07:00,3708703860189,27.918101355,1784257211202449931,left,1,0,9,Leave1,running,3.2864530000448218,0.36585400490290865,-0.9467836948665181,1.6183567999852246,0.10563328232075389,0.9903590141832623
2026-07-17T10:00:11.224+07:00,3708724966891,27.939208057,1784257211223641958,right,1,0,9,Leave1,running,-0.16082013056039815,2.388013283973358,0.5706593042893888,-1.5358272492619838,3.0214892457375235,1.375804552730548
2026-07-17T10:00:11.268+07:00,3708768970247,27.983211413,1784257211267419040,left,1,0,9,Leave1,running,3.2881012380361554,0.3656447110368921,-0.9462016469657288,1.6192326718308976,0.10702456931915615,0.9906774557000415
2026-07-17T10:00:11.291+07:00,3708792724524,28.006965690,1784257211291268653,right,1,0,9,Leave1,running,-0.16284110660314566,2.3884829953269406,0.5697243562225917,-1.5354042755842618,3.019517394179285,1.3752712465520982
2026-07-17T10:00:11.348+07:00,3708849641499,28.063882665,1784257211327793554,left,1,0,9,Leave1,running,3.2895434462785715,0.3654615789041276,-0.9456923550525382,1.6199990596958618,0.10824194544275814,0.9909560920272232
2026-07-17T10:00:11.355+07:00,3708856438500,28.070679666,1784257211355042029,right,1,0,9,Leave1,running,-0.16463752975225454,2.388900516530125,0.5688932912743274,-1.5350282989818427,3.0177646372386295,1.3747971966156984
2026-07-17T10:00:11.395+07:00,3708896435591,28.110676757,1784257211394920714,left,1,0,9,Leave1,running,3.2913977140188213,0.365226123304859,-0.9450375511641502,1.6209844155222444,0.10980714331596068,0.9913143387335995
2026-07-17T10:00:11.418+07:00,3708919570395,28.133811561,1784257211418373784,right,1,0,9,Leave1,running,-0.16643395290136342,2.389318037733309,0.5680622263260632,-1.5346523223794235,3.016011880297974,1.3743231466792984
2026-07-17T10:00:11.457+07:00,3708958885945,28.173127111,1784257211457455492,left,1,0,9,Leave1,running,3.2928399222612375,0.36504299117209454,-0.9445282592509596,1.6217508033872088,0.11102451943956268,0.9915929750607815
2026-07-17T10:00:11.481+07:00,3708982570147,28.196811313,1784257211481100849,right,1,0,9,Leave1,running,-0.1682303760504723,2.3897355589364935,0.567231161377799,-1.5342763457770043,3.0142591233573177,1.3738490967428985
2026-07-17T10:00:11.548+07:00,3709049160590,28.263401756,1784257211522339144,left,1,0,9,Leave1,running,3.294694190001487,0.3648075355728258,-0.9438734553625717,1.6227361592135914,0.11258971731276524,0.9919512217671578
2026-07-17T10:00:11.548+07:00,3709049245581,28.263486747,1784257211544298500,right,1,0,9,Leave1,running,-0.17002679919958116,2.390153080139678,0.5664000964295349,-1.533900369174585,3.012506366416662,1.3733750468064987
2026-07-17T10:00:11.588+07:00,3709089682198,28.303923364,1784257211588208971,left,1,0,9,Leave1,running,3.2960038735391386,0.36464123147578725,-0.9434109623501566,1.623432123597013,0.11369522858452186,0.9922042541656485
2026-07-17T10:00:11.608+07:00,3709109681119,28.323922285,1784257211608197491,right,1,0,9,Leave1,running,-0.17142400423275778,2.3904778158384117,0.5657537185818727,-1.5336079456431264,3.011143123674753,1.373006344723449
2026-07-17T10:00:11.649+07:00,3709150743432,28.364984598,1784257211649268540,left,1,0,9,Leave1,running,3.296768387248555,0.3645441532439373,-0.9431409870176922,1.623838385336659,0.11434055892492444,0.9923519591126921
2026-07-17T10:00:11.675+07:00,3709176310711,28.390551877,1784257211674825727,right,1,0,9,Leave1,running,-0.1719169247173852,2.3905923794666513,0.5655256826999824,-1.5335047814364275,3.0106621847595254,1.372876270178093
2026-07-17T10:00:11.748+07:00,3709249524521,28.463765687,1784257211722637710,left,1,0,9,Leave1,running,3.2968411445617676,0.36453491449356074,-0.9431152939796449,1.6238770484924316,0.11440197378396988,0.9923660159111023
2026-07-17T10:00:11.757+07:00,3709258358140,28.472599306,1784257211756976035,right,1,0,9,Leave1,running,-0.17191776633262634,2.390592575073242,0.5655252933502197,-1.533504605293274,3.010661363601684,1.3728760480880737
2026-07-17T10:00:11.788+07:00,3709289617002,28.503858168,1784257211788165206,left,1,0,9,Leave1,running,3.2968411445617676,0.36453491449356074,-0.9431152939796449,1.6238770484924316,0.11440197378396988,0.9923660159111023
2026-07-17T10:00:11.819+07:00,3709320771102,28.535012268,1784257211819297694,right,1,0,9,Leave1,running,-0.17191425856625145,2.3906661190272382,0.5653716933441162,-1.5334958733878568,3.010668657170362,1.3727956628506
2026-07-17T10:00:11.858+07:00,3709359257422,28.573498588,1784257211857607636,left,1,0,9,Leave1,running,3.296806660723667,0.36412958361578307,-0.9420266791191103,1.6237827086366703,0.11439901597332955,0.9930543631345045
2026-07-17T10:00:11.881+07:00,3709382516481,28.596757647,1784257211881174941,right,1,0,9,Leave1,running,-0.1718300721732533,2.3924311739231405,0.5616852931976318,-1.5332863076578427,3.0108437028186357,1.370866417151228
2026-07-17T10:00:11.959+07:00,3709460654030,28.674895196,1784257211938143720,left,1,0,10,Leave2,running,3.296596085804743,0.3616544381149858,-0.9353790726280214,1.6232066240540848,0.11438095415741575,0.997257742710054
2026-07-17T10:00:11.959+07:00,3709460759293,28.675000459,1784257211957967494,right,1,0,10,Leave2,running,-0.171610105995241,2.3970429925984233,0.5520532930374145,-1.532738744434954,3.011301070343924,1.3658255930010956
2026-07-17T10:00:12.004+07:00,3709505251831,28.719492997,1784257212003615407,left,1,0,10,Leave2,running,3.2963230887503925,0.358445568633955,-0.9267608715629579,1.622459766855203,0.11435753815628001,1.0027071582829261
2026-07-17T10:00:12.024+07:00,3709525047394,28.739288560,1784257212023592420,right,1,0,10,Leave2,running,-0.17138794746977812,2.4017007761079676,0.5423252931594847,-1.5321857237874437,3.01176299633605,1.3607345282272714
2026-07-17T10:00:12.066+07:00,3709567424514,28.781665680,1784257212065691359,left,1,0,10,Leave2,running,3.2960804247020814,0.355593240206372,-0.9191002483940126,1.6217958937895298,0.11433672393304824,1.0075510832365906
2026-07-17T10:00:12.092+07:00,3709593858809,28.808099975,1784257212092427625,right,1,0,10,Leave2,running,-0.1711380191286324,2.406940782556205,0.5313812932968139,-1.5315635755589945,3.012282663077192,1.3550070803567194
2026-07-17T10:00:12.148+07:00,3709649305813,28.863546979,1784257212129832443,left,1,0,10,Leave2,running,3.29583776065377,0.3527409117787891,-0.9114396252250673,1.6211320207238569,0.11431590970981646,1.0123950081902549
2026-07-17T10:00:12.157+07:00,3709658247724,28.872488890,1784257212156975515,right,1,0,10,Leave2,running,-0.17091586060316952,2.411598566065749,0.5216532934188842,-1.531010554911484,3.0127445890693187,1.349916015582895
2026-07-17T10:00:12.194+07:00,3709695013006,28.909254172,1784257212193704718,left,1,0,10,Leave2,running,3.2956254296114977,0.35024512440465394,-0.9047365799522402,1.6205511317913932,0.11429769726448866,1.0166334425247112
2026-07-17T10:00:12.223+07:00,3709724573770,28.938814936,1784257212223121235,right,1,0,10,Leave2,running,-0.17069370207770665,2.416256349575294,0.5119252935409545,-1.530457534263974,3.013206515061445,1.3448249508090708
2026-07-17T10:00:12.260+07:00,3709761113200,28.975354366,1784257212259656593,left,1,0,10,Leave2,running,3.295352432557148,0.3470362549236231,-0.8961183788871766,1.6198042745925108,0.11427428126335291,1.0220828580975834
2026-07-17T10:00:12.287+07:00,3709788356612,29.002597778,1784257212286864823,right,1,0,10,Leave2,running,-0.17047154355224375,2.4209141330848376,0.5021972936630248,-1.5299045136164637,3.013668441053571,1.3397338860352468
2026-07-17T10:00:12.348+07:00,3709849601839,29.063843005,1784257212324316989,left,1,0,10,Leave2,running,3.295109768508837,0.3441839264960401,-0.8884577557182314,1.6191404015268378,0.11425346704012114,1.0269267830512478
2026-07-17T10:00:12.352+07:00,3709853947356,29.068188522,1784257212352555700,right,1,0,10,Leave2,running,-0.170221615211098,2.4261541395330743,0.49125329380035393,-1.5292823653880148,3.014188107794713,1.3340064381646946
2026-07-17T10:00:12.391+07:00,3709892631878,29.106873044,1784257212391008548,left,1,0,10,Leave2,running,3.2948671044605256,0.34133159806845714,-0.8807971325492859,1.6184765284611649,0.11423265281688938,1.031770708004912
2026-07-17T10:00:12.415+07:00,3709916965241,29.131206407,1784257212415570516,right,1,0,10,Leave2,running,-0.16999945668563513,2.4308119230426186,0.48152529392242427,-1.5287293447405044,3.01465003378684,1.3289153733908703
2026-07-17T10:00:12.457+07:00,3709958607878,29.172849044,1784257212457155444,left,1,0,10,Leave2,running,3.2946244404122145,0.33847926964087416,-0.8731365093803407,1.6178126553954921,0.11421183859365759,1.0366146329585764
2026-07-17T10:00:12.477+07:00,3709978706680,29.192947846,1784257212477399702,right,1,0,10,Leave2,running,-0.1698050679758551,2.43488748361347,0.4730132940292357,-1.5282454516739326,3.0150542190299507,1.3244606917137742
2026-07-17T10:00:12.549+07:00,3710050250051,29.264491217,1784257212523831542,left,1,0,10,Leave2,running,3.294351443357864,0.3352704001598434,-0.8645183083152773,1.61706579819661,0.11418842259252185,1.0420640485314487
2026-07-17T10:00:12.549+07:00,3710050391090,29.264632256,1784257212544705160,right,1,0,10,Leave2,running,-0.16955513963470933,2.440127490061707,0.46206929416656484,-1.5276233034454836,3.0155738857710928,1.3187332438432218
2026-07-17T10:00:12.590+07:00,3710091370963,29.305612129,1784257212589706729,left,1,0,10,Leave2,running,3.294108779309553,0.3324180717322604,-0.856857685146332,1.6164019251309367,0.11416760836929006,1.046907973485113
2026-07-17T10:00:12.608+07:00,3710108981381,29.323222547,1784257212607484675,right,1,0,10,Leave2,running,-0.1693329811092465,2.4447852735712514,0.452341294288635,-1.527070282797973,3.0160358117632193,1.3136421790693977
2026-07-17T10:00:12.656+07:00,3710157557731,29.371798897,1784257212655991568,left,1,0,10,Leave2,running,3.2938661152612423,0.3295657433046774,-0.8491970619773868,1.615738052065264,0.1141467941460583,1.051751898438777
2026-07-17T10:00:12.668+07:00,3710169870353,29.384111519,1784257212668406409,right,1,0,10,Leave2,running,-0.16913859239946646,2.4488608341421028,0.44382929439544655,-1.5265863897314018,3.0164399970063296,1.3091874973923014
2026-07-17T10:00:12.748+07:00,3710249046448,29.463287614,1784257212743647952,right,1,0,10,Leave2,running,-0.16886089424263787,2.454683063529033,0.4316692945480345,-1.525895113922014,3.0170174044964875,1.3028236664250212
2026-07-17T10:00:12.749+07:00,3710250792447,29.465033613,1784257212749407214,left,1,0,10,Leave2,running,3.293502119188775,0.325287250663303,-0.8377061272239688,1.6147422424667544,0.11411557281121064,1.0590177858692735
2026-07-17T10:00:12.807+07:00,3710308864180,29.523105346,1784257212807359187,right,1,0,10,Leave2,running,-0.16866650553285784,2.458758624099884,0.42315729465484603,-1.5254112208554422,3.017421589739598,1.298368984747925
2026-07-17T10:00:12.812+07:00,3710313840426,29.528081592,1784257212812453049,left,1,0,10,Leave2,running,3.293259455140464,0.32243492223572007,-0.8300455040550236,1.6140783694010814,0.11409475858797888,1.0638617108229378
2026-07-17T10:00:12.871+07:00,3710372200236,29.586441402,1784257212870547872,right,1,0,10,Leave2,running,-0.1684721168230778,2.4628341846707356,0.4146452947616575,-1.5249273277888709,3.0178257749827084,1.2939143030708289
2026-07-17T10:00:12.881+07:00,3710382421271,29.596662437,1784257212881050878,left,1,0,10,Leave2,running,3.2930167910921524,0.31958259380813714,-0.8223848808860783,1.6134144963354082,0.11407394436474709,1.068705635776602
2026-07-17T10:00:12.949+07:00,3710450089747,29.664330913,1784257212947844175,left,1,0,10,Leave2,running,3.2927437940378024,0.3163737243271063,-0.8137666798210149,1.6126676391365264,0.11405052836361135,1.0741550513494744
2026-07-17T10:00:12.959+07:00,3710460155418,29.674396584,1784257212958867595,right,1,0,10,Leave2,running,-0.1681388790348835,2.469820859935051,0.4000532949447632,-1.5240977968176055,3.0185186639708985,1.2862777059100927
2026-07-17T10:00:13.017+07:00,3710518021070,29.732262236,1784257213016389256,left,1,0,10,Leave2,running,3.292501129989491,0.3135213958995233,-0.8061060566520696,1.6120037660708533,0.11402971414037957,1.0789989763031387
2026-07-17T10:00:13.027+07:00,3710528046006,29.742287172,1784257213026617893,right,1,0,10,Leave2,running,-0.16791672050942058,2.474478643444596,0.39032529506683356,-1.523544776170095,3.018980589963024,1.2811866411362685
2026-07-17T10:00:13.089+07:00,3710590076866,29.804318032,1784257213088587658,left,1,0,10,Leave2,running,3.2922281329351413,0.31031252641849255,-0.7974878555870063,1.6112569088719713,0.11400629813924383,1.0844483918760108
2026-07-17T10:00:13.091+07:00,3710592434610,29.806675776,1784257213091064620,right,1,0,10,Leave2,running,-0.16766679216827488,2.479718649892833,0.37938129520416286,-1.5229226279416457,3.019500256704167,1.2754591932657164
2026-07-17T10:00:13.156+07:00,3710657745431,29.871986597,1784257213156442580,left,1,0,10,Leave2,running,3.2919551358807913,0.3071036569374617,-0.7888696545219429,1.6105100516730892,0.11398288213810809,1.0898978074488832
2026-07-17T10:00:13.156+07:00,3710657842890,29.872084056,1784257213156515114,right,1,0,10,Leave2,running,-0.16744463364281198,2.4843764334023772,0.36965329532623326,-1.5223696072941355,3.0199621826962924,1.2703681284918924
2026-07-17T10:00:13.236+07:00,3710737144313,29.951385479,1784257213235633182,right,1,0,10,Leave2,running,-0.1671669354859834,2.4901986627893073,0.3574932954788212,-1.5216783314847475,3.020539590186451,1.2640042975246122
2026-07-17T10:00:13.265+07:00,3710766334519,29.980575685,1784257213264881225,left,1,0,10,Leave2,running,3.2915608068022855,0.3024686232426394,-0.7764211418724067,1.6094312579413708,0.11394905902535644,1.0977691854985876
2026-07-17T10:00:13.303+07:00,3710804278878,30.018520044,1784257213302641037,right,1,0,10,Leave2,running,-0.16694477696052049,2.494856446298851,0.3477652956008917,-1.5211253108372371,3.0210015161785773,1.258913232750788
2026-07-17T10:00:13.349+07:00,3710850153135,30.064394301,1784257213326537160,left,1,0,10,Leave2,running,3.2913181427539744,0.29961629481505647,-0.7687605187034615,1.6087673848756976,0.11392824480212468,1.102613110452252
2026-07-17T10:00:13.368+07:00,3710869722912,30.083964078,1784257213368202983,right,1,0,10,Leave2,running,-0.16669484861937475,2.5000964527470884,0.3368212957382209,-1.5205031626087882,3.0215211829197193,1.253185784880236
2026-07-17T10:00:13.395+07:00,3710896080392,30.110321558,1784257213394719410,left,1,0,10,Leave2,running,3.291045145699624,0.2964074253340256,-0.7601423176383981,1.6080205276768156,0.11390482880098893,1.1080625260251242
2026-07-17T10:00:13.444+07:00,3710945174648,30.159415814,1784257213443766854,right,1,0,10,Leave2,running,-0.16644492027822902,2.505336459195326,0.32587729587555014,-1.519881014380339,3.0220408496608613,1.2474583370096837
2026-07-17T10:00:13.458+07:00,3710959561460,30.173802626,1784257213458216460,left,1,0,10,Leave2,running,3.290832814657352,0.2939116379598905,-0.7534392723655711,1.6074396387443515,0.11388661635566114,1.1123009603595804
2026-07-17T10:00:13.549+07:00,3711050678084,30.264919250,1784257213523094572,left,1,0,10,Leave2,running,3.2905598176030013,0.2907027684788597,-0.7448210713005076,1.60669278154547,0.11386320035452538,1.1177503759324527
2026-07-17T10:00:13.549+07:00,3711050836541,30.265077707,1784257213509069752,right,1,0,10,Leave2,running,-0.16622276175276615,2.50999424270487,0.31614929599762054,-1.5193279937328286,3.0225027756529883,1.2423672722358594
2026-07-17T10:00:13.577+07:00,3711078764361,30.293005527,1784257213576972423,right,1,0,10,Leave2,running,-0.1659728334116204,2.5152342491531074,0.3052052961349498,-1.5187058455043796,3.0230224423941303,1.2366398243653074
2026-07-17T10:00:13.586+07:00,3711087666130,30.301907296,1784257213586327681,left,1,0,10,Leave2,running,3.290317153554691,0.28785044005127675,-0.7371604481315625,1.6060289084797965,0.11384238613129362,1.122594300886117
2026-07-17T10:00:13.642+07:00,3711143481123,30.357722289,1784257213641578999,right,1,0,10,Leave2,running,-0.16575067488615752,2.519892032662651,0.2954772962570202,-1.5181528248568696,3.0234843683862564,1.2315487595914831
2026-07-17T10:00:13.649+07:00,3711150065636,30.364306802,1784257213648636295,left,1,0,10,Leave2,running,3.290104822512418,0.2853546526771416,-0.7304574028587352,1.6054480195473328,0.11382417368596581,1.1268327352205731
2026-07-17T10:00:13.747+07:00,3711248951226,30.463192392,1784257213724353310,left,1,0,10,Leave2,running,3.2898014924520296,0.281789242142663,-0.7208816238975537,1.6046181782152416,0.11379815590692612,1.1328876414126534
2026-07-17T10:00:13.748+07:00,3711249059974,30.463301140,1784257213709532101,right,1,0,10,Leave2,running,-0.16552851636069466,2.524549816172195,0.2857492963790906,-1.5175998042093592,3.023946294378383,1.226457694817659
2026-07-17T10:00:13.775+07:00,3711276554185,30.490795351,1784257213775174453,right,1,0,10,Leave2,running,-0.1653063578352318,2.5292075996817394,0.27602129650116075,-1.5170467835618489,3.024408220370509,1.2213666300438346
2026-07-17T10:00:13.787+07:00,3711288006303,30.502247469,1784257213786685552,left,1,0,10,Leave2,running,3.289558828403718,0.27893691371508,-0.7132210007286084,1.6039543051495688,0.11377734168369433,1.1377315663663177
2026-07-17T10:00:13.841+07:00,3711342950403,30.557191569,1784257213841283268,right,1,0,10,Leave2,running,-0.165056429494086,2.534447606129977,0.26507729663848967,-1.5164246353333997,3.024927887111651,1.2156391821732826
2026-07-17T10:00:13.852+07:00,3711353074354,30.567315520,1784257213851769079,left,1,0,10,Leave2,running,3.289316164355407,0.276084585287497,-0.7055603775596632,1.6032904320838959,0.11375652746046257,1.142575491319982
2026-07-17T10:00:13.948+07:00,3711449380029,30.663621195,1784257213923685795,left,1,0,10,Leave2,running,3.289043167301057,0.2728757158064662,-0.6969421764945998,1.6025435748850134,0.11373311145932681,1.148024906892854
2026-07-17T10:00:13.948+07:00,3711449471471,30.663712637,1784257213906975969,right,1,0,10,Leave2,running,-0.16483427096862313,2.539105389639521,0.25534929676055984,-1.5158716146858893,3.0253898131037773,1.2105481173994583
2026-07-17T10:00:13.976+07:00,3711477951240,30.692192406,1784257213976522608,right,1,0,10,Leave2,running,-0.1645843426274774,2.5443453960877584,0.24440529689788879,-1.51524946645744,3.0259094798449198,1.2048206695289059
2026-07-17T10:00:13.990+07:00,3711491420490,30.705661656,1784257213990097952,left,1,0,10,Leave2,running,3.2888005032527454,0.27002338737888326,-0.6892815533256544,1.6018797018193405,0.11371229723609504,1.1528688318465188
2026-07-17T10:00:14.041+07:00,3711542243059,30.756484225,1784257214040490961,right,1,0,10,Leave2,running,-0.1643621841020145,2.5490031795973027,0.23467729701995893,-1.5146964458099297,3.026371405837046,1.1997296047550816
2026-07-17T10:00:14.056+07:00,3711556969470,30.771210636,1784257214055686653,left,1,0,10,Leave2,running,3.2885578392044343,0.26717105895130033,-0.6816209301567093,1.6012158287536677,0.11369148301286326,1.1577127568001828
2026-07-17T10:00:14.103+07:00,3711604194528,30.818435694,1784257214102705953,right,1,0,10,Leave2,running,-0.16416779539223447,2.5530787401681536,0.22616529712677036,-1.5142125527433585,3.0267755910801566,1.1952749230779853
2026-07-17T10:00:14.148+07:00,3711649826995,30.864068161,1784257214129786761,left,1,0,10,Leave2,running,3.288254509144046,0.2636056484168216,-0.6720451511955277,1.6003859874215765,0.11366546523382354,1.1637676629922633
2026-07-17T10:00:14.166+07:00,3711667786651,30.882027817,1784257214166417729,right,1,0,10,Leave2,running,-0.16391786705108874,2.558318746616391,0.2152212972640993,-1.5135904045149093,3.0272952578212986,1.1895474752074333
2026-07-17T10:00:14.194+07:00,3711695592573,30.909833739,1784257214194309219,left,1,0,10,Leave2,running,3.2880118450957343,0.2607533199892387,-0.6643845280265824,1.5997221143559035,0.11364465101059176,1.1686115879459276
2026-07-17T10:00:14.228+07:00,3711729326223,30.943567389,1784257214227858858,right,1,0,10,Leave2,running,-0.1637234783413087,2.5623943071872426,0.2067092973709107,-1.513106511448338,3.0276994430644093,1.1850927935303368
2026-07-17T10:00:14.259+07:00,3711760102871,30.974344037,1784257214258722633,left,1,0,10,Leave2,running,3.287769181047423,0.25790099156165563,-0.6567239048576369,1.5990582412902308,0.11362383678736,1.1734555128995918
2026-07-17T10:00:14.298+07:00,3711799581565,31.013822731,1784257214298023020,right,1,0,10,Leave2,running,-0.16347355000016295,2.56763431363548,0.19576529750823962,-1.5124843632198886,3.0282191098055518,1.1793653456597843
2026-07-17T10:00:14.349+07:00,3711850018212,31.064259378,1784257214325717099,left,1,0,10,Leave2,running,3.2875265169991117,0.2550486631340726,-0.6490632816886913,1.5983943682245574,0.11360302256412821,1.1782994378532563
2026-07-17T10:00:14.360+07:00,3711861888203,31.076129369,1784257214360535018,right,1,0,10,Leave2,running,-0.16325139147470008,2.572292097145024,0.18603729763030982,-1.5119313425723782,3.0286810357976783,1.17427428088596
2026-07-17T10:00:14.392+07:00,3711893464361,31.107705527,1784257214392012542,left,1,0,10,Leave2,running,3.2872838529508006,0.2521963347064895,-0.6414026585197459,1.5977304951588847,0.11358220834089645,1.1831433628069206
2026-07-17T10:00:14.426+07:00,3711927753286,31.141994452,1784257214426340455,right,1,0,10,Leave2,running,-0.16302923294923719,2.5769498806545688,0.17630929775237997,-1.511378321924868,3.0291429617898045,1.1691832161121358
2026-07-17T10:00:14.457+07:00,3711958895918,31.173137084,1784257214457530110,left,1,0,10,Leave2,running,3.287041188902489,0.24934400627890646,-0.6337420353508004,1.5970666220932113,0.11356139411766467,1.187987287760585
2026-07-17T10:00:14.492+07:00,3711993544537,31.207785703,1784257214492063271,right,1,0,10,Leave2,running,-0.16280707442377432,2.5816076641641126,0.16658129787445014,-1.5108253012773576,3.0296048877819306,1.1640921513383116
2026-07-17T10:00:14.548+07:00,3712049497404,31.263738570,1784257214523794507,left,1,0,10,Leave2,running,3.2867798720256283,0.24627242826121462,-0.6254925639715551,1.5963517191755323,0.1135389799700105,1.193203550117733
2026-07-17T10:00:14.565+07:00,3712066732297,31.280973463,1784257214565427795,right,1,0,10,Leave2,running,-0.16262011667179502,2.585527427010648,0.15839468885441377,-1.510359906141874,3.0299936221097665,1.1598077601662335
2026-07-17T10:00:14.585+07:00,3712086828789,31.301069955,1784257214585508224,left,1,0,10,Leave2,running,3.286651562124526,0.24476424449438522,-0.6214419688873869,1.5960006927750656,0.11352797433920944,1.1957648010985844
2026-07-17T10:00:14.630+07:00,3712131618125,31.345859291,1784257214629949896,right,1,0,10,Leave2,running,-0.1625724583864212,2.5865266323089586,0.15630780160427096,-1.5102412700653076,3.0300927162170415,1.1587156057357788
2026-07-17T10:00:14.654+07:00,3712155802490,31.370043656,1784257214654291693,left,1,0,10,Leave2,running,3.286633253097534,0.24454903602600098,-0.620863974094391,1.5959506034851074,0.11352640390396118,1.1961302757263184
2026-07-17T10:00:14.758+07:00,3712259651940,31.473893106,1784257214734235686,left,1,0,11,Leave3,running,3.2866034309825896,0.2445503774700498,-0.6208675159122427,1.595939524353373,0.11349875986690569,1.1961278069733576
2026-07-17T10:00:14.758+07:00,3712259798601,31.474039767,1784257214707260795,right,1,0,11,Leave3,running,-0.1625724583864212,2.5865266323089586,0.15630780160427096,-1.5102412700653076,3.0300927162170415,1.1587156057357788
2026-07-17T10:00:14.772+07:00,3712273558646,31.487799812,1784257214772082987,right,1,0,11,Leave3,running,-0.16176381666660308,2.586424528924368,0.15652842342999052,-1.5105490779897008,3.0308391530939445,1.1588514681875257
2026-07-17T10:00:14.795+07:00,3712296880754,31.511121920,1784257214795454881,left,1,0,11,Leave3,running,3.284217661787033,0.24465769299395618,-0.6211508613403774,1.595053193814628,0.11128723690246681,1.1959303067364964
2026-07-17T10:00:14.841+07:00,3712342745243,31.556986409,1784257214841078258,right,1,0,11,Leave3,running,-0.1562327073030472,2.585726141773766,0.15803747671791218,-1.5126544841925509,3.0359447813319624,1.1597807673574725
2026-07-17T10:00:14.860+07:00,3712361537525,31.575778691,1784257214860011796,left,1,0,11,Leave3,running,3.2780593949699406,0.24493470119368593,-0.6218822467363778,1.592765353081377,0.10557874317536703,1.195420509243388
2026-07-17T10:00:14.950+07:00,3712451364159,31.665605325,1784257214937688812,left,1,0,11,Leave3,running,3.268615724697113,0.2453594918334575,-0.6230038224535938,1.5892569611647427,0.09682479760685059,1.1946387374277425
2026-07-17T10:00:14.950+07:00,3712451505292,31.665746458,1784257214908096031,right,1,0,11,Leave3,running,-0.14815168113231655,2.584705788627523,0.16024222414038625,-1.5157305113521933,3.043404173778854,1.1611384861113745
2026-07-17T10:00:14.975+07:00,3712476297825,31.690538991,1784257214974860477,right,1,0,11,Leave3,running,-0.13995744513988492,2.5836711410098463,0.16247785861325725,-1.5188496316139906,3.0509680673709063,1.162515225605316
2026-07-17T10:00:15.004+07:00,3712505615237,31.719856403,1784257215004122988,left,1,0,11,Leave3,running,3.2610607884788516,0.24569932434527475,-0.6239010830273667,1.586450247631435,0.08982164115203742,1.1940133199752259
2026-07-17T10:00:15.035+07:00,3712536831478,31.751072644,1784257215035354541,right,1,0,11,Leave3,running,-0.13176320914745326,2.582636493392169,0.16471349308612823,-1.5219687518757878,3.0585319609629584,1.1638919650992576
2026-07-17T10:00:15.070+07:00,3712571680933,31.785922099,1784257215070213126,left,1,0,11,Leave3,running,3.2535058522605897,0.24603915685709202,-0.6247983436011395,1.5836435340981274,0.08281848469722428,1.1933879025227094
2026-07-17T10:00:15.100+07:00,3712601536267,31.815777433,1784257215100081594,right,1,0,11,Leave3,running,-0.12356897315502163,2.5816018457744923,0.1669491275589992,-1.5250878721375853,3.06609585455501,1.1652687045931993
2026-07-17T10:00:15.148+07:00,3712649020986,31.863262152,1784257215138326218,left,1,0,11,Leave3,running,3.2450065490150455,0.24642146843288645,-0.625807761746634,1.5804859813731567,0.07493993368555947,1.1926843078886284
2026-07-17T10:00:15.166+07:00,3712667587793,31.881828959,1784257215166261146,right,1,0,11,Leave3,running,-0.11537473716259002,2.580567198156815,0.16918476203187016,-1.5282069923993822,3.0736597481470627,1.166645444087141
2026-07-17T10:00:15.201+07:00,3712702782633,31.917023799,1784257215201382540,left,1,0,11,Leave3,running,3.237451612796784,0.24676130094470367,-0.6267050223204068,1.577679267839849,0.0679367772307463,1.192058890436112
2026-07-17T10:00:15.230+07:00,3712731586949,31.945828115,1784257215230198023,right,1,0,11,Leave3,running,-0.1071805011701584,2.5795325505391378,0.17142039650474114,-1.5313261126611795,3.0812236417391143,1.1680221835810825
2026-07-17T10:00:15.264+07:00,3712765759165,31.980000331,1784257215264387040,left,1,0,11,Leave3,running,3.230841043605805,0.24705865439254382,-0.6274901253224581,1.575223393498205,0.061809015332784795,1.1915116501651601
2026-07-17T10:00:15.294+07:00,3712795915609,32.010156775,1784257215294327875,right,1,0,11,Leave3,running,-0.09898626517772677,2.578497902921461,0.17365603097761215,-1.5344452329229767,3.088787535331167,1.1693989230750244
2026-07-17T10:00:15.348+07:00,3712849204797,32.063445963,1784257215326573294,left,1,0,11,Leave3,running,3.223286107387543,0.24739848690436103,-0.6283873858962309,1.5724166799648973,0.05480585887797164,1.1908862327126435
2026-07-17T10:00:15.359+07:00,3712860325914,32.074567080,1784257215358948050,right,1,0,11,Leave3,running,-0.09079202918529514,2.5774632553037837,0.1758916654504831,-1.537564353184774,3.0963514289232186,1.1707756625689658
2026-07-17T10:00:15.395+07:00,3712896342874,32.110584040,1784257215394852644,left,1,0,11,Leave3,running,3.2147868041419985,0.24778079848015544,-0.6293968040417254,1.5692591272399266,0.04692730786630681,1.1901826380785625
2026-07-17T10:00:15.424+07:00,3712925298351,32.139539517,1784257215423952739,right,1,0,11,Leave3,running,-0.08157351369380957,2.576299276733897,0.17840675423246297,-1.541073363479296,3.1048608092142773,1.1723244944996503
2026-07-17T10:00:15.460+07:00,3712961085497,32.175326663,1784257215459614510,left,1,0,11,Leave3,running,3.2072318679237366,0.24812063099197273,-0.6302940646154982,1.566452413706619,0.03992415141149361,1.189557220626046
2026-07-17T10:00:15.488+07:00,3712989160151,32.203401317,1784257215487864990,right,1,0,11,Leave3,running,-0.07337927770137793,2.57526462911622,0.18064238870533394,-1.5441924837410927,3.1124247028063294,1.1737012339935917
2026-07-17T10:00:15.547+07:00,3713048905168,32.263146334,1784257215526237222,left,1,0,11,Leave3,running,3.199676931705475,0.24846046350378997,-0.6311913251892711,1.5636457001733115,0.03292099495668039,1.1889318031735294
2026-07-17T10:00:15.552+07:00,3713053366511,32.267607677,1784257215552075562,right,1,0,11,Leave3,running,-0.06518504170894632,2.5742299814985428,0.1828780231782049,-1.5473116040028903,3.119988596398381,1.1750779734875334
2026-07-17T10:00:15.591+07:00,3713092912841,32.307154007,1784257215591394366,left,1,0,11,Leave3,running,3.1921219954872133,0.24880029601560724,-0.6320885857630438,1.5608389866400039,0.025917838501867182,1.188306385721013
2026-07-17T10:00:15.617+07:00,3713118140924,32.332382090,1784257215616715734,right,1,0,11,Leave3,running,-0.05699080571651469,2.5731953338808657,0.18511365765107587,-1.5504307242646873,3.1275524899904332,1.176454712981475
2026-07-17T10:00:15.657+07:00,3713158463471,32.372704637,1784257215656941542,left,1,0,11,Leave3,running,3.1836226922416686,0.24918260759140168,-0.6330980039085382,1.557681433915033,0.0180392874902023,1.1876027910869318
2026-07-17T10:00:15.680+07:00,3713181675792,32.395916958,1784257215680352853,right,1,0,11,Leave3,running,-0.048796569724083076,2.5721606862631887,0.18734929212394688,-1.5535498445264844,3.1351163835824853,1.1778314524754168
2026-07-17T10:00:15.749+07:00,3713250199700,32.464440866,1784257215724182897,left,1,0,11,Leave3,running,3.176067756023407,0.24952244010321892,-0.6339952644823111,1.5548747203817255,0.011036131035389092,1.1869773736344154
2026-07-17T10:00:15.749+07:00,3713250298254,32.464539420,1784257215744208596,right,1,0,11,Leave3,running,-0.040602333731651445,2.5711260386455117,0.18958492659681786,-1.5566689647882817,3.142680277174537,1.1792081919693582
2026-07-17T10:00:15.788+07:00,3713289593327,32.503834493,1784257215788066240,left,1,0,11,Leave3,running,3.1685128198051453,0.24986227261503619,-0.634892525056084,1.5520680068484178,0.004032974580575872,1.186351956181899
2026-07-17T10:00:15.810+07:00,3713311382836,32.525624002,1784257215809870670,right,1,0,11,Leave3,running,-0.032408097739219814,2.5700913910278347,0.1918205610696888,-1.559788085050079,3.15024417076659,1.1805849314633
2026-07-17T10:00:15.851+07:00,3713352709244,32.566950410,1784257215851151949,left,1,0,11,Leave3,running,3.160957883586883,0.2502021051268534,-0.6357897856298568,1.5492612933151106,-0.002970181874237348,1.1857265387293825
2026-07-17T10:00:15.891+07:00,3713392811902,32.607053068,1784257215891266044,right,1,0,11,Leave3,running,-0.024213861746788194,2.5690567434101577,0.1940561955425598,-1.5629072053118762,3.1578080643586417,1.1819616709572416
2026-07-17T10:00:15.957+07:00,3713458437956,32.672679122,1784257215923012210,left,1,0,11,Leave3,running,3.1524585803413387,0.25058441670264786,-0.6367992037753513,1.5461037405901394,-0.010848732885902202,1.1850229440953013
2026-07-17T10:00:15.971+07:00,3713472776642,32.687017808,1784257215971398272,right,1,0,11,Leave3,running,-0.011922507758140759,2.567504771983642,0.19740964725186624,-1.567585885704572,3.1691539047467194,1.1840267801981539
2026-07-17T10:00:15.989+07:00,3713490706974,32.704948140,1784257215988942969,left,1,0,11,Leave3,running,3.1449036441230773,0.2509242492144651,-0.6376964643491242,1.5432970270568322,-0.017851889340715393,1.1843975266427846
2026-07-17T10:00:16.039+07:00,3713540242549,32.754483715,1784257216038503531,right,1,0,11,Leave3,running,-0.00270399226665518,2.5663407934137554,0.19992473603384614,-1.5710948959990938,3.1776632850377786,1.1855756121288383
2026-07-17T10:00:16.055+07:00,3713556208719,32.770449885,1784257216054871833,left,1,0,11,Leave3,running,3.1373487079048155,0.2512640817262824,-0.638593724922897,1.5404903135235246,-0.024855045795528472,1.1837721091902682
2026-07-17T10:00:16.148+07:00,3713649487817,32.863728983,1784257216122588749,left,1,0,11,Leave3,running,3.1288494046592707,0.2516463933020768,-0.6396031430683915,1.5373327607985539,-0.03273359680719322,1.1830685145561872
2026-07-17T10:00:16.148+07:00,3713649586143,32.863827309,1784257216107836981,right,1,0,11,Leave3,running,0.005490243725776444,2.565306145796078,0.2021603705067171,-1.5742140162608909,3.18522717862983,1.18695235162278
2026-07-17T10:00:16.184+07:00,3713685321786,32.899562952,1784257216183901420,right,1,0,11,Leave3,running,0.015733038716315977,2.5640128362739816,0.2049549135978058,-1.5781129165881373,3.194682045619895,1.188673275990207
2026-07-17T10:00:16.196+07:00,3713697451642,32.911692808,1784257216196108517,left,1,0,11,Leave3,running,3.1203501014137265,0.2520287048778712,-0.6406125612138858,1.5341752080735827,-0.04061214781885795,1.182364919922106
2026-07-17T10:00:16.247+07:00,3713748279212,32.962520378,1784257216246904106,right,1,0,11,Leave3,running,0.023721420756228385,2.5630041808661654,0.2071343849100046,-1.5811536789365346,3.202055920594739,1.1900154293108096
2026-07-17T10:00:16.264+07:00,3713765603197,32.979844363,1784257216264242091,left,1,0,11,Leave3,running,3.11340252100421,0.25234121760245404,-0.641437689289687,1.531594131622931,-0.047052307098115906,1.1817897809777997
2026-07-17T10:00:16.349+07:00,3713850297388,33.064538554,1784257216325454906,left,1,0,11,Leave3,running,3.109898102990696,0.25249885165012625,-0.641853890833513,1.530292214944783,-0.050300777624231546,1.1814996760552372
2026-07-17T10:00:16.349+07:00,3713850383037,33.064624203,1784257216315994450,right,1,0,11,Leave3,running,0.0285597190693772,2.562393271706613,0.20845441846882568,-1.5829953679378157,3.2065220323397594,1.1908283271059588
2026-07-17T10:00:16.380+07:00,3713881819781,33.096060947,1784257216380162063,right,1,0,11,Leave3,running,0.029479948803782484,2.56227707862854,0.20870548486709603,-1.583345651626587,3.2073714733123784,1.1909829378128054
2026-07-17T10:00:16.392+07:00,3713893885723,33.108126889,1784257216392500809,left,1,0,11,Leave3,running,3.109564542770386,0.25251385569572443,-0.6418935060501099,1.5301682949066162,-0.05060997605323792,1.181472063064575
2026-07-17T10:00:16.450+07:00,3713951320985,33.165562151,1784257216449830412,right,1,0,11,Leave3,running,0.029479948803782484,2.56227707862854,0.20870548486709603,-1.583345651626587,3.2073714733123784,1.1909829378128054
2026-07-17T10:00:16.457+07:00,3713958685655,33.172926821,1784257216457383244,left,1,0,11,Leave3,running,3.109564542770386,0.25251385569572443,-0.6418935060501099,1.5301682949066162,-0.05060997605323792,1.181472063064575
2026-07-17T10:00:16.558+07:00,3714059725079,33.273966245,1784257216526665297,left,1,0,11,Leave3,delay,3.109564542770386,0.25251385569572443,-0.6418935060501099,1.5301682949066162,-0.05060997605323792,1.181472063064575
2026-07-17T10:00:16.558+07:00,3714059812342,33.274053508,1784257216518306005,right,1,0,11,Leave3,delay,0.029479948803782484,2.56227707862854,0.20870548486709603,-1.583345651626587,3.2073714733123784,1.1909829378128054
2026-07-17T10:00:16.587+07:00,3714088771374,33.303012540,1784257216587220995,left,1,0,11,Leave3,delay,3.109564542770386,0.25251385569572443,-0.6418935060501099,1.5301682949066162,-0.05060997605323792,1.181472063064575
2026-07-17T10:00:16.591+07:00,3714092643793,33.306884959,1784257216591293484,right,1,0,11,Leave3,delay,0.029479948803782484,2.56227707862854,0.20870548486709603,-1.583345651626587,3.2073714733123784,1.1909829378128054
2026-07-17T10:00:16.653+07:00,3714154059090,33.368300256,1784257216652270643,right,1,0,11,Leave3,delay,0.029479948803782484,2.56227707862854,0.20870548486709603,-1.583345651626587,3.2073714733123784,1.1909829378128054
2026-07-17T10:00:16.654+07:00,3714155356435,33.369597601,1784257216653743463,left,1,0,11,Leave3,delay,3.109564542770386,0.25251385569572443,-0.6418935060501099,1.5301682949066162,-0.05060997605323792,1.181472063064575
2026-07-17T10:00:16.749+07:00,3714250430167,33.464671333,1784257216722612068,left,1,0,11,Leave3,delay,3.109564542770386,0.25251385569572443,-0.6418935060501099,1.5301682949066162,-0.05060997605323792,1.181472063064575
2026-07-17T10:00:16.749+07:00,3714250576590,33.464817756,1784257216725200431,right,1,0,11,Leave3,delay,0.029479948803782484,2.56227707862854,0.20870548486709603,-1.583345651626587,3.2073714733123784,1.1909829378128054
2026-07-17T10:00:16.783+07:00,3714284645658,33.498886824,1784257216783038817,left,1,0,11,Leave3,delay,3.109564542770386,0.25251385569572443,-0.6418935060501099,1.5301682949066162,-0.05060997605323792,1.181472063064575
2026-07-17T10:00:16.802+07:00,3714303615415,33.517856581,1784257216802147081,right,1,0,11,Leave3,delay,0.029479948803782484,2.56227707862854,0.20870548486709603,-1.583345651626587,3.2073714733123784,1.1909829378128054
2026-07-17T10:00:16.850+07:00,3714351598869,33.565840035,1784257216849989694,left,1,0,11,Leave3,delay,3.109564542770386,0.25251385569572443,-0.6418935060501099,1.5301682949066162,-0.05060997605323792,1.181472063064575
2026-07-17T10:00:16.869+07:00,3714370283001,33.584524167,1784257216868730803,right,1,0,11,Leave3,delay,0.029479948803782484,2.56227707862854,0.20870548486709603,-1.583345651626587,3.2073714733123784,1.1909829378128054
2026-07-17T10:00:16.949+07:00,3714450221280,33.664462446,1784257216937039699,left,1,0,11,Leave3,delay,3.109564542770386,0.25251385569572443,-0.6418935060501099,1.5301682949066162,-0.05060997605323792,1.181472063064575
2026-07-17T10:00:16.949+07:00,3714450331931,33.664573097,1784257216943879166,right,1,0,11,Leave3,delay,0.029479948803782484,2.56227707862854,0.20870548486709603,-1.583345651626587,3.2073714733123784,1.1909829378128054
2026-07-17T10:00:17.002+07:00,3714503807461,33.718048627,1784257217002395197,left,1,0,11,Leave3,delay,3.109564542770386,0.25251385569572443,-0.6418935060501099,1.5301682949066162,-0.05060997605323792,1.181472063064575
2026-07-17T10:00:17.022+07:00,3714523858525,33.738099691,1784257217022351048,right,1,0,11,Leave3,delay,0.029479948803782484,2.56227707862854,0.20870548486709603,-1.583345651626587,3.2073714733123784,1.1909829378128054
2026-07-17T10:00:17.067+07:00,3714568524169,33.782765335,1784257217066871310,left,1,0,11,Leave3,delay,3.109564542770386,0.25251385569572443,-0.6418935060501099,1.5301682949066162,-0.05060997605323792,1.181472063064575
2026-07-17T10:00:17.090+07:00,3714591823365,33.806064531,1784257217090336022,right,1,0,11,Leave3,delay,0.029479948803782484,2.56227707862854,0.20870548486709603,-1.583345651626587,3.2073714733123784,1.1909829378128054
2026-07-17T10:00:17.148+07:00,3714649503422,33.863744588,1784257217131369495,left,1,0,11,Leave3,delay,3.109564542770386,0.25251385569572443,-0.6418935060501099,1.5301682949066162,-0.05060997605323792,1.181472063064575
2026-07-17T10:00:17.161+07:00,3714662155138,33.876396304,1784257217160625120,right,1,0,11,Leave3,delay,0.029479948803782484,2.56227707862854,0.20870548486709603,-1.583345651626587,3.2073714733123784,1.1909829378128054
2026-07-17T10:00:17.196+07:00,3714697829644,33.912070810,1784257217196436049,left,1,0,11,Leave3,delay,3.109564542770386,0.25251385569572443,-0.6418935060501099,1.5301682949066162,-0.05060997605323792,1.181472063064575
2026-07-17T10:00:17.231+07:00,3714732401779,33.946642945,1784257217230853140,right,1,0,11,Leave3,delay,0.029479948803782484,2.56227707862854,0.20870548486709603,-1.583345651626587,3.2073714733123784,1.1909829378128054
2026-07-17T10:00:17.264+07:00,3714765882365,33.980123531,1784257217264375145,left,1,0,11,Leave3,delay,3.109564542770386,0.25251385569572443,-0.6418935060501099,1.5301682949066162,-0.05060997605323792,1.181472063064575
2026-07-17T10:00:17.292+07:00,3714793892199,34.008133365,1784257217292282026,right,1,0,11,Leave3,delay,0.029479948803782484,2.56227707862854,0.20870548486709603,-1.583345651626587,3.2073714733123784,1.1909829378128054
2026-07-17T10:00:17.358+07:00,3714859872427,34.074113593,1784257217328034095,left,1,0,11,Leave3,delay,3.109564542770386,0.25251385569572443,-0.6418935060501099,1.5301682949066162,-0.05060997605323792,1.181472063064575
2026-07-17T10:00:17.359+07:00,3714860025839,34.074267005,1784257217358537638,right,1,0,11,Leave3,delay,0.029479948803782484,2.56227707862854,0.20870548486709603,-1.583345651626587,3.2073714733123784,1.1909829378128054
2026-07-17T10:00:17.394+07:00,3714894971955,34.109213121,1784257217393297393,left,1,0,11,Leave3,delay,3.109564542770386,0.25251385569572443,-0.6418935060501099,1.5301682949066162,-0.05060997605323792,1.181472063064575
2026-07-17T10:00:17.422+07:00,3714923070227,34.137311393,1784257217421747139,right,1,0,11,Leave3,delay,0.029479948803782484,2.56227707862854,0.20870548486709603,-1.583345651626587,3.2073714733123784,1.1909829378128054
2026-07-17T10:00:17.464+07:00,3714965137096,34.179378262,1784257217463776950,left,1,0,11,Leave3,delay,3.110041696487427,0.2524923925964341,-0.6418368369789805,1.530345560969015,-0.05016767157350497,1.181511563101842
2026-07-17T10:00:17.488+07:00,3714989890281,34.204131447,1784257217488497276,right,1,0,11,Leave3,delay,0.028671307083964367,2.562379182013131,0.2084848630413765,-1.5830378437021937,3.206625036435475,1.1908470753610585
2026-07-17T10:00:17.548+07:00,3715049625438,34.263866604,1784257217536648493,left,1,0,12,Leave2,running,3.114604478906632,0.25228715170946986,-0.6412949389863065,1.532040667690706,-0.04593813498605862,1.181889282208207
2026-07-17T10:00:17.559+07:00,3715060221390,34.274462556,1784257217558911211,right,1,0,12,Leave2,running,0.02401353077781202,2.562967297508375,0.20721408132523192,-1.5812648700576883,3.202325560024513,1.1900645076389977
2026-07-17T10:00:17.604+07:00,3715104966665,34.319207831,1784257217603284475,left,1,0,12,Leave2,running,3.122860232343674,0.25191579537416786,-0.6403144459878425,1.5351077398975346,-0.03828534596155101,1.1825727151498007
2026-07-17T10:00:17.620+07:00,3715121466367,34.335707533,1784257217620094973,right,1,0,12,Leave2,running,0.016083451048731823,2.5639685913577663,0.2050505166400896,-1.5782463003724259,3.1950055024495727,1.1887321498739527
2026-07-17T10:00:17.682+07:00,3715183553296,34.397794462,1784257217681987237,right,1,0,12,Leave2,running,0.007889215056300174,2.565003238975443,0.20281488216721866,-1.5751271801106286,3.1874416088575197,1.1873554103800108
2026-07-17T10:00:17.699+07:00,3715199980461,34.414221627,1784257217698617743,left,1,0,12,Leave2,running,3.1341926332378396,0.2514060467608738,-0.6389685555349299,1.5393178089220272,-0.027780614461810765,1.1835108410443638
2026-07-17T10:00:17.758+07:00,3715259119199,34.473360365,1784257217751894935,right,1,0,12,Leave2,running,-0.0013293004351854372,2.56616721754533,0.20029979338523876,-1.5716181698161067,3.1789322285664614,1.1858065784493266
2026-07-17T10:00:17.770+07:00,3715271659585,34.485900751,1784257217770278204,left,1,0,12,Leave2,running,3.1426919339084627,0.2510237353009032,-0.6379591376952455,1.5424753606903965,-0.019902065837005586,1.1842144354652862
2026-07-17T10:00:17.815+07:00,3715316612697,34.530853863,1784257217815032930,right,1,0,12,Leave2,running,-0.009523536427617076,2.567201865163007,0.1980641589123678,-1.5684990495543094,3.1713683349744093,1.184429838955385
2026-07-17T10:00:17.833+07:00,3715334286066,34.548527232,1784257217832922172,left,1,0,12,Leave2,running,3.1502468678379065,0.25068390289204046,-0.6370618773933038,1.5452820733733912,-0.012898911503845398,1.1848398527283284
2026-07-17T10:00:17.883+07:00,3715383983848,34.598225014,1784257217882421152,right,1,0,12,Leave2,running,-0.0177177724200487,2.568236512780684,0.19582852443949683,-1.5653799292925124,3.1638044413823576,1.1830530994614432
2026-07-17T10:00:17.900+07:00,3715401881702,34.616122868,1784257217900499940,left,1,0,12,Leave2,running,3.1578018017673495,0.25034407048317775,-0.636164617091362,1.5480887860563863,-0.005895757170685212,1.1854652699913706
2026-07-17T10:00:17.958+07:00,3715459529464,34.673770630,1784257217952373797,right,1,0,12,Leave2,running,-0.02693628791153428,2.5694004913505704,0.193313435657517,-1.5618709189979905,3.155295061091299,1.181504267530759
2026-07-17T10:00:17.965+07:00,3715466893848,34.681135014,1784257217965615392,left,1,0,12,Leave2,running,3.1653567356967933,0.25000423807431504,-0.6352673567894201,1.5508954987393813,0.0011073971624749762,1.1860906872544126
2026-07-17T10:00:18.027+07:00,3715528695427,34.742936593,1784257218026933087,right,1,0,12,Leave2,running,-0.03615480340301985,2.5705644699204573,0.19079834687553712,-1.5583619087034688,3.14678568080024,1.1799554356000748
2026-07-17T10:00:18.032+07:00,3715533256855,34.747498021,1784257218031875298,left,1,0,12,Leave2,running,3.1729116696262363,0.24966440566545228,-0.6343700964874784,1.553702211422376,0.008110551495635164,1.1867161045174546
2026-07-17T10:00:18.095+07:00,3715596534029,34.810775195,1784257218094858692,right,1,0,12,Leave2,running,-0.04434903939545148,2.5715991175381347,0.18856271240266614,-1.5552427884416713,3.1392217872081885,1.1785786961061329
2026-07-17T10:00:18.098+07:00,3715599839452,34.814080618,1784257218098370052,left,1,0,12,Leave2,running,3.1814109702968603,0.24928209420548172,-0.633360678647794,1.5568597631907453,0.015989100120440376,1.187419698938377
2026-07-17T10:00:18.158+07:00,3715659544339,34.873785505,1784257218158208543,right,1,0,12,Leave2,running,-0.053567554886937055,2.5727630961080212,0.1860476236206863,-1.5517337781471496,3.1307124069171297,1.1770298641754486
2026-07-17T10:00:18.198+07:00,3715699733690,34.913974856,1784257218198220119,left,1,0,12,Leave2,running,3.1927433711910256,0.24877234559218764,-0.6320147881948813,1.5610698322152374,0.02649383162018066,1.18835782483294
2026-07-17T10:00:18.222+07:00,3715723743877,34.937985043,1784257218222359764,right,1,0,12,Leave2,running,-0.06176179087936868,2.5737977437256983,0.1838119891478153,-1.5486146578853524,3.1231485133250776,1.175653124681507
2026-07-17T10:00:18.265+07:00,3715766727383,34.980968549,1784257218265281438,left,1,0,12,Leave2,running,3.201242671861649,0.24839003413221705,-0.6310053703551968,1.5642273839836067,0.034372380244985866,1.1890614192538627
2026-07-17T10:00:18.283+07:00,3715784565402,34.998806568,1784257218283162566,right,1,0,12,Leave2,running,-0.06893174737274635,2.5747030603911654,0.18185580898405318,-1.54588542765628,3.1165301064320325,1.174448477624308
2026-07-17T10:00:18.349+07:00,3715850175949,35.064417115,1784257218329799768,left,1,0,12,Leave2,running,3.2078532390499124,0.24809268077446214,-0.6302202675909978,1.5666832575812275,0.040500140286501056,1.1896086593590245
2026-07-17T10:00:18.349+07:00,3715850265054,35.064506220,1784257218346814783,right,1,0,12,Leave2,running,-0.07712598336517797,2.575737708008843,0.1796201745111822,-1.5427663073944826,3.10896621283998,1.1730717381303664
2026-07-17T10:00:18.394+07:00,3715895617396,35.109858562,1784257218394063985,left,1,0,12,Leave2,running,3.216352539720536,0.24771036931449156,-0.6292108497513133,1.5698408093495968,0.04837868891130626,1.1903122537799469
2026-07-17T10:00:18.407+07:00,3715908866794,35.123107960,1784257218407498960,right,1,0,12,Leave2,running,-0.08532021935760961,2.5767723556265194,0.17738454003831125,-1.5396471871326853,3.101402319247928,1.1716949986364247
2026-07-17T10:00:18.458+07:00,3715959463873,35.173705039,1784257218457897231,left,1,0,12,Leave2,running,3.2239074736499793,0.24737053690562882,-0.6283135894493715,1.572647522032592,0.05538184324446645,1.1909376710429889
2026-07-17T10:00:18.469+07:00,3715970061821,35.184302987,1784257218468647623,right,1,0,12,Leave2,running,-0.09249017585098727,2.577677672291987,0.17542835987454913,-1.5369179569036129,3.0947839123548824,1.170490351579226
2026-07-17T10:00:18.548+07:00,3716049578616,35.263819782,1784257218524014758,left,1,0,12,Leave2,running,3.2314624075794223,0.24703070449676612,-0.6274163291474297,1.5754542347155867,0.06238499757762666,1.1915630883060309
2026-07-17T10:00:18.548+07:00,3716049670780,35.263911946,1784257218543482553,right,1,0,12,Leave2,running,-0.10273297084152679,2.5789709818140834,0.1726338167834604,-1.5330190565763664,3.0853290453648174,1.1687694272117986
2026-07-17T10:00:18.586+07:00,3716087045573,35.301286739,1784257218585613955,left,1,0,12,Leave2,running,3.239017341508866,0.24669087208790338,-0.626519068845488,1.5782609473985816,0.06938815191078682,1.1921885055690733
2026-07-17T10:00:18.607+07:00,3716108724490,35.322965656,1784257218607362398,right,1,0,12,Leave2,running,-0.11092720683395842,2.5800056294317604,0.17039818231058945,-1.529899936314569,3.0777651517727653,1.167392687717857
2026-07-17T10:00:18.650+07:00,3716151330347,35.365571513,1784257218649768759,left,1,0,12,Leave2,running,3.246572275438309,0.24635103967904065,-0.6256218085435463,1.5810676600815763,0.07639130624394704,1.1928139228321153
2026-07-17T10:00:18.671+07:00,3716172671261,35.386912427,1784257218671286767,right,1,0,12,Leave2,running,-0.11912144282639005,2.5810402770494374,0.16816254783771845,-1.526780816052772,3.070201258180713,1.1660159482239156
2026-07-17T10:00:18.748+07:00,3716249095792,35.463336958,1784257218721823139,left,1,0,12,Leave2,running,3.255071576108933,0.24596872821907007,-0.6246123907038618,1.5842252118499456,0.08426985486875221,1.1935175172530375
2026-07-17T10:00:18.748+07:00,3716249230520,35.463471686,1784257218741964816,right,1,0,12,Leave2,running,-0.12833995831787565,2.5822042556193243,0.16564745905573863,-1.5232718057582502,3.061691877889655,1.1644671162932314
2026-07-17T10:00:18.790+07:00,3716291446051,35.505687217,1784257218789877642,left,1,0,12,Leave2,running,3.262626510038377,0.24562889581020736,-0.62371513040192,1.5870319245329407,0.0912730092019124,1.1941429345160797
2026-07-17T10:00:18.810+07:00,3716311352443,35.525593609,1784257218810033159,right,1,0,12,Leave2,running,-0.13653419431030725,2.5832389032370013,0.16341182458286763,-1.5201526854964527,3.054127984297603,1.1630903767992895
2026-07-17T10:00:18.858+07:00,3716359712207,35.573953373,1784257218858270822,left,1,0,12,Leave2,running,3.271125810709001,0.2452465843502368,-0.6227057125622355,1.5901894763013098,0.09915155782671761,1.194846528937002
2026-07-17T10:00:18.883+07:00,3716384432032,35.598673198,1784257218882972798,right,1,0,12,Leave2,running,-0.14575270980179283,2.584402881806888,0.16089673580088779,-1.5166436752019312,3.045618604006544,1.1615415448686053
2026-07-17T10:00:18.989+07:00,3716490585142,35.704826308,1784257218952457088,left,1,0,12,Leave2,running,3.281322682600992,0.2447879135570462,-0.6214946829969057,1.5939776880756826,0.10860369443598387,1.1956906527599023
2026-07-17T10:00:18.989+07:00,3716490679434,35.704920600,1784257218947427862,right,1,0,12,Leave2,running,-0.15394694579422447,2.5854375294245653,0.15866110132801683,-1.513524554940134,3.0380547104144924,1.1601648053746636
2026-07-17T10:00:19.015+07:00,3716515985221,35.730226387,1784257219014729108,right,1,0,12,Leave2,running,-0.16082766469758658,2.5863063254206584,0.15678383389360326,-1.510905422446631,3.0317032914817292,1.1590087540393448
2026-07-17T10:00:19.015+07:00,3716516952753,35.731193919,1784257219015709370,left,1,0,12,Leave2,running,3.2857814375338434,0.24458735198450166,-0.6209651398090106,1.5956341478326144,0.11273680125334512,1.1960597601978655
2026-07-17T10:00:19.078+07:00,3716579734249,35.793975415,1784257219078332212,right,1,0,12,Leave2,running,-0.16256861893927357,2.5865261475200354,0.1563088491211362,-1.5102427315435227,3.0300962603143438,1.158716250813432
2026-07-17T10:00:19.088+07:00,3716589701280,35.803942446,1784257219088508425,left,1,0,12,Leave2,running,3.286633253097534,0.24454903602600098,-0.620863974094391,1.5959506034851074,0.11352640390396118,1.1961302757263184
2026-07-17T10:00:19.148+07:00,3716649735228,35.863976394,1784257219148261073,right,1,0,12,Leave2,running,-0.1625724583864212,2.5865266323089586,0.15630780160427094,-1.5102412700653076,3.0300927162170415,1.1587156057357788
2026-07-17T10:00:19.151+07:00,3716652954930,35.867196096,1784257219151794849,left,1,0,12,Leave2,running,3.286633253097534,0.24454903602600098,-0.620863974094391,1.5959506034851074,0.11352640390396118,1.1961302757263184
2026-07-17T10:00:19.213+07:00,3716713989957,35.928231123,1784257219212732685,left,1,0,12,Leave2,running,3.286648579246835,0.2447291830714282,-0.6213478028907776,1.5959925323072457,0.11352771848638507,1.1958243436463252
2026-07-17T10:00:19.232+07:00,3716733925633,35.948166799,1784257219232491233,right,1,0,12,Leave2,running,-0.16261542852451397,2.5856257188725085,0.158189401679039,-1.5103482359066687,3.0300033700007347,1.1597003248948334
2026-07-17T10:00:19.274+07:00,3716775559636,35.989800802,1784257219274138638,left,1,0,12,Leave2,running,3.286771188441237,0.24617035943484625,-0.6252184332618713,1.596327962884351,0.1135382351457762,1.1933768870063803
2026-07-17T10:00:19.302+07:00,3716803947073,36.018188239,1784257219302524483,right,1,0,12,Leave2,running,-0.16279680927675794,2.5818228835998567,0.1661318019628525,-1.510799748180811,3.0296262317218488,1.1638569115325728
2026-07-17T10:00:19.347+07:00,3716848965912,36.063207078,1784257219336633767,left,1,0,13,Leave1,running,3.28699964385062,0.24885567628813585,-0.63243050614357,1.59695296437943,0.1135578306397214,1.1888165870113454
2026-07-17T10:00:19.368+07:00,3716869374829,36.083615995,1784257219368000012,right,1,0,13,Leave1,running,-0.16299119798653797,2.5777473230290053,0.17464380185604095,-1.5112836412473825,3.029222046478739,1.168311593209669
2026-07-17T10:00:19.400+07:00,3716901558784,36.115799950,1784257219400039770,left,1,0,13,Leave1,running,3.287242307874764,0.2517080044316487,-0.640091128549576,1.5976168373789865,0.11357864486088023,1.183972662540099
2026-07-17T10:00:19.432+07:00,3716933937705,36.148178871,1784257219432578597,right,1,0,13,Leave1,running,-0.16324112632768373,2.572507316580768,0.18558780171871184,-1.5119057894758319,3.028702379737597,1.1740390410802213
2026-07-17T10:00:19.466+07:00,3716966997464,36.181238630,1784257219465712661,left,1,0,13,Leave1,running,3.2874849718989076,0.2545603325751616,-0.6477517509555817,1.5982807103785426,0.11359945908203907,1.1791287380688524
2026-07-17T10:00:19.498+07:00,3716999664402,36.213905568,1784257219498217178,right,1,0,13,Leave1,running,-0.16346328485314657,2.567849533071224,0.19531580159664155,-1.5124588101233423,3.02824045374547,1.1791301058540455
2026-07-17T10:00:19.548+07:00,3717049180510,36.263421676,1784257219530644554,left,1,0,13,Leave1,running,3.2877276359230505,0.2574126607186745,-0.6554123733615875,1.598944583378099,0.1136202733031979,1.1742848135976058
2026-07-17T10:00:19.560+07:00,3717061593223,36.275834389,1784257219560160454,right,1,0,13,Leave1,running,-0.16368544337860946,2.5631917495616796,0.20504380147457127,-1.5130118307708524,3.0277785277533438,1.1842211706278698
2026-07-17T10:00:19.594+07:00,3717095337330,36.309578496,1784257219593971385,left,1,0,13,Leave1,running,3.287970299947195,0.26026498886218735,-0.6630729957675935,1.5996084563776551,0.11364108752435674,1.1694408891263595
2026-07-17T10:00:19.624+07:00,3717125387047,36.339628213,1784257219623905668,right,1,0,13,Leave1,running,-0.16390760190407236,2.5585339660521353,0.21477180135250096,-1.5135648514183628,3.027316601761217,1.1893122354016938
2026-07-17T10:00:19.660+07:00,3717161930821,36.376171987,1784257219660453683,left,1,0,13,Leave1,running,3.288212963971339,0.2631173170057003,-0.6707336181735992,1.6002723293772116,0.11366190174551558,1.1645969646551133
2026-07-17T10:00:19.688+07:00,3717189893192,36.404134358,1784257219688465535,right,1,0,13,Leave1,running,-0.16412976042953523,2.553876182542591,0.22449980123043067,-1.5141178720658732,3.0268546757690906,1.1944033001755179
2026-07-17T10:00:19.748+07:00,3717249762642,36.464003808,1784257219725360635,left,1,0,13,Leave1,running,3.288455627995482,0.2659696451492132,-0.6783942405796052,1.6009362023767681,0.11368271596667442,1.1597530401838667
2026-07-17T10:00:19.751+07:00,3717251989558,36.466230724,1784257219750607691,right,1,0,13,Leave1,running,-0.16435191895499812,2.5492183990330477,0.23422780110836036,-1.5146708927133832,3.026392749776965,1.1994943649493421
2026-07-17T10:00:19.793+07:00,3717294299579,36.508540745,1784257219792768210,left,1,0,13,Leave1,running,3.288728625022644,0.2691785143106652,-0.6870124407863618,1.601683059501269,0.1137061319654781,1.1543036251537144
2026-07-17T10:00:19.811+07:00,3717312244761,36.526485927,1784257219810780894,right,1,0,13,Leave1,running,-0.16454630766477815,2.545142838462196,0.24273980100154885,-1.5151547857799548,3.025988564533854,1.2039490466264386
2026-07-17T10:00:19.857+07:00,3717358378100,36.572619266,1784257219856727252,left,1,0,13,Leave1,running,3.2889409560437697,0.27167430143623894,-0.693715485391617,1.6022639483758805,0.11372434440899208,1.1500651912413737
2026-07-17T10:00:19.872+07:00,3717373317142,36.587558308,1784257219871950522,right,1,0,13,Leave1,running,-0.16476846619024105,2.540485054952652,0.25246780087947857,-1.5157078064274652,3.0255266385417277,1.2090401114002625
2026-07-17T10:00:19.948+07:00,3717449644716,36.663885882,1784257219922174490,left,1,0,13,Leave1,running,3.2892139530709312,0.27488317059769096,-0.7023336855983735,1.6030108055003813,0.11374776040779577,1.1446157762112215
2026-07-17T10:00:19.948+07:00,3717449783382,36.664024548,1784257219942518483,right,1,0,13,Leave1,running,-0.16501839453138675,2.5352450485044145,0.2634118007421495,-1.5163299546559144,3.0250069718005856,1.214767559270815
2026-07-17T10:00:19.999+07:00,3717500890354,36.715131520,1784257219999372667,left,1,0,13,Leave1,running,3.2894869500980928,0.278092039759143,-0.7109518858051301,1.603757662624882,0.11377117640659948,1.1391663611810694
2026-07-17T10:00:20.003+07:00,3717504553040,36.718794206,1784257220003047614,right,1,0,13,Leave1,running,-0.16521278324116678,2.5311694879335636,0.271923800635338,-1.5168138477224862,3.024602786557475,1.219222240947911
2026-07-17T10:00:20.063+07:00,3717564884233,36.779125399,1784257220063457077,right,1,0,13,Leave1,running,-0.16543494176662968,2.5265117044240193,0.2816518005132677,-1.5173668683699961,3.024140860565349,1.2243133057217352
2026-07-17T10:00:20.064+07:00,3717565820669,36.780061835,1784257220064519021,left,1,0,13,Leave1,running,3.2897599471252548,0.281300908920595,-0.7195700860118868,1.6045045197493832,0.11379459240540317,1.1337169461509171
2026-07-17T10:00:20.158+07:00,3717659329753,36.873570919,1784257220128723881,left,1,0,13,Leave1,running,3.290002611149398,0.2841532370641079,-0.7272307084178926,1.6051683927489393,0.11381540662656199,1.1288730216796705
2026-07-17T10:00:20.158+07:00,3717659420732,36.873661898,1784257220127196525,right,1,0,13,Leave1,running,-0.16562933047640968,2.522436143853168,0.29016380040645623,-1.5178507614365675,3.023736675322238,1.2287679873988313
2026-07-17T10:00:20.192+07:00,3717693726486,36.907967652,1784257220192320925,right,1,0,13,Leave1,running,-0.16587925881755544,2.5171961374049308,0.30110780026912703,-1.518472909665017,3.023217008581096,1.2344954352693838
2026-07-17T10:00:20.203+07:00,3717704522043,36.918763209,1784257220203208923,left,1,0,13,Leave1,running,3.29027560817656,0.28736210622555985,-0.7358489086246491,1.6059152498734401,0.11383882262536568,1.1234236066495185
2026-07-17T10:00:20.264+07:00,3717765522351,36.979763517,1784257220264165543,left,1,0,13,Leave1,running,3.2905182722007043,0.29021443436907274,-0.7435095310306552,1.6065791228729962,0.11385963684652452,1.1185796821782719
2026-07-17T10:00:20.266+07:00,3717767150870,36.981392036,1784257220265881529,right,1,0,13,Leave1,running,-0.16612918715870117,2.5119561309566936,0.31205180013179784,-1.5190950578934659,3.022697341839954,1.2402228831399358
2026-07-17T10:00:20.358+07:00,3717859367539,37.073608705,1784257220328896362,left,1,0,13,Leave1,running,3.2907306032218298,0.29271022149464654,-0.7502125756359104,1.6071600117476081,0.11387784929003851,1.1143412482659314
2026-07-17T10:00:20.358+07:00,3717859458156,37.073699322,1784257220328061001,right,1,0,13,Leave1,running,-0.16635134568416404,2.5072983474471497,0.3217798000097274,-1.519648078540976,3.022235415847827,1.2453139479137598
2026-07-17T10:00:20.393+07:00,3717894210668,37.108451834,1784257220392535606,right,1,0,13,Leave1,running,-0.16657350420962697,2.5026405639376055,0.331507799887657,-1.5202010991884864,3.0217734898557014,1.250405012687584
2026-07-17T10:00:20.396+07:00,3717897248955,37.111490121,1784257220395914244,left,1,0,13,Leave1,running,3.2910036002489917,0.29591909065609856,-0.7588307758426669,1.607906868872109,0.11390126528884219,1.1088918332357791
2026-07-17T10:00:20.458+07:00,3717959444446,37.173685612,1784257220458038723,left,1,0,13,Leave1,running,3.2912159312701172,0.2984148777816723,-0.765533820447922,1.6084877577467207,0.11391947773235618,1.1046533993234384
2026-07-17T10:00:20.462+07:00,3717963804182,37.178045348,1784257220462534399,right,1,0,13,Leave1,running,-0.16682343255077267,2.4974005574893683,0.3424517997503278,-1.5208232474169359,3.0212538231145585,1.256132460558136
2026-07-17T10:00:20.558+07:00,3718059585576,37.273826742,1784257220534971637,left,1,0,13,Leave1,running,3.291519261300297,0.30198028796106335,-0.7751095984554293,1.609317598996166,0.11394549550880471,1.0985984937343805
2026-07-17T10:00:20.558+07:00,3718059676704,37.273917870,1784257220522595671,right,1,0,13,Leave1,running,-0.1670178212605527,2.493324996918517,0.3509637996435162,-1.5213071404835072,3.0208496378714482,1.2605871422352322
2026-07-17T10:00:20.589+07:00,3718090581866,37.304823032,1784257220589119471,right,1,0,13,Leave1,running,-0.16723997978601557,2.4886672134089727,0.3606917995214458,-1.5218601611310176,3.0203877118793216,1.2656782070090564
2026-07-17T10:00:20.597+07:00,3718098795895,37.313037061,1784257220597509895,left,1,0,13,Leave1,running,3.291761925324441,0.3048326161045762,-0.782770220861435,1.6099814719957224,0.11396630972996355,1.093754569263134
2026-07-17T10:00:20.651+07:00,3718152621149,37.366862315,1784257220650955593,right,1,0,13,Leave1,running,-0.16746213831147844,2.484009429899429,0.37041979939937525,-1.5224131817785276,3.0199257858871955,1.2707692717828807
2026-07-17T10:00:20.659+07:00,3718160108839,37.374350005,1784257220658757797,left,1,0,13,Leave1,running,3.292004589348584,0.30768494424808907,-0.7904308432674406,1.6106453449952787,0.11398712395112241,1.0889106447918877
2026-07-17T10:00:20.759+07:00,3718260656450,37.474897616,1784257220724410802,left,1,0,13,Leave1,running,3.292247253372728,0.3105372723916019,-0.7980914656734464,1.611309217994835,0.11400793817228122,1.0840667203206413
2026-07-17T10:00:20.759+07:00,3718260771043,37.475012209,1784257220723923651,right,1,0,13,Leave1,running,-0.16771206665262417,2.4787694234511917,0.38136379926204617,-1.5230353300069768,3.0194061191460535,1.2764967196534327
2026-07-17T10:00:20.787+07:00,3718288295898,37.502537064,1784257220786629556,left,1,0,13,Leave1,running,3.2924899173968716,0.3133896005351148,-0.8057520880794521,1.6119730909943915,0.11402875239344006,1.079222795849395
2026-07-17T10:00:20.801+07:00,3718302644017,37.516885183,1784257220801272456,right,1,0,13,Leave1,running,-0.1679897648094528,2.4729471940642616,0.39352379910945806,-1.5237266058163648,3.0188287116558956,1.2828605506207131
2026-07-17T10:00:20.853+07:00,3718354470940,37.568712106,1784257220852746118,left,1,0,13,Leave1,running,3.2927325814210153,0.3162419286786276,-0.8134127104854578,1.6126369639939475,0.11404956661459889,1.0743788713781488
2026-07-17T10:00:20.865+07:00,3718366827357,37.581068523,1784257220865462044,right,1,0,13,Leave1,running,-0.16821192333491566,2.4682894105547173,0.4032517989873876,-1.5242796264638752,3.0183667856637695,1.287951615394537
2026-07-17T10:00:20.949+07:00,3718450321841,37.664563007,1784257220923026843,left,1,0,13,Leave1,running,3.2930055784481778,0.3194507978400795,-0.8220309106922145,1.6133838211184484,0.1140729826134026,1.0689294563479965
2026-07-17T10:00:20.949+07:00,3718450421289,37.664662455,1784257220945125342,right,1,0,13,Leave1,running,-0.1684896214917443,2.4624671811677867,0.4154117988347997,-1.524970902273263,3.017789378173611,1.2943154463618174
2026-07-17T10:00:20.989+07:00,3718490284910,37.704526076,1784257220988852420,left,1,0,13,Leave1,running,3.2932482424723206,0.32230312598359245,-0.8296915330982202,1.6140476941180044,0.11409379683456143,1.0640855318767501
2026-07-17T10:00:21.014+07:00,3718515533836,37.729775002,1784257221014172838,right,1,0,13,Leave1,running,-0.16873954983289002,2.4572271747195504,0.4263557986974704,-1.525593050501712,3.017269711432469,1.3000428942323694
2026-07-17T10:00:21.053+07:00,3718554863343,37.769104509,1784257221053344661,left,1,0,13,Leave1,running,3.2934909064964644,0.3251554541271053,-0.8373521555042259,1.614711567117561,0.11411461105572027,1.0592416074055038
2026-07-17T10:00:21.088+07:00,3718589120926,37.803362092,1784257221087617508,right,1,0,13,Leave1,running,-0.16898947817403576,2.451987168271313,0.4372997985601413,-1.526215198730161,3.016750044691327,1.3057703421029214
2026-07-17T10:00:21.148+07:00,3718649287953,37.863529119,1784257221123071467,left,1,0,13,Leave1,running,3.293763903523626,0.3283643232885572,-0.8459703557109823,1.6154584242420618,0.11413802705452396,1.0537921923753515
2026-07-17T10:00:21.155+07:00,3718656352742,37.870593908,1784257221154964416,right,1,0,13,Leave1,running,-0.16921163669949862,2.4473293847617685,0.44702779843807117,-1.5267682193776715,3.0162881186992005,1.3108614068767457
2026-07-17T10:00:21.206+07:00,3718707129053,37.921370219,1784257221205791398,left,1,0,13,Leave1,running,3.294067233553806,0.33192973346794824,-0.8555461337184896,1.6162882654915072,0.1141640448309725,1.0477372867862937
2026-07-17T10:00:21.226+07:00,3718727461141,37.941702307,1784257221226171495,right,1,0,13,Leave1,running,-0.16946156504064439,2.4420893783135313,0.45797179830074214,-1.5273903676061205,3.0157684519580585,1.3165888547472981
2026-07-17T10:00:21.271+07:00,3718772703925,37.986945091,1784257221271104902,left,1,0,13,Leave1,running,3.294309897577949,0.33478206161146107,-0.8632067561244954,1.6169521384910632,0.11418485905213134,1.0428933623150474
2026-07-17T10:00:21.290+07:00,3718791081313,38.005322479,1784257221289660194,right,1,0,13,Leave1,running,-0.16968372356610728,2.437431594803987,0.46769979817867197,-1.527943388253631,3.015306525965932,1.3216799195211224
2026-07-17T10:00:21.348+07:00,3718849927567,38.064168733,1784257221332994207,left,1,0,13,Leave1,running,3.2945525616020936,0.337634389754974,-0.8708673785305011,1.6176160114906195,0.11420567327329018,1.038049437843801
2026-07-17T10:00:21.368+07:00,3718869190499,38.083431665,1784257221367759981,right,1,0,13,Leave1,running,-0.16996142172293588,2.431609365417057,0.47985979802608425,-1.528634664063019,3.0147291184757745,1.3280437504884028
2026-07-17T10:00:21.402+07:00,3718903295723,38.117536889,1784257221401550851,left,1,0,13,Leave1,running,3.294825558629255,0.3408432589164259,-0.8794855787372575,1.6183628686151204,0.11422908927209385,1.032600022813649
2026-07-17T10:00:21.430+07:00,3718931405601,38.145646767,1784257221429972452,right,1,0,13,Leave1,running,-0.17018358024839877,2.4269515819075127,0.48958779790401413,-1.5291876847105295,3.0142671924836475,1.333134815262227
2026-07-17T10:00:21.469+07:00,3718970482391,38.184723557,1784257221469070667,left,1,0,13,Leave1,running,3.295068222653399,0.34369558705993875,-0.8871462011432635,1.6190267416146769,0.1142499034932527,1.0277560983424023
2026-07-17T10:00:21.501+07:00,3719002709585,38.216950751,1784257221501234517,right,1,0,13,Leave1,running,-0.1704335085895445,2.421711575459275,0.5005317977666852,-1.5298098329389782,3.0137475257425055,1.3388622631327796
2026-07-17T10:00:21.548+07:00,3719049839403,38.264080569,1784257221531163015,left,1,0,13,Leave1,running,3.2953108866775427,0.34654791520345163,-0.894806823549269,1.619690614614233,0.11427071771441154,1.0229121738711562
2026-07-17T10:00:21.563+07:00,3719064245063,38.278486229,1784257221562675281,right,1,0,13,Leave1,running,-0.17062789729932454,2.4176360148884237,0.5090437976598737,-1.5302937260055498,3.013343340499395,1.3433169448098756
2026-07-17T10:00:21.601+07:00,3719102142416,38.316383582,1784257221600678268,left,1,0,13,Leave1,running,3.2955838837047042,0.3497567843649036,-0.9034250237560256,1.6204374717387338,0.11429413371321522,1.0174627588410037
2026-07-17T10:00:21.629+07:00,3719130896557,38.345137723,1784257221629391873,right,1,0,13,Leave1,running,-0.1708778256404703,2.412396008440187,0.5199877975225449,-1.5309158742339988,3.0128236737582528,1.3490443926804279
2026-07-17T10:00:21.664+07:00,3719165167383,38.379408549,1784257221663594672,left,1,0,13,Leave1,running,3.295826547728848,0.3526091125084166,-0.9110856461620316,1.62110134473829,0.11431494793437406,1.0126188343697573
2026-07-17T10:00:21.698+07:00,3719199822187,38.414063353,1784257221698519810,right,1,0,13,Leave1,running,-0.17109998416593314,2.4077382249306423,0.5297157974004747,-1.5314688948815092,3.0123617477661266,1.3541354574542521
2026-07-17T10:00:21.758+07:00,3719259605551,38.473846717,1784257221739129480,left,1,0,13,Leave1,running,3.2960995447560095,0.3558179816698686,-0.9197038463687884,1.621848201862791,0.11433836393317774,1.007169419339605
2026-07-17T10:00:21.761+07:00,3719262587896,38.476829062,1784257221761276183,right,1,0,13,Leave1,running,-0.17132214269139606,2.403080441421098,0.5394437972784045,-1.5320219155290193,3.011899821774,1.3592265222280764
2026-07-17T10:00:21.802+07:00,3719303130579,38.517371745,1784257221801569547,left,1,0,13,Leave1,running,3.2963422087801533,0.3586703098133816,-0.9273644687747944,1.6225120748623476,0.11435917815433658,1.0023254948683584
2026-07-17T10:00:21.825+07:00,3719326925714,38.541166880,1784257221825452377,right,1,0,13,Leave1,running,-0.17154430121685893,2.3984226579115533,0.5491717971563345,-1.5325749361765302,3.011437895781874,1.3643175870019006
2026-07-17T10:00:21.867+07:00,3719368676732,38.582917898,1784257221867177240,left,1,0,13,Leave1,running,3.2965848728042966,0.3615226379568945,-0.9350250911808005,1.6231759478619037,0.11437999237549541,0.9974815703971119
2026-07-17T10:00:21.901+07:00,3719402874958,38.617116124,1784257221901368810,right,1,0,13,Leave1,running,-0.1718043189671874,2.392971116553214,0.5605575976255469,-1.533222200036205,3.0108972505059803,1.370276247406709
2026-07-17T10:00:21.948+07:00,3719449401418,38.663642584,1784257221929859095,left,1,0,13,Leave1,running,3.2967740062120856,0.3637457550580724,-0.940995813979715,1.6236933733978403,0.11439621507101913,0.9937061943579514
2026-07-17T10:00:21.974+07:00,3719475342774,38.689583940,1784257221973951509,right,1,0,13,Leave1,running,-0.17191282414587655,2.3906961931355983,0.5653088821546616,-1.5334923026759835,3.01067163970751,1.3727627911567217
2026-07-17T10:00:21.991+07:00,3719492519589,38.706760755,1784257221991137920,left,1,0,13,Leave1,running,3.296841012011718,0.36453335647012086,-0.9431111095279718,1.6238766858659586,0.1144019624146453,0.9923686618015776
2026-07-17T10:00:22.035+07:00,3719536142558,38.750383724,1784257222034612104,right,1,0,13,Leave1,running,-0.17191776633262634,2.390592575073242,0.5655252933502197,-1.533504605293274,3.010661363601684,1.3728760480880737
2026-07-17T10:00:22.057+07:00,3719558115067,38.772356233,1784257222056641053,left,1,0,13,Leave1,running,3.2968411445617676,0.36453491449356074,-0.9431152939796449,1.6238770484924316,0.11440197378396988,0.9923660159111023
2026-07-17T10:00:22.102+07:00,3719603745034,38.817986200,1784257222102357135,right,1,0,13,Leave1,running,-0.17188940175819398,2.3905859826335654,0.5655384154276071,-1.5335105417656074,3.010689038709706,1.3728835330866456
2026-07-17T10:00:22.148+07:00,3719649747085,38.863988251,1784257222121547391,left,1,0,14,Place,running,3.2967370457000738,0.36454813300528444,-0.9431520547655523,1.6238217304724587,0.114314103346821,0.9923459038886957
2026-07-17T10:00:22.167+07:00,3719668758759,38.882999925,1784257222167356468,right,1,0,14,Place,running,-0.17120865197181703,2.3904277640813176,0.5658533452849054,-1.5336530171016143,3.0113532413022384,1.3730631730523721
2026-07-17T10:00:22.216+07:00,3719717119161,38.931360327,1784257222215690488,left,1,0,14,Place,running,3.2953772543191913,0.3647207998146757,-0.9436322425314669,1.6230991388365623,0.11316629576156391,0.9920831905960109
2026-07-17T10:00:22.238+07:00,3719739237771,38.953478937,1784257222237855792,right,1,0,14,Place,running,-0.16942995682239534,2.3900143631856254,0.5666762088697268,-1.5340252833793846,3.013088701163132,1.3735325448275444
2026-07-17T10:00:22.279+07:00,3719780573532,38.994814698,1784257222278976804,left,1,0,14,Place,running,3.29373444406271,0.36492940446492556,-0.9442123737177448,1.6222261512831864,0.11177959034480812,0.9917657977239833
2026-07-17T10:00:22.302+07:00,3719803367839,39.017609005,1784257222301816329,right,1,0,14,Place,running,-0.1676335338640213,2.3895968420267715,0.5675072737297528,-1.5344012599418846,3.0148414579176896,1.3740065947136122
2026-07-17T10:00:22.348+07:00,3719849048387,39.063289553,1784257222345943015,left,1,0,14,Place,running,3.291880182974339,0.3651648592195363,-0.9448671752571323,1.6212407989916044,0.11021439808649366,0.9914075523027576
2026-07-17T10:00:22.371+07:00,3719872762644,39.087003810,1784257222371393598,right,1,0,14,Place,running,-0.1658371109056473,2.3891793208679166,0.5683383385897789,-1.5347772365043846,3.0165942146722466,1.37448064459968
2026-07-17T10:00:22.420+07:00,3719921247290,39.135488456,1784257222419717328,left,1,0,14,Place,running,3.2900259218859675,0.36540031397414685,-0.9455219767965197,1.6202554467000225,0.10864920582817918,0.9910493068815318
2026-07-17T10:00:22.435+07:00,3719936069028,39.150310194,1784257222434725701,right,1,0,14,Place,running,-0.16404068794727328,2.3887617997090627,0.569169403449805,-1.5351532130668846,3.0183469714268045,1.3749546944857478
2026-07-17T10:00:22.483+07:00,3719984725964,39.198967130,1784257222483244488,left,1,0,14,Place,running,3.288377689807415,0.3656096070893564,-0.9461040226093087,1.6193795779963946,0.10725792382078855,0.9907308665071088
2026-07-17T10:00:22.549+07:00,3720050320908,39.264562074,1784257222515550053,right,1,0,14,Place,running,-0.16179515924930574,2.3882398982604953,0.5702082345248375,-1.5356231837700096,3.0205379173700018,1.3755472568433322
2026-07-17T10:00:22.552+07:00,3720053762766,39.268003932,1784257222552411334,left,1,0,14,Place,running,3.286523428719044,0.3658450618439671,-0.9467588241486962,1.618394225704813,0.1056927315624741,0.9903726210858831
2026-07-17T10:00:22.581+07:00,3720082281403,39.296522569,1784257222580824076,right,1,0,14,Place,running,-0.1599987362909317,2.387822377101641,0.5710392993848635,-1.5359991603325094,3.0222906741245588,1.3760213067294003
2026-07-17T10:00:22.619+07:00,3720120289927,39.334531093,1784257222618893829,left,1,0,14,Place,running,3.284875196640492,0.36605435495917654,-0.947340869961485,1.617518357001185,0.10430144955508346,0.9900541807114602
2026-07-17T10:00:22.643+07:00,3720144489601,39.358730767,1784257222643024975,right,1,0,14,Place,running,-0.15820231333255771,2.387404855942787,0.5718703642448897,-1.5363751368950096,3.024043430879116,1.3764953566154678
2026-07-17T10:00:22.697+07:00,3720198948092,39.413189258,1784257222697523672,left,1,0,14,Place,running,3.2828149065423013,0.36631597135318844,-0.9480684272274712,1.6164235211216496,0.10256234704584517,0.9896561302434315
2026-07-17T10:00:22.769+07:00,3720270038024,39.484279190,1784257222717371971,right,1,0,14,Place,running,-0.15595678463459017,2.3868829544942187,0.5729091953199221,-1.5368451075981344,3.026234376822313,1.3770879189730523
2026-07-17T10:00:22.784+07:00,3720285295855,39.499537021,1784257222783331653,right,1,0,14,Place,running,-0.15416036167621613,2.3864654333353648,0.5737402601799483,-1.5372210841606346,3.02798713357687,1.3775619688591203
2026-07-17T10:00:22.792+07:00,3720293777098,39.508018264,1784257222792370746,left,1,0,14,Place,running,3.280342558424473,0.3666299110260027,-0.9489414959466547,1.6151097180662075,0.10047542403475923,0.9891784696817969
2026-07-17T10:00:22.847+07:00,3720348012746,39.562253912,1784257222846612699,right,1,0,14,Place,running,-0.15236393871784212,2.386047912176511,0.5745713250399742,-1.5375970607231346,3.0297398903314274,1.3780360187451879
2026-07-17T10:00:22.857+07:00,3720358137516,39.572378682,1784257222856721514,left,1,0,14,Place,running,3.2786943263459207,0.3668392041412121,-0.9495235417594435,1.6142338493625794,0.09908414202736861,0.988860029307374
2026-07-17T10:00:22.949+07:00,3720450701891,39.664943057,1784257222922185802,left,1,0,14,Place,running,3.2770460942673685,0.3670484972564217,-0.9501055875722325,1.613357980658951,0.09769286001997796,0.9885415889329513
2026-07-17T10:00:22.949+07:00,3720450848502,39.665089668,1784257222911441645,right,1,0,14,Place,running,-0.1505675157594681,2.385630391017657,0.5754023899000003,-1.5379730372856346,3.031492647085985,1.3785100686312555
2026-07-17T10:00:22.976+07:00,3720477892073,39.692133239,1784257222976587276,right,1,0,14,Place,running,-0.14877109280109407,2.385212869858803,0.5762334547600264,-1.5383490138481348,3.0332454038405428,1.3789841185173233
2026-07-17T10:00:22.984+07:00,3720485170871,39.699412037,1784257222983881719,left,1,0,14,Place,running,3.275397862188816,0.36725779037163114,-0.9506876333850214,1.6124821119553228,0.09630157801258735,0.9882231485585282
2026-07-17T10:00:23.040+07:00,3720541129869,39.755371035,1784257223039347132,right,1,0,14,Place,running,-0.14697466984272006,2.384795348699949,0.5770645196200523,-1.5387249904106346,3.0349981605950997,1.379458168403391
2026-07-17T10:00:23.048+07:00,3720549496490,39.763737656,1784257223048107411,left,1,0,14,Place,running,3.2737496301102635,0.36746708348684065,-0.9512696791978102,1.6116062432516947,0.09491029600519671,0.9879047081841055
2026-07-17T10:00:23.159+07:00,3720660637260,39.874878426,1784257223109266352,left,1,0,14,Place,running,3.2723074270415307,0.36765021496264894,-0.9517789692840005,1.6108398581360202,0.0936929242487299,0.9876260728564852
2026-07-17T10:00:23.159+07:00,3720660739182,39.874980348,1784257223108542498,right,1,0,14,Place,running,-0.14517824688434602,2.384377827541094,0.5778955844800784,-1.5391009669731346,3.036750917349657,1.3799322182894587
2026-07-17T10:00:23.174+07:00,3720674999867,39.889241033,1784257223173537737,right,1,0,14,Place,running,-0.14338182392597204,2.38396030638224,0.5787266493401044,-1.5394769435356346,3.038503674104214,1.3804062681755267
2026-07-17T10:00:23.174+07:00,3720675508719,39.889749885,1784257223174266067,left,1,0,14,Place,running,3.2706591949629784,0.36785950807785844,-0.9523610150967894,1.6099639894323918,0.09230164224133929,0.9873076324820622
2026-07-17T10:00:23.238+07:00,3720739017870,39.953259036,1784257223237551788,right,1,0,14,Place,running,-0.141585400967598,2.383542785223386,0.5795577142001306,-1.5398529200981346,3.0402564308587716,1.3808803180615943
2026-07-17T10:00:23.252+07:00,3720753033472,39.967274638,1784257223251676267,left,1,0,14,Place,running,3.268598904864788,0.36812112447187034,-0.9530885723627756,1.6088691535528568,0.09056253973210099,0.9869095820140336
2026-07-17T10:00:23.349+07:00,3720850514399,40.064755565,1784257223323207773,left,1,0,14,Place,running,3.266744643776417,0.36835657922648096,-0.953743373902163,1.6078838012612748,0.08899734747378654,0.9865513365928078
2026-07-17T10:00:23.349+07:00,3720850604682,40.064845848,1784257223306829539,right,1,0,14,Place,running,-0.13956442513942724,2.3830730739196753,0.5804926621676598,-1.540275893730947,3.0422282822076485,1.3814136241834203
2026-07-17T10:00:23.371+07:00,3720871990628,40.086231794,1784257223370420707,right,1,0,14,Place,running,-0.13776800218105323,2.382655552760821,0.5813237270276859,-1.540651870293447,3.043981038962206,1.3818876740694879
2026-07-17T10:00:23.389+07:00,3720890491421,40.104732587,1784257223389152864,left,1,0,14,Place,running,3.2650964116978645,0.36856587234169047,-0.954325419714952,1.607007932557647,0.08760606546639592,0.986232896218385
2026-07-17T10:00:23.434+07:00,3720935884505,40.150125671,1784257223434401306,right,1,0,14,Place,running,-0.1359715792226792,2.382238031601967,0.5821547918877119,-1.541027846855947,3.045733795716763,1.382361723955556
2026-07-17T10:00:23.454+07:00,3720955202331,40.169443497,1784257223453816674,left,1,0,14,Place,running,3.263448179619313,0.3687751654568999,-0.9549074655277409,1.6061320638540186,0.08621478345900527,0.985914455843962
2026-07-17T10:00:23.501+07:00,3721002624571,40.216865737,1784257223501035106,right,1,0,14,Place,running,-0.13395060339450837,2.381768320298256,0.5830897398552413,-1.5414508204887596,3.0477056470656403,1.382895030077382
2026-07-17T10:00:23.548+07:00,3721049686917,40.263928083,1784257223527802595,left,1,0,14,Place,running,3.261387889521122,0.3690367818509118,-0.9556350227937269,1.6050372279744836,0.08447568094976698,0.9855164053759334
2026-07-17T10:00:23.562+07:00,3721063956120,40.278197286,1784257223562551022,right,1,0,14,Place,running,-0.13237873330593108,2.381402989284259,0.5838169216077641,-1.5417797999809473,3.0492393092258783,1.3833098237276913
2026-07-17T10:00:23.593+07:00,3721094132888,40.308374054,1784257223592559627,left,1,0,14,Place,running,3.2597427206217016,0.3692456860025092,-0.9562159868956267,1.6041629870408582,0.08308698458918352,0.9851985568113182
2026-07-17T10:00:23.627+07:00,3721128828675,40.343069841,1784257223627190932,right,1,0,14,Place,running,-0.13072608554278198,2.3810188840789497,0.5845814728931679,-1.542125685576606,3.0508517855729775,1.3837459334312434
2026-07-17T10:00:23.657+07:00,3721158793131,40.373034297,1784257223657269345,left,1,0,14,Place,running,3.2586629212697247,0.3693827993211475,-0.9565973001218697,1.603589182859456,0.08217551985703422,0.9849899383076379
2026-07-17T10:00:23.694+07:00,3721195230791,40.409471957,1784257223693809029,right,1,0,14,Place,running,-0.12985261594232123,2.3808158739592518,0.5849855591846841,-1.5423084955859627,3.0517040234799637,1.3839764293524026
2026-07-17T10:00:23.748+07:00,3721249092192,40.463333358,1784257223727439324,left,1,0,14,Place,running,3.258210659027099,0.3694402277469635,-0.9567570090293884,1.6033488512039185,0.08179376274347304,0.984902560710907
2026-07-17T10:00:23.755+07:00,3721256255203,40.470496369,1784257223754856608,right,1,0,14,Place,running,-0.12981410324573517,2.380806922912598,0.5850033760070801,-1.5423165559768677,3.0517416000366224,1.3839865922927859
2026-07-17T10:00:23.792+07:00,3721292992521,40.507233687,1784257223791382121,left,1,0,14,Place,running,3.258210659027099,0.3694402277469635,-0.9567570090293884,1.6033488512039185,0.08179376274347304,0.984902560710907
2026-07-17T10:00:23.816+07:00,3721317886784,40.532127950,1784257223816414129,right,1,0,14,Place,running,-0.12981410324573517,2.380806922912598,0.5850033760070801,-1.5423165559768677,3.0517416000366224,1.3839865922927859
2026-07-17T10:00:23.855+07:00,3721356865954,40.571107120,1784257223855215637,left,1,0,14,Place,running,3.258210659027099,0.3694402277469635,-0.9567570090293884,1.6033488512039185,0.08179376274347304,0.984902560710907
2026-07-17T10:00:23.882+07:00,3721383199620,40.597440786,1784257223881682228,right,1,0,14,Place,running,-0.12981410324573517,2.380806922912598,0.5850033760070801,-1.5423165559768677,3.0517416000366224,1.3839865922927859
2026-07-17T10:00:23.948+07:00,3721449586719,40.663827885,1784257223922048471,left,1,0,14,Place,delay,3.258210659027099,0.3694402277469635,-0.9567570090293884,1.6033488512039185,0.08179376274347304,0.984902560710907
2026-07-17T10:00:23.949+07:00,3721450049799,40.664290965,1784257223948825209,right,1,0,14,Place,delay,-0.12981410324573517,2.380806922912598,0.5850033760070801,-1.5423165559768677,3.0517416000366224,1.3839865922927859
2026-07-17T10:00:23.983+07:00,3721484941373,40.699182539,1784257223983565847,left,1,0,14,Place,delay,3.258210659027099,0.3694402277469635,-0.9567570090293884,1.6033488512039185,0.08179376274347304,0.984902560710907
2026-07-17T10:00:24.010+07:00,3721511120084,40.725361250,1784257224009738649,right,1,0,14,Place,delay,-0.12981410324573517,2.380806922912598,0.5850033760070801,-1.5423165559768677,3.0517416000366224,1.3839865922927859
2026-07-17T10:00:24.063+07:00,3721564094982,40.778336148,1784257224062521530,left,1,0,14,Place,delay,3.258210659027099,0.3694402277469635,-0.9567570090293884,1.6033488512039185,0.08179376274347304,0.984902560710907
2026-07-17T10:00:24.075+07:00,3721576565126,40.790806292,1784257224075185485,right,1,0,14,Place,delay,-0.12981410324573517,2.380806922912598,0.5850033760070801,-1.5423165559768677,3.0517416000366224,1.3839865922927859
2026-07-17T10:00:24.149+07:00,3721649968237,40.864209403,1784257224133040406,left,1,0,14,Place,delay,3.258210659027099,0.3694402277469635,-0.9567570090293884,1.6033488512039185,0.08179376274347304,0.984902560710907
2026-07-17T10:00:24.149+07:00,3721650260932,40.864502098,1784257224142748878,right,1,0,14,Place,delay,-0.12981410324573517,2.380806922912598,0.5850033760070801,-1.5423165559768677,3.0517416000366224,1.3839865922927859
2026-07-17T10:00:24.213+07:00,3721714198514,40.928439680,1784257224212692151,left,1,0,14,Place,delay,3.258210659027099,0.3694402277469635,-0.9567570090293884,1.6033488512039185,0.08179376274347304,0.984902560710907
2026-07-17T10:00:24.233+07:00,3721734356893,40.948598059,1784257224232974489,right,1,0,14,Place,delay,-0.12981410324573517,2.380806922912598,0.5850033760070801,-1.5423165559768677,3.0517416000366224,1.3839865922927859
2026-07-17T10:00:24.278+07:00,3721779451783,40.993692949,1784257224277867018,left,1,0,14,Place,delay,3.258210659027099,0.3694402277469635,-0.9567570090293884,1.6033488512039185,0.08179376274347304,0.984902560710907
2026-07-17T10:00:24.297+07:00,3721798400664,41.012641830,1784257224297051697,right,1,0,14,Place,delay,-0.12981410324573517,2.380806922912598,0.5850033760070801,-1.5423165559768677,3.0517416000366224,1.3839865922927859
2026-07-17T10:00:24.348+07:00,3721849521965,41.063763131,1784257224344973655,left,1,0,15,Pre_Place,running,3.2579864529952998,0.36945771802627064,-0.956806071942565,1.6032260213563887,0.08160674503542682,0.9848746450007373
2026-07-17T10:00:24.361+07:00,3721862107562,41.076348728,1784257224360716444,right,1,0,15,Pre_Place,running,-0.12957443268680574,2.3807716336678104,0.5850733921700856,-1.5423607911290522,3.0519767681883727,1.3840272424323914
2026-07-17T10:00:24.411+07:00,3721912385028,41.126626194,1784257224410812855,left,1,0,15,Pre_Place,running,3.256989981742858,0.36953545260096865,-0.957024129334461,1.6026801109229243,0.08077555522188802,0.9847505751777618
2026-07-17T10:00:24.423+07:00,3721924207655,41.138448821,1784257224422837331,right,1,0,15,Pre_Place,running,-0.12850923020267488,2.3806147925798657,0.5853845751167763,-1.5425573918054267,3.053021959973931,1.384207909719527
2026-07-17T10:00:24.479+07:00,3721980681059,41.194922225,1784257224479232553,left,1,0,15,Pre_Place,running,3.2552368150854103,0.369672216872048,-0.9574077740687627,1.6017196497279238,0.07931318060391863,0.9845322898270267
2026-07-17T10:00:24.486+07:00,3721987529378,41.201770544,1784257224486027653,right,1,0,15,Pre_Place,running,-0.12684596094846728,2.38036989176217,0.5858704743100049,-1.5428643755622637,3.0546539833568747,1.3844900141535763
2026-07-17T10:00:24.548+07:00,3722049708915,41.263950081,1784257224544316558,left,1,0,15,Pre_Place,running,3.2536590688848492,0.3697952966192878,-0.9577530316170614,1.60085529151374,0.07799713002338932,0.9843358459343157
2026-07-17T10:00:24.554+07:00,3722055538981,41.269780147,1784257224554290040,right,1,0,15,Pre_Place,running,-0.12515939039945603,2.3801215600470793,0.5863631806274066,-1.5431756599571362,3.0563088703007693,1.3847760706829146
2026-07-17T10:00:24.610+07:00,3722111155816,41.325396982,1784257224609466077,left,1,0,15,Pre_Place,running,3.2520813226842873,0.3699183763665275,-0.9580982891653603,1.5999909332995559,0.07668107944286001,0.9841394020416047
2026-07-17T10:00:24.625+07:00,3722126925532,41.341166698,1784257224625549228,right,1,0,15,Pre_Place,running,-0.12326199853181839,2.3798421868676027,0.5869174752344832,-1.5435258549013677,3.0581706181126505,1.3850978842784198
2026-07-17T10:00:24.681+07:00,3722182355107,41.396596273,1784257224680743766,left,1,0,15,Pre_Place,running,3.250306358208656,0.3700568410821724,-0.9584867039071966,1.5990185303085993,0.07520052253976456,0.9839184026623046
2026-07-17T10:00:24.690+07:00,3722191754188,41.405995354,1784257224690453060,right,1,0,15,Pre_Place,running,-0.12157542798280717,2.3795938551525126,0.587410181551885,-1.54383713929624,3.059825505056544,1.385383940807758
2026-07-17T10:00:24.770+07:00,3722271285965,41.485527131,1784257224747056735,left,1,0,15,Pre_Place,running,3.2487286120080943,0.37017992082941215,-0.9588319614554955,1.5981541720944148,0.07388447195923523,0.9837219587695937
2026-07-17T10:00:24.770+07:00,3722271432500,41.485673666,1784257224762507800,right,1,0,15,Pre_Place,running,-0.11967803611516953,2.379314481973035,0.5879644761589616,-1.5441873342404715,3.061687252868426,1.3857057544032634
2026-07-17T10:00:24.815+07:00,3722316046373,41.530287539,1784257224814534007,left,1,0,15,Pre_Place,running,3.2471508658075328,0.37030300057665194,-0.9591772190037945,1.5972898138802312,0.07256842137870594,0.9835255148768824
2026-07-17T10:00:24.829+07:00,3722330433773,41.544674939,1784257224829154719,right,1,0,15,Pre_Place,running,-0.11778064424753187,2.3790351087935586,0.5885187707660384,-1.5445375291847032,3.063549000680306,1.3860275679987686
2026-07-17T10:00:24.882+07:00,3722383400096,41.597641262,1784257224881571675,left,1,0,15,Pre_Place,running,3.2453759013319012,0.37044146529229666,-0.9595656337456306,1.5963174108892741,0.07108786447561047,0.9833045154975826
2026-07-17T10:00:24.894+07:00,3722395403197,41.609644363,1784257224893983242,right,1,0,15,Pre_Place,running,-0.11630489501714704,2.378817818542854,0.5889498887937648,-1.5448099030302163,3.064997026756214,1.3862778674619396
2026-07-17T10:00:24.951+07:00,3722452566283,41.666807449,1784257224951136137,left,1,0,15,Pre_Place,running,3.2436009368562697,0.3705799300079414,-0.9599540484874669,1.5953450078983173,0.06960730757251499,0.9830835161182827
2026-07-17T10:00:24.970+07:00,3722471954465,41.686195631,1784257224970550336,right,1,0,15,Pre_Place,running,-0.11419668183088301,2.3785074038989915,0.5895657716905167,-1.545199008523807,3.067065635436082,1.3866354381236121
2026-07-17T10:00:25.016+07:00,3722517251262,41.731492428,1784257225015745267,left,1,0,15,Pre_Place,running,3.2420231906557078,0.3707030097551812,-0.9602993060357657,1.5944806496841333,0.06829125699198568,0.9828870722255715
2026-07-17T10:00:25.035+07:00,3722536119127,41.750360293,1784257225034710484,right,1,0,15,Pre_Place,running,-0.11251011128187177,2.3782590721839014,0.5900584780079183,-1.5455102929186793,3.068720522379976,1.38692149465295
2026-07-17T10:00:25.077+07:00,3722578879752,41.793120918,1784257225077350338,left,1,0,15,Pre_Place,running,3.2406426627302167,0.37081070453401604,-0.9606014063905273,1.5937243362467226,0.06713971273402254,0.9827151838194494
2026-07-17T10:00:25.102+07:00,3722603057228,41.817298394,1784257225101542231,right,1,0,15,Pre_Place,running,-0.11061271941423415,2.377979699004424,0.5906127726149951,-1.545860487862911,3.0705822701918573,1.3872433082484554
2026-07-17T10:00:25.148+07:00,3722649113821,41.863354987,1784257225140749373,left,1,0,15,Pre_Place,running,3.2390649165296552,0.37093378428125584,-0.9609466639388262,1.5928599780325385,0.06582366215349322,0.9825187399267382
2026-07-17T10:00:25.174+07:00,3722675348376,41.889589542,1784257225173836223,right,1,0,15,Pre_Place,running,-0.1087153275465965,2.3777003258249474,0.5911670672220718,-1.5462106828071425,3.0724440180037385,1.3875651218439609
2026-07-17T10:00:25.216+07:00,3722717080028,41.931321194,1784257225215659332,left,1,0,15,Pre_Place,running,3.2370927337789537,0.37108763396530564,-0.9613782358741999,1.5917795302648086,0.06417859892783158,0.9822731850608495
2026-07-17T10:00:25.240+07:00,3722741917905,41.956159071,1784257225240471110,right,1,0,15,Pre_Place,running,-0.10702875699758527,2.377451994109857,0.5916597735394734,-1.5465219672020147,3.074098904947633,1.3878511783732992
2026-07-17T10:00:25.278+07:00,3722779333776,41.993574942,1784257225277658197,left,1,0,15,Pre_Place,running,3.2357122058534618,0.3711953287441404,-0.9616803362289613,1.5910232168273974,0.06302705466986842,0.9821012966547272
2026-07-17T10:00:25.301+07:00,3722802170187,42.016411353,1784257225300761641,right,1,0,15,Pre_Place,running,-0.10555300776720043,2.377234703859153,0.5920908915671999,-1.546794341047528,3.07554693102354,1.38810147783647
2026-07-17T10:00:25.347+07:00,3722848932415,42.063173581,1784257225338446595,left,1,0,15,Pre_Place,running,3.2341344596529003,0.3713184084913802,-0.9620255937772603,1.5901588586132138,0.0617110040893391,0.981904852762016
2026-07-17T10:00:25.362+07:00,3722863380188,42.077621354,1784257225361825178,right,1,0,15,Pre_Place,running,-0.10386643721818921,2.3769863721440623,0.5925835978846014,-1.5471056254424007,3.0772018179674343,1.3883875343658079
2026-07-17T10:00:25.402+07:00,3722903273680,42.117514846,1784257225401675582,left,1,0,15,Pre_Place,running,3.232556713452339,0.37144148823862005,-0.9623708513255592,1.5892945003990298,0.06039495350880979,0.9817084088693052
2026-07-17T10:00:25.423+07:00,3722924246666,42.138487832,1784257225422692368,right,1,0,15,Pre_Place,running,-0.10217986666917797,2.376738040428972,0.5930763042020029,-1.547416909837273,3.078856704911329,1.388673590895146
2026-07-17T10:00:25.465+07:00,3722966735862,42.180977028,1784257225465297513,left,1,0,15,Pre_Place,running,3.2309789672517772,0.37156456798585974,-0.9627161088738581,1.5884301421848457,0.05907890292828046,0.9815119649765941
2026-07-17T10:00:25.489+07:00,3722990248937,42.204490103,1784257225488691854,right,1,0,15,Pre_Place,running,-0.10049329612016673,2.376489708713881,0.5935690105194045,-1.5477281942321457,3.0805115918552235,1.388959647424484
2026-07-17T10:00:25.548+07:00,3723049309098,42.263550264,1784257225527766454,left,1,0,15,Pre_Place,running,3.2294012210512157,0.3716876477330996,-0.9630613664221569,1.5875657839706618,0.05776285234775115,0.9813155210838829
2026-07-17T10:00:25.549+07:00,3723050088269,42.264329435,1784257225548790271,right,1,0,15,Pre_Place,running,-0.0990175468897819,2.376272418463177,0.5940001285471309,-1.548000568077659,3.0819596179311306,1.389209946887655
2026-07-17T10:00:25.598+07:00,3723099906473,42.314147639,1784257225598401569,left,1,0,15,Pre_Place,running,3.227823474850654,0.37181072748033933,-0.9634066239704558,1.586701425756478,0.05644680176722182,0.981119077191172
2026-07-17T10:00:25.618+07:00,3723119118797,42.333359963,1784257225617625110,right,1,0,15,Pre_Place,running,-0.09712015502214427,2.3759930452837006,0.5945544231542077,-1.5483507630218905,3.083821365743012,1.3895317604831603
2026-07-17T10:00:25.663+07:00,3723164943736,42.379184902,1784257225663460866,left,1,0,15,Pre_Place,running,3.2260485103750227,0.37194919219598416,-0.963795038712292,1.5857290227655207,0.054966244864126344,0.9808980778118719
2026-07-17T10:00:25.681+07:00,3723182685675,42.396926841,1784257225681245468,right,1,0,15,Pre_Place,running,-0.09543358447313303,2.3757447135686096,0.5950471294716091,-1.5486620474167632,3.0854762526869064,1.3898178170124984
2026-07-17T10:00:25.758+07:00,3723259819573,42.474060739,1784257225732987582,left,1,0,15,Pre_Place,running,3.2244707641744608,0.37207227194322395,-0.964140296260591,1.5848646645513371,0.053650194283597026,0.9807016339191609
2026-07-17T10:00:25.758+07:00,3723259968519,42.474209685,1784257225752148419,right,1,0,15,Pre_Place,running,-0.0935361926054954,2.375465340389133,0.5956014240786859,-1.5490122423609944,3.0873380004987876,1.3901396306080036
2026-07-17T10:00:25.796+07:00,3723297130660,42.511371826,1784257225795665128,left,1,0,15,Pre_Place,running,3.2228930179738997,0.3721953516904637,-0.9644855538088899,1.584000306337153,0.05233414370306771,0.9805051900264499
2026-07-17T10:00:25.817+07:00,3723318286663,42.532527829,1784257225816872922,right,1,0,15,Pre_Place,running,-0.09185275807325546,2.375217470423137,0.5960932142557721,-1.5493229479522803,3.0889898103385462,1.3904251552425606
2026-07-17T10:00:25.860+07:00,3723361598340,42.575839506,1784257225859956896,left,1,0,15,Pre_Place,running,3.221665103678471,0.3722911411026389,-0.9647542577861263,1.5833276013056405,0.051309899549753714,0.9803523034189437
2026-07-17T10:00:25.883+07:00,3723384030688,42.598271854,1784257225882625126,right,1,0,15,Pre_Place,running,-0.09064340191514593,2.3750394040569986,0.5964465095385805,-1.549546154565299,3.090176447753594,1.3906302722034403
2026-07-17T10:00:25.958+07:00,3723459603998,42.673845164,1784257225922476118,left,1,0,15,Pre_Place,running,3.2212328479215993,0.37232486131016007,-0.964848848134563,1.5830907927403925,0.05094934064644842,0.980298483607179
2026-07-17T10:00:25.958+07:00,3723459698186,42.673939352,1784257225949495057,right,1,0,15,Pre_Place,running,-0.09028510749340057,2.374986648559571,0.5965511798858641,-1.549612283706665,3.0905280113220215,1.390691041946411
2026-07-17T10:00:25.989+07:00,3723490315066,42.704556232,1784257225988829917,left,1,0,15,Pre_Place,running,3.2212321758270264,0.3723249137401581,-0.9648489952087402,1.5830904245376587,0.050948780030012124,0.9802983999252319
2026-07-17T10:00:26.013+07:00,3723514718244,42.728959410,1784257226013351211,right,1,0,15,Pre_Place,running,-0.09028510749340057,2.374986648559571,0.5965511798858641,-1.549612283706665,3.0905280113220215,1.390691041946411
2026-07-17T10:00:26.055+07:00,3723556224721,42.770465887,1784257226054742224,left,1,0,15,Pre_Place,running,3.2212321758270264,0.3723249137401581,-0.9648489952087402,1.5830904245376587,0.050948780030012124,0.9802983999252319
2026-07-17T10:00:26.087+07:00,3723587971075,42.802212241,1784257226086461671,right,1,0,15,Pre_Place,running,-0.09028510749340057,2.374986648559571,0.5965511798858641,-1.549612283706665,3.0905280113220215,1.390691041946411
2026-07-17T10:00:26.148+07:00,3723649659232,42.863900398,1784257226132599622,left,1,0,15,Pre_Place,delay,3.2212321758270264,0.3723249137401581,-0.9648489952087402,1.5830904245376587,0.050948780030012124,0.9802983999252319
2026-07-17T10:00:26.151+07:00,3723652806881,42.867048047,1784257226151436941,right,1,0,15,Pre_Place,delay,-0.09028510749340057,2.374986648559571,0.5965511798858641,-1.549612283706665,3.0905280113220215,1.390691041946411
2026-07-17T10:00:26.205+07:00,3723706494386,42.920735552,1784257226205123359,left,1,0,15,Pre_Place,delay,3.2212321758270264,0.3723249137401581,-0.9648489952087402,1.5830904245376587,0.050948780030012124,0.9802983999252319
2026-07-17T10:00:26.226+07:00,3723727225288,42.941466454,1784257226225851460,right,1,0,15,Pre_Place,delay,-0.09028510749340057,2.374986648559571,0.5965511798858641,-1.549612283706665,3.0905280113220215,1.390691041946411
2026-07-17T10:00:26.286+07:00,3723786991980,43.001233146,1784257226285452879,left,1,0,15,Pre_Place,delay,3.2212321758270264,0.3723249137401581,-0.9648489952087402,1.5830904245376587,0.050948780030012124,0.9802983999252319
2026-07-17T10:00:26.293+07:00,3723794129858,43.008371024,1784257226292636499,right,1,0,15,Pre_Place,delay,-0.09028510749340057,2.374986648559571,0.5965511798858641,-1.549612283706665,3.0905280113220215,1.390691041946411
2026-07-17T10:00:26.348+07:00,3723849775744,43.064016910,1784257226347161696,left,1,0,15,Pre_Place,delay,3.2212321758270264,0.3723249137401581,-0.9648489952087402,1.5830904245376587,0.050948780030012124,0.9802983999252319
2026-07-17T10:00:26.356+07:00,3723857762172,43.072003338,1784257226356374219,right,1,0,15,Pre_Place,delay,-0.09028510749340057,2.374986648559571,0.5965511798858641,-1.549612283706665,3.0905280113220215,1.390691041946411
2026-07-17T10:00:26.418+07:00,3723919451640,43.133692806,1784257226417918294,left,1,0,15,Pre_Place,delay,3.2212321758270264,0.3723249137401581,-0.9648489952087402,1.5830904245376587,0.050948780030012124,0.9802983999252319
2026-07-17T10:00:26.420+07:00,3723921854328,43.136095494,1784257226420437198,right,1,0,15,Pre_Place,delay,-0.09028510749340057,2.374986648559571,0.5965511798858641,-1.549612283706665,3.0905280113220215,1.390691041946411
2026-07-17T10:00:26.480+07:00,3723981797157,43.196038323,1784257226480426078,left,1,0,15,Pre_Place,delay,3.2212321758270264,0.3723249137401581,-0.9648489952087402,1.5830904245376587,0.050948780030012124,0.9802983999252319
2026-07-17T10:00:26.486+07:00,3723987372920,43.201614086,1784257226485945997,right,1,0,15,Pre_Place,delay,-0.09028510749340057,2.374986648559571,0.5965511798858641,-1.549612283706665,3.0905280113220215,1.390691041946411
2026-07-17T10:00:26.550+07:00,3724051332114,43.265573280,1784257226549890397,right,1,0,16,Move,running,-0.0893251074552536,2.3751081597126715,0.5963090502449637,-1.5497992107313545,3.091470864787959,1.3905691766380561
2026-07-17T10:00:26.555+07:00,3724056802122,43.271043288,1784257226555439348,left,1,0,16,Move,running,3.220649834518433,0.37227495266052896,-0.9647138650880784,1.5827747985800473,0.05045609822791706,0.9803580069908474
2026-07-17T10:00:26.612+07:00,3724113852683,43.328093849,1784257226612197848,right,1,0,16,Move,running,-0.084755507273674,2.3756865528014286,0.5951565131542778,-1.5506889833688762,3.0959588472858237,1.3899890977702856
2026-07-17T10:00:26.618+07:00,3724119580690,43.333821856,1784257226618285121,left,1,0,16,Move,running,3.215991104049683,0.37187526402349563,-0.9636328241227836,1.580249790919158,0.046514643811156546,0.9808348635157712
2026-07-17T10:00:26.677+07:00,3724178352370,43.392593536,1784257226676613632,right,1,0,16,Move,running,-0.07438110721111298,2.3769996832850047,0.592539898923143,-1.552709041347599,3.1061479500642895,1.3886721400490505
2026-07-17T10:00:26.686+07:00,3724187084236,43.401325402,1784257226685846297,left,1,0,16,Move,running,3.2073105789184573,0.3711305316802735,-0.961618540761668,1.5755449914885158,0.03917060569867696,0.9817233813376021
2026-07-17T10:00:26.779+07:00,3724280375407,43.494616573,1784257226766137922,left,1,0,16,Move,running,3.1957850738525395,0.37014171864594625,-0.9589440904569023,1.5692982277441274,0.029419611698878793,0.9829031045112417
2026-07-17T10:00:26.779+07:00,3724280521260,43.494762426,1784257226744805805,right,1,0,16,Move,running,-0.06465310733318329,2.378230996238708,0.5900863186903035,-1.554603235098748,3.115702198019583,1.387437238322285
2026-07-17T10:00:26.825+07:00,3724326840725,43.541081891,1784257226825077144,right,1,0,16,Move,running,-0.052493107485771184,2.3797701374308367,0.5870193433992541,-1.5569709772876845,3.127645007963701,1.3858936111638287
2026-07-17T10:00:26.827+07:00,3724328576461,43.542817627,1784257226827023552,left,1,0,16,Move,running,3.186564669799805,0.3693506682184845,-0.9568045302130898,1.5643008167486165,0.021618816499040256,0.9838468830501536
2026-07-17T10:00:26.889+07:00,3724390696216,43.604937382,1784257226889016373,left,1,0,16,Move,running,3.1773442657470703,0.36855961779102275,-0.9546649699692773,1.5593034057531059,0.01381802129920174,0.9847906615890655
2026-07-17T10:00:26.890+07:00,3724391710985,43.605952151,1784257226890243088,right,1,0,16,Move,running,-0.042765107607841475,2.3810014503845403,0.5845657631664147,-1.558865171038834,3.1371992559189947,1.384658709437063
2026-07-17T10:00:26.955+07:00,3724456110090,43.670351256,1784257226954705942,left,1,0,16,Move,running,3.168123861694336,0.36776856736356106,-0.9525254097254647,1.5543059947575948,0.006017226099363226,0.9857344401279772
2026-07-17T10:00:26.972+07:00,3724473371535,43.687612701,1784257226972001798,right,1,0,16,Move,running,-0.030605107760429337,2.3825405915766695,0.5814987878753654,-1.56123291322777,3.1491420658631126,1.3831150822786065
2026-07-17T10:00:27.024+07:00,3724525098278,43.739339444,1784257227023504758,left,1,0,16,Move,running,3.1577509071350103,0.36687863563266654,-0.9501184044511756,1.548683907387645,-0.002758668500455092,0.986796190984253
2026-07-17T10:00:27.037+07:00,3724538065460,43.752306626,1784257227036695993,right,1,0,16,Move,running,-0.02087710788249963,2.3837719045303727,0.5790452076425259,-1.5631271069789192,3.158696313818407,1.381880180551841
2026-07-17T10:00:27.088+07:00,3724589607511,43.803848677,1784257227088013639,left,1,0,16,Move,running,3.148530503082276,0.36608758520520485,-0.947978844207363,1.5436864963921346,-0.010559463700293622,0.9877399695231648
2026-07-17T10:00:27.101+07:00,3724602774144,43.817015310,1784257227101390283,right,1,0,16,Move,running,-0.009933108019828716,2.3851571316032887,0.5762849298805813,-1.5652580749489617,3.1694448427681126,1.38049091610923
2026-07-17T10:00:27.159+07:00,3724660049620,43.874290786,1784257227150991779,left,1,0,16,Move,running,3.139310099029541,0.3652965347777431,-0.9458392839635504,1.5386890853966235,-0.01836025890013219,0.9886837480620767
2026-07-17T10:00:27.163+07:00,3724664917249,43.879158415,1784257227163534557,right,1,0,16,Move,running,-0.0014211081266402214,2.3862345304377794,0.5741380471768469,-1.5669154944812176,3.1778048097289955,1.3794103770983104
2026-07-17T10:00:27.215+07:00,3724716960278,43.931201444,1784257227215556877,left,1,0,16,Move,running,3.130089694976807,0.36450548435028135,-0.9436997237197379,1.5336916744011129,-0.026161054099970747,0.9896275266009883
2026-07-17T10:00:27.238+07:00,3724739503553,43.953744719,1784257227238051051,right,1,0,16,Move,running,0.010738891720771913,2.3877736716299083,0.5710710718857975,-1.5692832366701537,3.189747619673113,1.3778667499398536
2026-07-17T10:00:27.277+07:00,3724778806746,43.993047912,1784257227277424919,left,1,0,16,Move,running,3.1220218414306644,0.3638133152262524,-0.9418276085064019,1.529318939780041,-0.0329867498998295,0.9904533328225363
2026-07-17T10:00:27.304+07:00,3724805360103,44.019601269,1784257227303956734,right,1,0,16,Move,running,0.02046689159870162,2.389004984583612,0.568617491652958,-1.571177430421303,3.199301867628407,1.3766318482130884
2026-07-17T10:00:27.348+07:00,3724849653256,44.063894422,1784257227341825409,left,1,0,16,Move,running,3.1128014373779296,0.3630222647987906,-0.9396880482625893,1.52432152878453,-0.04078754509966805,0.9913971113614481
2026-07-17T10:00:27.375+07:00,3724876079105,44.090320271,1784257227374676877,right,1,0,16,Move,running,0.03141089146137256,2.390390211656528,0.5658572138910136,-1.5733083983913454,3.2100503965781133,1.3752425837704771
2026-07-17T10:00:27.412+07:00,3724913330302,44.127571468,1784257227411960551,left,1,0,16,Move,running,3.1024284828186035,0.36213233306789616,-0.9372810429883003,1.5186994414145805,-0.049563439699486456,0.992458862217724
2026-07-17T10:00:27.446+07:00,3724947430092,44.161671258,1784257227446038978,right,1,0,16,Move,running,0.042354891324043464,2.3917754387294443,0.5630969361290693,-1.5754393663613886,3.220798925527819,1.3738533193278661
2026-07-17T10:00:27.478+07:00,3724979707452,44.193948618,1784257227478371287,left,1,0,16,Move,running,3.0932080787658696,0.36134128264043436,-0.9351414827444878,1.5137020304190698,-0.057364234899325,0.9934026407566356
2026-07-17T10:00:27.548+07:00,3725049605693,44.263846859,1784257227547247682,left,1,0,16,Move,running,3.0839876747131347,0.36055023221297267,-0.9330019225006753,1.5087046194235587,-0.06516503009916358,0.9943464192955475
2026-07-17T10:00:27.548+07:00,3725049749417,44.263990583,1784257227509697277,right,1,0,16,Move,running,0.05208289120197314,2.3930067516831475,0.5606433558962298,-1.5773335601125378,3.2303531734831137,1.3726184176011007
2026-07-17T10:00:27.573+07:00,3725074703899,44.288945065,1784257227573374807,right,1,0,16,Move,running,0.06181089107990272,2.394238064636851,0.5581897756633902,-1.579227753863687,3.2399074214384074,1.3713835158743353
2026-07-17T10:00:27.614+07:00,3725115301729,44.329542895,1784257227613778819,left,1,0,16,Move,running,3.073614720153808,0.35966030048207814,-0.9305949172263861,1.503082532053609,-0.07394092469898195,0.9954081701518233
2026-07-17T10:00:27.637+07:00,3725138778409,44.353019575,1784257227637526645,right,1,0,16,Move,running,0.07153889095783231,2.3954693775905542,0.5557361954305509,-1.581121947614836,3.249461669393701,1.37014861414757
2026-07-17T10:00:27.691+07:00,3725192298460,44.406539626,1784257227690762488,left,1,0,16,Move,running,3.0620892150878904,0.358671487447751,-0.9279204669216203,1.4968357683092206,-0.08369191869878014,0.996587893325463
2026-07-17T10:00:27.701+07:00,3725202228925,44.416470091,1784257227700818979,right,1,0,16,Move,running,0.0812668908357619,2.3967006905442574,0.5532826151977114,-1.5830161413659851,3.259015917348995,1.3689137124208046
2026-07-17T10:00:27.768+07:00,3725269514627,44.483755793,1784257227765228353,right,1,0,16,Move,running,0.09099489071369148,2.397932003497961,0.5508290349648719,-1.584910335117134,3.26857016530429,1.3676788106940392
2026-07-17T10:00:27.780+07:00,3725281348306,44.495589472,1784257227779932033,left,1,0,16,Move,running,3.0494111595153806,0.3575837931099911,-0.9249785715863782,1.4899643281903932,-0.09441801209855818,0.9978855888164667
2026-07-17T10:00:27.830+07:00,3725331190139,44.545431305,1784257227829366457,right,1,0,16,Move,running,0.10072289059162105,2.399163316451664,0.5483754547320325,-1.586804528868283,3.2781244132595835,1.3664439089672737
2026-07-17T10:00:27.841+07:00,3725342890318,44.557131484,1784257227841563868,left,1,0,16,Move,running,3.040190755462646,0.3567927426825294,-0.9228390113425656,1.4849669171948825,-0.10221880729839673,0.9988293673553785
2026-07-17T10:00:27.892+07:00,3725393710599,44.607951765,1784257227892028100,right,1,0,16,Move,running,0.10923489048480946,2.4002407152861545,0.546228572028298,-1.5884619484005387,3.2864843802204655,1.3653633699563543
2026-07-17T10:00:27.959+07:00,3725460145675,44.674386841,1784257227906584789,left,1,0,16,Move,running,3.030970351409912,0.3560016922550676,-0.920699451098753,1.4799695061993714,-0.1100196024982353,0.9997731458942903
2026-07-17T10:00:27.971+07:00,3725472650191,44.686891357,1784257227971316381,left,1,0,16,Move,running,3.0217499473571774,0.35521064182760587,-0.9185598908549404,1.474972095203861,-0.11782039769807384,1.0007169244332024
2026-07-17T10:00:27.975+07:00,3725476717233,44.690958399,1784257227975390624,right,1,0,16,Move,running,0.12261089031696264,2.4019337705974966,0.5428548992081438,-1.591066464808369,3.299621471158995,1.3636653800820517
2026-07-17T10:00:28.036+07:00,3725537929465,44.752170631,1784257228036219107,right,1,0,16,Move,running,0.13233889019489217,2.4031650835512,0.5404013189753043,-1.592960658559518,3.309175719114289,1.3624304783552865
2026-07-17T10:00:28.037+07:00,3725538856902,44.753098068,1784257228037382455,left,1,0,16,Move,running,3.0125295433044426,0.3544195914001441,-0.9164203306111278,1.4699746842083499,-0.12562119289791243,1.001660702972114
2026-07-17T10:00:28.100+07:00,3725600971683,44.815212849,1784257228099242108,left,1,0,16,Move,running,3.003637978478143,0.3536567532298838,-0.9143570762787984,1.465155502361642,-0.1331437782227374,1.002570822313133
2026-07-17T10:00:28.101+07:00,3725602255037,44.816496203,1784257228100665740,right,1,0,16,Move,running,0.14110607898250763,2.4042747826935944,0.5381900729456176,-1.594667767361433,3.3177863170376907,1.3613175448942914
2026-07-17T10:00:28.169+07:00,3725670408354,44.884649520,1784257228164211570,right,1,0,16,Move,running,0.14504461808580027,2.404773299786255,0.5371967010488901,-1.5954346625353364,3.3216545098467645,1.360817574828438
2026-07-17T10:00:28.177+07:00,3725678275126,44.892516292,1784257228177051199,left,1,0,16,Move,running,2.9979409059241657,0.3531679816258056,-0.9130350919196649,1.4620677186961286,-0.13796370758570448,1.0031539610541598
2026-07-17T10:00:28.242+07:00,3725743595950,44.957837116,1784257228242252956,right,1,0,16,Move,running,0.14560543000698092,2.4048442840576167,0.5370552539825438,-1.5955438613891602,3.322205305099487,1.360746383666992
2026-07-17T10:00:28.242+07:00,3725743906496,44.958147662,1784257228242560162,left,1,0,16,Move,running,2.9976501464843754,0.3531430363655091,-0.9129676222801208,1.4619101285934448,-0.1382097005844116,1.0031837224960325
2026-07-17T10:00:28.351+07:00,3725852228891,45.066470057,1784257228306093715,left,1,0,16,Move,delay,2.9976501464843754,0.3531430363655091,-0.9129676222801208,1.4619101285934448,-0.1382097005844116,1.0031837224960325
2026-07-17T10:00:28.351+07:00,3725852372720,45.066613886,1784257228306953653,right,1,0,16,Move,delay,0.14560543000698092,2.4048442840576167,0.5370552539825438,-1.5955438613891602,3.322205305099487,1.360746383666992
2026-07-17T10:00:28.369+07:00,3725870837863,45.085079029,1784257228369310396,right,1,0,16,Move,delay,0.14560543000698092,2.4048442840576167,0.5370552539825438,-1.5955438613891602,3.322205305099487,1.360746383666992
2026-07-17T10:00:28.384+07:00,3725885269595,45.099510761,1784257228383745229,left,1,0,16,Move,delay,2.9976501464843754,0.3531430363655091,-0.9129676222801208,1.4619101285934448,-0.1382097005844116,1.0031837224960325
2026-07-17T10:00:28.432+07:00,3725933385386,45.147626552,1784257228431691555,right,1,0,16,Move,delay,0.14560543000698092,2.4048442840576167,0.5370552539825438,-1.5955438613891602,3.322205305099487,1.360746383666992
2026-07-17T10:00:28.459+07:00,3725960493838,45.174735004,1784257228458898150,left,1,0,16,Move,delay,2.9976501464843754,0.3531430363655091,-0.9129676222801208,1.4619101285934448,-0.1382097005844116,1.0031837224960325
2026-07-17T10:00:28.501+07:00,3726002304330,45.216545496,1784257228500697116,right,1,0,16,Move,delay,0.14560543000698092,2.4048442840576167,0.5370552539825438,-1.5955438613891602,3.322205305099487,1.360746383666992
2026-07-17T10:00:28.558+07:00,3726059649299,45.273890465,1784257228531638192,left,1,0,16,Move,delay,2.9976501464843754,0.3531430363655091,-0.9129676222801208,1.4619101285934448,-0.1382097005844116,1.0031837224960325
2026-07-17T10:00:28.566+07:00,3726067045494,45.281286660,1784257228565627476,right,1,0,16,Move,delay,0.14560543000698092,2.4048442840576167,0.5370552539825438,-1.5955438613891602,3.322205305099487,1.360746383666992
2026-07-17T10:00:28.600+07:00,3726101104167,45.315345333,1784257228599587217,left,1,0,16,Move,delay,2.9976501464843754,0.3531430363655091,-0.9129676222801208,1.4619101285934448,-0.1382097005844116,1.0031837224960325
2026-07-17T10:00:28.626+07:00,3726127763159,45.342004325,1784257228626103585,right,1,0,16,Move,delay,0.14560543000698092,2.4048442840576167,0.5370552539825438,-1.5955438613891602,3.322205305099487,1.360746383666992
2026-07-17T10:00:28.664+07:00,3726165366723,45.379607889,1784257228663732938,left,1,0,16,Move,delay,2.9976501464843754,0.3531430363655091,-0.9129676222801208,1.4619101285934448,-0.1382097005844116,1.0031837224960325
2026-07-17T10:00:28.692+07:00,3726193545365,45.407786531,1784257228691866171,right,1,0,16,Move,delay,0.14560543000698092,2.4048442840576167,0.5370552539825438,-1.5955438613891602,3.322205305099487,1.360746383666992
2026-07-17T10:00:28.758+07:00,3726259315832,45.473556998,1784257228734079476,left,1,0,16,Move,delay,2.9976501464843754,0.3531430363655091,-0.9129676222801208,1.4619101285934448,-0.1382097005844116,1.0031837224960325
2026-07-17T10:00:28.758+07:00,3726259444097,45.473685263,1784257228756933021,right,1,0,16,Move,delay,0.14560543000698092,2.4048442840576167,0.5370552539825438,-1.5955438613891602,3.322205305099487,1.360746383666992
2026-07-17T10:00:28.798+07:00,3726299457281,45.513698447,1784257228798114623,left,1,0,16,Move,delay,2.9976443002625026,0.3533246437666235,-0.9128206206971186,1.4619646419672243,-0.13823305306206557,1.0035161649398803
2026-07-17T10:00:28.831+07:00,3726332312443,45.546553609,1784257228830892242,right,1,0,16,Move,delay,0.14556449319591172,2.406037740573611,0.5382892401560506,-1.5951374245837497,3.3220722427100142,1.3632039837646484
2026-07-17T10:00:28.864+07:00,3726365639896,45.579881062,1784257228864249563,left,1,0,16,Move,delay,2.9975566069344124,0.35604875478333853,-0.9106155969520827,1.4627823425739153,-0.13858334022687477,1.0085028015975952
2026-07-17T10:00:28.959+07:00,3726460576853,45.674818019,1784257228930739946,left,1,0,17,Lift,running,2.997401682053276,0.36086135095975613,-0.9067200549645665,1.464226946993144,-0.13920218089073358,1.0173125264453886
2026-07-17T10:00:28.959+07:00,3726460739456,45.674980622,1784257228910084027,right,1,0,17,Lift,running,0.14540127898567673,2.410796026762012,0.5432091172419686,-1.5935169695342968,3.3215417257439266,1.373002383995056
2026-07-17T10:00:29.000+07:00,3726501330506,45.715571672,1784257228999779821,right,1,0,17,Lift,running,0.1451987270664977,2.4167011498396906,0.549314777677066,-1.591505954196004,3.3208833441637724,1.385162383842468
2026-07-17T10:00:29.013+07:00,3726514094184,45.728335350,1784257229012719852,left,1,0,17,Lift,running,2.9971959816506972,0.3672512411031593,-0.9015477769597718,1.4661450101759177,-0.14002384215491884,1.029009575586319
2026-07-17T10:00:29.069+07:00,3726570882987,45.785124153,1784257229069189568,right,1,0,17,Lift,running,0.1449961751473187,2.422606272917369,0.5554204381121634,-1.589494938857711,3.320224962583619,1.3973223836898803
2026-07-17T10:00:29.076+07:00,3726577482846,45.791724012,1784257229076166040,left,1,0,17,Lift,running,2.997031421328634,0.3723631532178819,-0.8974099545559363,1.4676794607221368,-0.14068117116626702,1.038367214899063
2026-07-17T10:00:29.149+07:00,3726650125084,45.864366250,1784257229138759657,left,1,0,17,Lift,running,2.996866861006571,0.3774750653326044,-0.8932721321521006,1.4692139112683562,-0.14133850017761523,1.0477248542118072
2026-07-17T10:00:29.149+07:00,3726650211803,45.864452969,1784257229142608932,right,1,0,17,Lift,running,0.14481387842005755,2.4279208836872797,0.560915532503751,-1.5876850250532473,3.3196324191614806,1.408266383552551
2026-07-17T10:00:29.207+07:00,3726708576838,45.922818004,1784257229207097165,left,1,0,17,Lift,running,2.9966817306442497,0.38322596646166723,-0.8886170819477854,1.4709401681328527,-0.14207799531538193,1.0582521984386444
2026-07-17T10:00:29.226+07:00,3726727927978,45.942169144,1784257229226531738,right,1,0,17,Lift,running,0.14461132650087855,2.4338260067649573,0.5670211929388483,-1.5856740097149544,3.3189740375813264,1.4204263833999633
2026-07-17T10:00:29.270+07:00,3726771057108,45.985298274,1784257229269606483,left,1,0,17,Lift,running,2.996517170322187,0.38833787857638985,-0.8844792595439497,1.4724746186790718,-0.1427353243267301,1.0676098377513885
2026-07-17T10:00:29.348+07:00,3726849294875,46.063536041,1784257229330206696,left,1,0,17,Lift,running,2.9963731800403814,0.392810801676772,-0.8808586649405936,1.4738172629070134,-0.14331048721165981,1.0757977721500396
2026-07-17T10:00:29.348+07:00,3726849384490,46.063625656,1784257229304939662,right,1,0,17,Lift,running,0.14440877458169954,2.439731129842636,0.5731268533739459,-1.5836629943766614,3.3183156560011726,1.4325863832473755
2026-07-17T10:00:29.366+07:00,3726867666609,46.081907775,1784257229366338546,right,1,0,17,Lift,running,0.14424673304635632,2.4444552283047787,0.5780113817220237,-1.5820541821060272,3.3177889507370497,1.4423143831253051
2026-07-17T10:00:29.396+07:00,3726897232034,46.111473200,1784257229395898319,left,1,0,17,Lift,running,2.9962086197183186,0.3979227137914945,-0.876720842536758,1.4753517134532323,-0.143967816223008,1.0851554114627837
2026-07-17T10:00:29.436+07:00,3726937915836,46.152157002,1784257229436460708,right,1,0,17,Lift,running,0.14406443631909524,2.4497698390746887,0.5835064761136114,-1.5802442683015636,3.3171964073149107,1.453258382987976
2026-07-17T10:00:29.461+07:00,3726962635422,46.176876588,1784257229461274501,left,1,0,17,Lift,running,2.9960440593962554,0.40303462590621714,-0.8725830201329224,1.4768861639994517,-0.1446251452343562,1.0945130507755279
2026-07-17T10:00:29.503+07:00,3727004023586,46.218264752,1784257229502465129,right,1,0,17,Lift,running,0.14390239478375202,2.454493937536832,0.5883910044616892,-1.5786354560309293,3.3166697020507874,1.462986382865906
2026-07-17T10:00:29.548+07:00,3727049606730,46.263847896,1784257229523122271,left,1,0,17,Lift,running,2.995879499074192,0.4081465380209396,-0.8684451977290867,1.4784206145456709,-0.1452824742457044,1.1038706900882718
2026-07-17T10:00:29.565+07:00,3727066511073,46.280752239,1784257229565109432,right,1,0,17,Lift,running,0.1437403532484088,2.4592180359989744,0.5932755328097672,-1.5770266437602949,3.3161429967866645,1.4727143827438351
2026-07-17T10:00:29.594+07:00,3727095604253,46.309845419,1784257229594130807,left,1,0,17,Lift,running,2.995694368711871,0.41389743915000243,-0.8637901475247718,1.4801468714101673,-0.14602196938347112,1.114398034315109
2026-07-17T10:00:29.633+07:00,3727134964914,46.349206080,1784257229633519182,right,1,0,17,Lift,running,0.1435783117130656,2.4639421344611168,0.598160061157845,-1.5754178314896605,3.3156162915225416,1.4824423826217652
2026-07-17T10:00:29.656+07:00,3727157010007,46.371251173,1784257229655589734,left,1,0,17,Lift,running,2.995529808389808,0.41900935126472494,-0.859652325120936,1.4816813219563867,-0.1466792983948193,1.123755673627853
2026-07-17T10:00:29.695+07:00,3727196079273,46.410320439,1784257229694592346,right,1,0,17,Lift,running,0.14341627017772238,2.4686662329232596,0.6030445895059228,-1.5738090192190257,3.315089586258418,1.4921703824996948
2026-07-17T10:00:29.768+07:00,3727269915421,46.484156587,1784257229742160229,left,1,0,17,Lift,running,2.995324107987229,0.42539924140812807,-0.8544800471161416,1.4835993851391602,-0.14750095965900456,1.1354527227687834
2026-07-17T10:00:29.769+07:00,3727270068647,46.484309813,1784257229763660437,right,1,0,17,Lift,running,0.1432542286423792,2.4733903313854024,0.6079291178540007,-1.5722002069483918,3.3145628809942953,1.5018983823776244
2026-07-17T10:00:29.808+07:00,3727309430614,46.523671780,1784257229807710671,left,1,0,17,Lift,running,2.995138977624908,0.4311501425371909,-0.8498249969118264,1.4853256420036567,-0.14824045479677125,1.1459800669956204
2026-07-17T10:00:29.828+07:00,3727329284270,46.543525436,1784257229827908593,right,1,0,17,Lift,running,0.14307193191511808,2.478704942155313,0.6134242122455884,-1.570390293143928,3.3139703375721568,1.5128423822402957
2026-07-17T10:00:29.876+07:00,3727377513830,46.591754996,1784257229875820167,left,1,0,17,Lift,running,2.9949744173028447,0.4362620546519134,-0.8456871745079908,1.486860092549876,-0.14889778380811947,1.1553377063083645
2026-07-17T10:00:29.888+07:00,3727389131722,46.603372888,1784257229887683881,right,1,0,17,Lift,running,0.14293014557169276,2.4828385283096877,0.6176981745501565,-1.568982582407123,3.313509470466049,1.5213543821334838
2026-07-17T10:00:29.948+07:00,3727449336547,46.663577713,1784257229944905462,left,1,0,17,Lift,running,2.9947892869405237,0.44201295578097627,-0.8410321243036757,1.4885863494143725,-0.1496372789458862,1.1658650505352015
2026-07-17T10:00:29.958+07:00,3727459353217,46.673594383,1784257229958021999,right,1,0,17,Lift,running,0.14274784884443165,2.488153139079598,0.6231932689417441,-1.5671726686026597,3.3129169270439105,1.5322983819961544
2026-07-17T10:00:30.007+07:00,3727508388035,46.722629201,1784257230006980906,left,1,0,17,Lift,running,2.9946247266184605,0.4471248678956988,-0.83689430189984,1.4901207999605917,-0.15029460795723437,1.1752226898479456
2026-07-17T10:00:30.021+07:00,3727522821987,46.737063153,1784257230021441607,right,1,0,17,Lift,running,0.14260606250100635,2.492286725233973,0.6274672312463121,-1.5657649578658543,3.312456059937803,1.540810381889343
2026-07-17T10:00:30.069+07:00,3727570250630,46.784491796,1784257230068806717,left,1,0,17,Lift,running,2.9944807363366555,0.451597790996081,-0.8332737072964839,1.4914634441885335,-0.15086977084216405,1.1834106242465967
2026-07-17T10:00:30.087+07:00,3727588513812,46.802754978,1784257230087103472,right,1,0,17,Lift,running,0.14242376577374524,2.497601336003883,0.6329623256378998,-1.5639550440613905,3.3118635165156642,1.5517543817520139
2026-07-17T10:00:30.148+07:00,3727649726638,46.863967804,1784257230134554376,left,1,0,17,Lift,running,2.9942956059743344,0.4573486921251438,-0.8286186570921688,1.49318970105303,-0.15160926597993077,1.193937968473434
2026-07-17T10:00:30.149+07:00,3727650568232,46.864809398,1784257230149438467,right,1,0,17,Lift,running,0.142261724238402,2.5023254344660257,0.6378468539859776,-1.5623462317907566,3.3113368112515413,1.5614823816299432
2026-07-17T10:00:30.200+07:00,3727701614369,46.915855535,1784257230199969438,left,1,0,17,Lift,running,2.994131045652271,0.4624606042398663,-0.8244808346883332,1.494724151599249,-0.15226659499127895,1.2032956077861778
2026-07-17T10:00:30.215+07:00,3727716704114,46.930945280,1784257230215310824,right,1,0,17,Lift,running,0.1420996827030588,2.507049532928168,0.6427313823340555,-1.5607374195201222,3.310810105987418,1.571210381507873
2026-07-17T10:00:30.278+07:00,3727779447449,46.993688615,1784257230277979629,right,1,0,17,Lift,running,0.14195789635963352,2.511183119082543,0.6470053446386236,-1.5593297087833173,3.3103492388813103,1.5797223814010612
2026-07-17T10:00:30.279+07:00,3727780565632,46.994806798,1784257230279213671,left,1,0,17,Lift,running,2.9939253452496923,0.4688504943832694,-0.8193085566835385,1.4966422147820229,-0.15308825625546418,1.2149926569271081
2026-07-17T10:00:30.358+07:00,3727859576869,47.073818035,1784257230343447881,left,1,0,17,Lift,running,2.9937607849276286,0.47396240649799193,-0.8151707342797029,1.498176665328242,-0.1537455852668124,1.2243502962398523
2026-07-17T10:00:30.358+07:00,3727859672556,47.073913722,1784257230356249653,right,1,0,17,Lift,running,0.1417350892485366,2.517678754467989,0.6537215711172306,-1.5571175919111946,3.309625019143141,1.5930983812332147
2026-07-17T10:00:30.409+07:00,3727910350088,47.124591254,1784257230408708128,left,1,0,17,Lift,running,2.9935962246055654,0.4790743186127145,-0.8110329118758673,1.499711115874461,-0.15440291427816058,1.2337079355525964
2026-07-17T10:00:30.421+07:00,3727922335650,47.136576816,1784257230420973037,right,1,0,17,Lift,running,0.1415730477131934,2.522402852930132,0.6586060994653083,-1.5555087796405607,3.309098313879018,1.6028263811111443
2026-07-17T10:00:30.478+07:00,3727979039900,47.193281066,1784257230477524575,left,1,0,17,Lift,running,2.993431664283502,0.484186230727437,-0.8068950894720317,1.5012455664206803,-0.1550602432895088,1.2430655748653405
2026-07-17T10:00:30.485+07:00,3727986889019,47.201130185,1784257230485531177,right,1,0,17,Lift,running,0.14141100617785016,2.5271269513922743,0.6634906278133863,-1.5538999673699263,3.3085716086148946,1.6125543809890734
2026-07-17T10:00:30.548+07:00,3728049147143,47.263388309,1784257230544681771,left,1,0,17,Lift,running,2.993246533921181,0.48993713185649973,-0.8022400392677167,1.5029718232851768,-0.15579973842727549,1.2535929190921775
2026-07-17T10:00:30.550+07:00,3728051411967,47.265653133,1784257230550114501,right,1,0,17,Lift,running,0.14124896464250697,2.531851049854417,0.6683751561614641,-1.5522911550992915,3.3080449033507717,1.6222823808670033
2026-07-17T10:00:30.609+07:00,3728110423924,47.324665090,1784257230608798906,left,1,0,17,Lift,running,2.993081973599118,0.4950490439712223,-0.7981022168638809,1.504506273831396,-0.1564570674386237,1.2629505584049217
2026-07-17T10:00:30.617+07:00,3728118707549,47.332948715,1784257230617329746,right,1,0,17,Lift,running,0.14108692310716375,2.5365751483165595,0.6732596845095419,-1.5506823428286576,3.3075181980866484,1.6320103807449329
2026-07-17T10:00:30.676+07:00,3728177456619,47.391697785,1784257230675733512,left,1,0,17,Lift,running,2.992917413277055,0.5001609560859449,-0.7939643944600454,1.506040724377615,-0.15711439644997188,1.2723081977176658
2026-07-17T10:00:30.681+07:00,3728182809890,47.397051056,1784257230681407166,right,1,0,17,Lift,running,0.14092488157182054,2.541299246778702,0.6781442128576197,-1.5490735305580232,3.3069914928225255,1.6417383806228625
2026-07-17T10:00:30.768+07:00,3728269277857,47.483519023,1784257230742641228,left,1,0,17,Lift,running,2.992732282914734,0.5059118572150076,-0.7893093442557303,1.5077669812421115,-0.1578538915877386,1.2828355419445028
2026-07-17T10:00:30.768+07:00,3728269378963,47.483620129,1784257230761198332,right,1,0,17,Lift,running,0.14072232965264153,2.5472043698563804,0.6842498732927172,-1.5470625152197304,3.3063331112423713,1.653898380470275
2026-07-17T10:00:30.807+07:00,3728308554043,47.522795209,1784257230806941842,left,1,0,17,Lift,running,2.992567722592671,0.5110237693297301,-0.7851715218518948,1.5093014317883309,-0.1585112205990868,1.292193181257247
2026-07-17T10:00:30.824+07:00,3728325297958,47.539539124,1784257230823825026,right,1,0,17,Lift,running,0.14056028811729832,2.5519284683185233,0.6891344016407953,-1.5454537029490956,3.3058064059782484,1.6636263803482045
2026-07-17T10:00:30.871+07:00,3728372194744,47.586435910,1784257230870431670,left,1,0,17,Lift,running,2.992403162270608,0.5161356814444527,-0.781033699448059,1.5108358823345498,-0.159168549610435,1.301550820569991
2026-07-17T10:00:30.890+07:00,3728391223782,47.605464948,1784257230889853164,right,1,0,17,Lift,running,0.1403982465819551,2.5566525667806657,0.6940189299888733,-1.5438448906784616,3.305279700714125,1.6733543802261346
2026-07-17T10:00:30.948+07:00,3728449361580,47.663602746,1784257230937186032,left,1,0,17,Lift,running,2.9922386019485447,0.5212475935591753,-0.7768958770442234,1.512370332880769,-0.15982587862178319,1.310908459882735
2026-07-17T10:00:30.951+07:00,3728452681525,47.666922691,1784257230951447656,right,1,0,17,Lift,running,0.14023620504661188,2.561376665242809,0.6989034583369511,-1.542236078407827,3.304752995450002,1.6830823801040644
2026-07-17T10:00:31.002+07:00,3728503275551,47.717516717,1784257231001723586,left,1,0,17,Lift,running,2.9920740416264815,0.5263595056738978,-0.7727580546403877,1.5139047834269883,-0.1604832076331314,1.320266099195479
2026-07-17T10:00:31.021+07:00,3728522888675,47.737129841,1784257231021237131,right,1,0,17,Lift,running,0.14005390831935077,2.566691276012719,0.7043985527285389,-1.5404261646033632,3.3041604520278636,1.6940263799667352
2026-07-17T10:00:31.067+07:00,3728568467390,47.782708556,1784257231066864379,left,1,0,17,Lift,running,2.9919094813044183,0.5314714177886202,-0.7686202322365521,1.5154392339732072,-0.16114053664447958,1.3296237385082232
2026-07-17T10:00:31.083+07:00,3728584331801,47.798572967,1784257231083064366,right,1,0,17,Lift,running,0.13991212197592548,2.570824862167094,0.708672515033107,-1.5390184538665583,3.303699584921756,1.702538379859924
2026-07-17T10:00:31.148+07:00,3728649757715,47.863998881,1784257231134403953,left,1,0,17,Lift,running,2.991724350942097,0.5372223189176831,-0.763965182032237,1.5171654908377037,-0.16188003178224628,1.3401510827350607
2026-07-17T10:00:31.148+07:00,3728649847745,47.864088911,1784257231146743284,right,1,0,17,Lift,running,0.13975008044058226,2.5755489606292366,0.7135570433811852,-1.537409641595924,3.3031728796576325,1.7122663797378537
2026-07-17T10:00:31.200+07:00,3728701281629,47.915522795,1784257231199530705,left,1,0,17,Lift,running,2.991559790620034,0.5423342310324055,-0.7598273596284013,1.5186999413839228,-0.16253736079359446,1.3495087220478046
2026-07-17T10:00:31.210+07:00,3728711685694,47.925926860,1784257231210244086,right,1,0,17,Lift,running,0.13958803890523902,2.58027305909138,0.7184415717292629,-1.5358008293252896,3.3026461743935096,1.7219943796157837
2026-07-17T10:00:31.287+07:00,3728788193198,48.002434364,1784257231286651799,right,1,0,17,Lift,running,0.13938548698606001,2.586178182169058,0.7245472321643606,-1.5337898139869968,3.301987792813356,1.7341543794631957
2026-07-17T10:00:31.293+07:00,3728794813242,48.009054408,1784257231293605920,left,1,0,17,Lift,running,2.991312950136939,0.5500020992044894,-0.7536206260226479,1.5210016172032514,-0.16352335431061676,1.3635451810169208
2026-07-17T10:00:31.356+07:00,3728857284884,48.071526050,1784257231355891144,right,1,0,17,Lift,running,0.1392031902587989,2.591492792938968,0.7300423265559481,-1.531979900182533,3.301395249391217,1.745098379325867
2026-07-17T10:00:31.361+07:00,3728862831694,48.077072860,1784257231361565154,left,1,0,17,Lift,running,2.9911483898148754,0.5551140113192119,-0.7494828036188123,1.5225360677494706,-0.16418068332196498,1.372902820329665
2026-07-17T10:00:31.422+07:00,3728923251489,48.137492655,1784257231421152580,right,1,0,17,Lift,running,0.1390411487234557,2.5962168914011112,0.7349268549040261,-1.5303710879118986,3.300868544127094,1.7548263792037968
2026-07-17T10:00:31.429+07:00,3728930325949,48.144567115,1784257231428901156,left,1,0,17,Lift,running,2.990983829492813,0.5602259234339344,-0.7453449812149766,1.5240705182956895,-0.16483801233331316,1.382260459642409
2026-07-17T10:00:31.485+07:00,3728986011506,48.200252672,1784257231484497911,right,1,0,17,Lift,running,0.13887910718811247,2.6009409898632536,0.7398113832521042,-1.5287622756412642,3.3003418388629706,1.7645543790817264
2026-07-17T10:00:31.494+07:00,3728995718157,48.209959323,1784257231494394388,left,1,0,17,Lift,running,2.990798699130492,0.5659768245629972,-0.7406899310106616,1.5257967751601862,-0.16557750747107988,1.392787803869246
2026-07-17T10:00:31.549+07:00,3729050124798,48.264365964,1784257231548224015,right,1,0,17,Lift,running,0.13871706565276928,2.6056650883253965,0.7446959116001821,-1.5271534633706298,3.2998151335988477,1.7742823789596565
2026-07-17T10:00:31.557+07:00,3729058760683,48.273001849,1784257231557423433,left,1,0,17,Lift,running,2.990634138808429,0.5710887366777196,-0.7365521086068259,1.5273312257064051,-0.16623483648242807,1.4021454431819902
2026-07-17T10:00:31.612+07:00,3729113803318,48.328044484,1784257231612134133,right,1,0,17,Lift,running,0.13855502411742604,2.610389186787539,0.7495804399482598,-1.5255446510999953,3.2992884283347244,1.7840103788375865
2026-07-17T10:00:31.619+07:00,3729120834258,48.335075424,1784257231619401146,left,1,0,17,Lift,running,2.990490148526623,0.5755616597781019,-0.7329315140034698,1.5286738699343472,-0.16680999936735777,1.4103333775806413
2026-07-17T10:00:31.673+07:00,3729174832304,48.389073470,1784257231673088428,right,1,0,17,Lift,running,0.13841323777400075,2.6145227729419136,0.7538544022528283,-1.5241369403631901,3.298827561228617,1.792522378730775
2026-07-17T10:00:31.686+07:00,3729187094685,48.401335851,1784257231685817538,left,1,0,17,Lift,running,2.9903050181643027,0.5813125609071648,-0.7282764637991548,1.5304001267988436,-0.16754949450512446,1.4208607218074782
2026-07-17T10:00:31.778+07:00,3729279257954,48.493499120,1784257231757330180,left,1,0,17,Lift,running,2.9901404578422395,0.5864244730218873,-0.724138641395319,1.531934577345063,-0.16820682351647268,1.4302183611202224
2026-07-17T10:00:31.778+07:00,3729279358664,48.493599830,1784257231774319865,right,1,0,17,Lift,running,0.13814992027906803,2.6221994329428955,0.7617917608184549,-1.5215226204234094,3.2979716651744173,1.808330378532411
2026-07-17T10:00:31.823+07:00,3729324541303,48.538782469,1784257231822357603,left,1,0,17,Lift,running,2.9899553274799184,0.59217537415095,-0.7194835911910039,1.5336608342095595,-0.16894631865423937,1.4407457053470596
2026-07-17T10:00:31.844+07:00,3729345330083,48.559571249,1784257231844006822,right,1,0,17,Lift,running,0.1379878787437248,2.6269235314050388,0.7666762891665329,-1.5199138081527752,3.2974449599102935,1.8180583784103406
2026-07-17T10:00:31.887+07:00,3729388926470,48.603167636,1784257231887152888,left,1,0,17,Lift,running,2.9897907671578547,0.5972872862656726,-0.7153457687871684,1.5351952847557786,-0.16960364766558758,1.4501033446598035
2026-07-17T10:00:31.948+07:00,3729449845549,48.664086715,1784257231907288862,right,1,0,17,Lift,running,0.1378055820164637,2.6322381421749492,0.7721713835581206,-1.5181038943483114,3.296852416488155,1.8290023782730116
2026-07-17T10:00:31.967+07:00,3729468494348,48.682735514,1784257231967059708,left,1,0,17,Lift,running,2.989585066755276,0.6036771764090758,-0.7101734907823737,1.5371133479385524,-0.1704253089297728,1.4618003938007338
2026-07-17T10:00:31.968+07:00,3729469425318,48.683666484,1784257231968172835,right,1,0,17,Lift,running,0.13766379567303838,2.636371728329324,0.7764453458626889,-1.5166961836115065,3.2963915493820473,1.8375143781662002
2026-07-17T10:00:32.029+07:00,3729530189553,48.744430719,1784257232028544407,right,1,0,17,Lift,running,0.13750175413769516,2.6410958267914664,0.7813298742107668,-1.5150873713408721,3.2958648441179244,1.8472423780441303
2026-07-17T10:00:32.035+07:00,3729536112932,48.750354098,1784257232034763251,left,1,0,17,Lift,running,2.9894205064332136,0.6087890885237982,-0.7060356683785382,1.5386477984847713,-0.171082637941121,1.4711580331134775
2026-07-17T10:00:32.097+07:00,3729598927949,48.813169115,1784257232097202745,right,1,0,17,Lift,running,0.13733971260235195,2.6458199252536097,0.7862144025588447,-1.5134785590702378,3.295338138853801,1.85697037792206
2026-07-17T10:00:32.102+07:00,3729603386368,48.817627534,1784257232101964726,left,1,0,17,Lift,running,2.9892353760708916,0.6145399896528612,-0.7013806181742231,1.540374055349268,-0.17182213307888775,1.481685377340315
2026-07-17T10:00:32.162+07:00,3729663237634,48.877478800,1784257232161831742,right,1,0,17,Lift,running,0.13717767106700876,2.650544023715752,0.7910989309069227,-1.511869746799603,3.294811433589678,1.8666983777999897
2026-07-17T10:00:32.169+07:00,3729670624572,48.884865738,1784257232169345542,left,1,0,17,Lift,running,2.9890708157488284,0.6196519017675837,-0.6972427957703874,1.541908505895487,-0.1724794620902359,1.491043016653059
2026-07-17T10:00:32.224+07:00,3729725095794,48.939336960,1784257232223633680,right,1,0,17,Lift,running,0.13701562953166552,2.655268122177895,0.7959834592550008,-1.510260934528969,3.2942847283255547,1.8764263776779198
2026-07-17T10:00:32.237+07:00,3729738558169,48.952799335,1784257232237253968,left,1,0,17,Lift,running,2.9888856853865073,0.6254028028966465,-0.6925877455660723,1.5436347627599838,-0.17321895722800265,1.501570360879896
2026-07-17T10:00:32.300+07:00,3729801725177,49.015966343,1784257232300304995,left,1,0,17,Lift,running,2.9887416951047023,0.6298757259970287,-0.6889671509627161,1.5449774069879254,-0.1737941201129323,1.5097582952785473
2026-07-17T10:00:32.348+07:00,3729849736551,49.063977717,1784257232317046871,right,1,0,17,Lift,running,0.1367725672286507,2.6623542698711087,0.8033102517771176,-1.5078477161230173,3.2934946704293697,1.8910183774948144
2026-07-17T10:00:32.362+07:00,3729863239320,49.077480486,1784257232361857353,left,1,0,17,Lift,running,2.988577134782639,0.6349876381117512,-0.6848293285588806,1.5465118575341443,-0.1744514491242805,1.5191159345912912
2026-07-17T10:00:32.399+07:00,3729900641649,49.114882815,1784257232399207287,right,1,0,17,Lift,running,0.1365700153094717,2.6682593929487872,0.809415912212215,-1.5058367007847244,3.2928362888492164,1.9031783773422266
2026-07-17T10:00:32.427+07:00,3729928166527,49.142407693,1784257232426577040,left,1,0,17,Lift,running,2.988412574460576,0.6400995502264737,-0.6806915061550448,1.5480463080803635,-0.1751087781356287,1.5284735739040356
2026-07-17T10:00:32.460+07:00,3729961943432,49.176184598,1784257232460523760,right,1,0,17,Lift,running,0.13640797377412847,2.67298349141093,0.8143004405602929,-1.50422788851409,3.2923095835850935,1.9129063772201564
2026-07-17T10:00:32.492+07:00,3729993711167,49.207952333,1784257232492357950,left,1,0,17,Lift,running,2.988248014138513,0.6452114623411962,-0.6765536837512094,1.5495807586265828,-0.1757661071469769,1.5378312132167795
2026-07-17T10:00:32.548+07:00,3730049380312,49.263621478,1784257232543288277,right,1,0,17,Lift,running,0.13620542185494947,2.6788886144886086,0.8204061009953904,-1.5022168731757972,3.2916512020049393,1.9250663770675682
2026-07-17T10:00:32.553+07:00,3730054231143,49.268472309,1784257232552921983,left,1,0,17,Lift,running,2.98808345381645,0.6503233744559188,-0.6724158613473736,1.5511152091728018,-0.1764234361583251,1.5471888525295237
2026-07-17T10:00:32.608+07:00,3730109392585,49.323633751,1784257232607828389,right,1,0,17,Lift,running,0.13604338031960625,2.683612712950751,0.8252906293434682,-1.5006080609051626,3.2911244967408164,1.9347943769454976
2026-07-17T10:00:32.614+07:00,3730114975100,49.329216266,1784257232613653870,left,1,0,17,Lift,running,2.9879188934943866,0.6554352865706413,-0.6682780389435381,1.552649659719021,-0.17708076516967328,1.5565464918422678
2026-07-17T10:00:32.674+07:00,3730175007492,49.389248658,1784257232673463636,right,1,0,17,Lift,running,0.13588133878426306,2.6883368114128934,0.8301751576915459,-1.4989992486345285,3.290597791476693,1.944522376823427
2026-07-17T10:00:32.679+07:00,3730180231297,49.394472463,1784257232678995956,left,1,0,17,Lift,running,2.9877543331723233,0.6605471986853638,-0.6641402165397022,1.55418411026524,-0.1777380941810215,1.5659041311550121
2026-07-17T10:00:32.769+07:00,3730270218989,49.484460155,1784257232743971726,left,1,0,17,Lift,running,2.9875897728502605,0.6656591108000867,-0.6600023941358664,1.555718560811459,-0.17839542319236973,1.5752617704677567
2026-07-17T10:00:32.769+07:00,3730270379020,49.484620186,1784257232766280550,right,1,0,17,Lift,running,0.13563827648124827,2.6954229591061063,0.8375019502136624,-1.4965860302285772,3.289807733580508,1.959114376640321
2026-07-17T10:00:32.807+07:00,3730308753304,49.522994470,1784257232807257630,left,1,0,17,Lift,running,2.9874252125281973,0.6707710229148094,-0.6558645717320305,1.5572530113576786,-0.17905275220371794,1.5846194097805013
2026-07-17T10:00:32.828+07:00,3730329169809,49.543410975,1784257232827729998,right,1,0,17,Lift,running,0.13547623494590505,2.7001470575682487,0.84238647856174,-1.4949772179579428,3.289281028316385,1.9688423765182503
2026-07-17T10:00:32.870+07:00,3730371682475,49.585923641,1784257232870182356,left,1,0,17,Lift,running,2.987260652206134,0.6758829350295322,-0.6517267493281947,1.558787461903898,-0.17971008121506615,1.5939770490932461
2026-07-17T10:00:32.895+07:00,3730396274103,49.610515269,1784257232894901911,right,1,0,17,Lift,running,0.13531419341056186,2.704871156030391,0.8472710069098178,-1.4933684056873084,3.288754323052262,1.9785703763961797
2026-07-17T10:00:32.948+07:00,3730449430545,49.663671711,1784257232934887389,left,1,0,17,Lift,running,2.9870960918840708,0.680994847144255,-0.6475889269243589,1.5603219124501169,-0.18036741022641442,1.6033346884059902
2026-07-17T10:00:32.956+07:00,3730457720421,49.671961587,1784257232956376623,right,1,0,17,Lift,running,0.13515215187521862,2.709595254492534,0.8521555352578956,-1.4917595934166743,3.288227617788139,1.9882983762741089
2026-07-17T10:00:33.001+07:00,3730502819987,49.717061153,1784257233000761877,left,1,0,17,Lift,running,2.986931531562008,0.6861067592589778,-0.6434511045205231,1.5618563629963362,-0.18102473923776263,1.612692327718735
2026-07-17T10:00:33.020+07:00,3730521844301,49.736085467,1784257233020442953,right,1,0,17,Lift,running,0.13499011033987543,2.7143193529546763,0.8570400636059734,-1.4901507811460397,3.287700912524016,1.9980263761520383
2026-07-17T10:00:33.065+07:00,3730566011926,49.780253092,1784257233064445173,left,1,0,17,Lift,running,2.9867669712399447,0.6912186713737006,-0.6393132821166871,1.5633908135425552,-0.18168206824911087,1.6220499670314796
2026-07-17T10:00:33.083+07:00,3730584754442,49.798995608,1784257233083511349,right,1,0,17,Lift,running,0.13484832399645014,2.718452939109051,0.8613140259105413,-1.488743070409235,3.2872400454179083,2.006538376045227
2026-07-17T10:00:33.148+07:00,3730649175502,49.863416668,1784257233133610135,left,1,0,17,Lift,running,2.9865818408776232,0.6969695725027637,-0.6346582319123718,1.565117070407052,-0.18242156338687762,1.6325773112583173
2026-07-17T10:00:33.148+07:00,3730649269087,49.863510253,1784257233146866332,right,1,0,17,Lift,running,0.13468628246110692,2.7231770375711934,0.8661985542586191,-1.4871342581386005,3.2867133401537854,2.016266375923156
2026-07-17T10:00:33.196+07:00,3730697401224,49.911642390,1784257233195750120,left,1,0,17,Lift,running,2.9864378505958182,0.7014424956031461,-0.6310376373090154,1.566459714634994,-0.18299672627180735,1.6407652456569688
2026-07-17T10:00:33.211+07:00,3730712928941,49.927170107,1784257233211512605,right,1,0,17,Lift,running,0.13452424092576373,2.727901136033336,0.8710830826066968,-1.485525445867966,3.286186634889662,2.0259943758010857
2026-07-17T10:00:33.279+07:00,3730780849060,49.995090226,1784257233279436576,right,1,0,17,Lift,running,0.1343419441985026,2.7332157468032463,0.876578176998284,-1.4837155320635027,3.2855940914675235,2.036938375663756
2026-07-17T10:00:33.288+07:00,3730789074794,50.003315960,1784257233287894031,left,1,0,17,Lift,running,2.9861910101127234,0.7091103637752303,-0.6248309037032617,1.5687613904543225,-0.18398271978882966,1.6548017046260857
2026-07-17T10:00:33.359+07:00,3730860382595,50.074623761,1784257233349377229,left,1,0,17,Lift,running,2.9860470198309184,0.7135832868756127,-0.6212103090999053,1.5701040346822646,-0.18455788267375936,1.6629896390247376
2026-07-17T10:00:33.359+07:00,3730860524431,50.074765597,1784257233351397718,right,1,0,17,Lift,running,0.1341596474712415,2.7385303575731568,0.8820732713898715,-1.4819056182590389,3.285001548045385,2.0478823755264264
2026-07-17T10:00:33.416+07:00,3730917759301,50.132000467,1784257233416150633,right,1,0,17,Lift,running,0.1339976059358983,2.7432544560352996,0.8869577997379493,-1.4802968059884047,3.284474842781262,2.0576103754043555
2026-07-17T10:00:33.417+07:00,3730918661568,50.132902734,1784257233417252349,left,1,0,17,Lift,running,2.9858618894685973,0.7193341880046757,-0.6165552588955899,1.571830291546761,-0.18529737781152614,1.673516983251575
2026-07-17T10:00:33.481+07:00,3730982673093,50.196914259,1784257233481258889,left,1,0,17,Lift,running,2.985697329146534,0.7244461001193988,-0.6124174364917541,1.5733647420929802,-0.18595470682287435,1.6828746225643196
2026-07-17T10:00:33.491+07:00,3730992274539,50.206515705,1784257233490942974,right,1,0,17,Lift,running,0.1337950540167193,2.7491595791129773,0.8930634601730464,-1.478285790650112,3.283816461201108,2.0697703752517675
2026-07-17T10:00:33.552+07:00,3731053674104,50.267915270,1784257233552350160,right,1,0,17,Lift,running,0.133653267673294,2.753293165267352,0.8973374224776143,-1.476878079913307,3.283355594095001,2.0782823751449557
2026-07-17T10:00:33.557+07:00,3731058554513,50.272795679,1784257233557291719,left,1,0,17,Lift,running,2.9854916287439552,0.7308359902628021,-0.6072451584869594,1.5752828052757541,-0.18677636808705964,1.6945716717052501
2026-07-17T10:00:33.613+07:00,3731114922306,50.329163472,1784257233613116341,right,1,0,17,Lift,running,0.13350510154081163,2.7576127454115356,0.9018036951082842,-1.4754070281146112,3.282873989907667,2.08717737922924
2026-07-17T10:00:33.622+07:00,3731123913825,50.338154991,1784257233622508104,left,1,0,17,Lift,running,2.98534783148434,0.7353029173098089,-0.6036294173715808,1.5766236496591035,-0.1873507599532885,1.7027486299948587
2026-07-17T10:00:33.678+07:00,3731179031108,50.393272274,1784257233677258189,right,1,0,17,Lift,running,0.1334314349713326,2.7597603930924226,0.9040242766780889,-1.4746756373593806,3.2826345416091036,2.0915998773090174
2026-07-17T10:00:33.687+07:00,3731188802048,50.403043214,1784257233687400217,left,1,0,17,Lift,running,2.985283413667225,0.7373039964009748,-0.6020096497172375,1.5772243166571969,-0.18760807410719138,1.7064117165173118
2026-07-17T10:00:33.790+07:00,3731291442664,50.505683830,1784257233753862150,left,1,0,17,Lift,delay,2.985280275344849,0.7374014854431152,-0.6019307374954223,1.5772535800933838,-0.1876206099987031,1.706590175628662
2026-07-17T10:00:33.790+07:00,3731291553865,50.505795031,1784257233743287082,right,1,0,17,Lift,delay,0.13342489302158356,2.7599511146545415,0.9042214751243592,-1.474610686302185,3.282613277435303,2.091992616653442
2026-07-17T10:00:33.819+07:00,3731320772531,50.535013697,1784257233819252455,left,1,0,17,Lift,delay,2.985280275344849,0.7374014854431152,-0.6019307374954223,1.5772535800933838,-0.1876206099987031,1.706590175628662
2026-07-17T10:00:33.835+07:00,3731336766150,50.551007316,1784257233835499010,right,1,0,17,Lift,delay,0.13342489302158356,2.7599511146545415,0.9042214751243592,-1.474610686302185,3.282613277435303,2.091992616653442
2026-07-17T10:00:33.885+07:00,3731386347208,50.600588374,1784257233884761207,left,1,0,17,Lift,delay,2.985280275344849,0.7374014854431152,-0.6019307374954223,1.5772535800933838,-0.1876206099987031,1.706590175628662
2026-07-17T10:00:33.900+07:00,3731401093403,50.615334569,1784257233899817321,right,1,0,17,Lift,delay,0.13342489302158356,2.7599511146545415,0.9042214751243592,-1.474610686302185,3.282613277435303,2.091992616653442
2026-07-17T10:00:33.950+07:00,3731451384875,50.665626041,1784257233950171693,left,1,0,17,Lift,delay,2.985280275344849,0.7374014854431152,-0.6019307374954223,1.5772535800933838,-0.1876206099987031,1.706590175628662
2026-07-17T10:00:33.959+07:00,3731460712602,50.674953768,1784257233959449656,right,1,0,17,Lift,delay,0.13342489302158356,2.7599511146545415,0.9042214751243592,-1.474610686302185,3.282613277435303,2.091992616653442
2026-07-17T10:00:34.020+07:00,3731521851887,50.736093053,1784257234020460845,right,1,0,17,Lift,delay,0.13342489302158356,2.7599511146545415,0.9042214751243592,-1.474610686302185,3.282613277435303,2.091992616653442
2026-07-17T10:00:34.028+07:00,3731529488773,50.743729939,1784257234028241165,left,1,0,17,Lift,delay,2.985280275344849,0.7374014854431152,-0.6019307374954223,1.5772535800933838,-0.1876206099987031,1.706590175628662
2026-07-17T10:00:34.086+07:00,3731587586739,50.801827905,1784257234085954384,right,1,0,17,Lift,delay,0.13342489302158356,2.7599511146545415,0.9042214751243592,-1.474610686302185,3.282613277435303,2.091992616653442
2026-07-17T10:00:34.095+07:00,3731596665160,50.810906326,1784257234095426198,left,1,0,17,Lift,delay,2.985280275344849,0.7374014854431152,-0.6019307374954223,1.5772535800933838,-0.1876206099987031,1.706590175628662
2026-07-17T10:00:34.158+07:00,3731659500530,50.873741696,1784257234153139065,right,1,0,17,Lift,delay,0.13342489302158356,2.7599511146545415,0.9042214751243592,-1.474610686302185,3.282613277435303,2.091992616653442
2026-07-17T10:00:34.165+07:00,3731666281000,50.880522166,1784257234165060531,left,1,0,17,Lift,delay,2.985280275344849,0.7374014854431152,-0.6019307374954223,1.5772535800933838,-0.1876206099987031,1.706590175628662
2026-07-17T10:00:34.218+07:00,3731719552170,50.933793336,1784257234218249882,right,1,0,17,Lift,delay,0.13342489302158356,2.7599511146545415,0.9042214751243592,-1.474610686302185,3.282613277435303,2.091992616653442
2026-07-17T10:00:34.237+07:00,3731738584830,50.952825996,1784257234237273762,left,1,0,17,Lift,delay,2.985280275344849,0.7374014854431152,-0.6019307374954223,1.5772535800933838,-0.1876206099987031,1.706590175628662
2026-07-17T10:00:34.303+07:00,3731804623703,51.018864869,1784257234303117434,left,1,0,17,Lift,delay,2.985433875350952,0.7374259985550555,-0.6019796092077736,1.5772340623486658,-0.18746786690358802,1.7065675288264115
2026-07-17T10:00:34.358+07:00,3731859492479,51.073733645,1784257234317575910,right,1,0,18,Pre_Lift,running,0.1328513672647476,2.7599019591400658,0.9043520065996252,-1.4749028105024966,3.2821184019803886,2.0920545704984743
2026-07-17T10:00:34.383+07:00,3731884467496,51.098708662,1784257234383027486,left,1,0,18,Pre_Lift,running,2.9908098755645756,0.7382839574729678,-0.6036901191400715,1.576550941283545,-0.18212185857456215,1.7057748907476373
2026-07-17T10:00:34.401+07:00,3731902439828,51.116680994,1784257234401146665,right,1,0,18,Pre_Lift,running,0.12639920250034334,2.7593489596022174,0.9058204856963665,-1.4781892077559986,3.276551053112598,2.0927515512550885
2026-07-17T10:00:34.445+07:00,3731946526506,51.160767672,1784257234444967176,left,1,0,18,Pre_Lift,running,2.999968275642395,0.7397455517267523,-0.6066040948979915,1.5753871957911043,-0.17301455181283493,1.7044245752056222
2026-07-17T10:00:34.466+07:00,3731967197535,51.181438701,1784257234465920193,right,1,0,18,Pre_Lift,running,0.11744383694171905,2.7585814167393155,0.9078586802569065,-1.482750605341246,3.2688237792248453,2.0937189347133103
2026-07-17T10:00:34.548+07:00,3732049276022,51.263517188,1784257234521672783,left,1,0,18,Pre_Lift,running,3.010912275505066,0.741492110861184,-0.6100862042209654,1.5739965565526746,-0.16213160685490174,1.7028109906296263
2026-07-17T10:00:34.548+07:00,3732049373713,51.263614879,1784257234546761824,right,1,0,18,Pre_Lift,running,0.1060928065919876,2.757608547203785,0.9104421156469968,-1.4885322300095398,3.2590293693990953,2.094945104535438
2026-07-17T10:00:34.587+07:00,3732088103826,51.302344992,1784257234586624347,left,1,0,18,Pre_Lift,running,3.0206402753829957,0.7430446078695678,-0.6131814125080535,1.5727604327851812,-0.15245787800340552,1.701376693228741
2026-07-17T10:00:34.611+07:00,3732112353544,51.326594710,1784257234611169338,right,1,0,18,Pre_Lift,running,0.09587687927722931,2.7567329646218077,0.912767207498078,-1.4937356922110048,3.250214400555921,2.096048657375353
2026-07-17T10:00:34.664+07:00,3732165581946,51.379823112,1784257234664113911,left,1,0,18,Pre_Lift,running,3.0328002752304086,0.7449852291300474,-0.6170504228669134,1.5712152780758146,-0.14036571693903527,1.6995838214776344
2026-07-17T10:00:34.677+07:00,3732178582543,51.392823709,1784257234677439254,right,1,0,18,Pre_Lift,running,0.08679605499744412,2.7559546689933834,0.9148339558101506,-1.4983609919456398,3.2423788726953213,2.097029593233055
2026-07-17T10:00:34.780+07:00,3732281475677,51.495716843,1784257234756941770,left,1,0,18,Pre_Lift,running,3.0461762750625616,0.7471199125165751,-0.6213063342616593,1.5695156078955115,-0.12706433976822798,1.6976116625514168
2026-07-17T10:00:34.780+07:00,3732281572110,51.495813276,1784257234744137911,right,1,0,18,Pre_Lift,running,0.07771523071765896,2.755176373364959,0.9169007041222228,-1.5029862916802752,3.234543344834721,2.098010529090757
2026-07-17T10:00:34.824+07:00,3732325406442,51.539647608,1784257234823801778,left,1,0,18,Pre_Lift,running,3.057120274925232,0.7488664716510068,-0.6247884435846333,1.5681249686570817,-0.11618139481029473,1.6959980779754211
2026-07-17T10:00:34.835+07:00,3732336184391,51.550425557,1784257234834942645,right,1,0,18,Pre_Lift,running,0.06522909733295437,2.7541062168758756,0.9197424830513221,-1.509346078815399,3.223769494026397,2.0993593158950974
2026-07-17T10:00:34.885+07:00,3732386844498,51.601085664,1784257234885207821,left,1,0,18,Pre_Lift,running,3.0668482748031622,0.7504189686593905,-0.6278836518717212,1.5668888448895886,-0.10650766595879853,1.6945637805745355
2026-07-17T10:00:34.901+07:00,3732402299507,51.616540673,1784257234900902565,right,1,0,18,Pre_Lift,running,0.055013170018196056,2.7532306342938986,0.9220675749024037,-1.5145495410168637,3.2149545251832228,2.100462868735012
2026-07-17T10:00:34.949+07:00,3732450052817,51.664293983,1784257234948874603,left,1,0,18,Pre_Lift,running,3.076576274681092,0.7519714656677741,-0.6309788601588093,1.5656527211220954,-0.0968339371073023,1.6931294831736503
2026-07-17T10:00:34.964+07:00,3732465786868,51.680028034,1784257234964530037,right,1,0,18,Pre_Lift,running,0.045932345738410915,2.7524523386654742,0.9241343232144761,-1.5191748407514991,3.2071189973226235,2.1014438045927144
2026-07-17T10:00:35.014+07:00,3732515522731,51.729763897,1784257235014125417,left,1,0,18,Pre_Lift,running,3.0863042745590215,0.7535239626761578,-0.6340740684458972,1.564416597354602,-0.08716020825580609,1.6916951857727645
2026-07-17T10:00:35.028+07:00,3732529799163,51.744040329,1784257235028471124,right,1,0,18,Pre_Lift,running,0.03685152145862575,2.75167404303705,0.9262010715265483,-1.5238001404861343,3.1992834694620234,2.102424740450416
2026-07-17T10:00:35.079+07:00,3732580500975,51.794742141,1784257235078853459,left,1,0,18,Pre_Lift,running,3.096032274436951,0.7550764596845416,-0.6371692767329852,1.5631804735871087,-0.07748647940430987,1.6902608883718793
2026-07-17T10:00:35.093+07:00,3732594448189,51.808689355,1784257235093138609,right,1,0,18,Pre_Lift,running,0.027770697178840568,2.750895747408626,0.9282678198386206,-1.5284254402207698,3.1914479416014236,2.1034056763081184
2026-07-17T10:00:35.148+07:00,3732649087885,51.863329051,1784257235145435655,left,1,0,18,Pre_Lift,running,3.105760274314881,0.7566289566929255,-0.640264485020073,1.5619443498196155,-0.06781275055281366,1.688826590970994
2026-07-17T10:00:35.156+07:00,3732657556337,51.871797503,1784257235156385671,right,1,0,18,Pre_Lift,running,0.018689872899055406,2.7501174517802016,0.9303345681506929,-1.5330507399554048,3.183612413740824,2.1043866121658206
2026-07-17T10:00:35.219+07:00,3732720216546,51.934457712,1784257235218806449,right,1,0,18,Pre_Lift,running,0.010744151654243386,2.7494364431053304,0.9321429729237561,-1.5370978772232111,3.176756326862799,2.1052449310413097
2026-07-17T10:00:35.241+07:00,3732742604623,51.956845789,1784257235241341040,left,1,0,18,Pre_Lift,running,3.120352274131775,0.7589577022055011,-0.644907297450705,1.5600901641683758,-0.05330215727556933,1.686675144869666
2026-07-17T10:00:35.290+07:00,3732791509504,52.005750670,1784257235289951652,right,1,0,18,Pre_Lift,running,0.0005282243394850778,2.7485608605233534,0.9344680647748376,-1.5423013394246756,3.1679413580196245,2.1063484838812245
2026-07-17T10:00:35.358+07:00,3732859955521,52.074196687,1784257235305558199,left,1,0,18,Pre_Lift,running,3.130080274009705,0.7605101992138847,-0.648002505737793,1.5588540404008824,-0.043628428424073176,1.6852408474687808
2026-07-17T10:00:35.359+07:00,3732860111102,52.074352268,1784257235354708888,right,1,0,18,Pre_Lift,running,-0.008552599940300085,2.7477825648949286,0.9365348130869099,-1.546926639159311,3.160105830159025,2.1073294197389267
2026-07-17T10:00:35.370+07:00,3732871279543,52.085520709,1784257235369861176,left,1,0,18,Pre_Lift,running,3.1398082738876343,0.7620626962222685,-0.6510977140248809,1.5576179166333894,-0.03395469957257709,1.6838065500678954
2026-07-17T10:00:35.419+07:00,3732920673029,52.134914195,1784257235419145380,right,1,0,18,Pre_Lift,running,-0.018768527255058395,2.7469069823129515,0.9388599049379912,-1.552130101360776,3.15129086131585,2.1084329725788415
2026-07-17T10:00:35.431+07:00,3732932102462,52.146343628,1784257235430842886,left,1,0,18,Pre_Lift,running,3.1495362737655643,0.7636151932306523,-0.6541929223119688,1.556381792865896,-0.024280970721081,1.6823722526670102
2026-07-17T10:00:35.494+07:00,3732995300494,52.209541660,1784257235493835554,right,1,0,18,Pre_Lift,running,-0.028984454569816704,2.746031399730974,0.9411849967890726,-1.5573335635622407,3.142475892472676,2.1095365254187564
2026-07-17T10:00:35.497+07:00,3732998457774,52.212698940,1784257235497120952,left,1,0,18,Pre_Lift,running,3.159264273643494,0.7651676902390359,-0.6572881305990568,1.555145669098403,-0.014607241869584878,1.6809379552661246
2026-07-17T10:00:35.567+07:00,3733068211980,52.282453146,1784257235566729268,left,1,0,18,Pre_Lift,running,3.170208273506165,0.7669142493734676,-0.6607702399220308,1.5537550298599732,-0.0037242969116518224,1.6793243706901286
2026-07-17T10:00:35.570+07:00,3733071267545,52.285508711,1784257235569889040,right,1,0,18,Pre_Lift,running,-0.03920038188457501,2.7451558171489974,0.943510088640154,-1.5625370257637052,3.133660923629501,2.110640078258671
2026-07-17T10:00:35.635+07:00,3733136241233,52.350482399,1784257235634566228,left,1,0,18,Pre_Lift,running,3.1799362733840946,0.7684667463818513,-0.6638654482091186,1.5525189060924798,0.005949431939844298,1.677890073289243
2026-07-17T10:00:35.636+07:00,3733137508263,52.351749429,1784257235636000182,right,1,0,18,Pre_Lift,running,-0.04941630919933332,2.74428023456702,0.9458351804912354,-1.5677404879651697,3.124845954786327,2.111743631098586
2026-07-17T10:00:35.697+07:00,3733198370361,52.412611527,1784257235696564312,left,1,0,18,Pre_Lift,running,3.1896642732620237,0.7700192433902351,-0.6669606564962065,1.5512827823249864,0.015623160791340388,1.6764557758883578
2026-07-17T10:00:35.699+07:00,3733200435608,52.414676774,1784257235698931531,right,1,0,18,Pre_Lift,running,-0.05849713347911849,2.7435019389385955,0.9479019288033077,-1.5723657876998052,3.117010426925727,2.1127245669562877
2026-07-17T10:00:35.758+07:00,3733259486026,52.473727192,1784257235758107016,left,1,0,18,Pre_Lift,running,3.1993922731399533,0.7715717403986189,-0.6700558647832945,1.5500466585574935,0.025296889642836475,1.6750214784874724
2026-07-17T10:00:35.768+07:00,3733269804472,52.484045638,1784257235768486723,right,1,0,18,Pre_Lift,running,-0.06757795775890366,2.742723643310171,0.94996867711538,-1.5769910874344406,3.109174899065128,2.11370550281399
2026-07-17T10:00:35.823+07:00,3733324075044,52.538316210,1784257235822461359,left,1,0,18,Pre_Lift,running,3.209120273017883,0.7731242374070025,-0.6731510730703824,1.5488105347900005,0.03497061849433256,1.6735871810865872
2026-07-17T10:00:35.831+07:00,3733332535401,52.546776567,1784257235831247888,right,1,0,18,Pre_Lift,running,-0.07665878203868881,2.741945347681747,0.9520354254274525,-1.581616387169076,3.101339371204528,2.114686438671692
2026-07-17T10:00:35.889+07:00,3733390947319,52.605188485,1784257235889144087,left,1,0,18,Pre_Lift,running,3.218762611988262,0.7746630637426503,-0.6762190261812513,1.5475852958379983,0.04455916432740587,1.6721655135395874
2026-07-17T10:00:35.892+07:00,3733393563926,52.607805092,1784257235892130018,right,1,0,18,Pre_Lift,running,-0.08452454322093474,2.7412711921916997,0.9538256317067171,-1.585622796938499,3.094552279087184,2.1155361200391605
2026-07-17T10:00:35.952+07:00,3733453946528,52.668187694,1784257235952612394,right,1,0,18,Pre_Lift,running,-0.09049495055753028,2.7407594829253585,0.9551844653219388,-1.5886638120070424,3.0894006219706425,2.1161810600205
2026-07-17T10:00:35.956+07:00,3733457381353,52.671622519,1784257235956124891,left,1,0,18,Pre_Lift,running,3.2251585088907664,0.7756837885505933,-0.6782540419444512,1.546772577882115,0.050919379497363366,1.6712225017777957
2026-07-17T10:00:36.015+07:00,3733516345571,52.730586737,1784257236014895022,right,1,0,18,Pre_Lift,running,-0.09196779131889339,2.7406332492828374,0.9555196762084961,-1.5894140005111694,3.088129758834839,2.1163401603698726
2026-07-17T10:00:36.025+07:00,3733526430961,52.740672127,1784257236025089705,left,1,0,18,Pre_Lift,running,3.2267363071441646,0.7759355902671814,-0.678756058216095,1.5465720891952515,0.05248837545514104,1.6709898710250854
2026-07-17T10:00:36.083+07:00,3733584349274,52.798590440,1784257236082509461,right,1,0,18,Pre_Lift,running,-0.09196779131889339,2.7406332492828374,0.9555196762084961,-1.5894140005111694,3.088129758834839,2.1163401603698726
2026-07-17T10:00:36.091+07:00,3733591977301,52.806218467,1784257236090854920,left,1,0,18,Pre_Lift,running,3.2267363071441646,0.7759355902671814,-0.678756058216095,1.5465720891952515,0.05248837545514104,1.6709898710250854
2026-07-17T10:00:36.148+07:00,3733649131661,52.863372827,1784257236143838413,right,1,0,18,Pre_Lift,delay,-0.09196779131889339,2.7406332492828374,0.9555196762084961,-1.5894140005111694,3.088129758834839,2.1163401603698726
2026-07-17T10:00:36.159+07:00,3733660325609,52.874566775,1784257236158964888,left,1,0,18,Pre_Lift,delay,3.2267363071441646,0.7759355902671814,-0.678756058216095,1.5465720891952515,0.05248837545514104,1.6709898710250854
2026-07-17T10:00:36.206+07:00,3733707137514,52.921378680,1784257236205598308,right,1,0,18,Pre_Lift,delay,-0.09196779131889339,2.7406332492828374,0.9555196762084961,-1.5894140005111694,3.088129758834839,2.1163401603698726
2026-07-17T10:00:36.241+07:00,3733742167200,52.956408366,1784257236240713539,left,1,0,18,Pre_Lift,delay,3.2267363071441646,0.7759355902671814,-0.678756058216095,1.5465720891952515,0.05248837545514104,1.6709898710250854
2026-07-17T10:00:36.283+07:00,3733784464361,52.998705527,1784257236283095028,right,1,0,18,Pre_Lift,delay,-0.09196779131889339,2.7406332492828374,0.9555196762084961,-1.5894140005111694,3.088129758834839,2.1163401603698726
2026-07-17T10:00:36.358+07:00,3733859091991,53.073333157,1784257236305428746,left,1,0,18,Pre_Lift,delay,3.2267363071441646,0.7759355902671814,-0.678756058216095,1.5465720891952515,0.05248837545514104,1.6709898710250854
2026-07-17T10:00:36.358+07:00,3733859179036,53.073420202,1784257236349181385,right,1,0,18,Pre_Lift,delay,-0.09196779131889339,2.7406332492828374,0.9555196762084961,-1.5894140005111694,3.088129758834839,2.1163401603698726
2026-07-17T10:00:36.382+07:00,3733883547501,53.097788667,1784257236382121440,left,1,0,18,Pre_Lift,delay,3.2267363071441646,0.7759355902671814,-0.678756058216095,1.5465720891952515,0.05248837545514104,1.6709898710250854
2026-07-17T10:00:36.418+07:00,3733919240184,53.133481350,1784257236417683663,right,1,0,18,Pre_Lift,delay,-0.09196779131889339,2.7406332492828374,0.9555196762084961,-1.5894140005111694,3.088129758834839,2.1163401603698726
2026-07-17T10:00:36.449+07:00,3733950133533,53.164374699,1784257236448765741,left,1,0,18,Pre_Lift,delay,3.2267363071441646,0.7759355902671814,-0.678756058216095,1.5465720891952515,0.05248837545514104,1.6709898710250854
2026-07-17T10:00:36.496+07:00,3733997671011,53.211912177,1784257236496302254,right,1,0,18,Pre_Lift,delay,-0.09196779131889339,2.7406332492828374,0.9555196762084961,-1.5894140005111694,3.088129758834839,2.1163401603698726
2026-07-17T10:00:36.548+07:00,3734049246154,53.263487320,1784257236522471012,left,1,0,19,Pre_Grap4,running,3.2267363071441646,0.7759355902671814,-0.678756058216095,1.5465720891952515,0.05248837545514104,1.6709898710250854
2026-07-17T10:00:36.563+07:00,3734064823023,53.279064189,1784257236563392880,right,1,0,19,Pre_Grap4,running,-0.09198775328063961,2.7406351402480924,0.9555145588128865,-1.589424278749777,3.088112684091578,2.116337380379502
2026-07-17T10:00:36.588+07:00,3734089104814,53.303345980,1784257236587806278,left,1,0,19,Pre_Grap4,running,3.226865266311168,0.7759206504206653,-0.678726387829989,1.5465580806892658,0.052616306957136656,1.6710081535082282
2026-07-17T10:00:36.628+07:00,3734129307060,53.343548226,1784257236627646496,right,1,0,19,Pre_Grap4,running,-0.09246684036254879,2.7406805234142166,0.9553917413182551,-1.589670956476357,3.087702890253305,2.1162706606106005
2026-07-17T10:00:36.650+07:00,3734151128921,53.365370087,1784257236649684321,left,1,0,19,Pre_Grap4,running,3.2276080711131088,0.7758345969047331,-0.6785554864060178,1.5464773916947874,0.05335319240863143,1.6711134606111298
2026-07-17T10:00:36.693+07:00,3734194356406,53.408597572,1784257236692598455,right,1,0,19,Pre_Grap4,running,-0.09356058953046795,2.740784132553473,0.955111350680245,-1.5902341183072208,3.0867673366002135,2.1161183403029256
2026-07-17T10:00:36.748+07:00,3734249849185,53.464090351,1784257236739011474,left,1,0,19,Pre_Grap4,running,3.2293627755391587,0.7756313153900084,-0.6781517713461843,1.5462867826204048,0.0550939137392573,1.6713622242689214
2026-07-17T10:00:36.756+07:00,3734257433761,53.471674927,1784257236756116106,right,1,0,19,Pre_Grap4,running,-0.0948248471522331,2.7409038936905166,0.9547872489468918,-1.5908850734419442,3.0856859361555937,2.115942274239905
2026-07-17T10:00:36.821+07:00,3734322836020,53.537077186,1784257236821167113,left,1,0,19,Pre_Grap4,running,3.2311596066343777,0.7754231535245009,-0.6777383639583943,1.5460915974332037,0.05687642603508568,1.671616960205666
2026-07-17T10:00:36.831+07:00,3734332786455,53.547027621,1784257236831446546,right,1,0,19,Pre_Grap4,running,-0.09624713697671887,2.74103862496969,0.9544226344968698,-1.591617397968508,3.0844693606553952,2.1157441999190065
2026-07-17T10:00:36.887+07:00,3734388097679,53.602338845,1784257236886273257,left,1,0,19,Pre_Grap4,running,3.232466392885446,0.7752717630768591,-0.6774377040400015,1.5459496445697845,0.058172798613869946,1.671802222705117
2026-07-17T10:00:36.894+07:00,3734395165244,53.609406410,1784257236893727170,right,1,0,19,Pre_Grap4,running,-0.097511394598484,2.7411583861067332,0.9540985327635169,-1.5922683531032316,3.0833879602107754,2.1155681338559855
2026-07-17T10:00:36.951+07:00,3734452020458,53.666261624,1784257236950601247,left,1,0,19,Pre_Grap4,running,3.2337731791365134,0.7751203726292172,-0.6771370441216088,1.545807691706366,0.05946917119265423,1.671987485204568
2026-07-17T10:00:36.954+07:00,3734455540654,53.669781820,1784257236954213556,right,1,0,19,Pre_Grap4,running,-0.0986176200175285,2.7412631771016462,0.953814943746833,-1.5928379388461147,3.082441734821732,2.1154140760508424
2026-07-17T10:00:37.021+07:00,3734522740873,53.736982039,1784257237021292327,right,1,0,19,Pre_Grap4,running,-0.10003990984201427,2.74139790838082,0.9534503292968108,-1.5935702633726787,3.0812251593215354,2.115216001729944
2026-07-17T10:00:37.030+07:00,3734531775805,53.746016971,1784257237030328179,left,1,0,19,Pre_Grap4,running,3.2354066619503485,0.7749311345696651,-0.6767612192236178,1.545630250627092,0.061089636916134574,1.6722190633288816
2026-07-17T10:00:37.091+07:00,3734592221187,53.806462353,1784257237090518220,right,1,0,19,Pre_Grap4,running,-0.10146219966650007,2.7415326396599933,0.9530857148467886,-1.5943025878992425,3.080008583821337,2.115017927409046
2026-07-17T10:00:37.096+07:00,3734597761967,53.812003133,1784257237096433212,left,1,0,19,Pre_Grap4,running,3.236713448201417,0.7747797441220233,-0.6764605593052251,1.545488297763673,0.06238600949491886,1.6724043258283325
2026-07-17T10:00:37.162+07:00,3734663173337,53.877414503,1784257237161774590,right,1,0,19,Pre_Grap4,running,-0.10272645728826521,2.7416524007970366,0.9527616131134357,-1.5949535430339663,3.078927183376717,2.114841861346025
2026-07-17T10:00:37.163+07:00,3734664850777,53.879091943,1784257237163566559,left,1,0,19,Pre_Grap4,running,3.238020234452485,0.7746283536743814,-0.6761598993868323,1.545346344900254,0.06368238207370314,1.6725895883277835
2026-07-17T10:00:37.227+07:00,3734728194285,53.942435451,1784257237226755608,right,1,0,19,Pre_Grap4,running,-0.104148747112751,2.74178713207621,0.9523969986634134,-1.59568586756053,3.0777106078765186,2.1146437870251265
2026-07-17T10:00:37.244+07:00,3734745339824,53.959580990,1784257237244064726,left,1,0,19,Pre_Grap4,running,3.2396537172663202,0.7744391156148294,-0.6757840744888415,1.5451689038209806,0.06530284779718348,1.6728211664520969
2026-07-17T10:00:37.291+07:00,3734792695095,54.006936261,1784257237291138184,right,1,0,19,Pre_Grap4,running,-0.10541300473451613,2.7419068932132533,0.9520728969300606,-1.5963368226952535,3.076629207431899,2.114467720962106
2026-07-17T10:00:37.348+07:00,3734849360573,54.063601739,1784257237323204370,left,1,0,19,Pre_Grap4,running,3.2412872000801554,0.7742498775552771,-0.6754082495908504,1.5449914627417065,0.06692331352066384,1.6730527445764103
2026-07-17T10:00:37.357+07:00,3734858231276,54.072472442,1784257237356939908,right,1,0,19,Pre_Grap4,running,-0.10667726235628128,2.7420266543502967,0.9517487951967074,-1.5969877778299768,3.0755478069872786,2.114291654899085
2026-07-17T10:00:37.389+07:00,3734890052551,54.104293717,1784257237388562543,left,1,0,19,Pre_Grap4,running,3.242757334612607,0.77407956330168,-0.6750700071826586,1.5448317657703603,0.06838173267179615,1.6732611648882925
2026-07-17T10:00:37.422+07:00,3734923132312,54.137373478,1784257237421599050,right,1,0,19,Pre_Grap4,running,-0.10794151997804641,2.74214641548734,0.9514246934633546,-1.5976387329647006,3.074466406542658,2.1141155888360643
2026-07-17T10:00:37.450+07:00,3734951625063,54.165866229,1784257237450110779,left,1,0,19,Pre_Grap4,running,3.2439007725822915,0.7739470966599934,-0.674806929754065,1.5447075570148687,0.06951605867823238,1.6734232695753117
2026-07-17T10:00:37.483+07:00,3734984696231,54.198937397,1784257237483271459,right,1,0,19,Pre_Grap4,running,-0.10920577759981155,2.7422661766243834,0.9511005917300016,-1.598289688099424,3.0733850060980377,2.1139395227730433
2026-07-17T10:00:37.548+07:00,3735049864797,54.264105963,1784257237523718490,left,1,0,19,Pre_Grap4,running,3.245370907114743,0.7737767824063966,-0.6744686873458731,1.5445478600435223,0.07097447782936472,1.673631689887194
2026-07-17T10:00:37.548+07:00,3735049968131,54.264209297,1784257237546094892,right,1,0,19,Pre_Grap4,running,-0.11031200301885605,2.742370967619296,0.9508170027133177,-1.5988592738423073,3.072438780708995,2.1137854649678998
2026-07-17T10:00:37.601+07:00,3735102591190,54.316832356,1784257237600862074,left,1,0,19,Pre_Grap4,running,3.2470043899285783,0.7735875443468443,-0.6740928624478821,1.5443704189642486,0.07259494355284508,1.6738632680115078
2026-07-17T10:00:37.620+07:00,3735121907839,54.336149005,1784257237620556309,right,1,0,19,Pre_Grap4,running,-0.11189232504606249,2.7425206690406,0.9504118755466264,-1.5996729677607116,3.0710870301532194,2.1135653823891243
2026-07-17T10:00:37.668+07:00,3735168994448,54.383235614,1784257237667485371,left,1,0,19,Pre_Grap4,running,3.2483111761796466,0.7734361538992025,-0.6737922025294895,1.5442284661008294,0.07389131613162939,1.6740485305109587
2026-07-17T10:00:37.703+07:00,3735204222603,54.418463769,1784257237702826163,right,1,0,19,Pre_Grap4,running,-0.1134726470732689,2.742670370461904,0.9500067483799352,-1.6004866616791158,3.069735279597444,2.113345299810348
2026-07-17T10:00:37.758+07:00,3735259561694,54.473802860,1784257237758331580,left,1,0,19,Pre_Grap4,running,3.2502713555562486,0.7732090682277399,-0.6733412126519003,1.5440155368057011,0.07583587499980582,1.6743264242601346
2026-07-17T10:00:37.766+07:00,3735267616348,54.481857514,1784257237766349192,right,1,0,19,Pre_Grap4,running,-0.11473690469503404,2.7427901315989476,0.9496826466465822,-1.6011376168138396,3.068653879152824,2.1131692337473273
2026-07-17T10:00:37.839+07:00,3735340311146,54.554552312,1784257237838645258,left,1,0,19,Pre_Grap4,running,3.2519048383700837,0.7730198301681876,-0.6729653877539093,1.5438380957264273,0.0774563407232862,1.674558002384448
2026-07-17T10:00:37.844+07:00,3735345302093,54.559543259,1784257237843896062,right,1,0,19,Pre_Grap4,running,-0.11631722672224046,2.7429398330202517,0.9492775194798909,-1.6019513107322438,3.0673021285970488,2.1129491511685514
2026-07-17T10:00:37.900+07:00,3735401121642,54.615362808,1784257237899503873,left,1,0,19,Pre_Grap4,running,3.2530482763397686,0.7728873635265011,-0.6727023103253157,1.543713886970936,0.07859066672972244,1.6747201070714677
2026-07-17T10:00:37.948+07:00,3735449301135,54.663542301,1784257237908237311,right,1,0,19,Pre_Grap4,running,-0.11758148434400562,2.743059594157294,0.948953417746538,-1.6026022658669672,3.066220728152428,2.1127730851055304
2026-07-17T10:00:37.972+07:00,3735473456909,54.687698075,1784257237972177614,right,1,0,19,Pre_Grap4,running,-0.11884574196577076,2.7431793552943375,0.9486293160131849,-1.603253221001691,3.0651393277078074,2.1125970190425094
2026-07-17T10:00:37.979+07:00,3735480012755,54.694253921,1784257237978765499,left,1,0,19,Pre_Grap4,running,3.2546817591536037,0.7726981254669487,-0.6723264854273248,1.5435364458916618,0.0802111324532028,1.6749516851957813
2026-07-17T10:00:38.043+07:00,3735544728171,54.758969337,1784257238043269195,left,1,0,19,Pre_Grap4,running,3.2559885454046715,0.7725467350193072,-0.6720258255089321,1.5433944930282428,0.0815075050319871,1.6751369476952322
2026-07-17T10:00:38.054+07:00,3735555568086,54.769809252,1784257238054225995,right,1,0,19,Pre_Grap4,running,-0.12042371336012409,2.7433288340438864,0.9482247914485022,-1.604065704599905,3.0637895877987305,2.1123772638231775
2026-07-17T10:00:38.149+07:00,3735650888654,54.865129820,1784257238127775439,left,1,0,19,Pre_Grap4,running,3.257216611243326,0.7724044642868936,-0.6717432772539831,1.543261091362805,0.08272578451485671,1.6753110500371975
2026-07-17T10:00:38.150+07:00,3735650983483,54.865224649,1784257238118685618,right,1,0,19,Pre_Grap4,running,-0.12132963336214656,2.743414650421534,0.9479925521976723,-1.6045321548445486,3.0630146964505496,2.112251101429199
2026-07-17T10:00:38.185+07:00,3735686311352,54.900552518,1784257238184539715,right,1,0,19,Pre_Grap4,running,-0.12159883230924606,2.7434401512146,0.9479235410690308,-1.604670763015747,3.0627844333648677,2.1122136116027828
2026-07-17T10:00:38.188+07:00,3735689864179,54.904105345,1784257238188415503,left,1,0,19,Pre_Grap4,running,3.2573640346527095,0.7723873853683472,-0.6717093586921691,1.5432450771331787,0.08287203311920167,1.675331950187683
2026-07-17T10:00:38.251+07:00,3735752468307,54.966709473,1784257238251046253,left,1,0,19,Pre_Grap4,running,3.2573640346527095,0.7723873853683472,-0.6717093586921691,1.5432450771331787,0.08287203311920167,1.675331950187683
2026-07-17T10:00:38.266+07:00,3735767631722,54.981872888,1784257238266371284,right,1,0,19,Pre_Grap4,running,-0.12159883230924606,2.7434401512146,0.9479235410690308,-1.604670763015747,3.0627844333648677,2.1122136116027828
2026-07-17T10:00:38.348+07:00,3735849620537,55.063861703,1784257238323068418,left,1,0,19,Pre_Grap4,delay,3.2573640346527095,0.7723873853683472,-0.6717093586921691,1.5432450771331787,0.08287203311920167,1.675331950187683
2026-07-17T10:00:38.348+07:00,3735849710992,55.063952158,1784257238345256028,right,1,0,19,Pre_Grap4,delay,-0.12159883230924606,2.7434401512146,0.9479235410690308,-1.604670763015747,3.0627844333648677,2.1122136116027828
2026-07-17T10:00:38.386+07:00,3735887381258,55.101622424,1784257238385763640,left,1,0,19,Pre_Grap4,delay,3.2573640346527095,0.7723873853683472,-0.6717093586921691,1.5432450771331787,0.08287203311920167,1.675331950187683
2026-07-17T10:00:38.412+07:00,3735913818283,55.128059449,1784257238412497710,right,1,0,19,Pre_Grap4,delay,-0.12159883230924606,2.7434401512146,0.9479235410690308,-1.604670763015747,3.0627844333648677,2.1122136116027828
2026-07-17T10:00:38.476+07:00,3735977654037,55.191895203,1784257238476318028,right,1,0,19,Pre_Grap4,delay,-0.12159883230924606,2.7434401512146,0.9479235410690308,-1.604670763015747,3.0627844333648677,2.1122136116027828
2026-07-17T10:00:38.479+07:00,3735980530325,55.194771491,1784257238479083055,left,1,0,19,Pre_Grap4,delay,3.2573640346527095,0.7723873853683472,-0.6717093586921691,1.5432450771331787,0.08287203311920167,1.675331950187683
2026-07-17T10:00:38.548+07:00,3736049493592,55.263734758,1784257238539078496,left,1,0,19,Pre_Grap4,delay,3.2573640346527095,0.7723873853683472,-0.6717093586921691,1.5432450771331787,0.08287203311920167,1.675331950187683
2026-07-17T10:00:38.548+07:00,3736049586172,55.263827338,1784257238542500262,right,1,0,19,Pre_Grap4,delay,-0.12159883230924606,2.7434401512146,0.9479235410690308,-1.604670763015747,3.0627844333648677,2.1122136116027828
2026-07-17T10:00:38.605+07:00,3736106019793,55.320260959,1784257238604507722,left,1,0,19,Pre_Grap4,delay,3.2573640346527095,0.7723873853683472,-0.6717093586921691,1.5432450771331787,0.08287203311920167,1.675331950187683
2026-07-17T10:00:38.605+07:00,3736106968331,55.321209497,1784257238605658755,right,1,0,19,Pre_Grap4,delay,-0.12159883230924606,2.7434401512146,0.9479235410690308,-1.604670763015747,3.0627844333648677,2.1122136116027828
2026-07-17T10:00:38.670+07:00,3736171741337,55.385982503,1784257238669967165,left,1,0,19,Pre_Grap4,delay,3.2573640346527095,0.7723873853683472,-0.6717093586921691,1.5432450771331787,0.08287203311920167,1.675331950187683
2026-07-17T10:00:38.672+07:00,3736173429553,55.387670719,1784257238671950766,right,1,0,19,Pre_Grap4,delay,-0.12159883230924606,2.7434401512146,0.9479235410690308,-1.604670763015747,3.0627844333648677,2.1122136116027828
2026-07-17T10:00:38.749+07:00,3736250154024,55.464395190,1784257238740375772,left,1,0,20,Pre_Grap3,running,3.2574778774261466,0.772366304307235,-0.67166743653448,1.543230624971892,0.08298461264560099,1.6753565046310428
2026-07-17T10:00:38.749+07:00,3736250249790,55.464490956,1784257238743315108,right,1,0,20,Pre_Grap3,running,-0.12170418426084519,2.7434550425065827,0.9478834416170595,-1.604723305607656,3.0626933322979406,2.1121922897757477
2026-07-17T10:00:38.806+07:00,3736307153511,55.521394677,1784257238805773397,left,1,0,20,Pre_Grap3,running,3.258566498947143,0.772164716660349,-0.6712665559015776,1.5430924261795846,0.08406115436679439,1.6755913064956667
2026-07-17T10:00:38.823+07:00,3736324942889,55.539184055,1784257238823629394,right,1,0,20,Pre_Grap3,running,-0.12288939371633528,2.743622569541385,0.9474323227823821,-1.6053144097666294,3.061668445295013,2.111952419221602
2026-07-17T10:00:38.870+07:00,3736371762713,55.586003879,1784257238870180781,left,1,0,20,Pre_Grap3,running,3.260310902321338,0.7718416933095869,-0.6706241861567239,1.5428709769109819,0.08578620111140886,1.6759675521944866
2026-07-17T10:00:38.887+07:00,3736388352126,55.602593292,1784257238887067697,right,1,0,20,Pre_Grap3,running,-0.12453442049741745,2.743855090854414,0.9468061865656507,-1.6061348404233506,3.06024594013393,2.111619487785952
2026-07-17T10:00:38.948+07:00,3736449647277,55.663888443,1784257238935603262,left,1,0,20,Pre_Grap3,running,3.2621134129643434,0.771507909830203,-0.6699604186365665,1.5426421510158665,0.08756871034227073,1.6763563308947227
2026-07-17T10:00:38.961+07:00,3736462722047,55.676963213,1784257238961380013,right,1,0,20,Pre_Grap3,running,-0.12641100207090378,2.744120341983752,0.9460919151019136,-1.60707075530962,3.0586232024349593,2.1112396927549164
2026-07-17T10:00:38.997+07:00,3736498715833,55.712956999,1784257238997333238,left,1,0,20,Pre_Grap3,running,3.2639159236073487,0.7711741263508191,-0.6692966511164095,1.5424133251207508,0.0893512195731326,1.676745109594959
2026-07-17T10:00:39.027+07:00,3736528113613,55.742354779,1784257239026800105,right,1,0,20,Pre_Grap3,running,-0.12828758364439008,2.7443855931130896,0.9453776436381764,-1.6080066701958893,3.0570004647359887,2.110859897723881
2026-07-17T10:00:39.073+07:00,3736574741914,55.788983080,1784257239073071411,left,1,0,20,Pre_Grap3,running,3.26594374808073,0.7707986199365122,-0.6685499126562325,1.542155895988746,0.09135654245785223,1.6771824856327255
2026-07-17T10:00:39.091+07:00,3736592236696,55.806477862,1784257239090935719,right,1,0,20,Pre_Grap3,running,-0.12995565615415572,2.744621371894724,0.9447427356704101,-1.60883859453924,3.0555580312257935,2.1105223021407387
2026-07-17T10:00:39.148+07:00,3736649074000,55.863315166,1784257239139347445,left,1,0,20,Pre_Grap3,running,3.267746258723735,0.7704648364571284,-0.6678861451360752,1.5419270700936305,0.09313905168871411,1.6775712643329617
2026-07-17T10:00:39.172+07:00,3736673264066,55.887505232,1784257239171922561,right,1,0,20,Pre_Grap3,running,-0.13204074679136274,2.7449160953717655,0.9439491007107021,-1.6098784999684284,3.0537549893380485,2.1101003076618103
2026-07-17T10:00:39.207+07:00,3736708294678,55.922535844,1784257239206779409,left,1,0,20,Pre_Grap3,running,3.269774083197116,0.7700893300428213,-0.6671394066758983,1.5416696409616257,0.0951443745734337,1.6780086403707277
2026-07-17T10:00:39.250+07:00,3736751788124,55.966029290,1784257239250391401,right,1,0,20,Pre_Grap3,running,-0.1341258374285698,2.745210818848808,0.9431554657509943,-1.6109184053976167,3.051951947450303,2.1096783131828825
2026-07-17T10:00:39.270+07:00,3736771213265,55.985454431,1784257239269857854,left,1,0,20,Pre_Grap3,running,3.2713512800097457,0.7697972694983605,-0.6665586100957608,1.5414694183033997,0.09670407015043783,1.6783488217334346
2026-07-17T10:00:39.348+07:00,3736849233648,56.063474814,1784257239334555857,left,1,0,20,Pre_Grap3,running,3.2733791044831264,0.7694217630840534,-0.665811871635584,1.5412119891713947,0.09870939303515744,1.6787861977712006
2026-07-17T10:00:39.348+07:00,3736849322079,56.063563245,1784257239345219334,right,1,0,20,Pre_Grap3,running,-0.1364194371294975,2.745535014673554,0.9422824672953155,-1.6120623013697237,3.0499686013737843,2.109214119256061
2026-07-17T10:00:39.400+07:00,3736901659051,56.115900217,1784257239400032717,left,1,0,20,Pre_Grap3,running,3.275181615126132,0.7690879796046697,-0.6651481041154266,1.5409831632762796,0.10049190226601931,1.679174976471437
2026-07-17T10:00:39.410+07:00,3736911141996,56.125383162,1784257239409922357,right,1,0,20,Pre_Grap3,running,-0.13829601870298383,2.745800265802892,0.9415681958315784,-1.612998216255993,3.0483458636748137,2.1088343242250254
2026-07-17T10:00:39.464+07:00,3736965483117,56.179724283,1784257239464146509,left,1,0,20,Pre_Grap3,running,3.2769841257691374,0.7687541961252857,-0.6644843365952693,1.5407543373811639,0.1022744114968812,1.6795637551716738
2026-07-17T10:00:39.474+07:00,3736975245336,56.189486502,1784257239473930327,right,1,0,20,Pre_Grap3,running,-0.13975558214902872,2.7460065722368214,0.9410126513597827,-1.613726150056425,3.0470837343533925,2.1085389280897755
2026-07-17T10:00:39.548+07:00,3737049665536,56.263906702,1784257239544776097,left,1,0,20,Pre_Grap3,running,3.2792372640728944,0.7683369667760557,-0.6636546271950727,1.5404683050122698,0.10450254803545855,1.6800497285469693
2026-07-17T10:00:39.548+07:00,3737049763684,56.264004850,1784257239542717226,right,1,0,20,Pre_Grap3,running,-0.14163216372251508,2.7462718233661594,0.9402983798960455,-1.6146620649426944,3.045460996654422,2.1081591330587406
2026-07-17T10:00:39.606+07:00,3737107770170,56.322011336,1784257239606125310,right,1,0,20,Pre_Grap3,running,-0.14330023623228072,2.746507602147793,0.9396634719282791,-1.6154939892860452,3.0440185631442263,2.1078215374755978
2026-07-17T10:00:39.624+07:00,3737125885029,56.340126195,1784257239624444692,left,1,0,20,Pre_Grap3,running,3.2814904023766513,0.7679197374268258,-0.6628249177948763,1.5401822726433754,0.10673068457403591,1.6805357019222646
2026-07-17T10:00:39.674+07:00,3737174975707,56.389216873,1784257239673372648,right,1,0,20,Pre_Grap3,running,-0.14496830874204633,2.7467433809294266,0.9390285639605128,-1.6163259136293957,3.042576129634031,2.1074839418924554
2026-07-17T10:00:39.689+07:00,3737190904193,56.405145359,1784257239689527909,left,1,0,20,Pre_Grap3,running,3.2832929130196566,0.7675859539474421,-0.662161150274719,1.5399534467482598,0.10851319380489778,1.6809244806225012
2026-07-17T10:00:39.748+07:00,3737249125627,56.463366793,1784257239743442883,right,1,0,20,Pre_Grap3,running,-0.14684489031553263,2.747008632058765,0.9383142924967756,-1.6172618285156652,3.0409533919350604,2.1071041468614196
2026-07-17T10:00:39.764+07:00,3737265583267,56.479824433,1784257239764216622,left,1,0,20,Pre_Grap3,running,3.2853207374930378,0.767210447533135,-0.6614144118145422,1.5396960176162549,0.1105185166896174,1.6813618566602675
2026-07-17T10:00:39.810+07:00,3737311196919,56.525438085,1784257239809696876,right,1,0,20,Pre_Grap3,running,-0.14872147188901894,2.7472738831881025,0.9376000210330384,-1.6181977434019346,3.03933065423609,2.106724351830384
2026-07-17T10:00:39.825+07:00,3737326430024,56.540671190,1784257239825162647,left,1,0,20,Pre_Grap3,running,3.2871232481360426,0.7668766640537511,-0.6607506442943849,1.53946719172114,0.11230102592047929,1.6817506353605036
2026-07-17T10:00:39.874+07:00,3737375018206,56.589259372,1784257239873545557,right,1,0,20,Pre_Grap3,running,-0.15018103533506388,2.747480189622032,0.9370444765612428,-1.6189256772023666,3.0380685249146686,2.1064289556951348
2026-07-17T10:00:39.892+07:00,3737393488555,56.607729721,1784257239892085536,left,1,0,20,Pre_Grap3,running,3.2891510726094237,0.7665011576394444,-0.660003905834208,1.5392097625891346,0.11430634880519892,1.6821880113982697
2026-07-17T10:00:39.948+07:00,3737449190913,56.663432079,1784257239941531664,right,1,0,20,Pre_Grap3,running,-0.15205761690855019,2.7477454407513706,0.9363302050975058,-1.619861592088636,3.036445787215698,2.106049160664099
2026-07-17T10:00:39.955+07:00,3737456317232,56.670558398,1784257239954938829,left,1,0,20,Pre_Grap3,running,3.2907282694220537,0.7662090970949833,-0.6594231092540703,1.5390095399309087,0.11586604438220305,1.6825281927609768
2026-07-17T10:00:40.004+07:00,3737505018398,56.719259564,1784257240003611405,right,1,0,20,Pre_Grap3,running,-0.15372568941831583,2.747981219533004,0.9356952971297393,-1.6206935164319864,3.035003353705502,2.1057115650809566
2026-07-17T10:00:40.020+07:00,3737521020126,56.735261292,1784257240019549136,left,1,0,20,Pre_Grap3,running,3.2927560938954343,0.7658335906806765,-0.6586763707938935,1.538752110798904,0.1178713672669227,1.6829655687987428
2026-07-17T10:00:40.075+07:00,3737576656834,56.790898000,1784257240074963655,right,1,0,20,Pre_Grap3,running,-0.15560227099180216,2.7482464706623415,0.9349810256660023,-1.621629431318256,3.033380616006532,2.1053317700499212
2026-07-17T10:00:40.080+07:00,3737581545818,56.795786984,1784257240080170722,left,1,0,20,Pre_Grap3,running,3.2943332907080642,0.7655415301362154,-0.6580955742137559,1.538551888140678,0.11943106284392684,1.6833057501614495
2026-07-17T10:00:40.148+07:00,3737649509818,56.863750984,1784257240145578859,left,1,0,20,Pre_Grap3,running,3.29613580135107,0.7652077466568317,-0.6574318066935987,1.5383230622455624,0.1212135720747887,1.6836945288616862
2026-07-17T10:00:40.148+07:00,3737649599788,56.863840954,1784257240144080303,right,1,0,20,Pre_Grap3,running,-0.1572703435015678,2.748482249443975,0.934346117698236,-1.6224613556616065,3.031938182496336,2.1049941744667784
2026-07-17T10:00:40.208+07:00,3737709488047,56.923729213,1784257240208000427,left,1,0,20,Pre_Grap3,running,3.2979349604011574,0.7648745838153063,-0.6567692733844726,1.538094661829904,0.12299276690341002,1.684082584665809
2026-07-17T10:00:40.210+07:00,3737711521419,56.925762585,1784257240210209062,right,1,0,20,Pre_Grap3,running,-0.15914382364708107,2.748747062192545,0.9336330267115583,-1.623395723760542,3.03031812669735,2.104615007123316
2026-07-17T10:00:40.276+07:00,3737777119752,56.991360918,1784257240275883800,left,1,0,20,Pre_Grap3,running,3.299323969533788,0.7646173712973194,-0.6562577761841537,1.5379183293020873,0.12436636300963762,1.684382176331077
2026-07-17T10:00:40.277+07:00,3737778821283,56.993062449,1784257240277582764,right,1,0,20,Pre_Grap3,running,-0.16033910262303186,2.748916012534339,0.9331780751785212,-1.6239918499309378,3.0292845322709385,2.1043730986328026
2026-07-17T10:00:40.348+07:00,3737849504609,57.063745775,1784257240341439498,left,1,0,20,Pre_Grap3,running,3.299610376358032,0.7645643353462218,-0.656152307987213,1.5378819704055786,0.12464959174394608,1.6844439506530762
2026-07-17T10:00:40.348+07:00,3737849654371,57.063895537,1784257240342238804,right,1,0,20,Pre_Grap3,running,-0.16069428622722629,2.748966217041015,0.9330428838729858,-1.6241689920425415,3.0289773941040044,2.104301214218139
2026-07-17T10:00:40.404+07:00,3737905840316,57.120081482,1784257240404473142,left,1,0,20,Pre_Grap3,running,3.299610376358032,0.7645643353462218,-0.656152307987213,1.5378819704055786,0.12464959174394608,1.6844439506530762
2026-07-17T10:00:40.405+07:00,3737906522951,57.120764117,1784257240405387933,right,1,0,20,Pre_Grap3,running,-0.16069428622722629,2.748966217041015,0.9330428838729858,-1.6241689920425415,3.0289773941040044,2.104301214218139
2026-07-17T10:00:40.475+07:00,3737976263682,57.190504848,1784257240474966906,right,1,0,20,Pre_Grap3,running,-0.16069042852299706,2.749009817954484,0.9329279249267578,-1.6241592279459502,3.0289778502933222,2.1042293206300897
2026-07-17T10:00:40.475+07:00,3737976783130,57.191024296,1784257240475508648,left,1,0,20,Pre_Grap3,running,3.299606344890929,0.7644899344568326,-0.6559987079811095,1.5378735563416281,0.1246423935873371,1.6845234421621051
2026-07-17T10:00:40.558+07:00,3738059417075,57.273658241,1784257240556477502,right,1,0,21,Pre_Grap2,running,-0.16055540887497466,2.750535849925889,0.9289043618087768,-1.6238174845652544,3.028993816919418,2.101713045048358
2026-07-17T10:00:40.560+07:00,3738061275985,57.275517151,1784257240560120033,left,1,0,21,Pre_Grap2,running,3.2994652435423424,0.7618859033282102,-0.6506227077674865,1.537579064103362,0.1243904581060227,1.6873056449781247
2026-07-17T10:00:40.618+07:00,3738119009252,57.333250418,1784257240617622253,right,1,0,21,Pre_Grap2,running,-0.16032539325598757,2.7531355544402922,0.9220499345111847,-1.6232353002950624,3.029021017207959,2.097426389780392
2026-07-17T10:00:40.634+07:00,3738135828121,57.350069287,1784257240634534904,left,1,0,21,Pre_Grap2,running,3.299192951544307,0.7568607434267594,-0.6402483077049255,1.5370107642198634,0.12390428262811141,1.6926746338028327
2026-07-17T10:00:40.682+07:00,3738183774577,57.398015743,1784257240682296216,right,1,0,21,Pre_Grap2,running,-0.1600810719804569,2.7558969457134537,0.9147692010211944,-1.6226169074915058,3.029049909198948,2.0928731290607856
2026-07-17T10:00:40.702+07:00,3738203626661,57.417867827,1784257240702350647,left,1,0,21,Pre_Grap2,running,3.2989057095282734,0.7515596803349431,-0.6293043078422547,1.536411262194738,0.12339141399653661,1.698338403525029
2026-07-17T10:00:40.758+07:00,3738259443534,57.473684700,1784257240753714628,right,1,0,21,Pre_Grap2,running,-0.1598367507049262,2.7586583369866156,0.907488467531204,-1.6219985146879492,3.029078801189935,2.0883198683411797
2026-07-17T10:00:40.802+07:00,3738303862459,57.518103625,1784257240802457463,left,1,0,21,Pre_Grap2,running,3.2985227201735614,0.7444915962125216,-0.61471230802536,1.535611926161237,0.1227075891544369,1.705890096487958
2026-07-17T10:00:40.833+07:00,3738334928789,57.549169955,1784257240833484557,right,1,0,21,Pre_Grap2,running,-0.1595313491105128,2.7621100760780672,0.8983875506687163,-1.6212255236835038,3.029114916178671,2.0826282924416715
2026-07-17T10:00:40.868+07:00,3738369672656,57.583913822,1784257240868105018,left,1,0,21,Pre_Grap2,running,3.2982354781575283,0.7391905331207053,-0.6037683081626891,1.5350124241361116,0.12219472052286212,1.7115538662101542
2026-07-17T10:00:40.899+07:00,3738400618525,57.614859691,1784257240899192512,right,1,0,21,Pre_Grap2,running,-0.1592564876755408,2.7652166412603743,0.8901967254924773,-1.6205298317795025,3.029147419668533,2.077505874132114
2026-07-17T10:00:40.948+07:00,3738449457292,57.663698458,1784257240933292430,left,1,0,21,Pre_Grap2,running,3.297980151921054,0.7344784770390906,-0.5940403082847594,1.5344795334471115,0.12173883729479565,1.7165883281854397
2026-07-17T10:00:40.966+07:00,3738467506411,57.681747577,1784257240966186078,right,1,0,21,Pre_Grap2,running,-0.1590121664000101,2.767978032533536,0.8829159920024872,-1.619911438975946,3.029176311659521,2.0729526134125082
2026-07-17T10:00:40.999+07:00,3738500288411,57.714529577,1784257240998868484,left,1,0,21,Pre_Grap2,running,3.29772482568458,0.7297664209574763,-0.5843123084068298,1.533946642758111,0.12128295406672915,1.7216227901607255
2026-07-17T10:00:41.031+07:00,3738531989317,57.746230483,1784257241030609700,right,1,0,21,Pre_Grap2,running,-0.15876784512447942,2.7707394238066976,0.8756352585124969,-1.6192930461723896,3.0292052036505095,2.0683993526929023
2026-07-17T10:00:41.067+07:00,3738568731200,57.782972366,1784257241067386064,left,1,0,21,Pre_Grap2,running,3.297437583668547,0.72446535786566,-0.5733683085441588,1.533347140732986,0.12077008543515437,1.727286559882922
2026-07-17T10:00:41.097+07:00,3738598493144,57.812734310,1784257241097063934,right,1,0,21,Pre_Grap2,running,-0.15852352384894872,2.773500815079859,0.8683545250225068,-1.618674653368833,3.0292340956414985,2.0638460919732955
2026-07-17T10:00:41.148+07:00,3738649458324,57.863699490,1784257241130073696,left,1,0,21,Pre_Grap2,running,3.297214173211631,0.7203423087942474,-0.5648563086509704,1.5328808613801104,0.12037118761059619,1.7316917141112969
2026-07-17T10:00:41.162+07:00,3738663337479,57.877578645,1784257241161865143,right,1,0,21,Pre_Grap2,running,-0.15824866241397667,2.776607380262166,0.8601636998462677,-1.6179789614648317,3.0292665991313594,2.0587236736637387
2026-07-17T10:00:41.196+07:00,3738697792192,57.912033358,1784257241196427882,left,1,0,21,Pre_Grap2,running,3.296926931195598,0.7150412457024313,-0.5539123087882994,1.5322813593549853,0.11985831897902141,1.7373554838334933
2026-07-17T10:00:41.226+07:00,3738727869418,57.942110584,1784257241226450958,right,1,0,21,Pre_Grap2,running,-0.158004341138446,2.7793687715353275,0.8528829663562775,-1.6173605686612755,3.0292954911223484,2.0541704129441323
2026-07-17T10:00:41.258+07:00,3738759605709,57.973846875,1784257241258284032,left,1,0,21,Pre_Grap2,running,3.2967035207386823,0.7109181966310185,-0.5454003088951109,1.5318150800021098,0.11945942115446324,1.7417606380618684
2026-07-17T10:00:41.290+07:00,3738791555613,58.005796779,1784257241290164540,right,1,0,21,Pre_Grap2,running,-0.15779056002235664,2.781784988899344,0.8465123245525359,-1.6168194749581632,3.0293207716144632,2.050186309814477
2026-07-17T10:00:41.348+07:00,3738849166745,58.063407911,1784257241321313406,left,1,0,21,Pre_Grap2,running,3.296448194502209,0.7062061405494042,-0.5356723090171812,1.5312821893131092,0.11900353792639676,1.746795100037154
2026-07-17T10:00:41.355+07:00,3738856167514,58.070408680,1784257241354929883,right,1,0,21,Pre_Grap2,running,-0.15751569858738462,2.784891554081651,0.8383214993762969,-1.6161237830541622,3.0293532751043246,2.04506389150492
2026-07-17T10:00:41.385+07:00,3738886560502,58.100801668,1784257241385096848,left,1,0,21,Pre_Grap2,running,3.2961928682657344,0.7014940844677897,-0.5259443091392515,1.530749298624109,0.11854765469833026,1.7518295620124396
2026-07-17T10:00:41.418+07:00,3738919548289,58.133789455,1784257241418208329,right,1,0,21,Pre_Grap2,running,-0.15727137731185392,2.7876529453548122,0.8310407658863066,-1.6155053902506056,3.029382167095313,2.0405106307853136
2026-07-17T10:00:41.453+07:00,3738954694480,58.168935646,1784257241453261864,left,1,0,21,Pre_Grap2,running,3.295905626249701,0.6961930213759736,-0.5150003092765806,1.5301497965989836,0.11803478606675549,1.7574933317346364
2026-07-17T10:00:41.478+07:00,3738979493443,58.193734609,1784257241478207998,right,1,0,21,Pre_Grap2,running,-0.15705759619576454,2.790069162718829,0.824670124082565,-1.6149642965474937,3.029407447587428,2.036526527655658
2026-07-17T10:00:41.548+07:00,3739049203551,58.263444717,1784257241522608373,left,1,0,21,Pre_Grap2,running,3.2956503000132265,0.6914809652943592,-0.505272309398651,1.5296169059099833,0.117578902838689,1.762527793709922
2026-07-17T10:00:41.548+07:00,3739049322643,58.263563809,1784257241547643500,right,1,0,21,Pre_Grap2,running,-0.15678273476079252,2.7931757279011356,0.816479298906326,-1.6142686046434926,3.0294399510772894,2.0314041093461013
2026-07-17T10:00:41.585+07:00,3739086224937,58.300466103,1784257241584787626,left,1,0,21,Pre_Grap2,running,3.295394973776753,0.6867689092127448,-0.49554430952072137,1.529084015220983,0.11712301961062253,1.7675622556852075
2026-07-17T10:00:41.611+07:00,3739112800856,58.327042022,1784257241611252995,right,1,0,21,Pre_Grap2,running,-0.15653841348526185,2.7959371191742974,0.8091985654163357,-1.613650211839936,3.029468843068278,2.0268508486264945
2026-07-17T10:00:41.645+07:00,3739146296352,58.360537518,1784257241644969367,left,1,0,21,Pre_Grap2,running,3.2951396475402777,0.6820568531311304,-0.4858163096427918,1.5285511245319827,0.11666713638255606,1.7725967176604933
2026-07-17T10:00:41.673+07:00,3739174080664,58.388321830,1784257241672743292,right,1,0,21,Pre_Grap2,running,-0.15632463236917246,2.798353336538314,0.8028279236125943,-1.6131091181368242,3.029494123560393,2.022866745496839
2026-07-17T10:00:41.748+07:00,3739249042746,58.463283912,1784257241706078399,left,1,0,21,Pre_Grap2,running,3.2949162370833633,0.6779338040597178,-0.4773043097496034,1.5280848451791074,0.11626823855799791,1.7770018718888678
2026-07-17T10:00:41.755+07:00,3739256310156,58.470551322,1784257241755120326,right,1,0,21,Pre_Grap2,running,-0.15598869061531778,2.802150249538911,0.7928169150638577,-1.6122588280319339,3.029533850048002,2.0166060120073803
2026-07-17T10:00:41.812+07:00,3739313603371,58.527844537,1784257241812154622,left,1,0,21,Pre_Grap2,running,3.2944694161695334,0.6696877059168926,-0.46028030996322666,1.5271522864733567,0.11547044290888156,1.785812180345618
2026-07-17T10:00:41.834+07:00,3739335534790,58.549775956,1784257241834206088,right,1,0,21,Pre_Grap2,running,-0.1556832890209044,2.805601988630363,0.7837159982013697,-1.611485837027488,3.029569965036737,2.0109144361078726
2026-07-17T10:00:41.880+07:00,3739381334869,58.595576035,1784257241880005436,left,1,0,21,Pre_Grap2,running,3.2942140899330594,0.6649756498352783,-0.4505523100852971,1.5266193957843563,0.1150145596808151,1.7908466423209035
2026-07-17T10:00:41.904+07:00,3739405044124,58.619285290,1784257241903648147,right,1,0,21,Pre_Grap2,running,-0.1554389677453737,2.808363379903525,0.7764352647113795,-1.6108674442239315,3.0295988570277257,2.006361175388266
2026-07-17T10:00:41.953+07:00,3739454750145,58.668991311,1784257241953416411,left,1,0,21,Pre_Grap2,running,3.2939268479170254,0.6596745867434621,-0.43960831022262625,1.5260198937592309,0.11450169104924031,1.7965104120431
2026-07-17T10:00:41.975+07:00,3739476428406,58.690669572,1784257241975076782,right,1,0,21,Pre_Grap2,running,-0.15516410631040167,2.8114699450858316,0.7682444395351404,-1.6101717523199306,3.029631360517587,2.0012387570787094
2026-07-17T10:00:42.025+07:00,3739526065599,58.740306765,1784257242024698454,left,1,0,21,Pre_Grap2,running,3.2937034374601106,0.6555515376720495,-0.4310963103294379,1.5255536144063557,0.11410279322468216,1.8009155662714749
2026-07-17T10:00:42.038+07:00,3739539929017,58.754170183,1784257242038568604,right,1,0,21,Pre_Grap2,running,-0.15491978503487097,2.8142313363589935,0.7609637060451502,-1.609553359516374,3.0296602525085756,1.9966854963591032
2026-07-17T10:00:42.097+07:00,3739598377723,58.812618889,1784257242096755214,left,1,0,21,Pre_Grap2,running,3.2933523638849587,0.6490724605598298,-0.4177203104972847,1.5248208897089803,0.11347595378609075,1.8078379514874927
2026-07-17T10:00:42.159+07:00,3739660261181,58.874502347,1784257242158453748,left,1,0,21,Pre_Grap2,running,3.2930970376484843,0.6443604044782154,-0.40799231061935515,1.5242879990199798,0.11302007055802428,1.8128724134627785
2026-07-17T10:00:42.159+07:00,3739660406841,58.874648007,1784257242107132834,right,1,0,21,Pre_Grap2,running,-0.15464492359989898,2.8173379015413,0.7527728808689111,-1.608857667612373,3.029692755998438,1.991563078049546
2026-07-17T10:00:42.172+07:00,3739673738612,58.887979778,1784257242172319480,right,1,0,21,Pre_Grap2,running,-0.15440060232436828,2.820099292814462,0.7454921473789208,-1.6082392748088163,3.029721647989426,1.9870098173299398
2026-07-17T10:00:42.234+07:00,3739735928958,58.950170124,1784257242234455993,right,1,0,21,Pre_Grap2,running,-0.15415628104883755,2.8228606840876234,0.7382114138889305,-1.6076208820052598,3.0297505399804145,1.9824565566103334
2026-07-17T10:00:42.254+07:00,3739754972672,58.969213838,1784257242253648363,left,1,0,21,Pre_Grap2,running,3.2927140482937727,0.6372923203557938,-0.39340031080246074,1.523488662986479,0.11233624571592457,1.820424106425707
2026-07-17T10:00:42.349+07:00,3739850417248,59.064658414,1784257242324122129,left,1,0,21,Pre_Grap2,running,3.2924587220572983,0.6325802642741795,-0.3836723109245312,1.522955772297479,0.11188036248785808,1.8254585684009925
2026-07-17T10:00:42.349+07:00,3739850507386,59.064748552,1784257242327627230,right,1,0,21,Pre_Grap2,running,-0.15382033929498287,2.8266575970882206,0.7282004053401939,-1.6067705919003694,3.029790266468024,1.976195823120875
2026-07-17T10:00:42.390+07:00,3739891937120,59.106178286,1784257242390363269,left,1,0,21,Pre_Grap2,running,3.292171480041265,0.6272792011823632,-0.3727283110618603,1.5223562702723534,0.11136749385628329,1.8311223381231887
2026-07-17T10:00:42.406+07:00,3739907093028,59.121334194,1784257242405741369,right,1,0,21,Pre_Grap2,running,-0.1535149377005695,2.8301093361796728,0.719099488477706,-1.605997600895924,3.029826381456759,1.970504247221367
2026-07-17T10:00:42.458+07:00,3739959574031,59.173815197,1784257242458076865,left,1,0,21,Pre_Grap2,running,3.2919161538047907,0.6225671451007488,-0.3630003111839305,1.5218233795833533,0.11091161062821683,1.836156800098475
2026-07-17T10:00:42.470+07:00,3739971720391,59.185961557,1784257242470352691,right,1,0,21,Pre_Grap2,running,-0.15327061642503878,2.832870727452834,0.7118187549877159,-1.605379208092367,3.0298552734477475,1.9659509865017606
2026-07-17T10:00:42.548+07:00,3740049393217,59.263634383,1784257242524651520,left,1,0,21,Pre_Grap2,running,3.291628911788757,0.6172660820089324,-0.35205631132125936,1.5212238775582279,0.11039874199664203,1.8418205698206713
2026-07-17T10:00:42.548+07:00,3740049525405,59.263766571,1784257242545793662,right,1,0,21,Pre_Grap2,running,-0.15296521483062542,2.8363224665442868,0.702717838125228,-1.6046062170879216,3.029891388436482,1.9602594106022526
2026-07-17T10:00:42.590+07:00,3740091595810,59.305836976,1784257242590048655,left,1,0,21,Pre_Grap2,running,3.2913735855522828,0.6125540259273179,-0.34232831144332954,1.5206909868692278,0.10994285876857553,1.846855031795957
2026-07-17T10:00:42.609+07:00,3740110684548,59.324925714,1784257242609303007,right,1,0,21,Pre_Grap2,running,-0.15272089355509472,2.8390838578174478,0.6954371046352377,-1.603987824284365,3.0299202804274707,1.9557061498826465
2026-07-17T10:00:42.656+07:00,3740157327637,59.371568803,1784257242655758236,left,1,0,21,Pre_Grap2,running,3.2911182593158093,0.6078419698457035,-0.33260031156539976,1.520158096180227,0.10948697554050905,1.8518894937712427
2026-07-17T10:00:42.670+07:00,3740171474511,59.385715677,1784257242670157495,right,1,0,21,Pre_Grap2,running,-0.15250711243900536,2.8415000751814645,0.6890664628314962,-1.6034467305812532,3.0299455609195864,1.951722046752991
2026-07-17T10:00:42.748+07:00,3740249186795,59.463427961,1784257242722940849,left,1,0,21,Pre_Grap2,running,3.2908310172997752,0.6025409067538872,-0.3216563117027287,1.5195585941551015,0.10897410690893425,1.8575532634934393
2026-07-17T10:00:42.748+07:00,3740249284345,59.463525511,1784257242743471759,right,1,0,21,Pre_Grap2,running,-0.15223225100403337,2.8446066403637706,0.6808756376552572,-1.6027510386772523,3.029978064409448,1.946599628443434
2026-07-17T10:00:42.787+07:00,3740288888408,59.503129574,1784257242787611405,left,1,0,21,Pre_Grap2,running,3.2905756910633013,0.5978288506722726,-0.3119283118247988,1.5190257034661012,0.10851822368086776,1.862587725468725
2026-07-17T10:00:42.807+07:00,3740308394994,59.522636160,1784257242807025281,right,1,0,21,Pre_Grap2,running,-0.15198792972850267,2.8473680316369325,0.6735949041652668,-1.6021326458736953,3.0300069564004364,1.9420463677238278
2026-07-17T10:00:42.849+07:00,3740350820961,59.565062127,1784257242849274735,left,1,0,21,Pre_Grap2,running,3.290354589217697,0.593748407116531,-0.3035042706579216,1.5185642424095722,0.10812344786582756,1.8669473590486045
2026-07-17T10:00:42.873+07:00,3740374781739,59.589022905,1784257242873434303,right,1,0,21,Pre_Grap2,running,-0.151741840666421,2.85014940295622,0.666261490929246,-1.6015097786891055,3.0300360574394207,1.9374601618869955
2026-07-17T10:00:42.948+07:00,3740449612151,59.663853317,1784257242922789182,left,1,0,21,Pre_Grap2,running,3.2901751602033698,0.5904370373573797,-0.296667975831446,1.5181897566050897,0.10780307860260638,1.8704852976575284
2026-07-17T10:00:42.948+07:00,3740449704652,59.663945818,1784257242945891717,right,1,0,21,Pre_Grap2,running,-0.15163958288970758,2.8513051505742535,0.6632142261426976,-1.60125095770395,3.0300481498401206,1.935554448530792
2026-07-17T10:00:42.987+07:00,3740488667348,59.702908514,1784257242987309844,left,1,0,21,Pre_Grap2,running,3.2901458740234375,0.589896559715271,-0.29555216431617737,1.5181286334991455,0.1077507883310318,1.8710627555847175
2026-07-17T10:00:43.010+07:00,3740511472648,59.725713814,1784257243010226349,right,1,0,21,Pre_Grap2,running,-0.1516377180814743,2.8513262271881104,0.6631586551666259,-1.6012462377548218,3.030048370361328,1.9355196952819822
2026-07-17T10:00:43.056+07:00,3740557722014,59.771963180,1784257243056302123,left,1,0,21,Pre_Grap2,running,3.2901458740234375,0.589896559715271,-0.29555216431617737,1.5181286334991455,0.1077507883310318,1.8710627555847175
2026-07-17T10:00:43.078+07:00,3740579489283,59.793730449,1784257243078079202,right,1,0,21,Pre_Grap2,running,-0.15160851769161227,2.851324452430359,0.6631632375013529,-1.6012354528630075,3.0300754667979346,1.9355225290398272
2026-07-17T10:00:43.148+07:00,3740649159418,59.863400584,1784257243123737237,left,1,0,22,Pre_Grap1,running,3.2886146700992582,0.5899938097984194,-0.2957589687417486,1.5185676133059471,0.10628579776579657,1.8709130119524764
2026-07-17T10:00:43.148+07:00,3740649259403,59.863500569,1784257243144192555,right,1,0,22,Pre_Grap1,running,-0.1492724865026474,2.851182471810283,0.6635298242795162,-1.6003726615178717,3.032243181726397,1.9357492296674441
2026-07-17T10:00:43.196+07:00,3740697212619,59.911453785,1784257243195632758,left,1,0,22,Pre_Grap1,running,3.2821513229274752,0.5904043109994331,-0.2966319085102675,1.5204205858904338,0.10010194303751214,1.87028093083862
2026-07-17T10:00:43.208+07:00,3740709942074,59.924183240,1784257243208650402,right,1,0,22,Pre_Grap1,running,-0.14324260602474215,2.85081598433645,0.6644760763961606,-1.5981455813688077,3.037838595858943,1.9363344006597039
2026-07-17T10:00:43.286+07:00,3740786981078,60.001222244,1784257243285654699,left,1,0,22,Pre_Grap1,running,3.271266233911514,0.5910956466178726,-0.29810204880033,1.5235412246229976,0.08968755442583368,1.8692164267965543
2026-07-17T10:00:43.286+07:00,3740787961772,60.002202938,1784257243286836906,right,1,0,22,Pre_Grap1,running,-0.13399581609249114,2.8502539777269065,0.6659271490297923,-1.5947303656980925,3.0464191339404496,1.9372317572921778
2026-07-17T10:00:43.348+07:00,3740849492678,60.063733844,1784257243347851406,left,1,0,22,Pre_Grap1,running,3.2633498055362704,0.5915984361585559,-0.29917124173855725,1.525810780064862,0.08211345361734025,1.8684422420386884
2026-07-17T10:00:43.356+07:00,3740857499716,60.071740882,1784257243356090230,right,1,0,22,Pre_Grap1,running,-0.12567370515346526,2.8497481717783173,0.6672331144000608,-1.591656671594449,3.0541416182138055,1.9380393782614047
2026-07-17T10:00:43.413+07:00,3740914333495,60.128574661,1784257243412900845,left,1,0,22,Pre_Grap1,running,3.2554333771610264,0.5921012256992391,-0.3002404346767845,1.5280803355067263,0.07453935280884684,1.8676680572808222
2026-07-17T10:00:43.425+07:00,3740926586302,60.140827468,1784257243425234913,right,1,0,22,Pre_Grap1,running,-0.11735159421443939,2.8492423658297286,0.6685390797703294,-1.588582977490805,3.061864102487162,1.938846999230631
2026-07-17T10:00:43.479+07:00,3740980138379,60.194379545,1784257243478447153,left,1,0,22,Pre_Grap1,running,3.2475169487857816,0.5926040152399223,-0.3013096276150118,1.530349890948591,0.0669652520003534,1.8668938725229562
2026-07-17T10:00:43.488+07:00,3740989771906,60.204013072,1784257243488448604,right,1,0,22,Pre_Grap1,running,-0.11087884126186373,2.848848961203048,0.6695548306138716,-1.586192326521304,3.0678704791442164,1.9394751488733628
2026-07-17T10:00:43.548+07:00,3741049730002,60.263971168,1784257243546936574,left,1,0,22,Pre_Grap1,running,3.239600520410538,0.5931068047806056,-0.30237882055323906,1.532619446390455,0.059391151191859975,1.8661196877650903
2026-07-17T10:00:43.551+07:00,3741052507852,60.266749018,1784257243551064740,right,1,0,22,Pre_Grap1,running,-0.10348140931606298,2.8483993559154137,0.6707156887207769,-1.583460153984732,3.0747349096094214,1.940193034179342
2026-07-17T10:00:43.610+07:00,3741111472050,60.325713216,1784257243609828505,left,1,0,22,Pre_Grap1,running,3.231684092035293,0.5936095943212889,-0.30344801349146633,1.5348890018323198,0.051817050383366564,1.8653455030072246
2026-07-17T10:00:43.619+07:00,3741120442187,60.334683353,1784257243619078491,right,1,0,22,Pre_Grap1,running,-0.09515929837703713,2.8478935499668245,0.6720216540910455,-1.5803864598810884,3.0824573938827773,1.9410006551485686
2026-07-17T10:00:43.671+07:00,3741172214629,60.386455795,1784257243670579886,left,1,0,22,Pre_Grap1,running,3.223767663660049,0.5941123838619722,-0.30451720642969354,1.5371585572741842,0.04424294957487313,1.8645713182493586
2026-07-17T10:00:43.685+07:00,3741186261484,60.400502650,1784257243684700619,right,1,0,22,Pre_Grap1,running,-0.08776186643123636,2.8474439446791897,0.6731825121979509,-1.5776542873445158,3.089321824347983,1.9417185404545474
2026-07-17T10:00:43.749+07:00,3741250076491,60.464317657,1784257243731423734,left,1,0,22,Pre_Grap1,running,3.2158512352848057,0.5946151734026556,-0.30558639936792087,1.5394281127160487,0.03666884876637967,1.8637971334914925
2026-07-17T10:00:43.749+07:00,3741250221921,60.464463087,1784257243746143599,right,1,0,22,Pre_Grap1,running,-0.08036443448543559,2.8469943393915553,0.6743433703048562,-1.5749221148079435,3.0961862548131887,1.9424364257605267
2026-07-17T10:00:43.798+07:00,3741299110521,60.513351687,1784257243797634718,left,1,0,22,Pre_Grap1,running,3.207934806909561,0.5951179629433389,-0.3066555923061482,1.541697668157913,0.0290947479578862,1.8630229487336265
2026-07-17T10:00:43.815+07:00,3741316090904,60.530332070,1784257243814667332,right,1,0,22,Pre_Grap1,running,-0.07296700253963478,2.8465447341039205,0.6755042284117617,-1.5721899422713714,3.103050685278394,1.943154311066506
2026-07-17T10:00:43.863+07:00,3741364918484,60.579159650,1784257243863412800,left,1,0,22,Pre_Grap1,running,3.2000183785343173,0.595620752484022,-0.3077247852443754,1.5439672235997774,0.021520647149392728,1.8622487639757606
2026-07-17T10:00:43.880+07:00,3741381474123,60.595715289,1784257243880114518,right,1,0,22,Pre_Grap1,running,-0.06556957059383396,2.8460951288162866,0.676665086518667,-1.5694577697347991,3.1099151157435996,1.9438721963724848
2026-07-17T10:00:43.949+07:00,3741450224954,60.664466120,1784257243932266454,left,1,0,22,Pre_Grap1,running,3.1911123966121666,0.5961863907172906,-0.3089276272998811,1.546520473471875,0.01299978373983755,1.8613778061231614
2026-07-17T10:00:43.949+07:00,3741450360813,60.664601979,1784257243943248657,right,1,0,22,Pre_Grap1,running,-0.05817213864803315,2.8456455235286513,0.6778259446255724,-1.566725597198227,3.1167795462088046,1.944590081678464
2026-07-17T10:00:43.997+07:00,3741498340237,60.712581403,1784257243996662015,left,1,0,22,Pre_Grap1,running,3.1831959682369226,0.5966891802579739,-0.3099968202381084,1.5487900289137393,0.005425682931344075,1.8606036213652954
2026-07-17T10:00:44.009+07:00,3741510600769,60.724841935,1784257244009403889,right,1,0,22,Pre_Grap1,running,-0.04985002770900724,2.8451397175800626,0.6791319099958409,-1.563651903094583,3.1245020304821605,1.9453977026476905
2026-07-17T10:00:44.062+07:00,3741563249460,60.777490626,1784257244061719072,left,1,0,22,Pre_Grap1,running,3.1752795398616787,0.5971919697986572,-0.31106601317633564,1.5510595843556036,-0.0021484178771494153,1.85982943660743
2026-07-17T10:00:44.075+07:00,3741576209364,60.790450530,1784257244074858203,right,1,0,22,Pre_Grap1,running,-0.042452595763206424,2.8446901122924277,0.6802927681027462,-1.560919730558011,3.1313664609473664,1.9461155879536698
2026-07-17T10:00:44.148+07:00,3741649837396,60.864078562,1784257244123807640,left,1,0,22,Pre_Grap1,running,3.1673631114864342,0.5976947593393404,-0.31213520611456297,1.553329139797468,-0.009722518685642905,1.859055251849564
2026-07-17T10:00:44.149+07:00,3741649979118,60.864220284,1784257244143222255,right,1,0,22,Pre_Grap1,running,-0.035055163817405595,2.8442405070047934,0.6814536262096517,-1.5581875580214386,3.1382308914125714,1.9468334732596486
2026-07-17T10:00:44.191+07:00,3741692612878,60.906854044,1784257244191047370,left,1,0,22,Pre_Grap1,running,3.1594466831111903,0.5981975488800237,-0.31320439905279024,1.5555986952393328,-0.017296619494136363,1.8582810670916978
2026-07-17T10:00:44.207+07:00,3741708848802,60.923089968,1784257244207520106,right,1,0,22,Pre_Grap1,running,-0.027657731871604793,2.8437909017171585,0.6826144843165571,-1.555455385484866,3.1450953218777773,1.9475513585656279
2026-07-17T10:00:44.263+07:00,3741764517669,60.978758835,1784257244263082468,left,1,0,22,Pre_Grap1,running,3.15054070118904,0.5987631871132924,-0.31440724110829593,1.55815194511143,-0.02581748290369154,1.8574101092390989
2026-07-17T10:00:44.282+07:00,3741783469250,60.997710416,1784257244282173575,right,1,0,22,Pre_Grap1,running,-0.018410941939353775,2.843228895107615,0.6840655569501887,-1.5520401698141513,3.153675859959284,1.9484487151981018
2026-07-17T10:00:44.348+07:00,3741849162063,61.063403229,1784257244336861849,left,1,0,22,Pre_Grap1,running,3.141634719266891,0.5993288253465612,-0.31561008316380157,1.5607051949835276,-0.034338346313246726,1.8565391513864995
2026-07-17T10:00:44.348+07:00,3741849886929,61.064128095,1784257244348631099,right,1,0,22,Pre_Grap1,running,-0.011013509993552977,2.8427792898199806,0.6852264150570941,-1.5493079972775787,3.160540290424489,1.949166600504081
2026-07-17T10:00:44.398+07:00,3741898989704,61.113230870,1784257244397510942,left,1,0,22,Pre_Grap1,running,3.1337182908916468,0.5998316148872443,-0.3166792761020289,1.5629747504253924,-0.041912447121740214,1.8557649666286335
2026-07-17T10:00:44.421+07:00,3741921975452,61.136216618,1784257244420504596,right,1,0,22,Pre_Grap1,running,-0.002691399054527061,2.8422734838713914,0.6865323804273626,-1.5462343031739347,3.168262774697846,1.9499742214733078
2026-07-17T10:00:44.461+07:00,3741962942428,61.177183594,1784257244461567019,left,1,0,22,Pre_Grap1,running,3.125801862516402,0.6003344044279276,-0.31774846904025617,1.5652443058672563,-0.049486547930233674,1.8549907818707678
2026-07-17T10:00:44.489+07:00,3741990586907,61.204828073,1784257244489082027,right,1,0,22,Pre_Grap1,running,0.004706032891273753,2.841823878583757,0.6876932385342681,-1.5435021306373629,3.175127205163051,1.9506921067792866
2026-07-17T10:00:44.548+07:00,3742049530383,61.263771549,1784257244527186710,left,1,0,22,Pre_Grap1,running,3.1178854341411584,0.6008371939686109,-0.3188176619784834,1.567513861309121,-0.05706064873872716,1.8542165971129019
2026-07-17T10:00:44.552+07:00,3742053544071,61.267785237,1784257244552242300,right,1,0,22,Pre_Grap1,running,0.012103464837074569,2.8413742732961227,0.6888540966411735,-1.5407699581007903,3.1819916356282567,1.951409992085266
2026-07-17T10:00:44.601+07:00,3742102236696,61.316477862,1784257244600920940,left,1,0,22,Pre_Grap1,running,3.109366522984417,0.6013782484978242,-0.3199682262504544,1.569956142127956,-0.06521117935952198,1.8533834927306543
2026-07-17T10:00:44.614+07:00,3742115626668,61.329867834,1784257244614362993,right,1,0,22,Pre_Grap1,running,0.01861488636774867,2.840978518448811,0.689875915635487,-1.5383650252524048,3.1880338947060602,1.9520418943281193
2026-07-17T10:00:44.665+07:00,3742166307643,61.380548809,1784257244664807492,left,1,0,22,Pre_Grap1,running,3.1051943295963444,0.6016432335514111,-0.32053172275367486,1.5711522653996608,-0.0692029559304576,1.852975474319471
2026-07-17T10:00:44.692+07:00,3742193766330,61.408007496,1784257244692249560,right,1,0,22,Pre_Grap1,running,0.02173613448476096,2.840788813471771,0.6903657242889284,-1.5372122213540236,3.1909302499305308,1.9523447964941596
2026-07-17T10:00:44.759+07:00,3742260122627,61.474363793,1784257244733040782,left,1,0,22,Pre_Grap1,running,3.104604482650757,0.6016806960105895,-0.3206113874912262,1.5713213682174683,-0.0697672963142395,1.852917790412903
2026-07-17T10:00:44.759+07:00,3742260216798,61.474457964,1784257244756854023,right,1,0,22,Pre_Grap1,running,0.021739600226283073,2.84078860282898,0.6903662681579591,-1.5372109413146973,3.1909334659576416,1.952345132827759
2026-07-17T10:00:44.796+07:00,3742297016989,61.511258155,1784257244795520869,left,1,0,22,Pre_Grap1,running,3.104604482650757,0.6016806960105895,-0.3206113874912262,1.5713213682174683,-0.0697672963142395,1.852917790412903
2026-07-17T10:00:44.823+07:00,3742324439751,61.538680917,1784257244823075802,right,1,0,22,Pre_Grap1,running,0.021739600226283073,2.84078860282898,0.6903662681579591,-1.5372109413146973,3.1909334659576416,1.952345132827759
2026-07-17T10:00:44.868+07:00,3742369718476,61.583959642,1784257244868207352,left,1,0,22,Pre_Grap1,running,3.104604482650757,0.6016806960105895,-0.3206113874912262,1.5713213682174683,-0.0697672963142395,1.852917790412903
2026-07-17T10:00:44.889+07:00,3742390079088,61.604320254,1784257244888569392,right,1,0,22,Pre_Grap1,running,0.021739600226283073,2.84078860282898,0.6903662681579591,-1.5372109413146973,3.1909334659576416,1.952345132827759
2026-07-17T10:00:44.949+07:00,3742449970362,61.664211528,1784257244931394280,left,1,0,22,Pre_Grap1,delay,3.104604482650757,0.6016806960105895,-0.3206113874912262,1.5713213682174683,-0.0697672963142395,1.852917790412903
2026-07-17T10:00:44.952+07:00,3742453494603,61.667735769,1784257244952244569,right,1,0,22,Pre_Grap1,delay,0.021739600226283073,2.84078860282898,0.6903662681579591,-1.5372109413146973,3.1909334659576416,1.952345132827759
2026-07-17T10:00:45.010+07:00,3742511225605,61.725466771,1784257245009735130,left,1,0,22,Pre_Grap1,delay,3.104604482650757,0.6016806960105895,-0.3206113874912262,1.5713213682174683,-0.0697672963142395,1.852917790412903
2026-07-17T10:00:45.017+07:00,3742518263968,61.732505134,1784257245016897491,right,1,0,22,Pre_Grap1,delay,0.021739600226283073,2.84078860282898,0.6903662681579591,-1.5372109413146973,3.1909334659576416,1.952345132827759
2026-07-17T10:00:45.074+07:00,3742575845189,61.790086355,1784257245074304519,left,1,0,22,Pre_Grap1,delay,3.104604482650757,0.6016806960105895,-0.3206113874912262,1.5713213682174683,-0.0697672963142395,1.852917790412903
2026-07-17T10:00:45.083+07:00,3742584213632,61.798454798,1784257245083004951,right,1,0,22,Pre_Grap1,delay,0.021739600226283073,2.84078860282898,0.6903662681579591,-1.5372109413146973,3.1909334659576416,1.952345132827759
2026-07-17T10:00:45.148+07:00,3742648988476,61.863229642,1784257245136954616,left,1,0,22,Pre_Grap1,delay,3.104604482650757,0.6016806960105895,-0.3206113874912262,1.5713213682174683,-0.0697672963142395,1.852917790412903
2026-07-17T10:00:45.149+07:00,3742650117229,61.864358395,1784257245148856343,right,1,0,22,Pre_Grap1,delay,0.021739600226283073,2.84078860282898,0.6903662681579591,-1.5372109413146973,3.1909334659576416,1.952345132827759
2026-07-17T10:00:45.202+07:00,3742703535340,61.917776506,1784257245202049573,left,1,0,22,Pre_Grap1,delay,3.104604482650757,0.6016806960105895,-0.3206113874912262,1.5713213682174683,-0.0697672963142395,1.852917790412903
2026-07-17T10:00:45.213+07:00,3742714405994,61.928647160,1784257245213170970,right,1,0,22,Pre_Grap1,delay,0.021739600226283073,2.84078860282898,0.6903662681579591,-1.5372109413146973,3.1909334659576416,1.952345132827759
2026-07-17T10:00:45.273+07:00,3742774703392,61.988944558,1784257245273314032,left,1,0,22,Pre_Grap1,delay,3.104604482650757,0.6016806960105895,-0.3206113874912262,1.5713213682174683,-0.0697672963142395,1.852917790412903
2026-07-17T10:00:45.295+07:00,3742796212630,62.010453796,1784257245294792728,right,1,0,22,Pre_Grap1,delay,0.021739600226283073,2.84078860282898,0.6903662681579591,-1.5372109413146973,3.1909334659576416,1.952345132827759
2026-07-17T10:00:45.348+07:00,3742849258349,62.063499515,1784257245337169688,left,1,0,22,Pre_Grap1,delay,3.104604482650757,0.6016806960105895,-0.3206113874912262,1.5713213682174683,-0.0697672963142395,1.852917790412903
2026-07-17T10:00:45.356+07:00,3742857112029,62.071353195,1784257245355764689,right,1,0,22,Pre_Grap1,delay,0.021739600226283073,2.84078860282898,0.6903662681579591,-1.5372109413146973,3.1909334659576416,1.952345132827759
2026-07-17T10:00:45.411+07:00,3742912501656,62.126742822,1784257245410997062,left,1,0,22,Pre_Grap1,delay,3.104604482650757,0.6016806960105895,-0.3206113874912262,1.5713213682174683,-0.0697672963142395,1.852917790412903
2026-07-17T10:00:45.421+07:00,3742922200758,62.136441924,1784257245420836134,right,1,0,22,Pre_Grap1,delay,0.021739600226283073,2.84078860282898,0.6903662681579591,-1.5372109413146973,3.1909334659576416,1.952345132827759
2026-07-17T10:00:45.476+07:00,3742977886914,62.192128080,1784257245476158461,left,1,0,22,Pre_Grap1,delay,3.104604482650757,0.6016806960105895,-0.3206113874912262,1.5713213682174683,-0.0697672963142395,1.852917790412903
2026-07-17T10:00:45.486+07:00,3742987471555,62.201712721,1784257245486246317,right,1,0,22,Pre_Grap1,delay,0.021739600226283073,2.84078860282898,0.6903662681579591,-1.5372109413146973,3.1909334659576416,1.952345132827759
2026-07-17T10:00:45.548+07:00,3743049659289,62.263900455,1784257245540240644,left,1,0,22,Pre_Grap1,delay,3.104604482650757,0.6016806960105895,-0.3206113874912262,1.5713213682174683,-0.0697672963142395,1.852917790412903
2026-07-17T10:00:45.552+07:00,3743053862554,62.268103720,1784257245552591876,right,1,0,22,Pre_Grap1,delay,0.021739600226283073,2.84078860282898,0.6903662681579591,-1.5372109413146973,3.1909334659576416,1.952345132827759
2026-07-17T10:00:45.604+07:00,3743105229197,62.319470363,1784257245603727003,left,1,0,22,Pre_Grap1,delay,3.104604482650757,0.6016806960105895,-0.3206113874912262,1.5713213682174683,-0.0697672963142395,1.852917790412903
2026-07-17T10:00:45.626+07:00,3743127617251,62.341858417,1784257245626352054,right,1,0,22,Pre_Grap1,delay,0.021739600226283073,2.84078860282898,0.6903662681579591,-1.5372109413146973,3.1909334659576416,1.952345132827759
2026-07-17T10:00:45.671+07:00,3743172814303,62.387055469,1784257245671192443,left,1,0,22,Pre_Grap1,delay,3.104604482650757,0.6016806960105895,-0.3206113874912262,1.5713213682174683,-0.0697672963142395,1.852917790412903
2026-07-17T10:00:45.691+07:00,3743192173095,62.406414261,1784257245690670524,right,1,0,22,Pre_Grap1,delay,0.021739600226283073,2.84078860282898,0.6903662681579591,-1.5372109413146973,3.1909334659576416,1.952345132827759
2026-07-17T10:00:45.748+07:00,3743249690247,62.463931413,1784257245733461848,left,1,0,22,Pre_Grap1,delay,3.104604482650757,0.6016806960105895,-0.3206113874912262,1.5713213682174683,-0.0697672963142395,1.852917790412903
2026-07-17T10:00:45.752+07:00,3743253782008,62.468023174,1784257245752594290,right,1,0,22,Pre_Grap1,delay,0.021739600226283073,2.84078860282898,0.6903662681579591,-1.5372109413146973,3.1909334659576416,1.952345132827759
2026-07-17T10:00:45.798+07:00,3743299675063,62.513916229,1784257245798327324,left,1,0,22,Pre_Grap1,delay,3.104604482650757,0.6016806960105895,-0.3206113874912262,1.5713213682174683,-0.0697672963142395,1.852917790412903
2026-07-17T10:00:45.818+07:00,3743319698885,62.533940051,1784257245818346567,right,1,0,22,Pre_Grap1,delay,0.021739600226283073,2.84078860282898,0.6903662681579591,-1.5372109413146973,3.1909334659576416,1.952345132827759
2026-07-17T10:00:45.862+07:00,3743363795052,62.578036218,1784257245862234555,left,1,0,22,Pre_Grap1,delay,3.104604482650757,0.6016806960105895,-0.3206113874912262,1.5713213682174683,-0.0697672963142395,1.852917790412903
2026-07-17T10:00:45.882+07:00,3743383245141,62.597486307,1784257245881856211,right,1,0,22,Pre_Grap1,delay,0.021739600226283073,2.84078860282898,0.6903662681579591,-1.5372109413146973,3.1909334659576416,1.952345132827759
2026-07-17T10:00:45.948+07:00,3743449639699,62.663880865,1784257245924569306,left,1,1,22,Pre_Grap1,done,3.104604482650757,0.6016806960105895,-0.3206113874912262,1.5713213682174683,-0.0697672963142395,1.852917790412903
2026-07-17T10:00:45.948+07:00,3743449729398,62.663970564,1784257245946361112,right,1,1,22,Pre_Grap1,done,0.021739600226283073,2.84078860282898,0.6903662681579591,-1.5372109413146973,3.1909334659576416,1.952345132827759
2026-07-17T10:00:45.987+07:00,3743488316402,62.702557568,1784257245986791300,left,1,1,22,Pre_Grap1,done,3.104604482650757,0.6016806960105895,-0.3206113874912262,1.5713213682174683,-0.0697672963142395,1.852917790412903
2026-07-17T10:00:46.008+07:00,3743509779331,62.724020497,1784257246008421402,right,1,1,22,Pre_Grap1,done,0.021739600226283073,2.84078860282898,0.6903662681579591,-1.5372109413146973,3.1909334659576416,1.952345132827759
2026-07-17T10:00:46.052+07:00,3743553492449,62.767733615,1784257246052013696,left,1,1,22,Pre_Grap1,done,3.104604482650757,0.6016806960105895,-0.3206113874912262,1.5713213682174683,-0.0697672963142395,1.852917790412903
2026-07-17T10:00:46.088+07:00,3743589868088,62.804109254,1784257246088491548,right,1,1,22,Pre_Grap1,done,0.021739600226283073,2.84078860282898,0.6903662681579591,-1.5372109413146973,3.1909334659576416,1.952345132827759
2026-07-17T10:00:46.158+07:00,3743659416287,62.873657453,1784257246122886503,left,1,1,22,Pre_Grap1,done,3.104604482650757,0.6016806960105895,-0.3206113874912262,1.5713213682174683,-0.0697672963142395,1.852917790412903
2026-07-17T10:00:46.158+07:00,3743659500606,62.873741772,1784257246158116210,right,1,1,22,Pre_Grap1,done,0.021739600226283073,2.84078860282898,0.6903662681579591,-1.5372109413146973,3.1909334659576416,1.952345132827759
2026-07-17T10:00:46.186+07:00,3743687934113,62.902175279,1784257246186622835,left,1,1,22,Pre_Grap1,done,3.104604482650757,0.6016806960105895,-0.3206113874912262,1.5713213682174683,-0.0697672963142395,1.852917790412903
2026-07-17T10:00:46.232+07:00,3743733423858,62.947665024,1784257246231916244,right,1,1,22,Pre_Grap1,done,0.021739600226283073,2.84078860282898,0.6903662681579591,-1.5372109413146973,3.1909334659576416,1.952345132827759
2026-07-17T10:00:46.278+07:00,3743779375704,62.993616870,1784257246277966724,left,1,1,22,Pre_Grap1,done,3.104604482650757,0.6016806960105895,-0.3206113874912262,1.5713213682174683,-0.0697672963142395,1.852917790412903
2026-07-17T10:00:46.348+07:00,3743849360777,63.063601943,1784257246306751713,right,1,1,22,Pre_Grap1,done,0.021739600226283073,2.84078860282898,0.6903662681579591,-1.5372109413146973,3.1909334659576416,1.952345132827759
2026-07-17T10:00:46.350+07:00,3743851151993,63.065393159,1784257246349897829,left,1,1,22,Pre_Grap1,done,3.104604482650757,0.6016806960105895,-0.3206113874912262,1.5713213682174683,-0.0697672963142395,1.852917790412903
2026-07-17T10:00:46.371+07:00,3743872465969,63.086707135,1784257246371294316,right,1,1,22,Pre_Grap1,done,0.021739600226283073,2.84078860282898,0.6903662681579591,-1.5372109413146973,3.1909334659576416,1.952345132827759
2026-07-17T10:00:46.424+07:00,3743925792105,63.140033271,1784257246424233035,left,1,1,22,Pre_Grap1,done,3.104604482650757,0.6016806960105895,-0.3206113874912262,1.5713213682174683,-0.0697672963142395,1.852917790412903
2026-07-17T10:00:46.435+07:00,3743936067377,63.150308543,1784257246434798199,right,1,1,22,Pre_Grap1,done,0.021739600226283073,2.84078860282898,0.6903662681579591,-1.5372109413146973,3.1909334659576416,1.952345132827759
2026-07-17T10:00:46.491+07:00,3743992274025,63.206515191,1784257246490520820,left,1,1,22,Pre_Grap1,done,3.104604482650757,0.6016806960105895,-0.3206113874912262,1.5713213682174683,-0.0697672963142395,1.852917790412903
2026-07-17T10:00:46.499+07:00,3744000182016,63.214423182,1784257246498914493,right,1,1,22,Pre_Grap1,done,0.021739600226283073,2.84078860282898,0.6903662681579591,-1.5372109413146973,3.1909334659576416,1.952345132827759
2026-07-17T10:00:46.558+07:00,3744059174704,63.273415870,1784257246553535317,left,1,1,22,Pre_Grap1,done,3.104604482650757,0.6016806960105895,-0.3206113874912262,1.5713213682174683,-0.0697672963142395,1.852917790412903
2026-07-17T10:00:46.565+07:00,3744066335511,63.280576677,1784257246565150695,right,1,1,22,Pre_Grap1,done,0.021739600226283073,2.84078860282898,0.6903662681579591,-1.5372109413146973,3.1909334659576416,1.952345132827759
2026-07-17T10:00:46.616+07:00,3744117793871,63.332035037,1784257246616308784,left,1,1,22,Pre_Grap1,done,3.104604482650757,0.6016806960105895,-0.3206113874912262,1.5713213682174683,-0.0697672963142395,1.852917790412903
2026-07-17T10:00:46.629+07:00,3744130475199,63.344716365,1784257246629231761,right,1,1,22,Pre_Grap1,done,0.021739600226283073,2.84078860282898,0.6903662681579591,-1.5372109413146973,3.1909334659576416,1.952345132827759
2026-07-17T10:00:46.681+07:00,3744182727631,63.396968797,1784257246681091999,left,1,1,22,Pre_Grap1,done,3.104604482650757,0.6016806960105895,-0.3206113874912262,1.5713213682174683,-0.0697672963142395,1.852917790412903
2026-07-17T10:00:46.700+07:00,3744201032924,63.415274090,1784257246699776995,right,1,1,22,Pre_Grap1,done,0.021739600226283073,2.84078860282898,0.6903662681579591,-1.5372109413146973,3.1909334659576416,1.952345132827759
2026-07-17T10:00:46.749+07:00,3744250261716,63.464502882,1784257246745006649,left,1,1,22,Pre_Grap1,done,3.104604482650757,0.6016806960105895,-0.3206113874912262,1.5713213682174683,-0.0697672963142395,1.852917790412903
2026-07-17T10:00:46.761+07:00,3744262359409,63.476600575,1784257246761066455,right,1,1,22,Pre_Grap1,done,0.021739600226283073,2.84078860282898,0.6903662681579591,-1.5372109413146973,3.1909334659576416,1.952345132827759
2026-07-17T10:00:46.824+07:00,3744325064314,63.539305480,1784257246823678530,right,1,1,22,Pre_Grap1,done,0.021739600226283073,2.84078860282898,0.6903662681579591,-1.5372109413146973,3.1909334659576416,1.952345132827759
2026-07-17T10:00:46.826+07:00,3744327770537,63.542011703,1784257246826523499,left,1,1,22,Pre_Grap1,done,3.104604482650757,0.6016806960105895,-0.3206113874912262,1.5713213682174683,-0.0697672963142395,1.852917790412903
2026-07-17T10:00:46.889+07:00,3744390528038,63.604769204,1784257246888970230,right,1,1,22,Pre_Grap1,done,0.021739600226283073,2.84078860282898,0.6903662681579591,-1.5372109413146973,3.1909334659576416,1.952345132827759
2026-07-17T10:00:46.989+07:00,3744490331799,63.704572965,1784257246904189145,left,1,1,22,Pre_Grap1,done,3.104604482650757,0.6016806960105895,-0.3206113874912262,1.5713213682174683,-0.0697672963142395,1.852917790412903
2026-07-17T10:00:46.989+07:00,3744490536389,63.704777555,1784257246952697915,right,1,1,22,Pre_Grap1,done,0.021739600226283073,2.84078860282898,0.6903662681579591,-1.5372109413146973,3.1909334659576416,1.952345132827759
2026-07-17T10:00:47.000+07:00,3744501476625,63.715717791,1784257247000080599,left,1,1,22,Pre_Grap1,done,3.104604482650757,0.6016806960105895,-0.3206113874912262,1.5713213682174683,-0.0697672963142395,1.852917790412903
2026-07-17T10:00:47.017+07:00,3744518920492,63.733161658,1784257247017529859,right,1,1,22,Pre_Grap1,done,0.021739600226283073,2.84078860282898,0.6903662681579591,-1.5372109413146973,3.1909334659576416,1.952345132827759
2026-07-17T10:00:47.063+07:00,3744564078315,63.778319481,1784257247062554553,left,1,1,22,Pre_Grap1,done,3.104604482650757,0.6016806960105895,-0.3206113874912262,1.5713213682174683,-0.0697672963142395,1.852917790412903
2026-07-17T10:00:47.081+07:00,3744582734209,63.796975375,1784257247081382129,right,1,1,22,Pre_Grap1,done,0.021739600226283073,2.84078860282898,0.6903662681579591,-1.5372109413146973,3.1909334659576416,1.952345132827759
2026-07-17T10:00:47.148+07:00,3744649950000,63.864191166,1784257247124100016,left,1,1,22,Pre_Grap1,done,3.104604482650757,0.6016806960105895,-0.3206113874912262,1.5713213682174683,-0.0697672963142395,1.852917790412903
2026-07-17T10:00:47.149+07:00,3744650096769,63.864337935,1784257247147890330,right,1,1,22,Pre_Grap1,done,0.021739600226283073,2.84078860282898,0.6903662681579591,-1.5372109413146973,3.1909334659576416,1.952345132827759
2026-07-17T10:00:47.190+07:00,3744691078204,63.905319370,1784257247189602018,left,1,1,22,Pre_Grap1,done,3.104604482650757,0.6016806960105895,-0.3206113874912262,1.5713213682174683,-0.0697672963142395,1.852917790412903
2026-07-17T10:00:47.225+07:00,3744726131043,63.940372209,1784257247224606522,right,1,1,22,Pre_Grap1,done,0.021739600226283073,2.84078860282898,0.6903662681579591,-1.5372109413146973,3.1909334659576416,1.952345132827759
2026-07-17T10:00:47.289+07:00,3744790948401,64.005189567,1784257247289476146,left,1,1,22,Pre_Grap1,done,3.104604482650757,0.6016806960105895,-0.3206113874912262,1.5713213682174683,-0.0697672963142395,1.852917790412903
2026-07-17T10:00:47.293+07:00,3744794861172,64.009102338,1784257247293492313,right,1,1,22,Pre_Grap1,done,0.021739600226283073,2.84078860282898,0.6903662681579591,-1.5372109413146973,3.1909334659576416,1.952345132827759
2026-07-17T10:00:47.352+07:00,3744853943912,64.068185078,1784257247352523047,left,1,1,22,Pre_Grap1,done,3.104604482650757,0.6016806960105895,-0.3206113874912262,1.5713213682174683,-0.0697672963142395,1.852917790412903
2026-07-17T10:00:47.354+07:00,3744855905253,64.070146419,1784257247354562300,right,1,1,22,Pre_Grap1,done,0.021739600226283073,2.84078860282898,0.6903662681579591,-1.5372109413146973,3.1909334659576416,1.952345132827759
2026-07-17T10:00:47.420+07:00,3744921699697,64.135940863,1784257247420015589,right,1,1,22,Pre_Grap1,done,0.021739600226283073,2.84078860282898,0.6903662681579591,-1.5372109413146973,3.1909334659576416,1.952345132827759
2026-07-17T10:00:47.430+07:00,3744931319067,64.145560233,1784257247429963270,left,1,1,22,Pre_Grap1,done,3.104604482650757,0.6016806960105895,-0.3206113874912262,1.5713213682174683,-0.0697672963142395,1.852917790412903
2026-07-17T10:00:47.484+07:00,3744985088815,64.199329981,1784257247483382710,right,1,1,22,Pre_Grap1,done,0.021739600226283073,2.84078860282898,0.6903662681579591,-1.5372109413146973,3.1909334659576416,1.952345132827759
2026-07-17T10:00:47.494+07:00,3744995446249,64.209687415,1784257247494196137,left,1,1,22,Pre_Grap1,done,3.104604482650757,0.6016806960105895,-0.3206113874912262,1.5713213682174683,-0.0697672963142395,1.852917790412903
2026-07-17T10:00:47.568+07:00,3745068977249,64.283218415,1784257247564861461,left,1,1,22,Pre_Grap1,done,3.104604482650757,0.6016806960105895,-0.3206113874912262,1.5713213682174683,-0.0697672963142395,1.852917790412903
2026-07-17T10:00:47.568+07:00,3745069082655,64.283323821,1784257247566741705,right,1,1,22,Pre_Grap1,done,0.021739600226283073,2.84078860282898,0.6903662681579591,-1.5372109413146973,3.1909334659576416,1.952345132827759
2026-07-17T10:00:47.629+07:00,3745130626706,64.344867872,1784257247629055563,left,1,1,22,Pre_Grap1,done,3.104604482650757,0.6016806960105895,-0.3206113874912262,1.5713213682174683,-0.0697672963142395,1.852917790412903
