receive_wall_iso,receive_monotonic_ns,elapsed_sec,side,cycle,completed_cycles,step_index,step_name,sequence_status,motion_state,power_state,servo_state,collision_state
2026-07-17T09:59:43.324+07:00,3680825281559,0.039522725,right,,,,,,0,1,1,0
2026-07-17T09:59:43.355+07:00,3680856683521,0.070924687,left,,,,,,0,1,1,0
2026-07-17T09:59:43.388+07:00,3680889252375,0.103493541,right,,,,,,0,1,1,0
2026-07-17T09:59:43.421+07:00,3680922703650,0.136944816,left,,,,,,0,1,1,0
2026-07-17T09:59:43.449+07:00,3680950339378,0.164580544,right,,,,,,0,1,1,0
2026-07-17T09:59:43.484+07:00,3680985704731,0.199945897,left,,,,,,0,1,1,0
2026-07-17T09:59:43.549+07:00,3681050540124,0.264781290,left,,,,,,0,1,1,0
2026-07-17T09:59:43.549+07:00,3681050579731,0.264820897,right,,,,,,0,1,1,0
2026-07-17T09:59:43.576+07:00,3681077392563,0.291633729,right,,,,,,0,1,1,0
2026-07-17T09:59:43.611+07:00,3681112378447,0.326619613,left,,,,,,0,1,1,0
2026-07-17T09:59:43.639+07:00,3681140883014,0.355124180,right,,,,,,0,1,1,0
2026-07-17T09:59:43.676+07:00,3681177090525,0.391331691,left,,,,,,0,1,1,0
2026-07-17T09:59:43.703+07:00,3681204289303,0.418530469,right,,,,,,0,1,1,0
2026-07-17T09:59:43.747+07:00,3681248848133,0.463089299,left,,,,,,0,1,1,0
2026-07-17T09:59:43.782+07:00,3681283599035,0.497840201,right,,,,,,0,1,1,0
2026-07-17T09:59:43.798+07:00,3681299229604,0.513470770,left,,,,,,0,1,1,0
2026-07-17T09:59:43.846+07:00,3681347639670,0.561880836,right,,,,,,0,1,1,0
2026-07-17T09:59:43.862+07:00,3681363153474,0.577394640,left,,,,,,0,1,1,0
2026-07-17T09:59:43.948+07:00,3681449066737,0.663307903,left,,,,,,0,1,1,0
2026-07-17T09:59:43.948+07:00,3681449107948,0.663349114,right,,,,,,0,1,1,0
2026-07-17T09:59:43.977+07:00,3681478683474,0.692924640,right,,,,,,0,1,1,0
2026-07-17T09:59:43.996+07:00,3681497812873,0.712054039,left,,,,,,0,1,1,0
2026-07-17T09:59:44.041+07:00,3681542345084,0.756586250,right,,,,,,0,1,1,0
2026-07-17T09:59:44.077+07:00,3681578071802,0.792312968,left,,,,,,0,1,1,0
2026-07-17T09:59:44.103+07:00,3681604714698,0.818955864,right,,,,,,0,1,1,0
2026-07-17T09:59:44.148+07:00,3681649636437,0.863877603,left,,,,,,0,1,1,0
2026-07-17T09:59:44.170+07:00,3681671345062,0.885586228,right,,,,,,0,1,1,0
2026-07-17T09:59:44.205+07:00,3681706487444,0.920728610,left,,,,,,0,1,1,0
2026-07-17T09:59:44.237+07:00,3681738439972,0.952681138,right,,,,,,0,1,1,0
2026-07-17T09:59:44.267+07:00,3681768393515,0.982634681,left,,,,,,0,1,1,0
2026-07-17T09:59:44.348+07:00,3681849158861,1.063400027,left,,,,,,0,1,1,0
2026-07-17T09:59:44.348+07:00,3681849192676,1.063433842,right,,,,,,0,1,1,0
2026-07-17T09:59:44.386+07:00,3681887229455,1.101470621,right,,,,,,0,1,1,0
2026-07-17T09:59:44.410+07:00,3681911892185,1.126133351,left,,,,,,0,1,1,0
2026-07-17T09:59:44.455+07:00,3681956423462,1.170664628,right,,,,,,0,1,1,0
2026-07-17T09:59:44.481+07:00,3681982707839,1.196949005,left,,,,,,0,1,1,0
2026-07-17T09:59:44.548+07:00,3682049140678,1.263381844,left,,,,,,0,1,1,0
2026-07-17T09:59:44.548+07:00,3682049181356,1.263422522,right,,,,,,0,1,1,0
2026-07-17T09:59:44.592+07:00,3682093380118,1.307621284,right,,,,,,0,1,1,0
2026-07-17T09:59:44.610+07:00,3682111009854,1.325251020,left,,,,,,0,1,1,0
2026-07-17T09:59:44.658+07:00,3682159641480,1.373882646,right,,,,,,0,1,1,0
2026-07-17T09:59:44.672+07:00,3682173588804,1.387829970,left,,,,,,0,1,1,0
2026-07-17T09:59:44.748+07:00,3682249238526,1.463479692,left,,,,,,0,1,1,0
2026-07-17T09:59:44.748+07:00,3682249272154,1.463513320,right,,,,,,0,1,1,0
2026-07-17T09:59:44.790+07:00,3682291246706,1.505487872,right,,,,,,0,1,1,0
2026-07-17T09:59:44.800+07:00,3682301355950,1.515597116,left,,,,,,0,1,1,0
2026-07-17T09:59:44.854+07:00,3682355831640,1.570072806,right,,,,,,0,1,1,0
2026-07-17T09:59:44.865+07:00,3682366384936,1.580626102,left,,,,,,0,1,1,0
2026-07-17T09:59:44.948+07:00,3682449172315,1.663413481,left,,,,,,0,1,1,0
2026-07-17T09:59:44.948+07:00,3682449207569,1.663448735,right,,,,,,0,1,1,0
2026-07-17T09:59:44.981+07:00,3682482632584,1.696873750,right,,,,,,0,1,1,0
2026-07-17T09:59:44.997+07:00,3682498016731,1.712257897,left,,,,,,0,1,1,0
2026-07-17T09:59:45.047+07:00,3682548288046,1.762529212,right,,,,,,0,1,1,0
2026-07-17T09:59:45.075+07:00,3682576006896,1.790248062,left,,,,,,0,1,1,0
2026-07-17T09:59:45.147+07:00,3682648554825,1.862795991,left,,,,,,0,1,1,0
2026-07-17T09:59:45.147+07:00,3682648598305,1.862839471,right,,,,,,0,1,1,0
2026-07-17T09:59:45.174+07:00,3682675608618,1.889849784,right,,,,,,0,1,1,0
2026-07-17T09:59:45.203+07:00,3682704132352,1.918373518,left,,,,,,0,1,1,0
2026-07-17T09:59:45.238+07:00,3682739882986,1.954124152,right,,,,,,0,1,1,0
2026-07-17T09:59:45.266+07:00,3682767872340,1.982113506,left,,,,,,0,1,1,0
2026-07-17T09:59:45.301+07:00,3682802119280,2.016360446,right,,,,,,0,1,1,0
2026-07-17T09:59:45.347+07:00,3682848556453,2.062797619,left,,,,,,0,1,1,0
2026-07-17T09:59:45.362+07:00,3682863872128,2.078113294,right,,,,,,0,1,1,0
2026-07-17T09:59:45.407+07:00,3682908537185,2.122778351,left,,,,,,0,1,1,0
2026-07-17T09:59:45.427+07:00,3682928670085,2.142911251,right,,,,,,0,1,1,0
2026-07-17T09:59:45.471+07:00,3682972311614,2.186552780,left,,,,,,0,1,1,0
2026-07-17T09:59:45.492+07:00,3682993376573,2.207617739,right,,,,,,0,1,1,0
2026-07-17T09:59:45.548+07:00,3683049933778,2.264174944,left,,,,,,0,1,1,0
2026-07-17T09:59:45.559+07:00,3683060083833,2.274324999,right,,,,,,0,1,1,0
2026-07-17T09:59:45.606+07:00,3683107143597,2.321384763,left,,,,,,0,1,1,0
2026-07-17T09:59:45.631+07:00,3683132384474,2.346625640,right,,,,,,0,1,1,0
2026-07-17T09:59:45.672+07:00,3683173177871,2.387419037,left,,,,,,0,1,1,0
2026-07-17T09:59:45.749+07:00,3683250055807,2.464296973,left,,,,,,0,1,1,0
2026-07-17T09:59:45.749+07:00,3683250131008,2.464372174,right,,,,,,0,1,1,0
2026-07-17T09:59:45.770+07:00,3683271006913,2.485248079,right,,,,,,0,1,1,0
2026-07-17T09:59:45.839+07:00,3683340500583,2.554741749,right,,,,,,0,1,1,0
2026-07-17T09:59:45.845+07:00,3683346917117,2.561158283,left,,,,,,0,1,1,0
2026-07-17T09:59:45.958+07:00,3683459185954,2.673427120,left,,,,,,0,1,1,0
2026-07-17T09:59:45.958+07:00,3683459252210,2.673493376,right,,,,,,0,1,1,0
2026-07-17T09:59:45.975+07:00,3683476355593,2.690596759,right,,,,,,0,1,1,0
2026-07-17T09:59:46.008+07:00,3683509120659,2.723361825,left,,,,,,0,1,1,0
2026-07-17T09:59:46.038+07:00,3683539738484,2.753979650,right,,,,,,0,1,1,0
2026-07-17T09:59:46.147+07:00,3683648917129,2.863158295,left,,,,,,0,1,1,0
2026-07-17T09:59:46.148+07:00,3683648990347,2.863231513,right,,,,,,0,1,1,0
2026-07-17T09:59:46.168+07:00,3683669415528,2.883656694,right,,,,,,0,1,1,0
2026-07-17T09:59:46.172+07:00,3683673774821,2.888015987,left,,,,,,0,1,1,0
2026-07-17T09:59:46.232+07:00,3683733230315,2.947471481,right,,,,,,0,1,1,0
2026-07-17T09:59:46.237+07:00,3683738092422,2.952333588,left,,,,,,0,1,1,0
2026-07-17T09:59:46.298+07:00,3683799232856,3.013474022,right,,,,,,0,1,1,0
2026-07-17T09:59:46.298+07:00,3683799835696,3.014076862,left,,,,,,0,1,1,0
2026-07-17T09:59:46.359+07:00,3683860585807,3.074826973,right,,,,,,0,1,1,0
2026-07-17T09:59:46.361+07:00,3683862948300,3.077189466,left,,,,,,0,1,1,0
2026-07-17T09:59:46.421+07:00,3683922693229,3.136934395,right,,,,,,0,1,1,0
2026-07-17T09:59:46.425+07:00,3683926201063,3.140442229,left,,,,,,0,1,1,0
2026-07-17T09:59:46.487+07:00,3683988085910,3.202327076,left,,,,,,0,1,1,0
2026-07-17T09:59:46.488+07:00,3683989147773,3.203388939,right,,,,,,0,1,1,0
2026-07-17T09:59:46.547+07:00,3684048528276,3.262769442,left,,,,,,0,1,1,0
2026-07-17T09:59:46.556+07:00,3684057153115,3.271394281,right,,,,,,0,1,1,0
2026-07-17T09:59:46.613+07:00,3684114600976,3.328842142,left,,,,,,0,1,1,0
2026-07-17T09:59:46.617+07:00,3684118080548,3.332321714,right,,,,,,0,1,1,0
2026-07-17T09:59:46.679+07:00,3684180870805,3.395111971,left,,,,,,0,1,1,0
2026-07-17T09:59:46.697+07:00,3684198720596,3.412961762,right,,,,,,0,1,1,0
2026-07-17T09:59:46.747+07:00,3684248868458,3.463109624,left,,,,,,0,1,1,0
2026-07-17T09:59:46.758+07:00,3684259240761,3.473481927,right,,,,,,0,1,1,0
2026-07-17T09:59:46.813+07:00,3684314866014,3.529107180,left,,,,,,0,1,1,0
2026-07-17T09:59:46.823+07:00,3684324579255,3.538820421,right,,,,,,0,1,1,0
2026-07-17T09:59:46.879+07:00,3684380690743,3.594931909,left,,,,,,0,1,1,0
2026-07-17T09:59:46.887+07:00,3684388523444,3.602764610,right,,,,,,0,1,1,0
2026-07-17T09:59:46.952+07:00,3684453442032,3.667683198,left,,,,,,0,1,1,0
2026-07-17T09:59:46.955+07:00,3684456778809,3.671019975,right,,,,,,0,1,1,0
2026-07-17T09:59:47.013+07:00,3684514400186,3.728641352,left,,,,,,0,1,1,0
2026-07-17T09:59:47.019+07:00,3684520440326,3.734681492,right,,,,,,0,1,1,0
2026-07-17T09:59:47.078+07:00,3684579970208,3.794211374,left,,,,,,0,1,1,0
2026-07-17T09:59:47.085+07:00,3684586623420,3.800864586,right,,,,,,0,1,1,0
2026-07-17T09:59:47.149+07:00,3684650733032,3.864974198,left,,,,,,0,1,1,0
2026-07-17T09:59:47.153+07:00,3684654320971,3.868562137,right,,,,,,0,1,1,0
2026-07-17T09:59:47.214+07:00,3684715324596,3.929565762,left,,,,,,0,1,1,0
2026-07-17T09:59:47.225+07:00,3684726201628,3.940442794,right,,,,,,0,1,1,0
2026-07-17T09:59:47.279+07:00,3684780473466,3.994714632,left,,,,,,0,1,1,0
2026-07-17T09:59:47.287+07:00,3684788573393,4.002814559,right,,,,,,0,1,1,0
2026-07-17T09:59:47.358+07:00,3684859600924,4.073842090,left,,,,,,0,1,1,0
2026-07-17T09:59:47.358+07:00,3684859635566,4.073876732,right,,,,,,0,1,1,0
2026-07-17T09:59:47.409+07:00,3684910464882,4.124706048,left,,,,,,0,1,1,0
2026-07-17T09:59:47.418+07:00,3684919594205,4.133835371,right,,,,,,0,1,1,0
2026-07-17T09:59:47.475+07:00,3684976602574,4.190843740,left,,,,,,0,1,1,0
2026-07-17T09:59:47.483+07:00,3684984525865,4.198767031,right,,,,,,0,1,1,0
2026-07-17T09:59:47.548+07:00,3685049350095,4.263591261,left,,,,,,0,1,1,0
2026-07-17T09:59:47.554+07:00,3685055203210,4.269444376,right,,,,,,0,1,1,0
2026-07-17T09:59:47.621+07:00,3685122960958,4.337202124,right,,,,,,3,1,1,0
2026-07-17T09:59:47.640+07:00,3685141064487,4.355305653,left,,,,,,0,1,1,0
2026-07-17T09:59:47.684+07:00,3685185178862,4.399420028,right,,,,,,3,1,1,0
2026-07-17T09:59:47.748+07:00,3685249288945,4.463530111,left,1,0,0,Pre_Grap1,running,3,1,1,0
2026-07-17T09:59:47.754+07:00,3685255114123,4.469355289,right,1,0,0,Pre_Grap1,running,3,1,1,0
2026-07-17T09:59:47.769+07:00,3685270751826,4.484992992,left,1,0,0,Pre_Grap1,running,3,1,1,0
2026-07-17T09:59:47.818+07:00,3685319241850,4.533483016,right,1,0,0,Pre_Grap1,running,3,1,1,0
2026-07-17T09:59:47.837+07:00,3685338286010,4.552527176,left,1,0,0,Pre_Grap1,running,3,1,1,0
2026-07-17T09:59:47.895+07:00,3685396816805,4.611057971,right,1,0,0,Pre_Grap1,running,3,1,1,0
2026-07-17T09:59:47.899+07:00,3685400796843,4.615038009,left,1,0,0,Pre_Grap1,running,3,1,1,0
2026-07-17T09:59:47.960+07:00,3685461452342,4.675693508,right,1,0,0,Pre_Grap1,running,3,1,1,0
2026-07-17T09:59:47.963+07:00,3685464963272,4.679204438,left,1,0,0,Pre_Grap1,running,3,1,1,0
2026-07-17T09:59:48.022+07:00,3685523792364,4.738033530,right,1,0,0,Pre_Grap1,running,3,1,1,0
2026-07-17T09:59:48.026+07:00,3685527314953,4.741556119,left,1,0,0,Pre_Grap1,running,3,1,1,0
2026-07-17T09:59:48.088+07:00,3685589176874,4.803418040,right,1,0,0,Pre_Grap1,running,3,1,1,0
2026-07-17T09:59:48.095+07:00,3685596247737,4.810488903,left,1,0,0,Pre_Grap1,running,3,1,1,0
2026-07-17T09:59:48.168+07:00,3685669901479,4.884142645,left,1,0,0,Pre_Grap1,running,3,1,1,0
2026-07-17T09:59:48.177+07:00,3685678892705,4.893133871,right,1,0,0,Pre_Grap1,running,3,1,1,0
2026-07-17T09:59:48.226+07:00,3685727254385,4.941495551,left,1,0,0,Pre_Grap1,running,3,1,1,0
2026-07-17T09:59:48.242+07:00,3685743201296,4.957442462,right,1,0,0,Pre_Grap1,running,3,1,1,0
2026-07-17T09:59:48.292+07:00,3685793087687,5.007328853,left,1,0,0,Pre_Grap1,running,3,1,1,0
2026-07-17T09:59:48.348+07:00,3685849035129,5.063276295,right,1,0,0,Pre_Grap1,running,3,1,1,0
2026-07-17T09:59:48.366+07:00,3685867924385,5.082165551,left,1,0,0,Pre_Grap1,running,3,1,1,0
2026-07-17T09:59:48.373+07:00,3685874204038,5.088445204,right,1,0,0,Pre_Grap1,running,3,1,1,0
2026-07-17T09:59:48.436+07:00,3685937182296,5.151423462,left,1,0,0,Pre_Grap1,running,3,1,1,0
2026-07-17T09:59:48.439+07:00,3685940227700,5.154468866,right,1,0,0,Pre_Grap1,running,3,1,1,0
2026-07-17T09:59:48.499+07:00,3685999980692,5.214221858,left,1,0,0,Pre_Grap1,running,3,1,1,0
2026-07-17T09:59:48.548+07:00,3686049323941,5.263565107,right,1,0,0,Pre_Grap1,running,3,1,1,0
2026-07-17T09:59:48.572+07:00,3686073227075,5.287468241,left,1,0,0,Pre_Grap1,running,3,1,1,0
2026-07-17T09:59:48.573+07:00,3686074825521,5.289066687,right,1,0,0,Pre_Grap1,running,3,1,1,0
2026-07-17T09:59:48.646+07:00,3686147256431,5.361497597,left,1,0,0,Pre_Grap1,running,3,1,1,0
2026-07-17T09:59:48.665+07:00,3686166387620,5.380628786,right,1,0,0,Pre_Grap1,running,3,1,1,0
2026-07-17T09:59:48.758+07:00,3686259387750,5.473628916,left,1,0,0,Pre_Grap1,running,3,1,1,0
2026-07-17T09:59:48.758+07:00,3686259428846,5.473670012,right,1,0,0,Pre_Grap1,running,3,1,1,0
2026-07-17T09:59:48.792+07:00,3686293861363,5.508102529,left,1,0,0,Pre_Grap1,running,3,1,1,0
2026-07-17T09:59:48.806+07:00,3686307129136,5.521370302,right,1,0,0,Pre_Grap1,running,3,1,1,0
2026-07-17T09:59:48.870+07:00,3686370973817,5.585214983,right,1,0,0,Pre_Grap1,running,3,1,1,0
2026-07-17T09:59:48.872+07:00,3686373870706,5.588111872,left,1,0,0,Pre_Grap1,running,3,1,1,0
2026-07-17T09:59:48.958+07:00,3686459732196,5.673973362,left,1,0,0,Pre_Grap1,running,3,1,1,0
2026-07-17T09:59:48.958+07:00,3686459767298,5.674008464,right,1,0,0,Pre_Grap1,running,3,1,1,0
2026-07-17T09:59:48.996+07:00,3686497225936,5.711467102,right,1,0,0,Pre_Grap1,running,3,1,1,0
2026-07-17T09:59:49.002+07:00,3686503530581,5.717771747,left,1,0,0,Pre_Grap1,running,3,1,1,0
2026-07-17T09:59:49.061+07:00,3686562250374,5.776491540,right,1,0,0,Pre_Grap1,running,3,1,1,0
2026-07-17T09:59:49.069+07:00,3686570557263,5.784798429,left,1,0,0,Pre_Grap1,running,3,1,1,0
2026-07-17T09:59:49.180+07:00,3686681514534,5.895755700,left,1,0,0,Pre_Grap1,running,3,1,1,0
2026-07-17T09:59:49.180+07:00,3686681591060,5.895832226,right,1,0,0,Pre_Grap1,running,3,1,1,0
2026-07-17T09:59:49.198+07:00,3686699146798,5.913387964,right,1,0,0,Pre_Grap1,running,3,1,1,0
2026-07-17T09:59:49.229+07:00,3686730245354,5.944486520,left,1,0,0,Pre_Grap1,running,3,1,1,0
2026-07-17T09:59:49.261+07:00,3686762073078,5.976314244,right,1,0,0,Pre_Grap1,running,0,1,1,0
2026-07-17T09:59:49.290+07:00,3686791854272,6.006095438,left,1,0,0,Pre_Grap1,running,0,1,1,0
2026-07-17T09:59:49.349+07:00,3686850523088,6.064764254,right,1,0,1,Pre_Grap2,running,3,1,1,0
2026-07-17T09:59:49.351+07:00,3686852219294,6.066460460,left,1,0,1,Pre_Grap2,running,3,1,1,0
2026-07-17T09:59:49.412+07:00,3686913197951,6.127439117,right,1,0,1,Pre_Grap2,running,3,1,1,0
2026-07-17T09:59:49.417+07:00,3686918025541,6.132266707,left,1,0,1,Pre_Grap2,running,3,1,1,0
2026-07-17T09:59:49.477+07:00,3686978489581,6.192730747,right,1,0,1,Pre_Grap2,running,3,1,1,0
2026-07-17T09:59:49.481+07:00,3686981988377,6.196229543,left,1,0,1,Pre_Grap2,running,3,1,1,0
2026-07-17T09:59:49.549+07:00,3687050030029,6.264271195,left,1,0,1,Pre_Grap2,running,3,1,1,0
2026-07-17T09:59:49.552+07:00,3687053329242,6.267570408,right,1,0,1,Pre_Grap2,running,3,1,1,0
2026-07-17T09:59:49.615+07:00,3687116364362,6.330605528,right,1,0,1,Pre_Grap2,running,3,1,1,0
2026-07-17T09:59:49.641+07:00,3687142888055,6.357129221,left,1,0,1,Pre_Grap2,running,3,1,1,0
2026-07-17T09:59:49.688+07:00,3687189379407,6.403620573,right,1,0,1,Pre_Grap2,running,3,1,1,0
2026-07-17T09:59:49.758+07:00,3687259276438,6.473517604,left,1,0,1,Pre_Grap2,running,3,1,1,0
2026-07-17T09:59:49.764+07:00,3687265640104,6.479881270,right,1,0,1,Pre_Grap2,running,3,1,1,0
2026-07-17T09:59:49.796+07:00,3687297555570,6.511796736,left,1,0,1,Pre_Grap2,running,3,1,1,0
2026-07-17T09:59:49.843+07:00,3687344597987,6.558839153,right,1,0,1,Pre_Grap2,running,3,1,1,0
2026-07-17T09:59:49.876+07:00,3687377166252,6.591407418,left,1,0,1,Pre_Grap2,running,3,1,1,0
2026-07-17T09:59:49.948+07:00,3687449166191,6.663407357,left,1,0,1,Pre_Grap2,running,3,1,1,0
2026-07-17T09:59:49.948+07:00,3687449206136,6.663447302,right,1,0,1,Pre_Grap2,running,3,1,1,0
2026-07-17T09:59:49.984+07:00,3687485697018,6.699938184,right,1,0,1,Pre_Grap2,running,3,1,1,0
2026-07-17T09:59:50.008+07:00,3687509398582,6.723639748,left,1,0,1,Pre_Grap2,running,3,1,1,0
2026-07-17T09:59:50.050+07:00,3687551504097,6.765745263,right,1,0,1,Pre_Grap2,running,3,1,1,0
2026-07-17T09:59:50.070+07:00,3687571455248,6.785696414,left,1,0,1,Pre_Grap2,running,3,1,1,0
2026-07-17T09:59:50.168+07:00,3687669882337,6.884123503,left,1,0,1,Pre_Grap2,running,3,1,1,0
2026-07-17T09:59:50.168+07:00,3687669925872,6.884167038,right,1,0,1,Pre_Grap2,running,3,1,1,0
2026-07-17T09:59:50.187+07:00,3687688443050,6.902684216,right,1,0,1,Pre_Grap2,running,3,1,1,0
2026-07-17T09:59:50.227+07:00,3687728510094,6.942751260,left,1,0,1,Pre_Grap2,running,3,1,1,0
2026-07-17T09:59:50.264+07:00,3687765838011,6.980079177,right,1,0,1,Pre_Grap2,running,3,1,1,0
2026-07-17T09:59:50.288+07:00,3687789965291,7.004206457,left,1,0,1,Pre_Grap2,running,3,1,1,0
2026-07-17T09:59:50.347+07:00,3687848957227,7.063198393,right,1,0,1,Pre_Grap2,running,3,1,1,0
2026-07-17T09:59:50.368+07:00,3687869450725,7.083691891,left,1,0,1,Pre_Grap2,running,3,1,1,0
2026-07-17T09:59:50.401+07:00,3687902370159,7.116611325,right,1,0,1,Pre_Grap2,running,3,1,1,0
2026-07-17T09:59:50.434+07:00,3687935199343,7.149440509,left,1,0,1,Pre_Grap2,running,3,1,1,0
2026-07-17T09:59:50.464+07:00,3687965837579,7.180078745,right,1,0,1,Pre_Grap2,running,3,1,1,0
2026-07-17T09:59:50.497+07:00,3687998847067,7.213088233,left,1,0,1,Pre_Grap2,running,3,1,1,0
2026-07-17T09:59:50.548+07:00,3688049342053,7.263583219,right,1,0,1,Pre_Grap2,running,3,1,1,0
2026-07-17T09:59:50.559+07:00,3688060218257,7.274459423,left,1,0,1,Pre_Grap2,running,3,1,1,0
2026-07-17T09:59:50.608+07:00,3688109166462,7.323407628,right,1,0,1,Pre_Grap2,running,3,1,1,0
2026-07-17T09:59:50.640+07:00,3688141526548,7.355767714,left,1,0,1,Pre_Grap2,running,3,1,1,0
2026-07-17T09:59:50.673+07:00,3688174149285,7.388390451,right,1,0,1,Pre_Grap2,running,3,1,1,0
2026-07-17T09:59:50.702+07:00,3688203887166,7.418128332,left,1,0,1,Pre_Grap2,running,3,1,1,0
2026-07-17T09:59:50.748+07:00,3688249279546,7.463520712,right,1,0,1,Pre_Grap2,running,3,1,1,0
2026-07-17T09:59:50.765+07:00,3688266950344,7.481191510,left,1,0,1,Pre_Grap2,running,3,1,1,0
2026-07-17T09:59:50.810+07:00,3688311074965,7.525316131,right,1,0,1,Pre_Grap2,running,3,1,1,0
2026-07-17T09:59:50.830+07:00,3688331529219,7.545770385,left,1,0,1,Pre_Grap2,running,3,1,1,0
2026-07-17T09:59:50.871+07:00,3688372910319,7.587151485,right,1,0,1,Pre_Grap2,running,3,1,1,0
2026-07-17T09:59:50.891+07:00,3688392835983,7.607077149,left,1,0,1,Pre_Grap2,running,3,1,1,0
2026-07-17T09:59:50.958+07:00,3688459558144,7.673799310,left,1,0,1,Pre_Grap2,running,3,1,1,0
2026-07-17T09:59:50.958+07:00,3688459593575,7.673834741,right,1,0,1,Pre_Grap2,running,3,1,1,0
2026-07-17T09:59:51.016+07:00,3688517738762,7.731979928,right,1,0,1,Pre_Grap2,running,0,1,1,0
2026-07-17T09:59:51.020+07:00,3688521828817,7.736069983,left,1,0,1,Pre_Grap2,running,0,1,1,0
2026-07-17T09:59:51.091+07:00,3688592095190,7.806336356,right,1,0,1,Pre_Grap2,running,3,1,1,0
2026-07-17T09:59:51.100+07:00,3688601653474,7.815894640,left,1,0,1,Pre_Grap2,running,3,1,1,0
2026-07-17T09:59:51.188+07:00,3688689520420,7.903761586,left,1,0,2,Pre_Grap3,running,3,1,1,0
2026-07-17T09:59:51.188+07:00,3688689558720,7.903799886,right,1,0,2,Pre_Grap3,running,3,1,1,0
2026-07-17T09:59:51.223+07:00,3688724417734,7.938658900,right,1,0,2,Pre_Grap3,running,3,1,1,0
2026-07-17T09:59:51.234+07:00,3688735132783,7.949373949,left,1,0,2,Pre_Grap3,running,3,1,1,0
2026-07-17T09:59:51.290+07:00,3688790991758,8.005232924,right,1,0,2,Pre_Grap3,running,3,1,1,0
2026-07-17T09:59:51.299+07:00,3688800285321,8.014526487,left,1,0,2,Pre_Grap3,running,3,1,1,0
2026-07-17T09:59:51.355+07:00,3688856899041,8.071140207,right,1,0,2,Pre_Grap3,running,3,1,1,0
2026-07-17T09:59:51.375+07:00,3688876323712,8.090564878,left,1,0,2,Pre_Grap3,running,3,1,1,0
2026-07-17T09:59:51.424+07:00,3688925541594,8.139782760,right,1,0,2,Pre_Grap3,running,3,1,1,0
2026-07-17T09:59:51.436+07:00,3688937178273,8.151419439,left,1,0,2,Pre_Grap3,running,3,1,1,0
2026-07-17T09:59:51.489+07:00,3688990512377,8.204753543,right,1,0,2,Pre_Grap3,running,3,1,1,0
2026-07-17T09:59:51.559+07:00,3689060266805,8.274507971,left,1,0,2,Pre_Grap3,running,3,1,1,0
2026-07-17T09:59:51.566+07:00,3689067784770,8.282025936,right,1,0,2,Pre_Grap3,running,3,1,1,0
2026-07-17T09:59:51.574+07:00,3689075043779,8.289284945,left,1,0,2,Pre_Grap3,running,3,1,1,0
2026-07-17T09:59:51.648+07:00,3689149098894,8.363340060,right,1,0,2,Pre_Grap3,running,3,1,1,0
2026-07-17T09:59:51.656+07:00,3689157360337,8.371601503,left,1,0,2,Pre_Grap3,running,3,1,1,0
2026-07-17T09:59:51.747+07:00,3689248512802,8.462753968,left,1,0,2,Pre_Grap3,running,3,1,1,0
2026-07-17T09:59:51.747+07:00,3689248551187,8.462792353,right,1,0,2,Pre_Grap3,running,3,1,1,0
2026-07-17T09:59:51.775+07:00,3689276751683,8.490992849,right,1,0,2,Pre_Grap3,running,3,1,1,0
2026-07-17T09:59:51.807+07:00,3689308716871,8.522958037,left,1,0,2,Pre_Grap3,running,3,1,1,0
2026-07-17T09:59:51.841+07:00,3689342251744,8.556492910,right,1,0,2,Pre_Grap3,running,3,1,1,0
2026-07-17T09:59:51.887+07:00,3689388289907,8.602531073,left,1,0,2,Pre_Grap3,running,3,1,1,0
2026-07-17T09:59:51.904+07:00,3689405234706,8.619475872,right,1,0,2,Pre_Grap3,running,3,1,1,0
2026-07-17T09:59:51.952+07:00,3689453900890,8.668142056,left,1,0,2,Pre_Grap3,running,3,1,1,0
2026-07-17T09:59:51.966+07:00,3689467660752,8.681901918,right,1,0,2,Pre_Grap3,running,3,1,1,0
2026-07-17T09:59:52.018+07:00,3689519936080,8.734177246,left,1,0,2,Pre_Grap3,running,3,1,1,0
2026-07-17T09:59:52.030+07:00,3689531658612,8.745899778,right,1,0,2,Pre_Grap3,running,3,1,1,0
2026-07-17T09:59:52.086+07:00,3689587600330,8.801841496,left,1,0,2,Pre_Grap3,running,3,1,1,0
2026-07-17T09:59:52.096+07:00,3689597237711,8.811478877,right,1,0,2,Pre_Grap3,running,3,1,1,0
2026-07-17T09:59:52.161+07:00,3689662856713,8.877097879,left,1,0,2,Pre_Grap3,running,3,1,1,0
2026-07-17T09:59:52.190+07:00,3689691918232,8.906159398,right,1,0,2,Pre_Grap3,running,3,1,1,0
2026-07-17T09:59:52.230+07:00,3689731929368,8.946170534,left,1,0,2,Pre_Grap3,running,3,1,1,0
2026-07-17T09:59:52.251+07:00,3689752621242,8.966862408,right,1,0,2,Pre_Grap3,running,3,1,1,0
2026-07-17T09:59:52.296+07:00,3689797037670,9.011278836,left,1,0,2,Pre_Grap3,running,3,1,1,0
2026-07-17T09:59:52.348+07:00,3689849372159,9.063613325,right,1,0,2,Pre_Grap3,running,3,1,1,0
2026-07-17T09:59:52.375+07:00,3689876235513,9.090476679,left,1,0,2,Pre_Grap3,running,3,1,1,0
2026-07-17T09:59:52.379+07:00,3689880548567,9.094789733,right,1,0,2,Pre_Grap3,running,3,1,1,0
2026-07-17T09:59:52.440+07:00,3689941287019,9.155528185,left,1,0,2,Pre_Grap3,running,3,1,1,0
2026-07-17T09:59:52.444+07:00,3689945956236,9.160197402,right,1,0,2,Pre_Grap3,running,3,1,1,0
2026-07-17T09:59:52.548+07:00,3690049240888,9.263482054,left,1,0,2,Pre_Grap3,running,3,1,1,0
2026-07-17T09:59:52.548+07:00,3690049321201,9.263562367,right,1,0,2,Pre_Grap3,running,3,1,1,0
2026-07-17T09:59:52.572+07:00,3690073027823,9.287268989,right,1,0,2,Pre_Grap3,running,3,1,1,0
2026-07-17T09:59:52.591+07:00,3690092912882,9.307154048,left,1,0,2,Pre_Grap3,running,3,1,1,0
2026-07-17T09:59:52.653+07:00,3690154319153,9.368560319,left,1,0,2,Pre_Grap3,running,3,1,1,0
2026-07-17T09:59:52.659+07:00,3690160558195,9.374799361,right,1,0,2,Pre_Grap3,running,3,1,1,0
2026-07-17T09:59:52.748+07:00,3690249761480,9.464002646,left,1,0,2,Pre_Grap3,running,3,1,1,0
2026-07-17T09:59:52.748+07:00,3690249795597,9.464036763,right,1,0,2,Pre_Grap3,running,3,1,1,0
2026-07-17T09:59:52.788+07:00,3690289288037,9.503529203,right,1,0,2,Pre_Grap3,running,3,1,1,0
2026-07-17T09:59:52.804+07:00,3690305104153,9.519345319,left,1,0,2,Pre_Grap3,running,3,1,1,0
2026-07-17T09:59:52.852+07:00,3690353909440,9.568150606,right,1,0,2,Pre_Grap3,running,3,1,1,0
2026-07-17T09:59:52.880+07:00,3690381493792,9.595734958,left,1,0,2,Pre_Grap3,running,3,1,1,0
2026-07-17T09:59:52.958+07:00,3690459513531,9.673754697,left,1,0,2,Pre_Grap3,running,3,1,1,0
2026-07-17T09:59:52.958+07:00,3690459547409,9.673788575,right,1,0,2,Pre_Grap3,running,3,1,1,0
2026-07-17T09:59:52.989+07:00,3690490089041,9.704330207,right,1,0,2,Pre_Grap3,running,3,1,1,0
2026-07-17T09:59:53.012+07:00,3690513193939,9.727435105,left,1,0,2,Pre_Grap3,running,3,1,1,0
2026-07-17T09:59:53.053+07:00,3690554385759,9.768626925,right,1,0,2,Pre_Grap3,running,3,1,1,0
2026-07-17T09:59:53.076+07:00,3690577754991,9.791996157,left,1,0,2,Pre_Grap3,running,3,1,1,0
2026-07-17T09:59:53.151+07:00,3690652557504,9.866798670,right,1,0,2,Pre_Grap3,running,3,1,1,0
2026-07-17T09:59:53.164+07:00,3690664973868,9.879215034,left,1,0,2,Pre_Grap3,running,3,1,1,0
2026-07-17T09:59:53.206+07:00,3690707142341,9.921383507,right,1,0,2,Pre_Grap3,running,3,1,1,0
2026-07-17T09:59:53.232+07:00,3690733164733,9.947405899,left,1,0,2,Pre_Grap3,running,3,1,1,0
2026-07-17T09:59:53.267+07:00,3690768300721,9.982541887,right,1,0,2,Pre_Grap3,running,3,1,1,0
2026-07-17T09:59:53.294+07:00,3690795365196,10.009606362,left,1,0,2,Pre_Grap3,running,3,1,1,0
2026-07-17T09:59:53.351+07:00,3690851995648,10.066236814,right,1,0,2,Pre_Grap3,running,3,1,1,0
2026-07-17T09:59:53.374+07:00,3690875666543,10.089907709,left,1,0,2,Pre_Grap3,running,3,1,1,0
2026-07-17T09:59:53.412+07:00,3690913747325,10.127988491,right,1,0,2,Pre_Grap3,running,3,1,1,0
2026-07-17T09:59:53.441+07:00,3690942017512,10.156258678,left,1,0,2,Pre_Grap3,running,3,1,1,0
2026-07-17T09:59:53.479+07:00,3690980657473,10.194898639,right,1,0,2,Pre_Grap3,running,3,1,1,0
2026-07-17T09:59:53.548+07:00,3691049573585,10.263814751,left,1,0,2,Pre_Grap3,running,3,1,1,0
2026-07-17T09:59:53.550+07:00,3691051958904,10.266200070,right,1,0,2,Pre_Grap3,running,3,1,1,0
2026-07-17T09:59:53.572+07:00,3691072986632,10.287227798,left,1,0,2,Pre_Grap3,running,3,1,1,0
2026-07-17T09:59:53.612+07:00,3691113534612,10.327775778,right,1,0,2,Pre_Grap3,running,0,1,1,0
2026-07-17T09:59:53.657+07:00,3691158366017,10.372607183,left,1,0,2,Pre_Grap3,running,0,1,1,0
2026-07-17T09:59:53.673+07:00,3691174201228,10.388442394,right,1,0,2,Pre_Grap3,running,0,1,1,0
2026-07-17T09:59:53.758+07:00,3691259463400,10.473704566,left,1,0,3,Pre_Grap4,running,3,1,1,0
2026-07-17T09:59:53.758+07:00,3691259498052,10.473739218,right,1,0,3,Pre_Grap4,running,3,1,1,0
2026-07-17T09:59:53.800+07:00,3691301739015,10.515980181,left,1,0,3,Pre_Grap4,running,3,1,1,0
2026-07-17T09:59:53.804+07:00,3691305301925,10.519543091,right,1,0,3,Pre_Grap4,running,3,1,1,0
2026-07-17T09:59:53.864+07:00,3691365673431,10.579914597,right,1,0,3,Pre_Grap4,running,3,1,1,0
2026-07-17T09:59:53.865+07:00,3691366670382,10.580911548,left,1,0,3,Pre_Grap4,running,3,1,1,0
2026-07-17T09:59:53.959+07:00,3691460917136,10.675158302,left,1,0,3,Pre_Grap4,running,3,1,1,0
2026-07-17T09:59:53.959+07:00,3691460951636,10.675192802,right,1,0,3,Pre_Grap4,running,3,1,1,0
2026-07-17T09:59:53.992+07:00,3691493211732,10.707452898,right,1,0,3,Pre_Grap4,running,3,1,1,0
2026-07-17T09:59:54.004+07:00,3691505177698,10.719418864,left,1,0,3,Pre_Grap4,running,3,1,1,0
2026-07-17T09:59:54.053+07:00,3691554383321,10.768624487,right,1,0,3,Pre_Grap4,running,3,1,1,0
2026-07-17T09:59:54.069+07:00,3691570760837,10.785002003,left,1,0,3,Pre_Grap4,running,3,1,1,0
2026-07-17T09:59:54.150+07:00,3691651199269,10.865440435,right,1,0,3,Pre_Grap4,running,3,1,1,0
2026-07-17T09:59:54.162+07:00,3691663006926,10.877248092,left,1,0,3,Pre_Grap4,running,3,1,1,0
2026-07-17T09:59:54.183+07:00,3691684580208,10.898821374,right,1,0,3,Pre_Grap4,running,3,1,1,0
2026-07-17T09:59:54.224+07:00,3691725192243,10.939433409,left,1,0,3,Pre_Grap4,running,3,1,1,0
2026-07-17T09:59:54.252+07:00,3691753084200,10.967325366,right,1,0,3,Pre_Grap4,running,3,1,1,0
2026-07-17T09:59:54.288+07:00,3691789155480,11.003396646,left,1,0,3,Pre_Grap4,running,3,1,1,0
2026-07-17T09:59:54.369+07:00,3691870231095,11.084472261,left,1,0,3,Pre_Grap4,running,3,1,1,0
2026-07-17T09:59:54.369+07:00,3691870304203,11.084545369,right,1,0,3,Pre_Grap4,running,3,1,1,0
2026-07-17T09:59:54.385+07:00,3691886782706,11.101023872,right,1,0,3,Pre_Grap4,running,3,1,1,0
2026-07-17T09:59:54.445+07:00,3691946660292,11.160901458,left,1,0,3,Pre_Grap4,running,3,1,1,0
2026-07-17T09:59:54.450+07:00,3691951743200,11.165984366,right,1,0,3,Pre_Grap4,running,3,1,1,0
2026-07-17T09:59:54.568+07:00,3692069865621,11.284106787,left,1,0,3,Pre_Grap4,running,3,1,1,0
2026-07-17T09:59:54.568+07:00,3692069904887,11.284146053,right,1,0,3,Pre_Grap4,running,3,1,1,0
2026-07-17T09:59:54.581+07:00,3692082353667,11.296594833,left,1,0,3,Pre_Grap4,running,3,1,1,0
2026-07-17T09:59:54.599+07:00,3692100380182,11.314621348,right,1,0,3,Pre_Grap4,running,3,1,1,0
2026-07-17T09:59:54.660+07:00,3692161514990,11.375756156,left,1,0,3,Pre_Grap4,running,3,1,1,0
2026-07-17T09:59:54.664+07:00,3692165468893,11.379710059,right,1,0,3,Pre_Grap4,running,3,1,1,0
2026-07-17T09:59:54.749+07:00,3692250099608,11.464340774,left,1,0,3,Pre_Grap4,running,3,1,1,0
2026-07-17T09:59:54.749+07:00,3692250136448,11.464377614,right,1,0,3,Pre_Grap4,running,3,1,1,0
2026-07-17T09:59:54.792+07:00,3692293259124,11.507500290,right,1,0,3,Pre_Grap4,running,3,1,1,0
2026-07-17T09:59:54.801+07:00,3692302204371,11.516445537,left,1,0,3,Pre_Grap4,running,3,1,1,0
2026-07-17T09:59:54.857+07:00,3692358288990,11.572530156,right,1,0,3,Pre_Grap4,running,3,1,1,0
2026-07-17T09:59:54.868+07:00,3692369875328,11.584116494,left,1,0,3,Pre_Grap4,running,3,1,1,0
2026-07-17T09:59:54.948+07:00,3692449675973,11.663917139,left,1,0,3,Pre_Grap4,running,3,1,1,0
2026-07-17T09:59:54.948+07:00,3692449724022,11.663965188,right,1,0,3,Pre_Grap4,running,3,1,1,0
2026-07-17T09:59:54.987+07:00,3692488650298,11.702891464,right,1,0,3,Pre_Grap4,running,3,1,1,0
2026-07-17T09:59:55.000+07:00,3692501769902,11.716011068,left,1,0,3,Pre_Grap4,running,3,1,1,0
2026-07-17T09:59:55.052+07:00,3692553704936,11.767946102,right,1,0,3,Pre_Grap4,running,3,1,1,0
2026-07-17T09:59:55.070+07:00,3692571175190,11.785416356,left,1,0,3,Pre_Grap4,running,3,1,1,0
2026-07-17T09:59:55.151+07:00,3692652394627,11.866635793,left,1,0,3,Pre_Grap4,running,3,1,1,0
2026-07-17T09:59:55.151+07:00,3692652431149,11.866672315,right,1,0,3,Pre_Grap4,running,3,1,1,0
2026-07-17T09:59:55.195+07:00,3692696214065,11.910455231,right,1,0,3,Pre_Grap4,running,3,1,1,0
2026-07-17T09:59:55.202+07:00,3692703541016,11.917782182,left,1,0,3,Pre_Grap4,running,3,1,1,0
2026-07-17T09:59:55.257+07:00,3692758113335,11.972354501,right,1,0,3,Pre_Grap4,running,3,1,1,0
2026-07-17T09:59:55.267+07:00,3692768531874,11.982773040,left,1,0,3,Pre_Grap4,running,3,1,1,0
2026-07-17T09:59:55.350+07:00,3692851021595,12.065262761,left,1,0,3,Pre_Grap4,running,0,1,1,0
2026-07-17T09:59:55.350+07:00,3692851057698,12.065298864,right,1,0,3,Pre_Grap4,running,3,1,1,0
2026-07-17T09:59:55.383+07:00,3692884569515,12.098810681,right,1,0,3,Pre_Grap4,running,0,1,1,0
2026-07-17T09:59:55.398+07:00,3692899132035,12.113373201,left,1,0,3,Pre_Grap4,running,0,1,1,0
2026-07-17T09:59:55.461+07:00,3692962082632,12.176323798,left,1,0,3,Pre_Grap4,running,3,1,1,0
2026-07-17T09:59:55.469+07:00,3692970417336,12.184658502,right,1,0,3,Pre_Grap4,running,3,1,1,0
2026-07-17T09:59:55.549+07:00,3693050422303,12.264663469,left,1,0,4,Pre_Lift,running,3,1,1,0
2026-07-17T09:59:55.552+07:00,3693053075631,12.267316797,right,1,0,4,Pre_Lift,running,3,1,1,0
2026-07-17T09:59:55.610+07:00,3693111328047,12.325569213,left,1,0,4,Pre_Lift,running,3,1,1,0
2026-07-17T09:59:55.628+07:00,3693129187091,12.343428257,right,1,0,4,Pre_Lift,running,3,1,1,0
2026-07-17T09:59:55.675+07:00,3693176384386,12.390625552,left,1,0,4,Pre_Lift,running,3,1,1,0
2026-07-17T09:59:55.688+07:00,3693189756862,12.403998028,right,1,0,4,Pre_Lift,running,3,1,1,0
2026-07-17T09:59:55.759+07:00,3693260823645,12.475064811,left,1,0,4,Pre_Lift,running,3,1,1,0
2026-07-17T09:59:55.780+07:00,3693281577138,12.495818304,right,1,0,4,Pre_Lift,running,3,1,1,0
2026-07-17T09:59:55.799+07:00,3693300310440,12.514551606,left,1,0,4,Pre_Lift,running,3,1,1,0
2026-07-17T09:59:55.855+07:00,3693356802545,12.571043711,right,1,0,4,Pre_Lift,running,3,1,1,0
2026-07-17T09:59:55.864+07:00,3693365579212,12.579820378,left,1,0,4,Pre_Lift,running,3,1,1,0
2026-07-17T09:59:55.948+07:00,3693449503416,12.663744582,left,1,0,4,Pre_Lift,running,3,1,1,0
2026-07-17T09:59:55.948+07:00,3693449539385,12.663780551,right,1,0,4,Pre_Lift,running,3,1,1,0
2026-07-17T09:59:55.990+07:00,3693491490850,12.705732016,right,1,0,4,Pre_Lift,running,3,1,1,0
2026-07-17T09:59:56.009+07:00,3693510017461,12.724258627,left,1,0,4,Pre_Lift,running,3,1,1,0
2026-07-17T09:59:56.054+07:00,3693555358467,12.769599633,right,1,0,4,Pre_Lift,running,3,1,1,0
2026-07-17T09:59:56.072+07:00,3693573871551,12.788112717,left,1,0,4,Pre_Lift,running,3,1,1,0
2026-07-17T09:59:56.149+07:00,3693650793108,12.865034274,right,1,0,4,Pre_Lift,running,3,1,1,0
2026-07-17T09:59:56.161+07:00,3693662149328,12.876390494,left,1,0,4,Pre_Lift,running,3,1,1,0
2026-07-17T09:59:56.183+07:00,3693684827148,12.899068314,right,1,0,4,Pre_Lift,running,3,1,1,0
2026-07-17T09:59:56.226+07:00,3693727446750,12.941687916,left,1,0,4,Pre_Lift,running,3,1,1,0
2026-07-17T09:59:56.253+07:00,3693754907376,12.969148542,right,1,0,4,Pre_Lift,running,3,1,1,0
2026-07-17T09:59:56.295+07:00,3693796503383,13.010744549,left,1,0,4,Pre_Lift,running,3,1,1,0
2026-07-17T09:59:56.348+07:00,3693849603833,13.063844999,right,1,0,4,Pre_Lift,running,3,1,1,0
2026-07-17T09:59:56.362+07:00,3693863264590,13.077505756,left,1,0,4,Pre_Lift,running,3,1,1,0
2026-07-17T09:59:56.376+07:00,3693877541974,13.091783140,right,1,0,4,Pre_Lift,running,3,1,1,0
2026-07-17T09:59:56.427+07:00,3693928508936,13.142750102,left,1,0,4,Pre_Lift,running,3,1,1,0
2026-07-17T09:59:56.435+07:00,3693936866854,13.151108020,right,1,0,4,Pre_Lift,running,3,1,1,0
2026-07-17T09:59:56.496+07:00,3693997098130,13.211339296,left,1,0,4,Pre_Lift,running,3,1,1,0
2026-07-17T09:59:56.496+07:00,3693997684621,13.211925787,right,1,0,4,Pre_Lift,running,3,1,1,0
2026-07-17T09:59:56.557+07:00,3694058438474,13.272679640,left,1,0,4,Pre_Lift,running,3,1,1,0
2026-07-17T09:59:56.557+07:00,3694058492395,13.272733561,right,1,0,4,Pre_Lift,running,3,1,1,0
2026-07-17T09:59:56.622+07:00,3694123842490,13.338083656,right,1,0,4,Pre_Lift,running,3,1,1,0
2026-07-17T09:59:56.623+07:00,3694124031736,13.338272902,left,1,0,4,Pre_Lift,running,3,1,1,0
2026-07-17T09:59:56.684+07:00,3694185453988,13.399695154,right,1,0,4,Pre_Lift,running,3,1,1,0
2026-07-17T09:59:56.688+07:00,3694189419837,13.403661003,left,1,0,4,Pre_Lift,running,3,1,1,0
2026-07-17T09:59:56.758+07:00,3694259843842,13.474085008,left,1,0,4,Pre_Lift,running,3,1,1,0
2026-07-17T09:59:56.759+07:00,3694260344080,13.474585246,right,1,0,4,Pre_Lift,running,3,1,1,0
2026-07-17T09:59:56.823+07:00,3694324765403,13.539006569,right,1,0,4,Pre_Lift,running,3,1,1,0
2026-07-17T09:59:56.824+07:00,3694324972209,13.539213375,left,1,0,4,Pre_Lift,running,3,1,1,0
2026-07-17T09:59:56.895+07:00,3694396682146,13.610923312,left,1,0,4,Pre_Lift,running,3,1,1,0
2026-07-17T09:59:56.895+07:00,3694396874225,13.611115391,right,1,0,4,Pre_Lift,running,3,1,1,0
2026-07-17T09:59:56.960+07:00,3694461877024,13.676118190,left,1,0,4,Pre_Lift,running,3,1,1,0
2026-07-17T09:59:56.961+07:00,3694462561524,13.676802690,right,1,0,4,Pre_Lift,running,3,1,1,0
2026-07-17T09:59:57.023+07:00,3694524467347,13.738708513,right,1,0,4,Pre_Lift,running,3,1,1,0
2026-07-17T09:59:57.026+07:00,3694527376447,13.741617613,left,1,0,4,Pre_Lift,running,3,1,1,0
2026-07-17T09:59:57.088+07:00,3694589323245,13.803564411,right,1,0,4,Pre_Lift,running,0,1,1,0
2026-07-17T09:59:57.091+07:00,3694592162082,13.806403248,left,1,0,4,Pre_Lift,running,0,1,1,0
2026-07-17T09:59:57.158+07:00,3694659676237,13.873917403,left,1,0,4,Pre_Lift,delay,0,1,1,0
2026-07-17T09:59:57.207+07:00,3694708435157,13.922676323,right,1,0,4,Pre_Lift,delay,0,1,1,0
2026-07-17T09:59:57.227+07:00,3694728114043,13.942355209,left,1,0,4,Pre_Lift,delay,0,1,1,0
2026-07-17T09:59:57.271+07:00,3694771984471,13.986225637,right,1,0,4,Pre_Lift,delay,0,1,1,0
2026-07-17T09:59:57.288+07:00,3694789456897,14.003698063,left,1,0,4,Pre_Lift,delay,0,1,1,0
2026-07-17T09:59:57.358+07:00,3694859881236,14.074122402,right,1,0,4,Pre_Lift,delay,0,1,1,0
2026-07-17T09:59:57.361+07:00,3694862015821,14.076256987,left,1,0,4,Pre_Lift,delay,0,1,1,0
2026-07-17T09:59:57.402+07:00,3694903376384,14.117617550,right,1,0,4,Pre_Lift,delay,0,1,1,0
2026-07-17T09:59:57.427+07:00,3694927980018,14.142221184,left,1,0,4,Pre_Lift,delay,0,1,1,0
2026-07-17T09:59:57.462+07:00,3694963964631,14.178205797,right,1,0,4,Pre_Lift,delay,0,1,1,0
2026-07-17T09:59:57.494+07:00,3694995165929,14.209407095,left,1,0,4,Pre_Lift,delay,0,1,1,0
2026-07-17T09:59:57.549+07:00,3695050061384,14.264302550,right,1,0,4,Pre_Lift,delay,0,1,1,0
2026-07-17T09:59:57.557+07:00,3695058181248,14.272422414,left,1,0,4,Pre_Lift,delay,0,1,1,0
2026-07-17T09:59:57.590+07:00,3695091095400,14.305336566,right,1,0,4,Pre_Lift,delay,0,1,1,0
2026-07-17T09:59:57.645+07:00,3695146317155,14.360558321,left,1,0,4,Pre_Lift,delay,0,1,1,0
2026-07-17T09:59:57.694+07:00,3695194989480,14.409230646,right,1,0,4,Pre_Lift,delay,3,1,1,0
2026-07-17T09:59:57.748+07:00,3695249379327,14.463620493,left,1,0,5,Lift,running,3,1,1,0
2026-07-17T09:59:57.755+07:00,3695256035449,14.470276615,right,1,0,5,Lift,running,3,1,1,0
2026-07-17T09:59:57.790+07:00,3695291784553,14.506025719,left,1,0,5,Lift,running,3,1,1,0
2026-07-17T09:59:57.825+07:00,3695326189907,14.540431073,right,1,0,5,Lift,running,3,1,1,0
2026-07-17T09:59:57.856+07:00,3695357158625,14.571399791,left,1,0,5,Lift,running,3,1,1,0
2026-07-17T09:59:57.890+07:00,3695391268763,14.605509929,right,1,0,5,Lift,running,3,1,1,0
2026-07-17T09:59:57.948+07:00,3695449397680,14.663638846,left,1,0,5,Lift,running,3,1,1,0
2026-07-17T09:59:57.951+07:00,3695452690325,14.666931491,right,1,0,5,Lift,running,3,1,1,0
2026-07-17T09:59:57.999+07:00,3695500425954,14.714667120,left,1,0,5,Lift,running,3,1,1,0
2026-07-17T09:59:58.015+07:00,3695516783475,14.731024641,right,1,0,5,Lift,running,3,1,1,0
2026-07-17T09:59:58.061+07:00,3695562688923,14.776930089,left,1,0,5,Lift,running,3,1,1,0
2026-07-17T09:59:58.079+07:00,3695580055126,14.794296292,right,1,0,5,Lift,running,3,1,1,0
2026-07-17T09:59:58.168+07:00,3695669148530,14.883389696,left,1,0,5,Lift,running,3,1,1,0
2026-07-17T09:59:58.183+07:00,3695684573340,14.898814506,right,1,0,5,Lift,running,3,1,1,0
2026-07-17T09:59:58.231+07:00,3695732431287,14.946672453,left,1,0,5,Lift,running,3,1,1,0
2026-07-17T09:59:58.247+07:00,3695748772384,14.963013550,right,1,0,5,Lift,running,3,1,1,0
2026-07-17T09:59:58.296+07:00,3695797670113,15.011911279,left,1,0,5,Lift,running,3,1,1,0
2026-07-17T09:59:58.348+07:00,3695849727242,15.063968408,right,1,0,5,Lift,running,3,1,1,0
2026-07-17T09:59:58.364+07:00,3695865705371,15.079946537,left,1,0,5,Lift,running,3,1,1,0
2026-07-17T09:59:58.379+07:00,3695880107594,15.094348760,right,1,0,5,Lift,running,3,1,1,0
2026-07-17T09:59:58.434+07:00,3695935248182,15.149489348,left,1,0,5,Lift,running,3,1,1,0
2026-07-17T09:59:58.445+07:00,3695946354823,15.160595989,right,1,0,5,Lift,running,3,1,1,0
2026-07-17T09:59:58.496+07:00,3695997255735,15.211496901,left,1,0,5,Lift,running,3,1,1,0
2026-07-17T09:59:58.548+07:00,3696049790855,15.264032021,right,1,0,5,Lift,running,3,1,1,0
2026-07-17T09:59:58.565+07:00,3696066728543,15.280969709,left,1,0,5,Lift,running,3,1,1,0
2026-07-17T09:59:58.573+07:00,3696074968357,15.289209523,right,1,0,5,Lift,running,3,1,1,0
2026-07-17T09:59:58.632+07:00,3696133088160,15.347329326,left,1,0,5,Lift,running,3,1,1,0
2026-07-17T09:59:58.645+07:00,3696146806158,15.361047324,right,1,0,5,Lift,running,3,1,1,0
2026-07-17T09:59:58.695+07:00,3696196843275,15.411084441,left,1,0,5,Lift,running,3,1,1,0
2026-07-17T09:59:58.748+07:00,3696249669407,15.463910573,right,1,0,5,Lift,running,3,1,1,0
2026-07-17T09:59:58.764+07:00,3696265927546,15.480168712,left,1,0,5,Lift,running,3,1,1,0
2026-07-17T09:59:58.778+07:00,3696279541419,15.493782585,right,1,0,5,Lift,running,3,1,1,0
2026-07-17T09:59:58.829+07:00,3696330771954,15.545013120,left,1,0,5,Lift,running,3,1,1,0
2026-07-17T09:59:58.838+07:00,3696339494136,15.553735302,right,1,0,5,Lift,running,3,1,1,0
2026-07-17T09:59:58.948+07:00,3696449707878,15.663949044,left,1,0,5,Lift,running,3,1,1,0
2026-07-17T09:59:58.948+07:00,3696449811555,15.664052721,right,1,0,5,Lift,running,3,1,1,0
2026-07-17T09:59:58.966+07:00,3696467567667,15.681808833,left,1,0,5,Lift,running,3,1,1,0
2026-07-17T09:59:58.976+07:00,3696477249029,15.691490195,right,1,0,5,Lift,running,3,1,1,0
2026-07-17T09:59:59.032+07:00,3696533307938,15.747549104,left,1,0,5,Lift,running,3,1,1,0
2026-07-17T09:59:59.045+07:00,3696546608047,15.760849213,right,1,0,5,Lift,running,3,1,1,0
2026-07-17T09:59:59.096+07:00,3696597753422,15.811994588,left,1,0,5,Lift,running,3,1,1,0
2026-07-17T09:59:59.148+07:00,3696649368115,15.863609281,right,1,0,5,Lift,running,3,1,1,0
2026-07-17T09:59:59.162+07:00,3696663883988,15.878125154,left,1,0,5,Lift,running,3,1,1,0
2026-07-17T09:59:59.192+07:00,3696693096496,15.907337662,right,1,0,5,Lift,running,3,1,1,0
2026-07-17T09:59:59.224+07:00,3696725824535,15.940065701,left,1,0,5,Lift,running,3,1,1,0
2026-07-17T09:59:59.254+07:00,3696755594030,15.969835196,right,1,0,5,Lift,running,3,1,1,0
2026-07-17T09:59:59.292+07:00,3696793111279,16.007352445,left,1,0,5,Lift,running,3,1,1,0
2026-07-17T09:59:59.348+07:00,3696849764557,16.064005723,right,1,0,5,Lift,running,3,1,1,0
2026-07-17T09:59:59.358+07:00,3696859967225,16.074208391,left,1,0,5,Lift,running,3,1,1,0
2026-07-17T09:59:59.382+07:00,3696883953726,16.098194892,right,1,0,5,Lift,running,0,1,1,0
2026-07-17T09:59:59.425+07:00,3696926098572,16.140339738,left,1,0,5,Lift,running,0,1,1,0
2026-07-17T09:59:59.449+07:00,3696950941160,16.165182326,right,1,0,5,Lift,running,0,1,1,0
2026-07-17T09:59:59.489+07:00,3696990700254,16.204941420,left,1,0,5,Lift,running,0,1,1,0
2026-07-17T09:59:59.548+07:00,3697049303319,16.263544485,right,1,0,5,Lift,delay,0,1,1,0
2026-07-17T09:59:59.556+07:00,3697057344143,16.271585309,left,1,0,5,Lift,delay,0,1,1,0
2026-07-17T09:59:59.579+07:00,3697080235558,16.294476724,right,1,0,5,Lift,delay,0,1,1,0
2026-07-17T09:59:59.618+07:00,3697119595312,16.333836478,left,1,0,5,Lift,delay,0,1,1,0
2026-07-17T09:59:59.639+07:00,3697140328543,16.354569709,right,1,0,5,Lift,delay,0,1,1,0
2026-07-17T09:59:59.685+07:00,3697186340598,16.400581764,left,1,0,5,Lift,delay,0,1,1,0
2026-07-17T09:59:59.703+07:00,3697204469383,16.418710549,right,1,0,5,Lift,delay,0,1,1,0
2026-07-17T09:59:59.748+07:00,3697249824223,16.464065389,left,1,0,5,Lift,delay,0,1,1,0
2026-07-17T09:59:59.765+07:00,3697266677094,16.480918260,right,1,0,5,Lift,delay,0,1,1,0
2026-07-17T09:59:59.813+07:00,3697314009837,16.528251003,left,1,0,5,Lift,delay,0,1,1,0
2026-07-17T09:59:59.831+07:00,3697332023489,16.546264655,right,1,0,5,Lift,delay,0,1,1,0
2026-07-17T09:59:59.876+07:00,3697377338190,16.591579356,left,1,0,5,Lift,delay,0,1,1,0
2026-07-17T09:59:59.891+07:00,3697392216596,16.606457762,right,1,0,5,Lift,delay,0,1,1,0
2026-07-17T09:59:59.949+07:00,3697450326618,16.664567784,left,1,0,5,Lift,delay,0,1,1,0
2026-07-17T09:59:59.968+07:00,3697469491411,16.683732577,right,1,0,5,Lift,delay,0,1,1,0
2026-07-17T10:00:00.000+07:00,3697501836113,16.716077279,left,1,0,5,Lift,delay,3,1,1,0
2026-07-17T10:00:00.031+07:00,3697532640430,16.746881596,right,1,0,5,Lift,delay,3,1,1,0
2026-07-17T10:00:00.068+07:00,3697569090109,16.783331275,left,1,0,5,Lift,delay,3,1,1,0
2026-07-17T10:00:00.099+07:00,3697600615858,16.814857024,right,1,0,5,Lift,delay,3,1,1,0
2026-07-17T10:00:00.153+07:00,3697654506693,16.868747859,left,1,0,6,Move,running,3,1,1,0
2026-07-17T10:00:00.196+07:00,3697697564011,16.911805177,right,1,0,6,Move,running,3,1,1,0
2026-07-17T10:00:00.215+07:00,3697716476854,16.930718020,left,1,0,6,Move,running,3,1,1,0
2026-07-17T10:00:00.261+07:00,3697762717242,16.976958408,right,1,0,6,Move,running,3,1,1,0
2026-07-17T10:00:00.292+07:00,3697793388371,17.007629537,left,1,0,6,Move,running,3,1,1,0
2026-07-17T10:00:00.358+07:00,3697859955185,17.074196351,left,1,0,6,Move,running,3,1,1,0
2026-07-17T10:00:00.359+07:00,3697859992071,17.074233237,right,1,0,6,Move,running,3,1,1,0
2026-07-17T10:00:00.397+07:00,3697898429293,17.112670459,right,1,0,6,Move,running,3,1,1,0
2026-07-17T10:00:00.424+07:00,3697925701497,17.139942663,left,1,0,6,Move,running,3,1,1,0
2026-07-17T10:00:00.462+07:00,3697962994441,17.177235607,right,1,0,6,Move,running,3,1,1,0
2026-07-17T10:00:00.487+07:00,3697988334501,17.202575667,left,1,0,6,Move,running,3,1,1,0
2026-07-17T10:00:00.549+07:00,3698050389369,17.264630535,right,1,0,6,Move,running,3,1,1,0
2026-07-17T10:00:00.553+07:00,3698054104615,17.268345781,left,1,0,6,Move,running,3,1,1,0
2026-07-17T10:00:00.590+07:00,3698091612218,17.305853384,right,1,0,6,Move,running,3,1,1,0
2026-07-17T10:00:00.616+07:00,3698117375040,17.331616206,left,1,0,6,Move,running,3,1,1,0
2026-07-17T10:00:00.681+07:00,3698182913435,17.397154601,right,1,0,6,Move,running,3,1,1,0
2026-07-17T10:00:00.682+07:00,3698183296975,17.397538141,left,1,0,6,Move,running,3,1,1,0
2026-07-17T10:00:00.748+07:00,3698249833035,17.464074201,left,1,0,6,Move,running,3,1,1,0
2026-07-17T10:00:00.750+07:00,3698251879153,17.466120319,right,1,0,6,Move,running,3,1,1,0
2026-07-17T10:00:00.815+07:00,3698316643295,17.530884461,left,1,0,6,Move,running,3,1,1,0
2026-07-17T10:00:00.816+07:00,3698317475259,17.531716425,right,1,0,6,Move,running,3,1,1,0
2026-07-17T10:00:00.877+07:00,3698378170197,17.592411363,right,1,0,6,Move,running,3,1,1,0
2026-07-17T10:00:00.880+07:00,3698381615509,17.595856675,left,1,0,6,Move,running,3,1,1,0
2026-07-17T10:00:00.948+07:00,3698449335479,17.663576645,left,1,0,6,Move,running,3,1,1,0
2026-07-17T10:00:00.957+07:00,3698458773006,17.673014172,right,1,0,6,Move,running,3,1,1,0
2026-07-17T10:00:01.007+07:00,3698508450234,17.722691400,left,1,0,6,Move,running,3,1,1,0
2026-07-17T10:00:01.017+07:00,3698518543958,17.732785124,right,1,0,6,Move,running,3,1,1,0
2026-07-17T10:00:01.070+07:00,3698571652880,17.785894046,left,1,0,6,Move,running,3,1,1,0
2026-07-17T10:00:01.083+07:00,3698584137954,17.798379120,right,1,0,6,Move,running,3,1,1,0
2026-07-17T10:00:01.164+07:00,3698665561698,17.879802864,left,1,0,6,Move,running,3,1,1,0
2026-07-17T10:00:01.171+07:00,3698672854111,17.887095277,right,1,0,6,Move,running,3,1,1,0
2026-07-17T10:00:01.226+07:00,3698726979177,17.941220343,left,1,0,6,Move,running,3,1,1,0
2026-07-17T10:00:01.232+07:00,3698733298011,17.947539177,right,1,0,6,Move,running,3,1,1,0
2026-07-17T10:00:01.291+07:00,3698792764967,18.007006133,left,1,0,6,Move,running,3,1,1,0
2026-07-17T10:00:01.294+07:00,3698795027649,18.009268815,right,1,0,6,Move,running,3,1,1,0
2026-07-17T10:00:01.356+07:00,3698857780071,18.072021237,left,1,0,6,Move,running,3,1,1,0
2026-07-17T10:00:01.362+07:00,3698863416259,18.077657425,right,1,0,6,Move,running,3,1,1,0
2026-07-17T10:00:01.423+07:00,3698923993374,18.138234540,right,1,0,6,Move,running,3,1,1,0
2026-07-17T10:00:01.425+07:00,3698926681611,18.140922777,left,1,0,6,Move,running,3,1,1,0
2026-07-17T10:00:01.487+07:00,3698987977966,18.202219132,right,1,0,6,Move,running,3,1,1,0
2026-07-17T10:00:01.489+07:00,3698990962623,18.205203789,left,1,0,6,Move,running,3,1,1,0
2026-07-17T10:00:01.562+07:00,3699063211388,18.277452554,left,1,0,6,Move,running,3,1,1,0
2026-07-17T10:00:01.563+07:00,3699064744285,18.278985451,right,1,0,6,Move,running,3,1,1,0
2026-07-17T10:00:01.627+07:00,3699128779907,18.343021073,left,1,0,6,Move,running,3,1,1,0
2026-07-17T10:00:01.629+07:00,3699130177450,18.344418616,right,1,0,6,Move,running,3,1,1,0
2026-07-17T10:00:01.691+07:00,3699192483744,18.406724910,left,1,0,6,Move,running,3,1,1,0
2026-07-17T10:00:01.748+07:00,3699249096200,18.463337366,right,1,0,6,Move,running,3,1,1,0
2026-07-17T10:00:01.752+07:00,3699253851389,18.468092555,left,1,0,6,Move,running,3,1,1,0
2026-07-17T10:00:01.782+07:00,3699283564997,18.497806163,right,1,0,6,Move,running,3,1,1,0
2026-07-17T10:00:01.822+07:00,3699323475781,18.537716947,left,1,0,6,Move,running,3,1,1,0
2026-07-17T10:00:01.849+07:00,3699350486927,18.564728093,right,1,0,6,Move,running,3,1,1,0
2026-07-17T10:00:01.904+07:00,3699405075544,18.619316710,left,1,0,6,Move,running,3,1,1,0
2026-07-17T10:00:01.948+07:00,3699449602883,18.663844049,right,1,0,6,Move,running,3,1,1,0
2026-07-17T10:00:01.970+07:00,3699471320035,18.685561201,left,1,0,6,Move,running,3,1,1,0
2026-07-17T10:00:01.991+07:00,3699492587292,18.706828458,right,1,0,6,Move,running,3,1,1,0
2026-07-17T10:00:02.037+07:00,3699538122718,18.752363884,left,1,0,6,Move,running,3,1,1,0
2026-07-17T10:00:02.052+07:00,3699553837354,18.768078520,right,1,0,6,Move,running,3,1,1,0
2026-07-17T10:00:02.098+07:00,3699599673587,18.813914753,left,1,0,6,Move,running,3,1,1,0
2026-07-17T10:00:02.148+07:00,3699649180405,18.863421571,right,1,0,6,Move,running,3,1,1,0
2026-07-17T10:00:02.168+07:00,3699669604146,18.883845312,left,1,0,6,Move,running,3,1,1,0
2026-07-17T10:00:02.190+07:00,3699691626550,18.905867716,right,1,0,6,Move,running,3,1,1,0
2026-07-17T10:00:02.232+07:00,3699733056071,18.947297237,left,1,0,6,Move,running,3,1,1,0
2026-07-17T10:00:02.253+07:00,3699754905017,18.969146183,right,1,0,6,Move,running,3,1,1,0
2026-07-17T10:00:02.296+07:00,3699797217893,19.011459059,left,1,0,6,Move,running,3,1,1,0
2026-07-17T10:00:02.348+07:00,3699849312313,19.063553479,right,1,0,6,Move,running,3,1,1,0
2026-07-17T10:00:02.364+07:00,3699864996403,19.079237569,left,1,0,6,Move,running,3,1,1,0
2026-07-17T10:00:02.380+07:00,3699881794756,19.096035922,right,1,0,6,Move,running,3,1,1,0
2026-07-17T10:00:02.427+07:00,3699928674143,19.142915309,left,1,0,6,Move,running,3,1,1,0
2026-07-17T10:00:02.445+07:00,3699946187633,19.160428799,right,1,0,6,Move,running,3,1,1,0
2026-07-17T10:00:02.489+07:00,3699990206182,19.204447348,left,1,0,6,Move,running,3,1,1,0
2026-07-17T10:00:02.548+07:00,3700049730523,19.263971689,right,1,0,6,Move,running,3,1,1,0
2026-07-17T10:00:02.556+07:00,3700057416609,19.271657775,left,1,0,6,Move,running,3,1,1,0
2026-07-17T10:00:02.572+07:00,3700073637104,19.287878270,right,1,0,6,Move,running,3,1,1,0
2026-07-17T10:00:02.618+07:00,3700119342201,19.333583367,left,1,0,6,Move,running,3,1,1,0
2026-07-17T10:00:02.637+07:00,3700138047754,19.352288920,right,1,0,6,Move,running,3,1,1,0
2026-07-17T10:00:02.680+07:00,3700181591728,19.395832894,left,1,0,6,Move,running,3,1,1,0
2026-07-17T10:00:02.748+07:00,3700249884051,19.464125217,left,1,0,6,Move,running,3,1,1,0
2026-07-17T10:00:02.748+07:00,3700249921973,19.464163139,right,1,0,6,Move,running,3,1,1,0
2026-07-17T10:00:02.772+07:00,3700272974202,19.487215368,right,1,0,6,Move,running,3,1,1,0
2026-07-17T10:00:02.807+07:00,3700308710997,19.522952163,left,1,0,6,Move,running,3,1,1,0
2026-07-17T10:00:02.836+07:00,3700337965872,19.552207038,right,1,0,6,Move,running,3,1,1,0
2026-07-17T10:00:02.871+07:00,3700372267139,19.586508305,left,1,0,6,Move,running,3,1,1,0
2026-07-17T10:00:02.901+07:00,3700402383617,19.616624783,right,1,0,6,Move,running,3,1,1,0
2026-07-17T10:00:02.958+07:00,3700459520117,19.673761283,left,1,0,6,Move,running,3,1,1,0
2026-07-17T10:00:02.980+07:00,3700481537082,19.695778248,right,1,0,6,Move,running,3,1,1,0
2026-07-17T10:00:02.998+07:00,3700499309943,19.713551109,left,1,0,6,Move,running,3,1,1,0
2026-07-17T10:00:03.047+07:00,3700548737843,19.762979009,right,1,0,6,Move,running,3,1,1,0
2026-07-17T10:00:03.065+07:00,3700566747322,19.780988488,left,1,0,6,Move,running,3,1,1,0
2026-07-17T10:00:03.148+07:00,3700649868579,19.864109745,right,1,0,6,Move,running,3,1,1,0
2026-07-17T10:00:03.161+07:00,3700662913722,19.877154888,left,1,0,6,Move,running,3,1,1,0
2026-07-17T10:00:03.215+07:00,3700716688139,19.930929305,right,1,0,6,Move,running,3,1,1,0
2026-07-17T10:00:03.222+07:00,3700723544347,19.937785513,left,1,0,6,Move,running,3,1,1,0
2026-07-17T10:00:03.277+07:00,3700778177444,19.992418610,right,1,0,6,Move,running,3,1,1,0
2026-07-17T10:00:03.293+07:00,3700794009698,20.008250864,left,1,0,6,Move,running,3,1,1,0
2026-07-17T10:00:03.356+07:00,3700857039648,20.071280814,left,1,0,6,Move,running,3,1,1,0
2026-07-17T10:00:03.356+07:00,3700857685725,20.071926891,right,1,0,6,Move,running,3,1,1,0
2026-07-17T10:00:03.425+07:00,3700926079028,20.140320194,left,1,0,6,Move,running,3,1,1,0
2026-07-17T10:00:03.429+07:00,3700930027440,20.144268606,right,1,0,6,Move,running,3,1,1,0
2026-07-17T10:00:03.487+07:00,3700988348346,20.202589512,left,1,0,6,Move,running,3,1,1,0
2026-07-17T10:00:03.489+07:00,3700990841421,20.205082587,right,1,0,6,Move,running,3,1,1,0
2026-07-17T10:00:03.551+07:00,3701052198384,20.266439550,left,1,0,6,Move,running,3,1,1,0
2026-07-17T10:00:03.555+07:00,3701056805287,20.271046453,right,1,0,6,Move,running,3,1,1,0
2026-07-17T10:00:03.620+07:00,3701121125247,20.335366413,left,1,0,6,Move,running,3,1,1,0
2026-07-17T10:00:03.620+07:00,3701121541195,20.335782361,right,1,0,6,Move,running,3,1,1,0
2026-07-17T10:00:03.694+07:00,3701195269738,20.409510904,left,1,0,6,Move,running,3,1,1,0
2026-07-17T10:00:03.748+07:00,3701249226774,20.463467940,right,1,0,6,Move,running,3,1,1,0
2026-07-17T10:00:03.758+07:00,3701259186387,20.473427553,left,1,0,6,Move,running,3,1,1,0
2026-07-17T10:00:03.774+07:00,3701275556986,20.489798152,right,1,0,6,Move,running,3,1,1,0
2026-07-17T10:00:03.821+07:00,3701322232631,20.536473797,left,1,0,6,Move,running,3,1,1,0
2026-07-17T10:00:03.836+07:00,3701337019232,20.551260398,right,1,0,6,Move,running,3,1,1,0
2026-07-17T10:00:03.886+07:00,3701387444703,20.601685869,left,1,0,6,Move,running,3,1,1,0
2026-07-17T10:00:03.896+07:00,3701397897872,20.612139038,right,1,0,6,Move,running,3,1,1,0
2026-07-17T10:00:03.950+07:00,3701451782010,20.666023176,left,1,0,6,Move,running,3,1,1,0
2026-07-17T10:00:03.964+07:00,3701465908736,20.680149902,right,1,0,6,Move,running,3,1,1,0
2026-07-17T10:00:04.018+07:00,3701519601202,20.733842368,left,1,0,6,Move,running,3,1,1,0
2026-07-17T10:00:04.029+07:00,3701530280446,20.744521612,right,1,0,6,Move,running,3,1,1,0
2026-07-17T10:00:04.083+07:00,3701584259798,20.798500964,left,1,0,6,Move,running,3,1,1,0
2026-07-17T10:00:04.094+07:00,3701595905659,20.810146825,right,1,0,6,Move,running,3,1,1,0
2026-07-17T10:00:04.175+07:00,3701676796372,20.891037538,left,1,0,6,Move,running,3,1,1,0
2026-07-17T10:00:04.187+07:00,3701688736038,20.902977204,right,1,0,6,Move,running,3,1,1,0
2026-07-17T10:00:04.241+07:00,3701742343004,20.956584170,left,1,0,6,Move,running,3,1,1,0
2026-07-17T10:00:04.250+07:00,3701751846540,20.966087706,right,1,0,6,Move,running,3,1,1,0
2026-07-17T10:00:04.369+07:00,3701870385329,21.084626495,left,1,0,6,Move,running,3,1,1,0
2026-07-17T10:00:04.369+07:00,3701870428780,21.084669946,right,1,0,6,Move,running,3,1,1,0
2026-07-17T10:00:04.381+07:00,3701882881098,21.097122264,right,1,0,6,Move,running,3,1,1,0
2026-07-17T10:00:04.409+07:00,3701910687540,21.124928706,left,1,0,6,Move,running,3,1,1,0
2026-07-17T10:00:04.446+07:00,3701947151241,21.161392407,right,1,0,6,Move,running,3,1,1,0
2026-07-17T10:00:04.482+07:00,3701983256905,21.197498071,left,1,0,6,Move,running,3,1,1,0
2026-07-17T10:00:04.548+07:00,3702049837352,21.264078518,left,1,0,6,Move,running,3,1,1,0
2026-07-17T10:00:04.548+07:00,3702049875637,21.264116803,right,1,0,6,Move,running,3,1,1,0
2026-07-17T10:00:04.582+07:00,3702083125052,21.297366218,right,1,0,6,Move,running,3,1,1,0
2026-07-17T10:00:04.614+07:00,3702115365821,21.329606987,left,1,0,6,Move,running,3,1,1,0
2026-07-17T10:00:04.643+07:00,3702144083989,21.358325155,right,1,0,6,Move,running,3,1,1,0
2026-07-17T10:00:04.675+07:00,3702176944509,21.391185675,left,1,0,6,Move,running,3,1,1,0
2026-07-17T10:00:04.748+07:00,3702249428088,21.463669254,left,1,0,6,Move,running,3,1,1,0
2026-07-17T10:00:04.748+07:00,3702249466215,21.463707381,right,1,0,6,Move,running,3,1,1,0
2026-07-17T10:00:04.781+07:00,3702282706805,21.496947971,right,1,0,6,Move,running,3,1,1,0
2026-07-17T10:00:04.808+07:00,3702309307834,21.523549000,left,1,0,6,Move,running,3,1,1,0
2026-07-17T10:00:04.851+07:00,3702352649686,21.566890852,right,1,0,6,Move,running,3,1,1,0
2026-07-17T10:00:04.870+07:00,3702371501182,21.585742348,left,1,0,6,Move,running,3,1,1,0
2026-07-17T10:00:04.948+07:00,3702449893759,21.664134925,left,1,0,6,Move,running,0,1,1,0
2026-07-17T10:00:04.948+07:00,3702449927685,21.664168851,right,1,0,6,Move,running,3,1,1,0
2026-07-17T10:00:04.980+07:00,3702481800556,21.696041722,right,1,0,6,Move,running,0,1,1,0
2026-07-17T10:00:05.006+07:00,3702507585789,21.721826955,left,1,0,6,Move,running,0,1,1,0
2026-07-17T10:00:05.041+07:00,3702542858045,21.757099211,right,1,0,6,Move,running,0,1,1,0
2026-07-17T10:00:05.090+07:00,3702591373123,21.805614289,left,1,0,6,Move,running,0,1,1,0
2026-07-17T10:00:05.148+07:00,3702649790162,21.864031328,right,1,0,6,Move,delay,0,1,1,0
2026-07-17T10:00:05.173+07:00,3702673974975,21.888216141,left,1,0,6,Move,delay,0,1,1,0
2026-07-17T10:00:05.193+07:00,3702694870629,21.909111795,right,1,0,6,Move,delay,0,1,1,0
2026-07-17T10:00:05.240+07:00,3702741535482,21.955776648,left,1,0,6,Move,delay,0,1,1,0
2026-07-17T10:00:05.254+07:00,3702755187186,21.969428352,right,1,0,6,Move,delay,0,1,1,0
2026-07-17T10:00:05.304+07:00,3702805173028,22.019414194,left,1,0,6,Move,delay,0,1,1,0
2026-07-17T10:00:05.348+07:00,3702849372923,22.063614089,right,1,0,6,Move,delay,0,1,1,0
2026-07-17T10:00:05.373+07:00,3702874423497,22.088664663,left,1,0,6,Move,delay,0,1,1,0
2026-07-17T10:00:05.376+07:00,3702877900887,22.092142053,right,1,0,6,Move,delay,0,1,1,0
2026-07-17T10:00:05.437+07:00,3702938133025,22.152374191,left,1,0,6,Move,delay,0,1,1,0
2026-07-17T10:00:05.438+07:00,3702939348056,22.153589222,right,1,0,6,Move,delay,0,1,1,0
2026-07-17T10:00:05.499+07:00,3703000228305,22.214469471,right,1,0,6,Move,delay,0,1,1,0
2026-07-17T10:00:05.547+07:00,3703048843828,22.263084994,left,1,0,7,Pre_Place,running,0,1,1,0
2026-07-17T10:00:05.562+07:00,3703063055383,22.277296549,right,1,0,7,Pre_Place,running,3,1,1,0
2026-07-17T10:00:05.598+07:00,3703099716455,22.313957621,left,1,0,7,Pre_Place,running,3,1,1,0
2026-07-17T10:00:05.622+07:00,3703123327748,22.337568914,right,1,0,7,Pre_Place,running,3,1,1,0
2026-07-17T10:00:05.685+07:00,3703186139689,22.400380855,left,1,0,7,Pre_Place,running,3,1,1,0
2026-07-17T10:00:05.748+07:00,3703249074748,22.463315914,right,1,0,7,Pre_Place,running,3,1,1,0
2026-07-17T10:00:05.751+07:00,3703252396816,22.466637982,left,1,0,7,Pre_Place,running,3,1,1,0
2026-07-17T10:00:05.771+07:00,3703272840318,22.487081484,right,1,0,7,Pre_Place,running,3,1,1,0
2026-07-17T10:00:05.812+07:00,3703313626719,22.527867885,left,1,0,7,Pre_Place,running,3,1,1,0
2026-07-17T10:00:05.843+07:00,3703344324780,22.558565946,right,1,0,7,Pre_Place,running,3,1,1,0
2026-07-17T10:00:05.948+07:00,3703449408280,22.663649446,left,1,0,7,Pre_Place,running,3,1,1,0
2026-07-17T10:00:05.948+07:00,3703449489819,22.663730985,right,1,0,7,Pre_Place,running,3,1,1,0
2026-07-17T10:00:05.986+07:00,3703487620866,22.701862032,left,1,0,7,Pre_Place,running,3,1,1,0
2026-07-17T10:00:05.988+07:00,3703489716936,22.703958102,right,1,0,7,Pre_Place,running,3,1,1,0
2026-07-17T10:00:06.047+07:00,3703548440343,22.762681509,left,1,0,7,Pre_Place,running,3,1,1,0
2026-07-17T10:00:06.054+07:00,3703555304017,22.769545183,right,1,0,7,Pre_Place,running,3,1,1,0
2026-07-17T10:00:06.160+07:00,3703661238748,22.875479914,left,1,0,7,Pre_Place,running,3,1,1,0
2026-07-17T10:00:06.160+07:00,3703661278093,22.875519259,right,1,0,7,Pre_Place,running,3,1,1,0
2026-07-17T10:00:06.188+07:00,3703689206930,22.903448096,left,1,0,7,Pre_Place,running,3,1,1,0
2026-07-17T10:00:06.203+07:00,3703704119500,22.918360666,right,1,0,7,Pre_Place,running,3,1,1,0
2026-07-17T10:00:06.253+07:00,3703754668353,22.968909519,left,1,0,7,Pre_Place,running,3,1,1,0
2026-07-17T10:00:06.267+07:00,3703768258316,22.982499482,right,1,0,7,Pre_Place,running,3,1,1,0
2026-07-17T10:00:06.359+07:00,3703860619326,23.074860492,left,1,0,7,Pre_Place,running,3,1,1,0
2026-07-17T10:00:06.359+07:00,3703860652798,23.074893964,right,1,0,7,Pre_Place,running,3,1,1,0
2026-07-17T10:00:06.402+07:00,3703903375441,23.117616607,right,1,0,7,Pre_Place,running,3,1,1,0
2026-07-17T10:00:06.413+07:00,3703914548713,23.128789879,left,1,0,7,Pre_Place,running,3,1,1,0
2026-07-17T10:00:06.462+07:00,3703963961300,23.178202466,right,1,0,7,Pre_Place,running,3,1,1,0
2026-07-17T10:00:06.476+07:00,3703977384977,23.191626143,left,1,0,7,Pre_Place,running,3,1,1,0
2026-07-17T10:00:06.549+07:00,3704050446550,23.264687716,left,1,0,7,Pre_Place,running,3,1,1,0
2026-07-17T10:00:06.554+07:00,3704055855798,23.270096964,right,1,0,7,Pre_Place,running,3,1,1,0
2026-07-17T10:00:06.599+07:00,3704100935233,23.315176399,left,1,0,7,Pre_Place,running,3,1,1,0
2026-07-17T10:00:06.620+07:00,3704120991934,23.335233100,right,1,0,7,Pre_Place,running,3,1,1,0
2026-07-17T10:00:06.677+07:00,3704178549505,23.392790671,left,1,0,7,Pre_Place,running,3,1,1,0
2026-07-17T10:00:06.698+07:00,3704199331128,23.413572294,right,1,0,7,Pre_Place,running,3,1,1,0
2026-07-17T10:00:06.747+07:00,3704248860726,23.463101892,left,1,0,7,Pre_Place,running,3,1,1,0
2026-07-17T10:00:06.759+07:00,3704260358843,23.474600009,right,1,0,7,Pre_Place,running,3,1,1,0
2026-07-17T10:00:06.810+07:00,3704311529561,23.525770727,left,1,0,7,Pre_Place,running,3,1,1,0
2026-07-17T10:00:06.825+07:00,3704326053470,23.540294636,right,1,0,7,Pre_Place,running,3,1,1,0
2026-07-17T10:00:06.874+07:00,3704375946766,23.590187932,left,1,0,7,Pre_Place,running,3,1,1,0
2026-07-17T10:00:06.886+07:00,3704387199202,23.601440368,right,1,0,7,Pre_Place,running,3,1,1,0
2026-07-17T10:00:06.948+07:00,3704449576887,23.663818053,left,1,0,7,Pre_Place,running,3,1,1,0
2026-07-17T10:00:06.950+07:00,3704451907969,23.666149135,right,1,0,7,Pre_Place,running,3,1,1,0
2026-07-17T10:00:07.008+07:00,3704509880470,23.724121636,left,1,0,7,Pre_Place,running,3,1,1,0
2026-07-17T10:00:07.011+07:00,3704512479849,23.726721015,right,1,0,7,Pre_Place,running,3,1,1,0
2026-07-17T10:00:07.073+07:00,3704574156362,23.788397528,left,1,0,7,Pre_Place,running,3,1,1,0
2026-07-17T10:00:07.075+07:00,3704576211688,23.790452854,right,1,0,7,Pre_Place,running,3,1,1,0
2026-07-17T10:00:07.149+07:00,3704650703518,23.864944684,left,1,0,7,Pre_Place,running,3,1,1,0
2026-07-17T10:00:07.191+07:00,3704692388553,23.906629719,right,1,0,7,Pre_Place,running,3,1,1,0
2026-07-17T10:00:07.204+07:00,3704705383960,23.919625126,left,1,0,7,Pre_Place,running,3,1,1,0
2026-07-17T10:00:07.255+07:00,3704756343979,23.970585145,right,1,0,7,Pre_Place,running,0,1,1,0
2026-07-17T10:00:07.271+07:00,3704771971736,23.986212902,left,1,0,7,Pre_Place,running,0,1,1,0
2026-07-17T10:00:07.350+07:00,3704851157654,24.065398820,left,1,0,7,Pre_Place,delay,0,1,1,0
2026-07-17T10:00:07.350+07:00,3704851200544,24.065441710,right,1,0,7,Pre_Place,delay,0,1,1,0
2026-07-17T10:00:07.386+07:00,3704887041134,24.101282300,right,1,0,7,Pre_Place,delay,0,1,1,0
2026-07-17T10:00:07.396+07:00,3704897646840,24.111888006,left,1,0,7,Pre_Place,delay,0,1,1,0
2026-07-17T10:00:07.459+07:00,3704960486101,24.174727267,right,1,0,7,Pre_Place,delay,0,1,1,0
2026-07-17T10:00:07.460+07:00,3704961679452,24.175920618,left,1,0,7,Pre_Place,delay,0,1,1,0
2026-07-17T10:00:07.550+07:00,3705051938665,24.266179831,left,1,0,7,Pre_Place,delay,0,1,1,0
2026-07-17T10:00:07.551+07:00,3705051974949,24.266216115,right,1,0,7,Pre_Place,delay,0,1,1,0
2026-07-17T10:00:07.589+07:00,3705090206152,24.304447318,right,1,0,7,Pre_Place,delay,0,1,1,0
2026-07-17T10:00:07.599+07:00,3705100957188,24.315198354,left,1,0,7,Pre_Place,delay,0,1,1,0
2026-07-17T10:00:07.655+07:00,3705156160765,24.370401931,right,1,0,7,Pre_Place,delay,0,1,1,0
2026-07-17T10:00:07.690+07:00,3705191904598,24.406145764,left,1,0,7,Pre_Place,delay,0,1,1,0
2026-07-17T10:00:07.747+07:00,3705248849483,24.463090649,right,1,0,7,Pre_Place,delay,0,1,1,0
2026-07-17T10:00:07.752+07:00,3705253207141,24.467448307,left,1,0,7,Pre_Place,delay,0,1,1,0
2026-07-17T10:00:07.785+07:00,3705285999919,24.500241085,right,1,0,7,Pre_Place,delay,0,1,1,0
2026-07-17T10:00:07.815+07:00,3705316585512,24.530826678,left,1,0,7,Pre_Place,delay,3,1,1,0
2026-07-17T10:00:07.851+07:00,3705352521181,24.566762347,right,1,0,7,Pre_Place,delay,3,1,1,0
2026-07-17T10:00:07.880+07:00,3705381156134,24.595397300,left,1,0,7,Pre_Place,delay,3,1,1,0
2026-07-17T10:00:07.949+07:00,3705450279055,24.664520221,left,1,0,8,Place,running,3,1,1,0
2026-07-17T10:00:07.949+07:00,3705450313875,24.664555041,right,1,0,8,Place,running,3,1,1,0
2026-07-17T10:00:07.977+07:00,3705478405461,24.692646627,right,1,0,8,Place,running,3,1,1,0
2026-07-17T10:00:08.006+07:00,3705507913693,24.722154859,left,1,0,8,Place,running,3,1,1,0
2026-07-17T10:00:08.042+07:00,3705543560356,24.757801522,right,1,0,8,Place,running,3,1,1,0
2026-07-17T10:00:08.070+07:00,3705571959265,24.786200431,left,1,0,8,Place,running,3,1,1,0
2026-07-17T10:00:08.149+07:00,3705650069786,24.864310952,left,1,0,8,Place,running,3,1,1,0
2026-07-17T10:00:08.149+07:00,3705650144605,24.864385771,right,1,0,8,Place,running,3,1,1,0
2026-07-17T10:00:08.171+07:00,3705672832064,24.887073230,right,1,0,8,Place,running,3,1,1,0
2026-07-17T10:00:08.191+07:00,3705692833127,24.907074293,left,1,0,8,Place,running,3,1,1,0
2026-07-17T10:00:08.233+07:00,3705734331180,24.948572346,right,1,0,8,Place,running,3,1,1,0
2026-07-17T10:00:08.256+07:00,3705757140335,24.971381501,left,1,0,8,Place,running,3,1,1,0
2026-07-17T10:00:08.301+07:00,3705802613732,25.016854898,right,1,0,8,Place,running,3,1,1,0
2026-07-17T10:00:08.348+07:00,3705849227626,25.063468792,left,1,0,8,Place,running,3,1,1,0
2026-07-17T10:00:08.366+07:00,3705867544159,25.081785325,right,1,0,8,Place,running,3,1,1,0
2026-07-17T10:00:08.399+07:00,3705900562452,25.114803618,left,1,0,8,Place,running,3,1,1,0
2026-07-17T10:00:08.441+07:00,3705942936522,25.157177688,right,1,0,8,Place,running,3,1,1,0
2026-07-17T10:00:08.459+07:00,3705960584538,25.174825704,left,1,0,8,Place,running,3,1,1,0
2026-07-17T10:00:08.548+07:00,3706049133701,25.263374867,left,1,0,8,Place,running,3,1,1,0
2026-07-17T10:00:08.548+07:00,3706049175886,25.263417052,right,1,0,8,Place,running,3,1,1,0
2026-07-17T10:00:08.571+07:00,3706072497347,25.286738513,right,1,0,8,Place,running,3,1,1,0
2026-07-17T10:00:08.597+07:00,3706098417577,25.312658743,left,1,0,8,Place,running,3,1,1,0
2026-07-17T10:00:08.639+07:00,3706140968404,25.355209570,right,1,0,8,Place,running,3,1,1,0
2026-07-17T10:00:08.698+07:00,3706199329574,25.413570740,left,1,0,8,Place,running,3,1,1,0
2026-07-17T10:00:08.748+07:00,3706249711813,25.463952979,right,1,0,8,Place,running,3,1,1,0
2026-07-17T10:00:08.767+07:00,3706268659619,25.482900785,left,1,0,8,Place,running,3,1,1,0
2026-07-17T10:00:08.805+07:00,3706306668330,25.520909496,right,1,0,8,Place,running,3,1,1,0
2026-07-17T10:00:08.834+07:00,3706334997462,25.549238628,left,1,0,8,Place,running,3,1,1,0
2026-07-17T10:00:08.881+07:00,3706382105979,25.596347145,right,1,0,8,Place,running,3,1,1,0
2026-07-17T10:00:08.898+07:00,3706399174290,25.613415456,left,1,0,8,Place,running,3,1,1,0
2026-07-17T10:00:08.968+07:00,3706469068325,25.683309491,left,1,0,8,Place,running,3,1,1,0
2026-07-17T10:00:08.968+07:00,3706469107249,25.683348415,right,1,0,8,Place,running,3,1,1,0
2026-07-17T10:00:09.028+07:00,3706529715733,25.743956899,left,1,0,8,Place,running,3,1,1,0
2026-07-17T10:00:09.034+07:00,3706535825860,25.750067026,right,1,0,8,Place,running,3,1,1,0
2026-07-17T10:00:09.092+07:00,3706593532816,25.807773982,left,1,0,8,Place,running,3,1,1,0
2026-07-17T10:00:09.095+07:00,3706596646773,25.810887939,right,1,0,8,Place,running,3,1,1,0
2026-07-17T10:00:09.163+07:00,3706663986938,25.878228104,right,1,0,8,Place,running,3,1,1,0
2026-07-17T10:00:09.185+07:00,3706686043690,25.900284856,left,1,0,8,Place,running,3,1,1,0
2026-07-17T10:00:09.227+07:00,3706728908971,25.943150137,right,1,0,8,Place,running,3,1,1,0
2026-07-17T10:00:09.246+07:00,3706747779671,25.962020837,left,1,0,8,Place,running,3,1,1,0
2026-07-17T10:00:09.293+07:00,3706794620096,26.008861262,right,1,0,8,Place,running,3,1,1,0
2026-07-17T10:00:09.348+07:00,3706849201521,26.063442687,left,1,0,8,Place,running,3,1,1,0
2026-07-17T10:00:09.358+07:00,3706859753563,26.073994729,right,1,0,8,Place,running,3,1,1,0
2026-07-17T10:00:09.395+07:00,3706896179672,26.110420838,left,1,0,8,Place,running,3,1,1,0
2026-07-17T10:00:09.433+07:00,3706934963283,26.149204449,right,1,0,8,Place,running,3,1,1,0
2026-07-17T10:00:09.460+07:00,3706961280433,26.175521599,left,1,0,8,Place,running,0,1,1,0
2026-07-17T10:00:09.499+07:00,3707000407629,26.214648795,right,1,0,8,Place,running,0,1,1,0
2026-07-17T10:00:09.547+07:00,3707048789670,26.263030836,left,1,0,8,Place,delay,0,1,1,0
2026-07-17T10:00:09.563+07:00,3707064893646,26.279134812,right,1,0,8,Place,delay,0,1,1,0
2026-07-17T10:00:09.595+07:00,3707096132160,26.310373326,left,1,0,8,Place,delay,0,1,1,0
2026-07-17T10:00:09.631+07:00,3707132535607,26.346776773,right,1,0,8,Place,delay,0,1,1,0
2026-07-17T10:00:09.679+07:00,3707180823205,26.395064371,left,1,0,8,Place,delay,0,1,1,0
2026-07-17T10:00:09.748+07:00,3707249725716,26.463966882,left,1,0,8,Place,delay,0,1,1,0
2026-07-17T10:00:09.748+07:00,3707249799029,26.464040195,right,1,0,8,Place,delay,0,1,1,0
2026-07-17T10:00:09.792+07:00,3707293929537,26.508170703,right,1,0,8,Place,delay,0,1,1,0
2026-07-17T10:00:09.804+07:00,3707305268774,26.519509940,left,1,0,8,Place,delay,0,1,1,0
2026-07-17T10:00:09.858+07:00,3707359651473,26.573892639,right,1,0,8,Place,delay,0,1,1,0
2026-07-17T10:00:09.869+07:00,3707370538392,26.584779558,left,1,0,8,Place,delay,0,1,1,0
2026-07-17T10:00:09.959+07:00,3707460607992,26.674849158,left,1,0,8,Place,delay,0,1,1,0
2026-07-17T10:00:09.959+07:00,3707460690171,26.674931337,right,1,0,8,Place,delay,0,1,1,0
2026-07-17T10:00:09.986+07:00,3707487405487,26.701646653,right,1,0,8,Place,delay,0,1,1,0
2026-07-17T10:00:10.007+07:00,3707508557507,26.722798673,left,1,0,8,Place,delay,0,1,1,0
2026-07-17T10:00:10.050+07:00,3707551515238,26.765756404,right,1,0,8,Place,delay,0,1,1,0
2026-07-17T10:00:10.074+07:00,3707575173793,26.789414959,left,1,0,8,Place,delay,3,1,1,0
2026-07-17T10:00:10.148+07:00,3707649293216,26.863534382,left,1,0,9,Leave1,running,3,1,1,0
2026-07-17T10:00:10.148+07:00,3707649328040,26.863569206,right,1,0,9,Leave1,running,3,1,1,0
2026-07-17T10:00:10.207+07:00,3707708645790,26.922886956,right,1,0,9,Leave1,running,3,1,1,0
2026-07-17T10:00:10.222+07:00,3707723379016,26.937620182,left,1,0,9,Leave1,running,3,1,1,0
2026-07-17T10:00:10.293+07:00,3707794321176,27.008562342,left,1,0,9,Leave1,running,3,1,1,0
2026-07-17T10:00:10.298+07:00,3707799251310,27.013492476,right,1,0,9,Leave1,running,3,1,1,0
2026-07-17T10:00:10.358+07:00,3707859487453,27.073728619,right,1,0,9,Leave1,running,3,1,1,0
2026-07-17T10:00:10.378+07:00,3707879485443,27.093726609,left,1,0,9,Leave1,running,3,1,1,0
2026-07-17T10:00:10.440+07:00,3707941353015,27.155594181,right,1,0,9,Leave1,running,3,1,1,0
2026-07-17T10:00:10.441+07:00,3707942087757,27.156328923,left,1,0,9,Leave1,running,3,1,1,0
2026-07-17T10:00:10.502+07:00,3708003456139,27.217697305,right,1,0,9,Leave1,running,3,1,1,0
2026-07-17T10:00:10.503+07:00,3708004545706,27.218786872,left,1,0,9,Leave1,running,3,1,1,0
2026-07-17T10:00:10.562+07:00,3708063496544,27.277737710,right,1,0,9,Leave1,running,3,1,1,0
2026-07-17T10:00:10.566+07:00,3708067527954,27.281769120,left,1,0,9,Leave1,running,3,1,1,0
2026-07-17T10:00:10.626+07:00,3708127811407,27.342052573,right,1,0,9,Leave1,running,3,1,1,0
2026-07-17T10:00:10.629+07:00,3708130063185,27.344304351,left,1,0,9,Leave1,running,3,1,1,0
2026-07-17T10:00:10.692+07:00,3708193675808,27.407916974,left,1,0,9,Leave1,running,3,1,1,0
2026-07-17T10:00:10.748+07:00,3708249959465,27.464200631,right,1,0,9,Leave1,running,3,1,1,0
2026-07-17T10:00:10.759+07:00,3708260960904,27.475202070,left,1,0,9,Leave1,running,3,1,1,0
2026-07-17T10:00:10.778+07:00,3708279514060,27.493755226,right,1,0,9,Leave1,running,3,1,1,0
2026-07-17T10:00:10.823+07:00,3708324372201,27.538613367,left,1,0,9,Leave1,running,3,1,1,0
2026-07-17T10:00:10.842+07:00,3708343656147,27.557897313,right,1,0,9,Leave1,running,3,1,1,0
2026-07-17T10:00:10.888+07:00,3708389865503,27.604106669,left,1,0,9,Leave1,running,3,1,1,0
2026-07-17T10:00:10.958+07:00,3708459134374,27.673375540,left,1,0,9,Leave1,running,3,1,1,0
2026-07-17T10:00:10.958+07:00,3708459175292,27.673416458,right,1,0,9,Leave1,running,3,1,1,0
2026-07-17T10:00:10.972+07:00,3708473589902,27.687831068,right,1,0,9,Leave1,running,3,1,1,0
2026-07-17T10:00:11.018+07:00,3708519213388,27.733454554,left,1,0,9,Leave1,running,3,1,1,0
2026-07-17T10:00:11.041+07:00,3708542051701,27.756292867,right,1,0,9,Leave1,running,3,1,1,0
2026-07-17T10:00:11.083+07:00,3708584966454,27.799207620,left,1,0,9,Leave1,running,3,1,1,0
2026-07-17T10:00:11.101+07:00,3708602883079,27.817124245,right,1,0,9,Leave1,running,3,1,1,0
2026-07-17T10:00:11.150+07:00,3708651125950,27.865367116,left,1,0,9,Leave1,running,3,1,1,0
2026-07-17T10:00:11.171+07:00,3708672280342,27.886521508,right,1,0,9,Leave1,running,3,1,1,0
2026-07-17T10:00:11.215+07:00,3708716082907,27.930324073,left,1,0,9,Leave1,running,3,1,1,0
2026-07-17T10:00:11.235+07:00,3708736881830,27.951122996,right,1,0,9,Leave1,running,3,1,1,0
2026-07-17T10:00:11.275+07:00,3708776222457,27.990463623,left,1,0,9,Leave1,running,3,1,1,0
2026-07-17T10:00:11.301+07:00,3708802963913,28.017205079,right,1,0,9,Leave1,running,3,1,1,0
2026-07-17T10:00:11.348+07:00,3708849722056,28.063963222,left,1,0,9,Leave1,running,3,1,1,0
2026-07-17T10:00:11.365+07:00,3708866748596,28.080989762,right,1,0,9,Leave1,running,3,1,1,0
2026-07-17T10:00:11.405+07:00,3708906051375,28.120292541,left,1,0,9,Leave1,running,3,1,1,0
2026-07-17T10:00:11.428+07:00,3708929460577,28.143701743,right,1,0,9,Leave1,running,3,1,1,0
2026-07-17T10:00:11.466+07:00,3708967439133,28.181680299,left,1,0,9,Leave1,running,3,1,1,0
2026-07-17T10:00:11.491+07:00,3708992563940,28.206805106,right,1,0,9,Leave1,running,3,1,1,0
2026-07-17T10:00:11.548+07:00,3709049293437,28.263534603,left,1,0,9,Leave1,running,3,1,1,0
2026-07-17T10:00:11.553+07:00,3709054922077,28.269163243,right,1,0,9,Leave1,running,3,1,1,0
2026-07-17T10:00:11.596+07:00,3709097362158,28.311603324,left,1,0,9,Leave1,running,3,1,1,0
2026-07-17T10:00:11.620+07:00,3709121658211,28.335899377,right,1,0,9,Leave1,running,3,1,1,0
2026-07-17T10:00:11.658+07:00,3709159189786,28.373430952,left,1,0,9,Leave1,running,3,1,1,0
2026-07-17T10:00:11.748+07:00,3709249271725,28.463512891,right,1,0,9,Leave1,running,3,1,1,0
2026-07-17T10:00:11.748+07:00,3709249581522,28.463822688,left,1,0,9,Leave1,running,0,1,1,0
2026-07-17T10:00:11.766+07:00,3709267576241,28.481817407,right,1,0,9,Leave1,running,0,1,1,0
2026-07-17T10:00:11.803+07:00,3709304017477,28.518258643,left,1,0,9,Leave1,running,0,1,1,0
2026-07-17T10:00:11.828+07:00,3709329457527,28.543698693,right,1,0,9,Leave1,running,3,1,1,0
2026-07-17T10:00:11.867+07:00,3709368020139,28.582261305,left,1,0,9,Leave1,running,3,1,1,0
2026-07-17T10:00:11.892+07:00,3709393329330,28.607570496,right,1,0,9,Leave1,running,3,1,1,0
2026-07-17T10:00:11.959+07:00,3709460845967,28.675087133,left,1,0,10,Leave2,running,3,1,1,0
2026-07-17T10:00:11.968+07:00,3709469951036,28.684192202,right,1,0,10,Leave2,running,3,1,1,0
2026-07-17T10:00:12.012+07:00,3709513160764,28.727401930,left,1,0,10,Leave2,running,3,1,1,0
2026-07-17T10:00:12.039+07:00,3709540375499,28.754616665,right,1,0,10,Leave2,running,3,1,1,0
2026-07-17T10:00:12.077+07:00,3709578285767,28.792526933,left,1,0,10,Leave2,running,3,1,1,0
2026-07-17T10:00:12.104+07:00,3709605175052,28.819416218,right,1,0,10,Leave2,running,3,1,1,0
2026-07-17T10:00:12.148+07:00,3709649382855,28.863624021,left,1,0,10,Leave2,running,3,1,1,0
2026-07-17T10:00:12.169+07:00,3709670465677,28.884706843,right,1,0,10,Leave2,running,3,1,1,0
2026-07-17T10:00:12.205+07:00,3709706641518,28.920882684,left,1,0,10,Leave2,running,3,1,1,0
2026-07-17T10:00:12.232+07:00,3709733527474,28.947768640,right,1,0,10,Leave2,running,3,1,1,0
2026-07-17T10:00:12.271+07:00,3709772573325,28.986814491,left,1,0,10,Leave2,running,3,1,1,0
2026-07-17T10:00:12.299+07:00,3709800067201,29.014308367,right,1,0,10,Leave2,running,3,1,1,0
2026-07-17T10:00:12.348+07:00,3709849688871,29.063930037,left,1,0,10,Leave2,running,3,1,1,0
2026-07-17T10:00:12.362+07:00,3709863775664,29.078016830,right,1,0,10,Leave2,running,3,1,1,0
2026-07-17T10:00:12.402+07:00,3709903839173,29.118080339,left,1,0,10,Leave2,running,3,1,1,0
2026-07-17T10:00:12.424+07:00,3709925293572,29.139534738,right,1,0,10,Leave2,running,3,1,1,0
2026-07-17T10:00:12.469+07:00,3709970490661,29.184731827,left,1,0,10,Leave2,running,3,1,1,0
2026-07-17T10:00:12.488+07:00,3709989455611,29.203696777,right,1,0,10,Leave2,running,3,1,1,0
2026-07-17T10:00:12.549+07:00,3710050480537,29.264721703,left,1,0,10,Leave2,running,3,1,1,0
2026-07-17T10:00:12.554+07:00,3710055420493,29.269661659,right,1,0,10,Leave2,running,3,1,1,0
2026-07-17T10:00:12.602+07:00,3710103899266,29.318140432,left,1,0,10,Leave2,running,3,1,1,0
2026-07-17T10:00:12.615+07:00,3710116823307,29.331064473,right,1,0,10,Leave2,running,3,1,1,0
2026-07-17T10:00:12.679+07:00,3710180954710,29.395195876,right,1,0,10,Leave2,running,3,1,1,0
2026-07-17T10:00:12.697+07:00,3710198101990,29.412343156,left,1,0,10,Leave2,running,3,1,1,0
2026-07-17T10:00:12.754+07:00,3710255153048,29.469394214,right,1,0,10,Leave2,running,3,1,1,0
2026-07-17T10:00:12.757+07:00,3710258885961,29.473127127,left,1,0,10,Leave2,running,3,1,1,0
2026-07-17T10:00:12.816+07:00,3710317074588,29.531315754,right,1,0,10,Leave2,running,3,1,1,0
2026-07-17T10:00:12.827+07:00,3710328415183,29.542656349,left,1,0,10,Leave2,running,3,1,1,0
2026-07-17T10:00:12.883+07:00,3710384409473,29.598650639,right,1,0,10,Leave2,running,3,1,1,0
2026-07-17T10:00:12.894+07:00,3710395659018,29.609900184,left,1,0,10,Leave2,running,3,1,1,0
2026-07-17T10:00:12.962+07:00,3710463138742,29.677379908,left,1,0,10,Leave2,running,3,1,1,0
2026-07-17T10:00:12.971+07:00,3710472800749,29.687041915,right,1,0,10,Leave2,running,3,1,1,0
2026-07-17T10:00:13.028+07:00,3710529628574,29.743869740,left,1,0,10,Leave2,running,3,1,1,0
2026-07-17T10:00:13.038+07:00,3710539770573,29.754011739,right,1,0,10,Leave2,running,3,1,1,0
2026-07-17T10:00:13.098+07:00,3710599938344,29.814179510,left,1,0,10,Leave2,running,3,1,1,0
2026-07-17T10:00:13.104+07:00,3710605252594,29.819493760,right,1,0,10,Leave2,running,3,1,1,0
2026-07-17T10:00:13.176+07:00,3710677085162,29.891326328,right,1,0,10,Leave2,running,3,1,1,0
2026-07-17T10:00:13.212+07:00,3710713450202,29.927691368,left,1,0,10,Leave2,running,3,1,1,0
2026-07-17T10:00:13.248+07:00,3710749624473,29.963865639,right,1,0,10,Leave2,running,3,1,1,0
2026-07-17T10:00:13.274+07:00,3710775158484,29.989399650,left,1,0,10,Leave2,running,3,1,1,0
2026-07-17T10:00:13.349+07:00,3710850263865,30.064505031,left,1,0,10,Leave2,running,3,1,1,0
2026-07-17T10:00:13.349+07:00,3710850299521,30.064540687,right,1,0,10,Leave2,running,3,1,1,0
2026-07-17T10:00:13.383+07:00,3710884293500,30.098534666,right,1,0,10,Leave2,running,3,1,1,0
2026-07-17T10:00:13.405+07:00,3710906684377,30.120925543,left,1,0,10,Leave2,running,3,1,1,0
2026-07-17T10:00:13.456+07:00,3710957247858,30.171489024,right,1,0,10,Leave2,running,3,1,1,0
2026-07-17T10:00:13.467+07:00,3710968300935,30.182542101,left,1,0,10,Leave2,running,3,1,1,0
2026-07-17T10:00:13.549+07:00,3711050928114,30.265169280,left,1,0,10,Leave2,running,3,1,1,0
2026-07-17T10:00:13.550+07:00,3711050999552,30.265240718,right,1,0,10,Leave2,running,3,1,1,0
2026-07-17T10:00:13.588+07:00,3711088991428,30.303232594,right,1,0,10,Leave2,running,3,1,1,0
2026-07-17T10:00:13.595+07:00,3711096176869,30.310418035,left,1,0,10,Leave2,running,3,1,1,0
2026-07-17T10:00:13.654+07:00,3711155708360,30.369949526,right,1,0,10,Leave2,running,3,1,1,0
2026-07-17T10:00:13.656+07:00,3711157857810,30.372098976,left,1,0,10,Leave2,running,3,1,1,0
2026-07-17T10:00:13.748+07:00,3711249112382,30.463353548,left,1,0,10,Leave2,running,3,1,1,0
2026-07-17T10:00:13.748+07:00,3711249148474,30.463389640,right,1,0,10,Leave2,running,3,1,1,0
2026-07-17T10:00:13.787+07:00,3711288077362,30.502318528,right,1,0,10,Leave2,running,3,1,1,0
2026-07-17T10:00:13.799+07:00,3711300104364,30.514345530,left,1,0,10,Leave2,running,3,1,1,0
2026-07-17T10:00:13.853+07:00,3711354728486,30.568969652,right,1,0,10,Leave2,running,3,1,1,0
2026-07-17T10:00:13.862+07:00,3711363732695,30.577973861,left,1,0,10,Leave2,running,3,1,1,0
2026-07-17T10:00:13.948+07:00,3711449522428,30.663763594,left,1,0,10,Leave2,running,3,1,1,0
2026-07-17T10:00:13.948+07:00,3711449557070,30.663798236,right,1,0,10,Leave2,running,3,1,1,0
2026-07-17T10:00:13.987+07:00,3711488729883,30.702971049,right,1,0,10,Leave2,running,3,1,1,0
2026-07-17T10:00:14.002+07:00,3711503315591,30.717556757,left,1,0,10,Leave2,running,3,1,1,0
2026-07-17T10:00:14.049+07:00,3711550832078,30.765073244,right,1,0,10,Leave2,running,3,1,1,0
2026-07-17T10:00:14.075+07:00,3711576945588,30.791186754,left,1,0,10,Leave2,running,3,1,1,0
2026-07-17T10:00:14.148+07:00,3711649907616,30.864148782,left,1,0,10,Leave2,running,3,1,1,0
2026-07-17T10:00:14.148+07:00,3711649945109,30.864186275,right,1,0,10,Leave2,running,3,1,1,0
2026-07-17T10:00:14.175+07:00,3711676142598,30.890383764,right,1,0,10,Leave2,running,3,1,1,0
2026-07-17T10:00:14.205+07:00,3711706795185,30.921036351,left,1,0,10,Leave2,running,3,1,1,0
2026-07-17T10:00:14.243+07:00,3711744930281,30.959171447,right,1,0,10,Leave2,running,3,1,1,0
2026-07-17T10:00:14.271+07:00,3711772238784,30.986479950,left,1,0,10,Leave2,running,3,1,1,0
2026-07-17T10:00:14.349+07:00,3711850149436,31.064390602,left,1,0,10,Leave2,running,3,1,1,0
2026-07-17T10:00:14.349+07:00,3711850225262,31.064466428,right,1,0,10,Leave2,running,3,1,1,0
2026-07-17T10:00:14.370+07:00,3711871502968,31.085744134,right,1,0,10,Leave2,running,3,1,1,0
2026-07-17T10:00:14.403+07:00,3711904856397,31.119097563,left,1,0,10,Leave2,running,3,1,1,0
2026-07-17T10:00:14.438+07:00,3711939401105,31.153642271,right,1,0,10,Leave2,running,3,1,1,0
2026-07-17T10:00:14.471+07:00,3711972348519,31.186589685,left,1,0,10,Leave2,running,3,1,1,0
2026-07-17T10:00:14.548+07:00,3712049616210,31.263857376,left,1,0,10,Leave2,running,3,1,1,0
2026-07-17T10:00:14.548+07:00,3712049725364,31.263966530,right,1,0,10,Leave2,running,3,1,1,0
2026-07-17T10:00:14.576+07:00,3712077149156,31.291390322,right,1,0,10,Leave2,running,3,1,1,0
2026-07-17T10:00:14.601+07:00,3712102603076,31.316844242,left,1,0,10,Leave2,running,3,1,1,0
2026-07-17T10:00:14.646+07:00,3712147015891,31.361257057,right,1,0,10,Leave2,running,0,1,1,0
2026-07-17T10:00:14.681+07:00,3712182836716,31.397077882,left,1,0,10,Leave2,running,0,1,1,0
2026-07-17T10:00:14.758+07:00,3712259889621,31.474130787,left,1,0,11,Leave3,running,3,1,1,0
2026-07-17T10:00:14.758+07:00,3712259959815,31.474200981,right,1,0,11,Leave3,running,0,1,1,0
2026-07-17T10:00:14.788+07:00,3712289263567,31.503504733,right,1,0,11,Leave3,running,3,1,1,0
2026-07-17T10:00:14.806+07:00,3712307763917,31.522005083,left,1,0,11,Leave3,running,3,1,1,0
2026-07-17T10:00:14.854+07:00,3712355822695,31.570063861,right,1,0,11,Leave3,running,3,1,1,0
2026-07-17T10:00:14.872+07:00,3712373673462,31.587914628,left,1,0,11,Leave3,running,3,1,1,0
2026-07-17T10:00:14.950+07:00,3712451594087,31.665835253,right,1,0,11,Leave3,running,3,1,1,0
2026-07-17T10:00:14.950+07:00,3712451879791,31.666120957,left,1,0,11,Leave3,running,3,1,1,0
2026-07-17T10:00:14.982+07:00,3712483760539,31.698001705,right,1,0,11,Leave3,running,3,1,1,0
2026-07-17T10:00:15.017+07:00,3712518082114,31.732323280,left,1,0,11,Leave3,running,3,1,1,0
2026-07-17T10:00:15.047+07:00,3712548613340,31.762854506,right,1,0,11,Leave3,running,3,1,1,0
2026-07-17T10:00:15.085+07:00,3712586447420,31.800688586,left,1,0,11,Leave3,running,3,1,1,0
2026-07-17T10:00:15.148+07:00,3712649113722,31.863354888,right,1,0,11,Leave3,running,3,1,1,0
2026-07-17T10:00:15.148+07:00,3712649225196,31.863466362,left,1,0,11,Leave3,running,3,1,1,0
2026-07-17T10:00:15.177+07:00,3712678405161,31.892646327,right,1,0,11,Leave3,running,3,1,1,0
2026-07-17T10:00:15.210+07:00,3712711308979,31.925550145,left,1,0,11,Leave3,running,3,1,1,0
2026-07-17T10:00:15.241+07:00,3712742036351,31.956277517,right,1,0,11,Leave3,running,3,1,1,0
2026-07-17T10:00:15.273+07:00,3712774264158,31.988505324,left,1,0,11,Leave3,running,3,1,1,0
2026-07-17T10:00:15.348+07:00,3712849302699,32.063543865,left,1,0,11,Leave3,running,3,1,1,0
2026-07-17T10:00:15.348+07:00,3712849342003,32.063583169,right,1,0,11,Leave3,running,3,1,1,0
2026-07-17T10:00:15.371+07:00,3712872218510,32.086459676,right,1,0,11,Leave3,running,3,1,1,0
2026-07-17T10:00:15.406+07:00,3712907414938,32.121656104,left,1,0,11,Leave3,running,3,1,1,0
2026-07-17T10:00:15.434+07:00,3712935331585,32.149572751,right,1,0,11,Leave3,running,3,1,1,0
2026-07-17T10:00:15.473+07:00,3712974268660,32.188509826,left,1,0,11,Leave3,running,3,1,1,0
2026-07-17T10:00:15.498+07:00,3712999801038,32.214042204,right,1,0,11,Leave3,running,3,1,1,0
2026-07-17T10:00:15.548+07:00,3713048983426,32.263224592,left,1,0,11,Leave3,running,3,1,1,0
2026-07-17T10:00:15.563+07:00,3713064896668,32.279137834,right,1,0,11,Leave3,running,3,1,1,0
2026-07-17T10:00:15.603+07:00,3713104372304,32.318613470,left,1,0,11,Leave3,running,3,1,1,0
2026-07-17T10:00:15.627+07:00,3713128453453,32.342694619,right,1,0,11,Leave3,running,3,1,1,0
2026-07-17T10:00:15.666+07:00,3713167688929,32.381930095,left,1,0,11,Leave3,running,3,1,1,0
2026-07-17T10:00:15.690+07:00,3713191365736,32.405606902,right,1,0,11,Leave3,running,3,1,1,0
2026-07-17T10:00:15.749+07:00,3713250349207,32.464590373,left,1,0,11,Leave3,running,3,1,1,0
2026-07-17T10:00:15.756+07:00,3713257145066,32.471386232,right,1,0,11,Leave3,running,3,1,1,0
2026-07-17T10:00:15.799+07:00,3713300333731,32.514574897,left,1,0,11,Leave3,running,3,1,1,0
2026-07-17T10:00:15.827+07:00,3713327992298,32.542233464,right,1,0,11,Leave3,running,3,1,1,0
2026-07-17T10:00:15.861+07:00,3713362073716,32.576314882,left,1,0,11,Leave3,running,3,1,1,0
2026-07-17T10:00:15.957+07:00,3713458516667,32.672757833,left,1,0,11,Leave3,running,3,1,1,0
2026-07-17T10:00:15.957+07:00,3713458555348,32.672796514,right,1,0,11,Leave3,running,3,1,1,0
2026-07-17T10:00:15.984+07:00,3713485390755,32.699631921,right,1,0,11,Leave3,running,3,1,1,0
2026-07-17T10:00:16.002+07:00,3713503059885,32.717301051,left,1,0,11,Leave3,running,3,1,1,0
2026-07-17T10:00:16.055+07:00,3713556279244,32.770520410,right,1,0,11,Leave3,running,3,1,1,0
2026-07-17T10:00:16.068+07:00,3713569307736,32.783548902,left,1,0,11,Leave3,running,3,1,1,0
2026-07-17T10:00:16.148+07:00,3713649637847,32.863879013,left,1,0,11,Leave3,running,3,1,1,0
2026-07-17T10:00:16.148+07:00,3713649674136,32.863915302,right,1,0,11,Leave3,running,3,1,1,0
2026-07-17T10:00:16.193+07:00,3713694779045,32.909020211,right,1,0,11,Leave3,running,3,1,1,0
2026-07-17T10:00:16.211+07:00,3713712212585,32.926453751,left,1,0,11,Leave3,running,3,1,1,0
2026-07-17T10:00:16.263+07:00,3713764732797,32.978973963,right,1,0,11,Leave3,running,3,1,1,0
2026-07-17T10:00:16.272+07:00,3713773666049,32.987907215,left,1,0,11,Leave3,running,3,1,1,0
2026-07-17T10:00:16.349+07:00,3713850429660,33.064670826,left,1,0,11,Leave3,running,3,1,1,0
2026-07-17T10:00:16.349+07:00,3713850461740,33.064702906,right,1,0,11,Leave3,running,3,1,1,0
2026-07-17T10:00:16.389+07:00,3713890261785,33.104502951,right,1,0,11,Leave3,running,0,1,1,0
2026-07-17T10:00:16.403+07:00,3713904781309,33.119022475,left,1,0,11,Leave3,running,0,1,1,0
2026-07-17T10:00:16.460+07:00,3713961632958,33.175874124,right,1,0,11,Leave3,running,0,1,1,0
2026-07-17T10:00:16.474+07:00,3713975654327,33.189895493,left,1,0,11,Leave3,running,0,1,1,0
2026-07-17T10:00:16.558+07:00,3714059858500,33.274099666,left,1,0,11,Leave3,delay,0,1,1,0
2026-07-17T10:00:16.558+07:00,3714059892686,33.274133852,right,1,0,11,Leave3,delay,0,1,1,0
2026-07-17T10:00:16.598+07:00,3714099886503,33.314127669,right,1,0,11,Leave3,delay,0,1,1,0
2026-07-17T10:00:16.600+07:00,3714101896453,33.316137619,left,1,0,11,Leave3,delay,0,1,1,0
2026-07-17T10:00:16.663+07:00,3714164194310,33.378435476,left,1,0,11,Leave3,delay,0,1,1,0
2026-07-17T10:00:16.672+07:00,3714173642610,33.387883776,right,1,0,11,Leave3,delay,0,1,1,0
2026-07-17T10:00:16.749+07:00,3714250666833,33.464907999,left,1,0,11,Leave3,delay,0,1,1,0
2026-07-17T10:00:16.749+07:00,3714250738055,33.464979221,right,1,0,11,Leave3,delay,0,1,1,0
2026-07-17T10:00:16.795+07:00,3714296893906,33.511135072,left,1,0,11,Leave3,delay,0,1,1,0
2026-07-17T10:00:16.816+07:00,3714317051042,33.531292208,right,1,0,11,Leave3,delay,0,1,1,0
2026-07-17T10:00:16.859+07:00,3714360473163,33.574714329,left,1,0,11,Leave3,delay,0,1,1,0
2026-07-17T10:00:16.877+07:00,3714378845604,33.593086770,right,1,0,11,Leave3,delay,0,1,1,0
2026-07-17T10:00:16.949+07:00,3714450471784,33.664712950,left,1,0,11,Leave3,delay,0,1,1,0
2026-07-17T10:00:16.968+07:00,3714469967302,33.684208468,right,1,0,11,Leave3,delay,0,1,1,0
2026-07-17T10:00:17.013+07:00,3714514898031,33.729139197,left,1,0,11,Leave3,delay,0,1,1,0
2026-07-17T10:00:17.038+07:00,3714539024015,33.753265181,right,1,0,11,Leave3,delay,0,1,1,0
2026-07-17T10:00:17.078+07:00,3714579677096,33.793918262,left,1,0,11,Leave3,delay,0,1,1,0
2026-07-17T10:00:17.148+07:00,3714649581175,33.863822341,left,1,0,11,Leave3,delay,0,1,1,0
2026-07-17T10:00:17.148+07:00,3714649616523,33.863857689,right,1,0,11,Leave3,delay,0,1,1,0
2026-07-17T10:00:17.177+07:00,3714678811813,33.893052979,right,1,0,11,Leave3,delay,0,1,1,0
2026-07-17T10:00:17.211+07:00,3714712108213,33.926349379,left,1,0,11,Leave3,delay,0,1,1,0
2026-07-17T10:00:17.239+07:00,3714740182488,33.954423654,right,1,0,11,Leave3,delay,0,1,1,0
2026-07-17T10:00:17.272+07:00,3714773136438,33.987377604,left,1,0,11,Leave3,delay,0,1,1,0
2026-07-17T10:00:17.359+07:00,3714860151402,34.074392568,left,1,0,11,Leave3,delay,0,1,1,0
2026-07-17T10:00:17.359+07:00,3714860225508,34.074466674,right,1,0,11,Leave3,delay,0,1,1,0
2026-07-17T10:00:17.369+07:00,3714870013576,34.084254742,right,1,0,11,Leave3,delay,0,1,1,0
2026-07-17T10:00:17.409+07:00,3714910221070,34.124462236,left,1,0,11,Leave3,delay,0,1,1,0
2026-07-17T10:00:17.435+07:00,3714936111297,34.150352463,right,1,0,11,Leave3,delay,0,1,1,0
2026-07-17T10:00:17.477+07:00,3714978869876,34.193111042,left,1,0,11,Leave3,delay,3,1,1,0
2026-07-17T10:00:17.548+07:00,3715049708636,34.263949802,right,1,0,12,Leave2,running,3,1,1,0
2026-07-17T10:00:17.549+07:00,3715050614512,34.264855678,left,1,0,12,Leave2,running,3,1,1,0
2026-07-17T10:00:17.567+07:00,3715068738396,34.282979562,right,1,0,12,Leave2,running,3,1,1,0
2026-07-17T10:00:17.618+07:00,3715119783020,34.334024186,left,1,0,12,Leave2,running,3,1,1,0
2026-07-17T10:00:17.628+07:00,3715129469250,34.343710416,right,1,0,12,Leave2,running,3,1,1,0
2026-07-17T10:00:17.697+07:00,3715198780478,34.413021644,right,1,0,12,Leave2,running,3,1,1,0
2026-07-17T10:00:17.758+07:00,3715259228144,34.473469310,left,1,0,12,Leave2,running,3,1,1,0
2026-07-17T10:00:17.761+07:00,3715262069630,34.476310796,right,1,0,12,Leave2,running,3,1,1,0
2026-07-17T10:00:17.778+07:00,3715279886468,34.494127634,left,1,0,12,Leave2,running,3,1,1,0
2026-07-17T10:00:17.830+07:00,3715331050548,34.545291714,right,1,0,12,Leave2,running,3,1,1,0
2026-07-17T10:00:17.848+07:00,3715349116582,34.563357748,left,1,0,12,Leave2,running,3,1,1,0
2026-07-17T10:00:17.892+07:00,3715393651531,34.607892697,right,1,0,12,Leave2,running,3,1,1,0
2026-07-17T10:00:17.958+07:00,3715459606161,34.673847327,left,1,0,12,Leave2,running,3,1,1,0
2026-07-17T10:00:17.974+07:00,3715475372677,34.689613843,right,1,0,12,Leave2,running,3,1,1,0
2026-07-17T10:00:17.979+07:00,3715480006415,34.694247581,left,1,0,12,Leave2,running,3,1,1,0
2026-07-17T10:00:18.040+07:00,3715541865096,34.756106262,right,1,0,12,Leave2,running,3,1,1,0
2026-07-17T10:00:18.043+07:00,3715544947227,34.759188393,left,1,0,12,Leave2,running,3,1,1,0
2026-07-17T10:00:18.149+07:00,3715650248493,34.864489659,left,1,0,12,Leave2,running,3,1,1,0
2026-07-17T10:00:18.149+07:00,3715650310845,34.864552011,right,1,0,12,Leave2,running,3,1,1,0
2026-07-17T10:00:18.166+07:00,3715667798235,34.882039401,right,1,0,12,Leave2,running,3,1,1,0
2026-07-17T10:00:18.211+07:00,3715712626452,34.926867618,left,1,0,12,Leave2,running,3,1,1,0
2026-07-17T10:00:18.230+07:00,3715731404022,34.945645188,right,1,0,12,Leave2,running,3,1,1,0
2026-07-17T10:00:18.276+07:00,3715777575950,34.991817116,left,1,0,12,Leave2,running,3,1,1,0
2026-07-17T10:00:18.294+07:00,3715795503270,35.009744436,right,1,0,12,Leave2,running,3,1,1,0
2026-07-17T10:00:18.349+07:00,3715850313285,35.064554451,left,1,0,12,Leave2,running,3,1,1,0
2026-07-17T10:00:18.355+07:00,3715856121623,35.070362789,right,1,0,12,Leave2,running,3,1,1,0
2026-07-17T10:00:18.404+07:00,3715905859917,35.120101083,left,1,0,12,Leave2,running,3,1,1,0
2026-07-17T10:00:18.415+07:00,3715916848296,35.131089462,right,1,0,12,Leave2,running,3,1,1,0
2026-07-17T10:00:18.469+07:00,3715970147968,35.184389134,left,1,0,12,Leave2,running,3,1,1,0
2026-07-17T10:00:18.478+07:00,3715979810166,35.194051332,right,1,0,12,Leave2,running,3,1,1,0
2026-07-17T10:00:18.548+07:00,3716049719408,35.263960574,left,1,0,12,Leave2,running,3,1,1,0
2026-07-17T10:00:18.553+07:00,3716054951669,35.269192835,right,1,0,12,Leave2,running,3,1,1,0
2026-07-17T10:00:18.597+07:00,3716097994205,35.312235371,left,1,0,12,Leave2,running,3,1,1,0
2026-07-17T10:00:18.618+07:00,3716119363696,35.333604862,right,1,0,12,Leave2,running,3,1,1,0
2026-07-17T10:00:18.660+07:00,3716161559036,35.375800202,left,1,0,12,Leave2,running,3,1,1,0
2026-07-17T10:00:18.687+07:00,3716188039677,35.402280843,right,1,0,12,Leave2,running,3,1,1,0
2026-07-17T10:00:18.748+07:00,3716249284075,35.463525241,left,1,0,12,Leave2,running,3,1,1,0
2026-07-17T10:00:18.753+07:00,3716254638536,35.468879702,right,1,0,12,Leave2,running,3,1,1,0
2026-07-17T10:00:18.802+07:00,3716303615706,35.517856872,left,1,0,12,Leave2,running,3,1,1,0
2026-07-17T10:00:18.830+07:00,3716331388379,35.545629545,right,1,0,12,Leave2,running,3,1,1,0
2026-07-17T10:00:18.873+07:00,3716374403807,35.588644973,left,1,0,12,Leave2,running,3,1,1,0
2026-07-17T10:00:18.895+07:00,3716396034545,35.610275711,right,1,0,12,Leave2,running,3,1,1,0
2026-07-17T10:00:18.989+07:00,3716490727776,35.704968942,left,1,0,12,Leave2,running,3,1,1,0
2026-07-17T10:00:18.989+07:00,3716490762478,35.705003644,right,1,0,12,Leave2,running,3,1,1,0
2026-07-17T10:00:19.025+07:00,3716526657402,35.740898568,right,1,0,12,Leave2,running,3,1,1,0
2026-07-17T10:00:19.036+07:00,3716537297617,35.751538783,left,1,0,12,Leave2,running,3,1,1,0
2026-07-17T10:00:19.095+07:00,3716596080649,35.810321815,right,1,0,12,Leave2,running,3,1,1,0
2026-07-17T10:00:19.099+07:00,3716600180273,35.814421439,left,1,0,12,Leave2,running,0,1,1,0
2026-07-17T10:00:19.159+07:00,3716660198115,35.874439281,right,1,0,12,Leave2,running,0,1,1,0
2026-07-17T10:00:19.160+07:00,3716661616815,35.875857981,left,1,0,12,Leave2,running,0,1,1,0
2026-07-17T10:00:19.221+07:00,3716722317304,35.936558470,left,1,0,12,Leave2,running,3,1,1,0
2026-07-17T10:00:19.248+07:00,3716749660681,35.963901847,right,1,0,12,Leave2,running,3,1,1,0
2026-07-17T10:00:19.283+07:00,3716784910598,35.999151764,left,1,0,12,Leave2,running,3,1,1,0
2026-07-17T10:00:19.348+07:00,3716849069116,36.063310282,left,1,0,13,Leave1,running,3,1,1,0
2026-07-17T10:00:19.348+07:00,3716849105913,36.063347079,right,1,0,13,Leave1,running,3,1,1,0
2026-07-17T10:00:19.379+07:00,3716880234624,36.094475790,right,1,0,13,Leave1,running,3,1,1,0
2026-07-17T10:00:19.412+07:00,3716913419990,36.127661156,left,1,0,13,Leave1,running,3,1,1,0
2026-07-17T10:00:19.445+07:00,3716946502674,36.160743840,right,1,0,13,Leave1,running,3,1,1,0
2026-07-17T10:00:19.477+07:00,3716978703388,36.192944554,left,1,0,13,Leave1,running,3,1,1,0
2026-07-17T10:00:19.548+07:00,3717049257036,36.263498202,left,1,0,13,Leave1,running,3,1,1,0
2026-07-17T10:00:19.548+07:00,3717049292033,36.263533199,right,1,0,13,Leave1,running,3,1,1,0
2026-07-17T10:00:19.571+07:00,3717072269823,36.286510989,right,1,0,13,Leave1,running,3,1,1,0
2026-07-17T10:00:19.607+07:00,3717108949413,36.323190579,left,1,0,13,Leave1,running,3,1,1,0
2026-07-17T10:00:19.636+07:00,3717137367627,36.351608793,right,1,0,13,Leave1,running,3,1,1,0
2026-07-17T10:00:19.672+07:00,3717173375693,36.387616859,left,1,0,13,Leave1,running,3,1,1,0
2026-07-17T10:00:19.696+07:00,3717197514785,36.411755951,right,1,0,13,Leave1,running,3,1,1,0
2026-07-17T10:00:19.748+07:00,3717249846016,36.464087182,left,1,0,13,Leave1,running,3,1,1,0
2026-07-17T10:00:19.758+07:00,3717259877820,36.474118986,right,1,0,13,Leave1,running,3,1,1,0
2026-07-17T10:00:19.803+07:00,3717304774600,36.519015766,left,1,0,13,Leave1,running,3,1,1,0
2026-07-17T10:00:19.819+07:00,3717320028976,36.534270142,right,1,0,13,Leave1,running,3,1,1,0
2026-07-17T10:00:19.869+07:00,3717370168810,36.584409976,left,1,0,13,Leave1,running,3,1,1,0
2026-07-17T10:00:19.882+07:00,3717383030270,36.597271436,right,1,0,13,Leave1,running,3,1,1,0
2026-07-17T10:00:19.948+07:00,3717449871666,36.664112832,left,1,0,13,Leave1,running,3,1,1,0
2026-07-17T10:00:19.950+07:00,3717451850454,36.666091620,right,1,0,13,Leave1,running,3,1,1,0
2026-07-17T10:00:20.010+07:00,3717511708130,36.725949296,right,1,0,13,Leave1,running,3,1,1,0
2026-07-17T10:00:20.010+07:00,3717511894626,36.726135792,left,1,0,13,Leave1,running,3,1,1,0
2026-07-17T10:00:20.073+07:00,3717574689243,36.788930409,right,1,0,13,Leave1,running,3,1,1,0
2026-07-17T10:00:20.076+07:00,3717577232276,36.791473442,left,1,0,13,Leave1,running,3,1,1,0
2026-07-17T10:00:20.158+07:00,3717659470228,36.873711394,left,1,0,13,Leave1,running,3,1,1,0
2026-07-17T10:00:20.158+07:00,3717659504317,36.873745483,right,1,0,13,Leave1,running,3,1,1,0
2026-07-17T10:00:20.211+07:00,3717712508258,36.926749424,left,1,0,13,Leave1,running,3,1,1,0
2026-07-17T10:00:20.213+07:00,3717714436213,36.928677379,right,1,0,13,Leave1,running,3,1,1,0
2026-07-17T10:00:20.275+07:00,3717776260289,36.990501455,right,1,0,13,Leave1,running,3,1,1,0
2026-07-17T10:00:20.276+07:00,3717777413666,36.991654832,left,1,0,13,Leave1,running,3,1,1,0
2026-07-17T10:00:20.358+07:00,3717859507728,37.073748894,left,1,0,13,Leave1,running,3,1,1,0
2026-07-17T10:00:20.358+07:00,3717859541651,37.073782817,right,1,0,13,Leave1,running,3,1,1,0
2026-07-17T10:00:20.402+07:00,3717903607179,37.117848345,right,1,0,13,Leave1,running,3,1,1,0
2026-07-17T10:00:20.405+07:00,3717905999373,37.120240539,left,1,0,13,Leave1,running,3,1,1,0
2026-07-17T10:00:20.470+07:00,3717971392702,37.185633868,right,1,0,13,Leave1,running,3,1,1,0
2026-07-17T10:00:20.481+07:00,3717982858515,37.197099681,left,1,0,13,Leave1,running,3,1,1,0
2026-07-17T10:00:20.558+07:00,3718059724926,37.273966092,left,1,0,13,Leave1,running,3,1,1,0
2026-07-17T10:00:20.558+07:00,3718059757245,37.273998411,right,1,0,13,Leave1,running,3,1,1,0
2026-07-17T10:00:20.598+07:00,3718099029004,37.313270170,right,1,0,13,Leave1,running,3,1,1,0
2026-07-17T10:00:20.606+07:00,3718107009967,37.321251133,left,1,0,13,Leave1,running,3,1,1,0
2026-07-17T10:00:20.659+07:00,3718160840180,37.375081346,right,1,0,13,Leave1,running,3,1,1,0
2026-07-17T10:00:20.669+07:00,3718170839794,37.385080960,left,1,0,13,Leave1,running,3,1,1,0
2026-07-17T10:00:20.759+07:00,3718260819293,37.475060459,left,1,0,13,Leave1,running,3,1,1,0
2026-07-17T10:00:20.759+07:00,3718260867909,37.475109075,right,1,0,13,Leave1,running,3,1,1,0
2026-07-17T10:00:20.799+07:00,3718300468437,37.514709603,left,1,0,13,Leave1,running,3,1,1,0
2026-07-17T10:00:20.809+07:00,3718310743675,37.524984841,right,1,0,13,Leave1,running,3,1,1,0
2026-07-17T10:00:20.866+07:00,3718367913561,37.582154727,left,1,0,13,Leave1,running,3,1,1,0
2026-07-17T10:00:20.885+07:00,3718386339845,37.600581011,right,1,0,13,Leave1,running,3,1,1,0
2026-07-17T10:00:20.949+07:00,3718450470300,37.664711466,left,1,0,13,Leave1,running,3,1,1,0
2026-07-17T10:00:20.956+07:00,3718457031549,37.671272715,right,1,0,13,Leave1,running,3,1,1,0
2026-07-17T10:00:21.000+07:00,3718501538045,37.715779211,left,1,0,13,Leave1,running,3,1,1,0
2026-07-17T10:00:21.035+07:00,3718536236810,37.750477976,right,1,0,13,Leave1,running,3,1,1,0
2026-07-17T10:00:21.066+07:00,3718567847558,37.782088724,left,1,0,13,Leave1,running,3,1,1,0
2026-07-17T10:00:21.096+07:00,3718597380756,37.811621922,right,1,0,13,Leave1,running,3,1,1,0
2026-07-17T10:00:21.148+07:00,3718649366412,37.863607578,left,1,0,13,Leave1,running,3,1,1,0
2026-07-17T10:00:21.167+07:00,3718668435895,37.882677061,right,1,0,13,Leave1,running,3,1,1,0
2026-07-17T10:00:21.217+07:00,3718718488400,37.932729566,left,1,0,13,Leave1,running,3,1,1,0
2026-07-17T10:00:21.235+07:00,3718736106486,37.950347652,right,1,0,13,Leave1,running,3,1,1,0
2026-07-17T10:00:21.280+07:00,3718781484826,37.995725992,left,1,0,13,Leave1,running,3,1,1,0
2026-07-17T10:00:21.349+07:00,3718850056821,38.064297987,left,1,0,13,Leave1,running,3,1,1,0
2026-07-17T10:00:21.349+07:00,3718850286151,38.064527317,right,1,0,13,Leave1,running,3,1,1,0
2026-07-17T10:00:21.376+07:00,3718877397540,38.091638706,right,1,0,13,Leave1,running,3,1,1,0
2026-07-17T10:00:21.416+07:00,3718917490385,38.131731551,left,1,0,13,Leave1,running,3,1,1,0
2026-07-17T10:00:21.447+07:00,3718948559384,38.162800550,right,1,0,13,Leave1,running,3,1,1,0
2026-07-17T10:00:21.479+07:00,3718980123554,38.194364720,left,1,0,13,Leave1,running,3,1,1,0
2026-07-17T10:00:21.548+07:00,3719049969835,38.264211001,left,1,0,13,Leave1,running,3,1,1,0
2026-07-17T10:00:21.549+07:00,3719050066058,38.264307224,right,1,0,13,Leave1,running,3,1,1,0
2026-07-17T10:00:21.576+07:00,3719077165178,38.291406344,right,1,0,13,Leave1,running,3,1,1,0
2026-07-17T10:00:21.610+07:00,3719111764005,38.326005171,left,1,0,13,Leave1,running,3,1,1,0
2026-07-17T10:00:21.641+07:00,3719142211746,38.356452912,right,1,0,13,Leave1,running,3,1,1,0
2026-07-17T10:00:21.685+07:00,3719185976812,38.400217978,left,1,0,13,Leave1,running,3,1,1,0
2026-07-17T10:00:21.758+07:00,3719259720900,38.473962066,left,1,0,13,Leave1,running,3,1,1,0
2026-07-17T10:00:21.758+07:00,3719259790087,38.474031253,right,1,0,13,Leave1,running,3,1,1,0
2026-07-17T10:00:21.772+07:00,3719273911297,38.488152463,right,1,0,13,Leave1,running,3,1,1,0
2026-07-17T10:00:21.814+07:00,3719315306345,38.529547511,left,1,0,13,Leave1,running,3,1,1,0
2026-07-17T10:00:21.848+07:00,3719349652509,38.563893675,right,1,0,13,Leave1,running,3,1,1,0
2026-07-17T10:00:21.877+07:00,3719378511229,38.592752395,left,1,0,13,Leave1,running,3,1,1,0
2026-07-17T10:00:21.948+07:00,3719449479738,38.663720904,left,1,0,13,Leave1,running,3,1,1,0
2026-07-17T10:00:21.948+07:00,3719449514766,38.663755932,right,1,0,13,Leave1,running,3,1,1,0
2026-07-17T10:00:21.981+07:00,3719482659119,38.696900285,right,1,0,13,Leave1,running,3,1,1,0
2026-07-17T10:00:22.002+07:00,3719503523224,38.717764390,left,1,0,13,Leave1,running,3,1,1,0
2026-07-17T10:00:22.049+07:00,3719550960779,38.765201945,right,1,0,13,Leave1,running,0,1,1,0
2026-07-17T10:00:22.067+07:00,3719568711625,38.782952791,left,1,0,13,Leave1,running,0,1,1,0
2026-07-17T10:00:22.148+07:00,3719649870994,38.864112160,left,1,0,14,Place,running,3,1,1,0
2026-07-17T10:00:22.148+07:00,3719649944559,38.864185725,right,1,0,14,Place,running,3,1,1,0
2026-07-17T10:00:22.181+07:00,3719682763101,38.897004267,right,1,0,14,Place,running,3,1,1,0
2026-07-17T10:00:22.226+07:00,3719727221955,38.941463121,left,1,0,14,Place,running,3,1,1,0
2026-07-17T10:00:22.248+07:00,3719749109906,38.963351072,right,1,0,14,Place,running,3,1,1,0
2026-07-17T10:00:22.291+07:00,3719792814002,39.007055168,left,1,0,14,Place,running,3,1,1,0
2026-07-17T10:00:22.348+07:00,3719849130023,39.063371189,right,1,0,14,Place,running,3,1,1,0
2026-07-17T10:00:22.367+07:00,3719868706685,39.082947851,left,1,0,14,Place,running,3,1,1,0
2026-07-17T10:00:22.382+07:00,3719883284917,39.097526083,right,1,0,14,Place,running,3,1,1,0
2026-07-17T10:00:22.428+07:00,3719929899090,39.144140256,left,1,0,14,Place,running,3,1,1,0
2026-07-17T10:00:22.463+07:00,3719964077687,39.178318853,right,1,0,14,Place,running,3,1,1,0
2026-07-17T10:00:22.500+07:00,3720001291283,39.215532449,left,1,0,14,Place,running,3,1,1,0
2026-07-17T10:00:22.549+07:00,3720050443921,39.264685087,right,1,0,14,Place,running,3,1,1,0
2026-07-17T10:00:22.566+07:00,3720067201438,39.281442604,left,1,0,14,Place,running,3,1,1,0
2026-07-17T10:00:22.590+07:00,3720091456413,39.305697579,right,1,0,14,Place,running,3,1,1,0
2026-07-17T10:00:22.630+07:00,3720131775618,39.346016784,left,1,0,14,Place,running,3,1,1,0
2026-07-17T10:00:22.658+07:00,3720159964472,39.374205638,right,1,0,14,Place,running,3,1,1,0
2026-07-17T10:00:22.769+07:00,3720270161811,39.484402977,left,1,0,14,Place,running,3,1,1,0
2026-07-17T10:00:22.769+07:00,3720270234514,39.484475680,right,1,0,14,Place,running,3,1,1,0
2026-07-17T10:00:22.794+07:00,3720295087202,39.509328368,right,1,0,14,Place,running,3,1,1,0
2026-07-17T10:00:22.803+07:00,3720304749686,39.518990852,left,1,0,14,Place,running,3,1,1,0
2026-07-17T10:00:22.857+07:00,3720358962384,39.573203550,right,1,0,14,Place,running,3,1,1,0
2026-07-17T10:00:22.867+07:00,3720368176413,39.582417579,left,1,0,14,Place,running,3,1,1,0
2026-07-17T10:00:22.949+07:00,3720450937754,39.665178920,left,1,0,14,Place,running,3,1,1,0
2026-07-17T10:00:22.950+07:00,3720451014589,39.665255755,right,1,0,14,Place,running,3,1,1,0
2026-07-17T10:00:22.985+07:00,3720486023050,39.700264216,right,1,0,14,Place,running,3,1,1,0
2026-07-17T10:00:22.995+07:00,3720496053310,39.710294476,left,1,0,14,Place,running,3,1,1,0
2026-07-17T10:00:23.053+07:00,3720554775610,39.769016776,right,1,0,14,Place,running,3,1,1,0
2026-07-17T10:00:23.056+07:00,3720557478529,39.771719695,left,1,0,14,Place,running,3,1,1,0
2026-07-17T10:00:23.159+07:00,3720660794508,39.875035674,left,1,0,14,Place,running,3,1,1,0
2026-07-17T10:00:23.159+07:00,3720660832243,39.875073409,right,1,0,14,Place,running,3,1,1,0
2026-07-17T10:00:23.184+07:00,3720685233109,39.899474275,right,1,0,14,Place,running,3,1,1,0
2026-07-17T10:00:23.199+07:00,3720700063738,39.914304904,left,1,0,14,Place,running,3,1,1,0
2026-07-17T10:00:23.253+07:00,3720754828006,39.969069172,right,1,0,14,Place,running,3,1,1,0
2026-07-17T10:00:23.261+07:00,3720762350953,39.976592119,left,1,0,14,Place,running,3,1,1,0
2026-07-17T10:00:23.349+07:00,3720850652844,40.064894010,left,1,0,14,Place,running,3,1,1,0
2026-07-17T10:00:23.349+07:00,3720850685860,40.064927026,right,1,0,14,Place,running,3,1,1,0
2026-07-17T10:00:23.381+07:00,3720882869364,40.097110530,right,1,0,14,Place,running,3,1,1,0
2026-07-17T10:00:23.400+07:00,3720901879617,40.116120783,left,1,0,14,Place,running,3,1,1,0
2026-07-17T10:00:23.448+07:00,3720949362870,40.163604036,right,1,0,14,Place,running,3,1,1,0
2026-07-17T10:00:23.461+07:00,3720962039562,40.176280728,left,1,0,14,Place,running,3,1,1,0
2026-07-17T10:00:23.548+07:00,3721049775181,40.264016347,left,1,0,14,Place,running,3,1,1,0
2026-07-17T10:00:23.548+07:00,3721049815885,40.264057051,right,1,0,14,Place,running,3,1,1,0
2026-07-17T10:00:23.573+07:00,3721074875360,40.289116526,right,1,0,14,Place,running,3,1,1,0
2026-07-17T10:00:23.604+07:00,3721105022243,40.319263409,left,1,0,14,Place,running,3,1,1,0
2026-07-17T10:00:23.641+07:00,3721142781687,40.357022853,right,1,0,14,Place,running,3,1,1,0
2026-07-17T10:00:23.668+07:00,3721169577650,40.383818816,left,1,0,14,Place,running,3,1,1,0
2026-07-17T10:00:23.702+07:00,3721203059735,40.417300901,right,1,0,14,Place,running,3,1,1,0
2026-07-17T10:00:23.748+07:00,3721249179890,40.463421056,left,1,0,14,Place,running,0,1,1,0
2026-07-17T10:00:23.764+07:00,3721265449308,40.479690474,right,1,0,14,Place,running,0,1,1,0
2026-07-17T10:00:23.801+07:00,3721302964800,40.517205966,left,1,0,14,Place,running,0,1,1,0
2026-07-17T10:00:23.829+07:00,3721330076638,40.544317804,right,1,0,14,Place,running,0,1,1,0
2026-07-17T10:00:23.867+07:00,3721368463009,40.582704175,left,1,0,14,Place,running,0,1,1,0
2026-07-17T10:00:23.896+07:00,3721397397844,40.611639010,right,1,0,14,Place,running,0,1,1,0
2026-07-17T10:00:23.948+07:00,3721449665789,40.663906955,left,1,0,14,Place,delay,0,1,1,0
2026-07-17T10:00:23.957+07:00,3721458083863,40.672325029,right,1,0,14,Place,delay,0,1,1,0
2026-07-17T10:00:24.009+07:00,3721510327370,40.724568536,left,1,0,14,Place,delay,0,1,1,0
2026-07-17T10:00:24.021+07:00,3721522642141,40.736883307,right,1,0,14,Place,delay,0,1,1,0
2026-07-17T10:00:24.071+07:00,3721572923326,40.787164492,left,1,0,14,Place,delay,0,1,1,0
2026-07-17T10:00:24.087+07:00,3721588167948,40.802409114,right,1,0,14,Place,delay,0,1,1,0
2026-07-17T10:00:24.149+07:00,3721650629025,40.864870191,left,1,0,14,Place,delay,0,1,1,0
2026-07-17T10:00:24.154+07:00,3721655883040,40.870124206,right,1,0,14,Place,delay,0,1,1,0
2026-07-17T10:00:24.223+07:00,3721724521606,40.938762772,left,1,0,14,Place,delay,0,1,1,0
2026-07-17T10:00:24.244+07:00,3721745470164,40.959711330,right,1,0,14,Place,delay,0,1,1,0
2026-07-17T10:00:24.290+07:00,3721791674833,41.005915999,left,1,0,14,Place,delay,0,1,1,0
2026-07-17T10:00:24.348+07:00,3721849599570,41.063840736,right,1,0,15,Pre_Place,running,0,1,1,0
2026-07-17T10:00:24.357+07:00,3721858522629,41.072763795,left,1,0,15,Pre_Place,running,3,1,1,0
2026-07-17T10:00:24.370+07:00,3721871342037,41.085583203,right,1,0,15,Pre_Place,running,3,1,1,0
2026-07-17T10:00:24.425+07:00,3721926388119,41.140629285,left,1,0,15,Pre_Place,running,3,1,1,0
2026-07-17T10:00:24.433+07:00,3721934154425,41.148395591,right,1,0,15,Pre_Place,running,3,1,1,0
2026-07-17T10:00:24.487+07:00,3721988656763,41.202897929,left,1,0,15,Pre_Place,running,3,1,1,0
2026-07-17T10:00:24.499+07:00,3722000099017,41.214340183,right,1,0,15,Pre_Place,running,3,1,1,0
2026-07-17T10:00:24.555+07:00,3722056877466,41.271118632,left,1,0,15,Pre_Place,running,3,1,1,0
2026-07-17T10:00:24.572+07:00,3722073438630,41.287679796,right,1,0,15,Pre_Place,running,3,1,1,0
2026-07-17T10:00:24.627+07:00,3722128204678,41.342445844,left,1,0,15,Pre_Place,running,3,1,1,0
2026-07-17T10:00:24.637+07:00,3722138653236,41.352894402,right,1,0,15,Pre_Place,running,3,1,1,0
2026-07-17T10:00:24.694+07:00,3722195042867,41.409284033,left,1,0,15,Pre_Place,running,3,1,1,0
2026-07-17T10:00:24.703+07:00,3722204080824,41.418321990,right,1,0,15,Pre_Place,running,3,1,1,0
2026-07-17T10:00:24.770+07:00,3722271558662,41.485799828,left,1,0,15,Pre_Place,running,3,1,1,0
2026-07-17T10:00:24.775+07:00,3722276424162,41.490665328,right,1,0,15,Pre_Place,running,3,1,1,0
2026-07-17T10:00:24.828+07:00,3722329683583,41.543924749,left,1,0,15,Pre_Place,running,3,1,1,0
2026-07-17T10:00:24.840+07:00,3722341937547,41.556178713,right,1,0,15,Pre_Place,running,3,1,1,0
2026-07-17T10:00:24.890+07:00,3722391352917,41.605594083,left,1,0,15,Pre_Place,running,3,1,1,0
2026-07-17T10:00:24.903+07:00,3722404852250,41.619093416,right,1,0,15,Pre_Place,running,3,1,1,0
2026-07-17T10:00:24.963+07:00,3722464067781,41.678308947,left,1,0,15,Pre_Place,running,3,1,1,0
2026-07-17T10:00:24.981+07:00,3722482931192,41.697172358,right,1,0,15,Pre_Place,running,3,1,1,0
2026-07-17T10:00:25.024+07:00,3722525714043,41.739955209,left,1,0,15,Pre_Place,running,3,1,1,0
2026-07-17T10:00:25.047+07:00,3722548256456,41.762497622,right,1,0,15,Pre_Place,running,3,1,1,0
2026-07-17T10:00:25.087+07:00,3722588831748,41.803072914,left,1,0,15,Pre_Place,running,3,1,1,0
2026-07-17T10:00:25.148+07:00,3722649210433,41.863451599,right,1,0,15,Pre_Place,running,3,1,1,0
2026-07-17T10:00:25.153+07:00,3722654168447,41.868409613,left,1,0,15,Pre_Place,running,3,1,1,0
2026-07-17T10:00:25.188+07:00,3722689330511,41.903571677,right,1,0,15,Pre_Place,running,3,1,1,0
2026-07-17T10:00:25.225+07:00,3722726066638,41.940307804,left,1,0,15,Pre_Place,running,3,1,1,0
2026-07-17T10:00:25.248+07:00,3722749405515,41.963646681,right,1,0,15,Pre_Place,running,3,1,1,0
2026-07-17T10:00:25.285+07:00,3722786218081,42.000459247,left,1,0,15,Pre_Place,running,3,1,1,0
2026-07-17T10:00:25.348+07:00,3722849018525,42.063259691,right,1,0,15,Pre_Place,running,3,1,1,0
2026-07-17T10:00:25.348+07:00,3722849873618,42.064114784,left,1,0,15,Pre_Place,running,3,1,1,0
2026-07-17T10:00:25.369+07:00,3722870732035,42.084973201,right,1,0,15,Pre_Place,running,3,1,1,0
2026-07-17T10:00:25.412+07:00,3722913223930,42.127465096,left,1,0,15,Pre_Place,running,3,1,1,0
2026-07-17T10:00:25.436+07:00,3722937632827,42.151873993,right,1,0,15,Pre_Place,running,3,1,1,0
2026-07-17T10:00:25.473+07:00,3722974878698,42.189119864,left,1,0,15,Pre_Place,running,3,1,1,0
2026-07-17T10:00:25.496+07:00,3722997494018,42.211735184,right,1,0,15,Pre_Place,running,3,1,1,0
2026-07-17T10:00:25.548+07:00,3723049387409,42.263628575,left,1,0,15,Pre_Place,running,3,1,1,0
2026-07-17T10:00:25.563+07:00,3723064162864,42.278404030,right,1,0,15,Pre_Place,running,3,1,1,0
2026-07-17T10:00:25.610+07:00,3723111286227,42.325527393,left,1,0,15,Pre_Place,running,3,1,1,0
2026-07-17T10:00:25.628+07:00,3723129223262,42.343464428,right,1,0,15,Pre_Place,running,3,1,1,0
2026-07-17T10:00:25.674+07:00,3723175661062,42.389902228,left,1,0,15,Pre_Place,running,3,1,1,0
2026-07-17T10:00:25.691+07:00,3723192016762,42.406257928,right,1,0,15,Pre_Place,running,3,1,1,0
2026-07-17T10:00:25.759+07:00,3723260067619,42.474308785,left,1,0,15,Pre_Place,running,3,1,1,0
2026-07-17T10:00:25.764+07:00,3723265271379,42.479512545,right,1,0,15,Pre_Place,running,3,1,1,0
2026-07-17T10:00:25.807+07:00,3723308313718,42.522554884,left,1,0,15,Pre_Place,running,3,1,1,0
2026-07-17T10:00:25.829+07:00,3723330954054,42.545195220,right,1,0,15,Pre_Place,running,3,1,1,0
2026-07-17T10:00:25.869+07:00,3723370901403,42.585142569,left,1,0,15,Pre_Place,running,3,1,1,0
2026-07-17T10:00:25.896+07:00,3723397039039,42.611280205,right,1,0,15,Pre_Place,running,3,1,1,0
2026-07-17T10:00:25.958+07:00,3723459746426,42.673987592,left,1,0,15,Pre_Place,running,3,1,1,0
2026-07-17T10:00:25.959+07:00,3723460812840,42.675054006,right,1,0,15,Pre_Place,running,0,1,1,0
2026-07-17T10:00:26.001+07:00,3723502086458,42.716327624,left,1,0,15,Pre_Place,running,0,1,1,0
2026-07-17T10:00:26.033+07:00,3723534387013,42.748628179,right,1,0,15,Pre_Place,running,0,1,1,0
2026-07-17T10:00:26.079+07:00,3723580932225,42.795173391,left,1,0,15,Pre_Place,running,0,1,1,0
2026-07-17T10:00:26.098+07:00,3723599603722,42.813844888,right,1,0,15,Pre_Place,running,0,1,1,0
2026-07-17T10:00:26.148+07:00,3723649734635,42.863975801,left,1,0,15,Pre_Place,delay,0,1,1,0
2026-07-17T10:00:26.170+07:00,3723671203918,42.885445084,right,1,0,15,Pre_Place,delay,0,1,1,0
2026-07-17T10:00:26.232+07:00,3723733529390,42.947770556,left,1,0,15,Pre_Place,delay,0,1,1,0
2026-07-17T10:00:26.238+07:00,3723739860337,42.954101503,right,1,0,15,Pre_Place,delay,0,1,1,0
2026-07-17T10:00:26.294+07:00,3723795225527,43.009466693,left,1,0,15,Pre_Place,delay,0,1,1,0
2026-07-17T10:00:26.303+07:00,3723804303236,43.018544402,right,1,0,15,Pre_Place,delay,0,1,1,0
2026-07-17T10:00:26.361+07:00,3723862683237,43.076924403,left,1,0,15,Pre_Place,delay,0,1,1,0
2026-07-17T10:00:26.366+07:00,3723867825018,43.082066184,right,1,0,15,Pre_Place,delay,0,1,1,0
2026-07-17T10:00:26.426+07:00,3723927418473,43.141659639,left,1,0,15,Pre_Place,delay,0,1,1,0
2026-07-17T10:00:26.433+07:00,3723933984970,43.148226136,right,1,0,15,Pre_Place,delay,0,1,1,0
2026-07-17T10:00:26.496+07:00,3723997829770,43.212070936,right,1,0,15,Pre_Place,delay,0,1,1,0
2026-07-17T10:00:26.503+07:00,3724004324006,43.218565172,left,1,0,15,Pre_Place,delay,0,1,1,0
2026-07-17T10:00:26.558+07:00,3724059238154,43.273479320,right,1,0,16,Move,running,3,1,1,0
2026-07-17T10:00:26.565+07:00,3724066366460,43.280607626,left,1,0,16,Move,running,3,1,1,0
2026-07-17T10:00:26.623+07:00,3724124931083,43.339172249,right,1,0,16,Move,running,3,1,1,0
2026-07-17T10:00:26.631+07:00,3724132733353,43.346974519,left,1,0,16,Move,running,3,1,1,0
2026-07-17T10:00:26.685+07:00,3724186094860,43.400336026,right,1,0,16,Move,running,3,1,1,0
2026-07-17T10:00:26.779+07:00,3724280657739,43.494898905,left,1,0,16,Move,running,3,1,1,0
2026-07-17T10:00:26.779+07:00,3724280737112,43.494978278,right,1,0,16,Move,running,3,1,1,0
2026-07-17T10:00:26.779+07:00,3724280935679,43.495176845,left,1,0,16,Move,running,3,1,1,0
2026-07-17T10:00:26.836+07:00,3724337306518,43.551547684,left,1,0,16,Move,running,3,1,1,0
2026-07-17T10:00:26.836+07:00,3724337802972,43.552044138,right,1,0,16,Move,running,3,1,1,0
2026-07-17T10:00:26.897+07:00,3724398485297,43.612726463,left,1,0,16,Move,running,3,1,1,0
2026-07-17T10:00:26.948+07:00,3724449046613,43.663287779,right,1,0,16,Move,running,3,1,1,0
2026-07-17T10:00:26.970+07:00,3724471708815,43.685949981,left,1,0,16,Move,running,3,1,1,0
2026-07-17T10:00:26.983+07:00,3724484131377,43.698372543,right,1,0,16,Move,running,3,1,1,0
2026-07-17T10:00:27.035+07:00,3724536019093,43.750260259,left,1,0,16,Move,running,3,1,1,0
2026-07-17T10:00:27.048+07:00,3724549472984,43.763714150,right,1,0,16,Move,running,3,1,1,0
2026-07-17T10:00:27.098+07:00,3724599102425,43.813343591,left,1,0,16,Move,running,3,1,1,0
2026-07-17T10:00:27.159+07:00,3724660165261,43.874406427,right,1,0,16,Move,running,3,1,1,0
2026-07-17T10:00:27.159+07:00,3724660683935,43.874925101,left,1,0,16,Move,running,3,1,1,0
2026-07-17T10:00:27.171+07:00,3724672812076,43.887053242,right,1,0,16,Move,running,3,1,1,0
2026-07-17T10:00:27.223+07:00,3724724812542,43.939053708,left,1,0,16,Move,running,3,1,1,0
2026-07-17T10:00:27.251+07:00,3724752398854,43.966640020,right,1,0,16,Move,running,3,1,1,0
2026-07-17T10:00:27.288+07:00,3724789808392,44.004049558,left,1,0,16,Move,running,3,1,1,0
2026-07-17T10:00:27.348+07:00,3724849788064,44.064029230,right,1,0,16,Move,running,3,1,1,0
2026-07-17T10:00:27.359+07:00,3724860204676,44.074445842,left,1,0,16,Move,running,3,1,1,0
2026-07-17T10:00:27.393+07:00,3724894381591,44.108622757,right,1,0,16,Move,running,3,1,1,0
2026-07-17T10:00:27.424+07:00,3724925560335,44.139801501,left,1,0,16,Move,running,3,1,1,0
2026-07-17T10:00:27.457+07:00,3724958267016,44.172508182,right,1,0,16,Move,running,3,1,1,0
2026-07-17T10:00:27.489+07:00,3724990579758,44.204820924,left,1,0,16,Move,running,3,1,1,0
2026-07-17T10:00:27.548+07:00,3725049840417,44.264081583,right,1,0,16,Move,running,3,1,1,0
2026-07-17T10:00:27.560+07:00,3725061848357,44.276089523,left,1,0,16,Move,running,3,1,1,0
2026-07-17T10:00:27.585+07:00,3725086281865,44.300523031,right,1,0,16,Move,running,3,1,1,0
2026-07-17T10:00:27.637+07:00,3725138911883,44.353153049,left,1,0,16,Move,running,3,1,1,0
2026-07-17T10:00:27.645+07:00,3725146540703,44.360781869,right,1,0,16,Move,running,3,1,1,0
2026-07-17T10:00:27.768+07:00,3725269634118,44.483875284,left,1,0,16,Move,running,3,1,1,0
2026-07-17T10:00:27.768+07:00,3725269706575,44.483947741,right,1,0,16,Move,running,3,1,1,0
2026-07-17T10:00:27.775+07:00,3725276795983,44.491037149,right,1,0,16,Move,running,3,1,1,0
2026-07-17T10:00:27.788+07:00,3725289763689,44.504004855,left,1,0,16,Move,running,3,1,1,0
2026-07-17T10:00:27.838+07:00,3725339723042,44.553964208,right,1,0,16,Move,running,3,1,1,0
2026-07-17T10:00:27.854+07:00,3725355028970,44.569270136,left,1,0,16,Move,running,3,1,1,0
2026-07-17T10:00:27.959+07:00,3725460272034,44.674513200,left,1,0,16,Move,running,3,1,1,0
2026-07-17T10:00:27.959+07:00,3725460350229,44.674591395,right,1,0,16,Move,running,3,1,1,0
2026-07-17T10:00:27.983+07:00,3725484059903,44.698301069,right,1,0,16,Move,running,3,1,1,0
2026-07-17T10:00:27.983+07:00,3725484878920,44.699120086,left,1,0,16,Move,running,3,1,1,0
2026-07-17T10:00:28.046+07:00,3725547156728,44.761397894,left,1,0,16,Move,running,3,1,1,0
2026-07-17T10:00:28.047+07:00,3725548405243,44.762646409,right,1,0,16,Move,running,3,1,1,0
2026-07-17T10:00:28.169+07:00,3725670540224,44.884781390,left,1,0,16,Move,running,3,1,1,0
2026-07-17T10:00:28.169+07:00,3725670621827,44.884862993,right,1,0,16,Move,running,3,1,1,0
2026-07-17T10:00:28.176+07:00,3725677516631,44.891757797,right,1,0,16,Move,running,3,1,1,0
2026-07-17T10:00:28.189+07:00,3725690706454,44.904947620,left,1,0,16,Move,running,3,1,1,0
2026-07-17T10:00:28.253+07:00,3725754638918,44.968880084,left,1,0,16,Move,running,0,1,1,0
2026-07-17T10:00:28.253+07:00,3725754732610,44.968973776,right,1,0,16,Move,running,0,1,1,0
2026-07-17T10:00:28.351+07:00,3725852462242,45.066703408,left,1,0,16,Move,delay,0,1,1,0
2026-07-17T10:00:28.351+07:00,3725852532148,45.066773314,right,1,0,16,Move,delay,0,1,1,0
2026-07-17T10:00:28.379+07:00,3725880485140,45.094726306,right,1,0,16,Move,delay,0,1,1,0
2026-07-17T10:00:28.406+07:00,3725907371291,45.121612457,left,1,0,16,Move,delay,0,1,1,0
2026-07-17T10:00:28.448+07:00,3725949240528,45.163481694,right,1,0,16,Move,delay,0,1,1,0
2026-07-17T10:00:28.470+07:00,3725971565007,45.185806173,left,1,0,16,Move,delay,0,1,1,0
2026-07-17T10:00:28.558+07:00,3726059727626,45.273968792,left,1,0,16,Move,delay,0,1,1,0
2026-07-17T10:00:28.558+07:00,3726059762421,45.274003587,right,1,0,16,Move,delay,0,1,1,0
2026-07-17T10:00:28.573+07:00,3726074061502,45.288302668,right,1,0,16,Move,delay,0,1,1,0
2026-07-17T10:00:28.609+07:00,3726110891694,45.325132860,left,1,0,16,Move,delay,0,1,1,0
2026-07-17T10:00:28.639+07:00,3726140672519,45.354913685,right,1,0,16,Move,delay,0,1,1,0
2026-07-17T10:00:28.676+07:00,3726176976212,45.391217378,left,1,0,16,Move,delay,0,1,1,0
2026-07-17T10:00:28.699+07:00,3726200870183,45.415111349,right,1,0,16,Move,delay,0,1,1,0
2026-07-17T10:00:28.758+07:00,3726259495429,45.473736595,left,1,0,16,Move,delay,0,1,1,0
2026-07-17T10:00:28.777+07:00,3726278340671,45.492581837,right,1,0,16,Move,delay,0,1,1,0
2026-07-17T10:00:28.811+07:00,3726312566503,45.526807669,left,1,0,16,Move,delay,3,1,1,0
2026-07-17T10:00:28.856+07:00,3726357652618,45.571893784,right,1,0,16,Move,delay,3,1,1,0
2026-07-17T10:00:28.877+07:00,3726378795674,45.593036840,left,1,0,16,Move,delay,3,1,1,0
2026-07-17T10:00:28.959+07:00,3726460823382,45.675064548,right,1,0,17,Lift,running,3,1,1,0
2026-07-17T10:00:28.960+07:00,3726461030229,45.675271395,left,1,0,17,Lift,running,3,1,1,0
2026-07-17T10:00:29.017+07:00,3726518075910,45.732317076,right,1,0,17,Lift,running,3,1,1,0
2026-07-17T10:00:29.022+07:00,3726523920511,45.738161677,left,1,0,17,Lift,running,3,1,1,0
2026-07-17T10:00:29.078+07:00,3726579583032,45.793824198,right,1,0,17,Lift,running,3,1,1,0
2026-07-17T10:00:29.086+07:00,3726587735019,45.801976185,left,1,0,17,Lift,running,3,1,1,0
2026-07-17T10:00:29.149+07:00,3726650258694,45.864499860,left,1,0,17,Lift,running,3,1,1,0
2026-07-17T10:00:29.159+07:00,3726660739018,45.874980184,right,1,0,17,Lift,running,3,1,1,0
2026-07-17T10:00:29.216+07:00,3726717304936,45.931546102,left,1,0,17,Lift,running,3,1,1,0
2026-07-17T10:00:29.252+07:00,3726753403706,45.967644872,right,1,0,17,Lift,running,3,1,1,0
2026-07-17T10:00:29.278+07:00,3726779201867,45.993443033,left,1,0,17,Lift,running,3,1,1,0
2026-07-17T10:00:29.348+07:00,3726849432145,46.063673311,left,1,0,17,Lift,running,3,1,1,0
2026-07-17T10:00:29.348+07:00,3726849467963,46.063709129,right,1,0,17,Lift,running,3,1,1,0
2026-07-17T10:00:29.383+07:00,3726884111740,46.098352906,right,1,0,17,Lift,running,3,1,1,0
2026-07-17T10:00:29.408+07:00,3726909288626,46.123529792,left,1,0,17,Lift,running,3,1,1,0
2026-07-17T10:00:29.450+07:00,3726951087582,46.165328748,right,1,0,17,Lift,running,3,1,1,0
2026-07-17T10:00:29.470+07:00,3726971854970,46.186096136,left,1,0,17,Lift,running,3,1,1,0
2026-07-17T10:00:29.548+07:00,3727049684743,46.263925909,left,1,0,17,Lift,running,3,1,1,0
2026-07-17T10:00:29.548+07:00,3727049770142,46.264011308,right,1,0,17,Lift,running,3,1,1,0
2026-07-17T10:00:29.576+07:00,3727077508273,46.291749439,right,1,0,17,Lift,running,3,1,1,0
2026-07-17T10:00:29.603+07:00,3727104353458,46.318594624,left,1,0,17,Lift,running,3,1,1,0
2026-07-17T10:00:29.642+07:00,3727143397730,46.357638896,right,1,0,17,Lift,running,3,1,1,0
2026-07-17T10:00:29.664+07:00,3727165240032,46.379481198,left,1,0,17,Lift,running,3,1,1,0
2026-07-17T10:00:29.769+07:00,3727270159478,46.484400644,left,1,0,17,Lift,running,3,1,1,0
2026-07-17T10:00:29.769+07:00,3727270230935,46.484472101,right,1,0,17,Lift,running,3,1,1,0
2026-07-17T10:00:29.773+07:00,3727274413294,46.488654460,right,1,0,17,Lift,running,3,1,1,0
2026-07-17T10:00:29.822+07:00,3727323699649,46.537940815,left,1,0,17,Lift,running,3,1,1,0
2026-07-17T10:00:29.835+07:00,3727336679094,46.550920260,right,1,0,17,Lift,running,3,1,1,0
2026-07-17T10:00:29.887+07:00,3727388804069,46.603045235,left,1,0,17,Lift,running,3,1,1,0
2026-07-17T10:00:29.948+07:00,3727449459594,46.663700760,right,1,0,17,Lift,running,3,1,1,0
2026-07-17T10:00:29.953+07:00,3727454920272,46.669161438,left,1,0,17,Lift,running,3,1,1,0
2026-07-17T10:00:29.968+07:00,3727469141269,46.683382435,right,1,0,17,Lift,running,3,1,1,0
2026-07-17T10:00:30.015+07:00,3727516189371,46.730430537,left,1,0,17,Lift,running,3,1,1,0
2026-07-17T10:00:30.034+07:00,3727535338290,46.749579456,right,1,0,17,Lift,running,3,1,1,0
2026-07-17T10:00:30.081+07:00,3727582087661,46.796328827,left,1,0,17,Lift,running,3,1,1,0
2026-07-17T10:00:30.096+07:00,3727597111681,46.811352847,right,1,0,17,Lift,running,3,1,1,0
2026-07-17T10:00:30.148+07:00,3727649825947,46.864067113,left,1,0,17,Lift,running,3,1,1,0
2026-07-17T10:00:30.160+07:00,3727661915023,46.876156189,right,1,0,17,Lift,running,3,1,1,0
2026-07-17T10:00:30.225+07:00,3727726150497,46.940391663,right,1,0,17,Lift,running,3,1,1,0
2026-07-17T10:00:30.225+07:00,3727726317187,46.940558353,left,1,0,17,Lift,running,3,1,1,0
2026-07-17T10:00:30.290+07:00,3727791568129,47.005809295,left,1,0,17,Lift,running,3,1,1,0
2026-07-17T10:00:30.302+07:00,3727803524683,47.017765849,right,1,0,17,Lift,running,3,1,1,0
2026-07-17T10:00:30.358+07:00,3727859724734,47.073965900,left,1,0,17,Lift,running,3,1,1,0
2026-07-17T10:00:30.368+07:00,3727869389479,47.083630645,right,1,0,17,Lift,running,3,1,1,0
2026-07-17T10:00:30.422+07:00,3727923333688,47.137574854,left,1,0,17,Lift,running,3,1,1,0
2026-07-17T10:00:30.431+07:00,3727932353998,47.146595164,right,1,0,17,Lift,running,3,1,1,0
2026-07-17T10:00:30.491+07:00,3727992750748,47.206991914,left,1,0,17,Lift,running,3,1,1,0
2026-07-17T10:00:30.497+07:00,3727998885617,47.213126783,right,1,0,17,Lift,running,3,1,1,0
2026-07-17T10:00:30.555+07:00,3728056964552,47.271205718,left,1,0,17,Lift,running,3,1,1,0
2026-07-17T10:00:30.565+07:00,3728066095927,47.280337093,right,1,0,17,Lift,running,3,1,1,0
2026-07-17T10:00:30.622+07:00,3728123403226,47.337644392,left,1,0,17,Lift,running,3,1,1,0
2026-07-17T10:00:30.627+07:00,3728128680471,47.342921637,right,1,0,17,Lift,running,3,1,1,0
2026-07-17T10:00:30.688+07:00,3728189870416,47.404111582,left,1,0,17,Lift,running,3,1,1,0
2026-07-17T10:00:30.693+07:00,3728194390681,47.408631847,right,1,0,17,Lift,running,3,1,1,0
2026-07-17T10:00:30.768+07:00,3728269433578,47.483674744,left,1,0,17,Lift,running,3,1,1,0
2026-07-17T10:00:30.771+07:00,3728272060863,47.486302029,right,1,0,17,Lift,running,3,1,1,0
2026-07-17T10:00:30.816+07:00,3728317117162,47.531358328,left,1,0,17,Lift,running,3,1,1,0
2026-07-17T10:00:30.837+07:00,3728338270876,47.552512042,right,1,0,17,Lift,running,3,1,1,0
2026-07-17T10:00:30.882+07:00,3728383900543,47.598141709,left,1,0,17,Lift,running,3,1,1,0
2026-07-17T10:00:30.899+07:00,3728400358220,47.614599386,right,1,0,17,Lift,running,3,1,1,0
2026-07-17T10:00:30.948+07:00,3728449887631,47.664128797,left,1,0,17,Lift,running,3,1,1,0
2026-07-17T10:00:30.967+07:00,3728468611109,47.682852275,right,1,0,17,Lift,running,3,1,1,0
2026-07-17T10:00:31.013+07:00,3728514713493,47.728954659,left,1,0,17,Lift,running,3,1,1,0
2026-07-17T10:00:31.029+07:00,3728530623884,47.744865050,right,1,0,17,Lift,running,3,1,1,0
2026-07-17T10:00:31.080+07:00,3728581735758,47.795976924,left,1,0,17,Lift,running,3,1,1,0
2026-07-17T10:00:31.094+07:00,3728595382016,47.809623182,right,1,0,17,Lift,running,3,1,1,0
2026-07-17T10:00:31.148+07:00,3728649896332,47.864137498,left,1,0,17,Lift,running,3,1,1,0
2026-07-17T10:00:31.156+07:00,3728657286714,47.871527880,right,1,0,17,Lift,running,3,1,1,0
2026-07-17T10:00:31.233+07:00,3728734457031,47.948698197,right,1,0,17,Lift,running,3,1,1,0
2026-07-17T10:00:31.240+07:00,3728741277902,47.955519068,left,1,0,17,Lift,running,3,1,1,0
2026-07-17T10:00:31.303+07:00,3728804132037,48.018373203,right,1,0,17,Lift,running,3,1,1,0
2026-07-17T10:00:31.348+07:00,3728849206667,48.063447833,left,1,0,17,Lift,running,3,1,1,0
2026-07-17T10:00:31.367+07:00,3728868591601,48.082832767,right,1,0,17,Lift,running,3,1,1,0
2026-07-17T10:00:31.374+07:00,3728875955298,48.090196464,left,1,0,17,Lift,running,3,1,1,0
2026-07-17T10:00:31.431+07:00,3728932218899,48.146460065,right,1,0,17,Lift,running,3,1,1,0
2026-07-17T10:00:31.441+07:00,3728942801921,48.157043087,left,1,0,17,Lift,running,3,1,1,0
2026-07-17T10:00:31.496+07:00,3728997030645,48.211271811,right,1,0,17,Lift,running,3,1,1,0
2026-07-17T10:00:31.549+07:00,3729050245201,48.264486367,left,1,0,17,Lift,running,3,1,1,0
2026-07-17T10:00:31.559+07:00,3729060273256,48.274514422,right,1,0,17,Lift,running,3,1,1,0
2026-07-17T10:00:31.566+07:00,3729067701940,48.281943106,left,1,0,17,Lift,running,3,1,1,0
2026-07-17T10:00:31.619+07:00,3729120925315,48.335166481,right,1,0,17,Lift,running,3,1,1,0
2026-07-17T10:00:31.632+07:00,3729133301201,48.347542367,left,1,0,17,Lift,running,3,1,1,0
2026-07-17T10:00:31.697+07:00,3729198950792,48.413191958,left,1,0,17,Lift,running,3,1,1,0
2026-07-17T10:00:31.778+07:00,3729279411716,48.493652882,left,1,0,17,Lift,running,3,1,1,0
2026-07-17T10:00:31.778+07:00,3729279446847,48.493688013,right,1,0,17,Lift,running,3,1,1,0
2026-07-17T10:00:31.790+07:00,3729291306108,48.505547274,right,1,0,17,Lift,running,3,1,1,0
2026-07-17T10:00:31.833+07:00,3729334563321,48.548804487,left,1,0,17,Lift,running,3,1,1,0
2026-07-17T10:00:31.854+07:00,3729355461614,48.569702780,right,1,0,17,Lift,running,3,1,1,0
2026-07-17T10:00:31.900+07:00,3729401859490,48.616100656,left,1,0,17,Lift,running,3,1,1,0
2026-07-17T10:00:31.948+07:00,3729449926764,48.664167930,right,1,0,17,Lift,running,3,1,1,0
2026-07-17T10:00:31.976+07:00,3729477069473,48.691310639,right,1,0,17,Lift,running,3,1,1,0
2026-07-17T10:00:31.981+07:00,3729482584465,48.696825631,left,1,0,17,Lift,running,3,1,1,0
2026-07-17T10:00:32.044+07:00,3729545736246,48.759977412,right,1,0,17,Lift,running,3,1,1,0
2026-07-17T10:00:32.047+07:00,3729548884982,48.763126148,left,1,0,17,Lift,running,3,1,1,0
2026-07-17T10:00:32.158+07:00,3729659954540,48.874195706,left,1,0,17,Lift,running,3,1,1,0
2026-07-17T10:00:32.159+07:00,3729660045113,48.874286279,right,1,0,17,Lift,running,3,1,1,0
2026-07-17T10:00:32.171+07:00,3729672082527,48.886323693,right,1,0,17,Lift,running,3,1,1,0
2026-07-17T10:00:32.183+07:00,3729684310416,48.898551582,left,1,0,17,Lift,running,3,1,1,0
2026-07-17T10:00:32.247+07:00,3729748438910,48.962680076,left,1,0,17,Lift,running,3,1,1,0
2026-07-17T10:00:32.264+07:00,3729765228699,48.979469865,right,1,0,17,Lift,running,3,1,1,0
2026-07-17T10:00:32.348+07:00,3729849860377,49.064101543,left,1,0,17,Lift,running,3,1,1,0
2026-07-17T10:00:32.348+07:00,3729849937186,49.064178352,right,1,0,17,Lift,running,3,1,1,0
2026-07-17T10:00:32.372+07:00,3729873729164,49.087970330,left,1,0,17,Lift,running,3,1,1,0
2026-07-17T10:00:32.407+07:00,3729908599255,49.122840421,right,1,0,17,Lift,running,3,1,1,0
2026-07-17T10:00:32.439+07:00,3729940077892,49.154319058,left,1,0,17,Lift,running,3,1,1,0
2026-07-17T10:00:32.486+07:00,3729987731693,49.201972859,right,1,0,17,Lift,running,3,1,1,0
2026-07-17T10:00:32.501+07:00,3730002114474,49.216355640,left,1,0,17,Lift,running,3,1,1,0
2026-07-17T10:00:32.553+07:00,3730054433921,49.268675087,right,1,0,17,Lift,running,3,1,1,0
2026-07-17T10:00:32.561+07:00,3730062114208,49.276355374,left,1,0,17,Lift,running,3,1,1,0
2026-07-17T10:00:32.620+07:00,3730121571892,49.335813058,right,1,0,17,Lift,running,3,1,1,0
2026-07-17T10:00:32.626+07:00,3730127522696,49.341763862,left,1,0,17,Lift,running,3,1,1,0
2026-07-17T10:00:32.686+07:00,3730186994863,49.401236029,right,1,0,17,Lift,running,3,1,1,0
2026-07-17T10:00:32.690+07:00,3730191288504,49.405529670,left,1,0,17,Lift,running,3,1,1,0
2026-07-17T10:00:32.769+07:00,3730270479834,49.484721000,left,1,0,17,Lift,running,3,1,1,0
2026-07-17T10:00:32.774+07:00,3730275091366,49.489332532,right,1,0,17,Lift,running,3,1,1,0
2026-07-17T10:00:32.817+07:00,3730318355256,49.532596422,left,1,0,17,Lift,running,3,1,1,0
2026-07-17T10:00:32.841+07:00,3730342814544,49.557055710,right,1,0,17,Lift,running,3,1,1,0
2026-07-17T10:00:32.882+07:00,3730383548611,49.597789777,left,1,0,17,Lift,running,3,1,1,0
2026-07-17T10:00:32.904+07:00,3730405254782,49.619495948,right,1,0,17,Lift,running,3,1,1,0
2026-07-17T10:00:32.948+07:00,3730449557257,49.663798423,left,1,0,17,Lift,running,3,1,1,0
2026-07-17T10:00:32.966+07:00,3730467862827,49.682103993,right,1,0,17,Lift,running,3,1,1,0
2026-07-17T10:00:33.010+07:00,3730511828800,49.726069966,left,1,0,17,Lift,running,3,1,1,0
2026-07-17T10:00:33.030+07:00,3730531697156,49.745938322,right,1,0,17,Lift,running,3,1,1,0
2026-07-17T10:00:33.081+07:00,3730582485740,49.796726906,left,1,0,17,Lift,running,3,1,1,0
2026-07-17T10:00:33.094+07:00,3730595565222,49.809806388,right,1,0,17,Lift,running,3,1,1,0
2026-07-17T10:00:33.148+07:00,3730649316899,49.863558065,left,1,0,17,Lift,running,3,1,1,0
2026-07-17T10:00:33.156+07:00,3730657688070,49.871929236,right,1,0,17,Lift,running,3,1,1,0
2026-07-17T10:00:33.225+07:00,3730726254454,49.940495620,right,1,0,17,Lift,running,3,1,1,0
2026-07-17T10:00:33.235+07:00,3730736411897,49.950653063,left,1,0,17,Lift,running,3,1,1,0
2026-07-17T10:00:33.293+07:00,3730794396425,50.008637591,right,1,0,17,Lift,running,3,1,1,0
2026-07-17T10:00:33.296+07:00,3730797584468,50.011825634,left,1,0,17,Lift,running,3,1,1,0
2026-07-17T10:00:33.364+07:00,3730865076508,50.079317674,right,1,0,17,Lift,running,3,1,1,0
2026-07-17T10:00:33.364+07:00,3730865464552,50.079705718,left,1,0,17,Lift,running,3,1,1,0
2026-07-17T10:00:33.424+07:00,3730925499804,50.139740970,right,1,0,17,Lift,running,3,1,1,0
2026-07-17T10:00:33.428+07:00,3730929295247,50.143536413,left,1,0,17,Lift,running,3,1,1,0
2026-07-17T10:00:33.499+07:00,3731000371867,50.214613033,right,1,0,17,Lift,running,3,1,1,0
2026-07-17T10:00:33.549+07:00,3731050098672,50.264339838,left,1,0,17,Lift,running,3,1,1,0
2026-07-17T10:00:33.560+07:00,3731061386683,50.275627849,right,1,0,17,Lift,running,3,1,1,0
2026-07-17T10:00:33.569+07:00,3731070501862,50.284743028,left,1,0,17,Lift,running,3,1,1,0
2026-07-17T10:00:33.623+07:00,3731124604844,50.338846010,right,1,0,17,Lift,running,3,1,1,0
2026-07-17T10:00:33.633+07:00,3731134945444,50.349186610,left,1,0,17,Lift,running,3,1,1,0
2026-07-17T10:00:33.686+07:00,3731187134368,50.401375534,right,1,0,17,Lift,running,3,1,1,0
2026-07-17T10:00:33.700+07:00,3731201940879,50.416182045,left,1,0,17,Lift,running,3,1,1,0
2026-07-17T10:00:33.790+07:00,3731291607393,50.505848559,left,1,0,17,Lift,delay,0,1,1,0
2026-07-17T10:00:33.790+07:00,3731291639517,50.505880683,right,1,0,17,Lift,delay,0,1,1,0
2026-07-17T10:00:33.831+07:00,3731332326952,50.546568118,left,1,0,17,Lift,delay,0,1,1,0
2026-07-17T10:00:33.847+07:00,3731348222974,50.562464140,right,1,0,17,Lift,delay,0,1,1,0
2026-07-17T10:00:33.896+07:00,3731397737836,50.611979002,left,1,0,17,Lift,delay,0,1,1,0
2026-07-17T10:00:33.948+07:00,3731449370967,50.663612133,right,1,0,17,Lift,delay,0,1,1,0
2026-07-17T10:00:33.966+07:00,3731467746108,50.681987274,right,1,0,17,Lift,delay,0,1,1,0
2026-07-17T10:00:33.974+07:00,3731475757152,50.689998318,left,1,0,17,Lift,delay,0,1,1,0
2026-07-17T10:00:34.032+07:00,3731533380324,50.747621490,right,1,0,17,Lift,delay,0,1,1,0
2026-07-17T10:00:34.041+07:00,3731542965789,50.757206955,left,1,0,17,Lift,delay,0,1,1,0
2026-07-17T10:00:34.099+07:00,3731600280588,50.814521754,right,1,0,17,Lift,delay,0,1,1,0
2026-07-17T10:00:34.158+07:00,3731659577344,50.873818510,left,1,0,17,Lift,delay,0,1,1,0
2026-07-17T10:00:34.165+07:00,3731666117305,50.880358471,right,1,0,17,Lift,delay,0,1,1,0
2026-07-17T10:00:34.178+07:00,3731679149873,50.893391039,left,1,0,17,Lift,delay,0,1,1,0
2026-07-17T10:00:34.248+07:00,3731749901328,50.964142494,left,1,0,17,Lift,delay,0,1,1,0
2026-07-17T10:00:34.265+07:00,3731766046873,50.980288039,right,1,0,17,Lift,delay,0,1,1,0
2026-07-17T10:00:34.358+07:00,3731859572733,51.073813899,left,1,0,18,Pre_Lift,running,3,1,1,0
2026-07-17T10:00:34.358+07:00,3731859609351,51.073850517,right,1,0,18,Pre_Lift,running,3,1,1,0
2026-07-17T10:00:34.391+07:00,3731892693461,51.106934627,left,1,0,18,Pre_Lift,running,3,1,1,0
2026-07-17T10:00:34.412+07:00,3731913169741,51.127410907,right,1,0,18,Pre_Lift,running,3,1,1,0
2026-07-17T10:00:34.456+07:00,3731957664904,51.171906070,left,1,0,18,Pre_Lift,running,3,1,1,0
2026-07-17T10:00:34.491+07:00,3731992899469,51.207140635,right,1,0,18,Pre_Lift,running,3,1,1,0
2026-07-17T10:00:34.548+07:00,3732049424550,51.263665716,left,1,0,18,Pre_Lift,running,3,1,1,0
2026-07-17T10:00:34.557+07:00,3732058900170,51.273141336,right,1,0,18,Pre_Lift,running,3,1,1,0
2026-07-17T10:00:34.610+07:00,3732111941707,51.326182873,left,1,0,18,Pre_Lift,running,3,1,1,0
2026-07-17T10:00:34.624+07:00,3732125844217,51.340085383,right,1,0,18,Pre_Lift,running,3,1,1,0
2026-07-17T10:00:34.677+07:00,3732178045930,51.392287096,left,1,0,18,Pre_Lift,running,3,1,1,0
2026-07-17T10:00:34.687+07:00,3732188689345,51.402930511,right,1,0,18,Pre_Lift,running,3,1,1,0
2026-07-17T10:00:34.780+07:00,3732281621807,51.495862973,left,1,0,18,Pre_Lift,running,3,1,1,0
2026-07-17T10:00:34.782+07:00,3732283055787,51.497296953,right,1,0,18,Pre_Lift,running,3,1,1,0
2026-07-17T10:00:34.832+07:00,3732333522819,51.547763985,left,1,0,18,Pre_Lift,running,3,1,1,0
2026-07-17T10:00:34.848+07:00,3732348970771,51.563211937,right,1,0,18,Pre_Lift,running,3,1,1,0
2026-07-17T10:00:34.893+07:00,3732394405871,51.608647037,left,1,0,18,Pre_Lift,running,3,1,1,0
2026-07-17T10:00:34.948+07:00,3732449250849,51.663492015,right,1,0,18,Pre_Lift,running,3,1,1,0
2026-07-17T10:00:34.961+07:00,3732462610764,51.676851930,left,1,0,18,Pre_Lift,running,3,1,1,0
2026-07-17T10:00:34.975+07:00,3732476595683,51.690836849,right,1,0,18,Pre_Lift,running,3,1,1,0
2026-07-17T10:00:35.025+07:00,3732526622613,51.740863779,left,1,0,18,Pre_Lift,running,3,1,1,0
2026-07-17T10:00:35.040+07:00,3732541297221,51.755538387,right,1,0,18,Pre_Lift,running,3,1,1,0
2026-07-17T10:00:35.088+07:00,3732589363691,51.803604857,left,1,0,18,Pre_Lift,running,3,1,1,0
2026-07-17T10:00:35.103+07:00,3732604736299,51.818977465,right,1,0,18,Pre_Lift,running,3,1,1,0
2026-07-17T10:00:35.156+07:00,3732657703501,51.871944667,left,1,0,18,Pre_Lift,running,3,1,1,0
2026-07-17T10:00:35.166+07:00,3732667033592,51.881274758,right,1,0,18,Pre_Lift,running,3,1,1,0
2026-07-17T10:00:35.235+07:00,3732736842714,51.951083880,right,1,0,18,Pre_Lift,running,3,1,1,0
2026-07-17T10:00:35.253+07:00,3732754508532,51.968749698,left,1,0,18,Pre_Lift,running,3,1,1,0
2026-07-17T10:00:35.299+07:00,3732800692121,52.014933287,right,1,0,18,Pre_Lift,running,3,1,1,0
2026-07-17T10:00:35.359+07:00,3732860203569,52.074444735,left,1,0,18,Pre_Lift,running,3,1,1,0
2026-07-17T10:00:35.365+07:00,3732866450408,52.080691574,right,1,0,18,Pre_Lift,running,3,1,1,0
2026-07-17T10:00:35.378+07:00,3732879291094,52.093532260,left,1,0,18,Pre_Lift,running,3,1,1,0
2026-07-17T10:00:35.429+07:00,3732930552846,52.144794012,right,1,0,18,Pre_Lift,running,3,1,1,0
2026-07-17T10:00:35.444+07:00,3732945697309,52.159938475,left,1,0,18,Pre_Lift,running,3,1,1,0
2026-07-17T10:00:35.558+07:00,3733059653558,52.273894724,left,1,0,18,Pre_Lift,running,3,1,1,0
2026-07-17T10:00:35.558+07:00,3733059718259,52.273959425,right,1,0,18,Pre_Lift,running,3,1,1,0
2026-07-17T10:00:35.581+07:00,3733082865542,52.297106708,left,1,0,18,Pre_Lift,running,3,1,1,0
2026-07-17T10:00:35.583+07:00,3733084677563,52.298918729,right,1,0,18,Pre_Lift,running,3,1,1,0
2026-07-17T10:00:35.642+07:00,3733143916576,52.358157742,left,1,0,18,Pre_Lift,running,3,1,1,0
2026-07-17T10:00:35.644+07:00,3733145580569,52.359821735,right,1,0,18,Pre_Lift,running,3,1,1,0
2026-07-17T10:00:35.748+07:00,3733249386260,52.463627426,left,1,0,18,Pre_Lift,running,3,1,1,0
2026-07-17T10:00:35.748+07:00,3733249488751,52.463729917,right,1,0,18,Pre_Lift,running,3,1,1,0
2026-07-17T10:00:35.769+07:00,3733270296050,52.484537216,left,1,0,18,Pre_Lift,running,3,1,1,0
2026-07-17T10:00:35.777+07:00,3733278068499,52.492309665,right,1,0,18,Pre_Lift,running,3,1,1,0
2026-07-17T10:00:35.836+07:00,3733336983002,52.551224168,left,1,0,18,Pre_Lift,running,3,1,1,0
2026-07-17T10:00:35.839+07:00,3733340657877,52.554899043,right,1,0,18,Pre_Lift,running,3,1,1,0
2026-07-17T10:00:35.900+07:00,3733401086105,52.615327271,right,1,0,18,Pre_Lift,running,3,1,1,0
2026-07-17T10:00:35.902+07:00,3733403444976,52.617686142,left,1,0,18,Pre_Lift,running,3,1,1,0
2026-07-17T10:00:35.962+07:00,3733463257170,52.677498336,right,1,0,18,Pre_Lift,running,3,1,1,0
2026-07-17T10:00:35.969+07:00,3733470005797,52.684246963,left,1,0,18,Pre_Lift,running,3,1,1,0
2026-07-17T10:00:36.029+07:00,3733530206948,52.744448114,right,1,0,18,Pre_Lift,running,0,1,1,0
2026-07-17T10:00:36.033+07:00,3733534727649,52.748968815,left,1,0,18,Pre_Lift,running,0,1,1,0
2026-07-17T10:00:36.090+07:00,3733591730375,52.805971541,right,1,0,18,Pre_Lift,running,0,1,1,0
2026-07-17T10:00:36.148+07:00,3733649209668,52.863450834,left,1,0,18,Pre_Lift,delay,0,1,1,0
2026-07-17T10:00:36.152+07:00,3733653572623,52.867813789,right,1,0,18,Pre_Lift,delay,0,1,1,0
2026-07-17T10:00:36.168+07:00,3733669308518,52.883549684,left,1,0,18,Pre_Lift,delay,0,1,1,0
2026-07-17T10:00:36.229+07:00,3733730204285,52.944445451,right,1,0,18,Pre_Lift,delay,0,1,1,0
2026-07-17T10:00:36.252+07:00,3733753777130,52.968018296,left,1,0,18,Pre_Lift,delay,0,1,1,0
2026-07-17T10:00:36.296+07:00,3733797317243,53.011558409,right,1,0,18,Pre_Lift,delay,0,1,1,0
2026-07-17T10:00:36.358+07:00,3733859223333,53.073464499,left,1,0,18,Pre_Lift,delay,0,1,1,0
2026-07-17T10:00:36.364+07:00,3733865590182,53.079831348,right,1,0,18,Pre_Lift,delay,0,1,1,0
2026-07-17T10:00:36.396+07:00,3733897261406,53.111502572,left,1,0,18,Pre_Lift,delay,0,1,1,0
2026-07-17T10:00:36.429+07:00,3733930500103,53.144741269,right,1,0,18,Pre_Lift,delay,0,1,1,0
2026-07-17T10:00:36.462+07:00,3733963870121,53.178111287,left,1,0,18,Pre_Lift,delay,0,1,1,0
2026-07-17T10:00:36.548+07:00,3734049365075,53.263606241,left,1,0,19,Pre_Grap4,running,0,1,1,0
2026-07-17T10:00:36.548+07:00,3734049439336,53.263680502,right,1,0,19,Pre_Grap4,running,0,1,1,0
2026-07-17T10:00:36.575+07:00,3734076144896,53.290386062,right,1,0,19,Pre_Grap4,running,3,1,1,0
2026-07-17T10:00:36.596+07:00,3734097632732,53.311873898,left,1,0,19,Pre_Grap4,running,3,1,1,0
2026-07-17T10:00:36.640+07:00,3734141044258,53.355285424,right,1,0,19,Pre_Grap4,running,3,1,1,0
2026-07-17T10:00:36.658+07:00,3734159398906,53.373640072,left,1,0,19,Pre_Grap4,running,3,1,1,0
2026-07-17T10:00:36.701+07:00,3734202589506,53.416830672,right,1,0,19,Pre_Grap4,running,3,1,1,0
2026-07-17T10:00:36.768+07:00,3734269369308,53.483610474,left,1,0,19,Pre_Grap4,running,3,1,1,0
2026-07-17T10:00:36.778+07:00,3734279299664,53.493540830,right,1,0,19,Pre_Grap4,running,3,1,1,0
2026-07-17T10:00:36.832+07:00,3734333042625,53.547283791,left,1,0,19,Pre_Grap4,running,3,1,1,0
2026-07-17T10:00:36.841+07:00,3734342657164,53.556898330,right,1,0,19,Pre_Grap4,running,3,1,1,0
2026-07-17T10:00:36.897+07:00,3734398496670,53.612737836,left,1,0,19,Pre_Grap4,running,3,1,1,0
2026-07-17T10:00:36.901+07:00,3734402728098,53.616969264,right,1,0,19,Pre_Grap4,running,3,1,1,0
2026-07-17T10:00:36.968+07:00,3734469212706,53.683453872,right,1,0,19,Pre_Grap4,running,3,1,1,0
2026-07-17T10:00:36.977+07:00,3734478371433,53.692612599,left,1,0,19,Pre_Grap4,running,3,1,1,0
2026-07-17T10:00:37.036+07:00,3734537067975,53.751309141,right,1,0,19,Pre_Grap4,running,3,1,1,0
2026-07-17T10:00:37.043+07:00,3734544770164,53.759011330,left,1,0,19,Pre_Grap4,running,3,1,1,0
2026-07-17T10:00:37.148+07:00,3734649757570,53.863998736,left,1,0,19,Pre_Grap4,running,3,1,1,0
2026-07-17T10:00:37.148+07:00,3734649822815,53.864063981,right,1,0,19,Pre_Grap4,running,3,1,1,0
2026-07-17T10:00:37.172+07:00,3734673730860,53.887972026,right,1,0,19,Pre_Grap4,running,3,1,1,0
2026-07-17T10:00:37.174+07:00,3734675662929,53.889904095,left,1,0,19,Pre_Grap4,running,3,1,1,0
2026-07-17T10:00:37.238+07:00,3734739264013,53.953505179,right,1,0,19,Pre_Grap4,running,3,1,1,0
2026-07-17T10:00:37.256+07:00,3734757383758,53.971624924,left,1,0,19,Pre_Grap4,running,3,1,1,0
2026-07-17T10:00:37.304+07:00,3734805024760,54.019265926,right,1,0,19,Pre_Grap4,running,3,1,1,0
2026-07-17T10:00:37.348+07:00,3734849440305,54.063681471,left,1,0,19,Pre_Grap4,running,3,1,1,0
2026-07-17T10:00:37.368+07:00,3734869765218,54.084006384,right,1,0,19,Pre_Grap4,running,3,1,1,0
2026-07-17T10:00:37.397+07:00,3734898617582,54.112858748,left,1,0,19,Pre_Grap4,running,3,1,1,0
2026-07-17T10:00:37.430+07:00,3734931102987,54.145344153,right,1,0,19,Pre_Grap4,running,3,1,1,0
2026-07-17T10:00:37.459+07:00,3734960890495,54.175131661,left,1,0,19,Pre_Grap4,running,3,1,1,0
2026-07-17T10:00:37.493+07:00,3734994297961,54.208539127,right,1,0,19,Pre_Grap4,running,3,1,1,0
2026-07-17T10:00:37.549+07:00,3735050027587,54.264268753,left,1,0,19,Pre_Grap4,running,3,1,1,0
2026-07-17T10:00:37.560+07:00,3735061743998,54.275985164,right,1,0,19,Pre_Grap4,running,3,1,1,0
2026-07-17T10:00:37.611+07:00,3735112295138,54.326536304,left,1,0,19,Pre_Grap4,running,3,1,1,0
2026-07-17T10:00:37.650+07:00,3735151239140,54.365480306,right,1,0,19,Pre_Grap4,running,3,1,1,0
2026-07-17T10:00:37.687+07:00,3735188230263,54.402471429,left,1,0,19,Pre_Grap4,running,3,1,1,0
2026-07-17T10:00:37.747+07:00,3735248662582,54.462903748,right,1,0,19,Pre_Grap4,running,3,1,1,0
2026-07-17T10:00:37.785+07:00,3735286860661,54.501101827,left,1,0,19,Pre_Grap4,running,3,1,1,0
2026-07-17T10:00:37.791+07:00,3735291999098,54.506240264,right,1,0,19,Pre_Grap4,running,3,1,1,0
2026-07-17T10:00:37.846+07:00,3735347714165,54.561955331,left,1,0,19,Pre_Grap4,running,3,1,1,0
2026-07-17T10:00:37.855+07:00,3735356592080,54.570833246,right,1,0,19,Pre_Grap4,running,3,1,1,0
2026-07-17T10:00:37.948+07:00,3735449386366,54.663627532,left,1,0,19,Pre_Grap4,running,3,1,1,0
2026-07-17T10:00:37.948+07:00,3735449425059,54.663666225,right,1,0,19,Pre_Grap4,running,3,1,1,0
2026-07-17T10:00:37.989+07:00,3735490964318,54.705205484,left,1,0,19,Pre_Grap4,running,3,1,1,0
2026-07-17T10:00:38.001+07:00,3735502842170,54.717083336,right,1,0,19,Pre_Grap4,running,3,1,1,0
2026-07-17T10:00:38.055+07:00,3735556189233,54.770430399,left,1,0,19,Pre_Grap4,running,3,1,1,0
2026-07-17T10:00:38.065+07:00,3735566518597,54.780759763,right,1,0,19,Pre_Grap4,running,3,1,1,0
2026-07-17T10:00:38.150+07:00,3735651041063,54.865282229,left,1,0,19,Pre_Grap4,running,3,1,1,0
2026-07-17T10:00:38.150+07:00,3735651077866,54.865319032,right,1,0,19,Pre_Grap4,running,3,1,1,0
2026-07-17T10:00:38.196+07:00,3735697325395,54.911566561,right,1,0,19,Pre_Grap4,running,0,1,1,0
2026-07-17T10:00:38.198+07:00,3735699420634,54.913661800,left,1,0,19,Pre_Grap4,running,0,1,1,0
2026-07-17T10:00:38.262+07:00,3735763435307,54.977676473,left,1,0,19,Pre_Grap4,running,0,1,1,0
2026-07-17T10:00:38.277+07:00,3735778419196,54.992660362,right,1,0,19,Pre_Grap4,running,0,1,1,0
2026-07-17T10:00:38.348+07:00,3735849762455,55.064003621,left,1,0,19,Pre_Grap4,delay,0,1,1,0
2026-07-17T10:00:38.360+07:00,3735861104517,55.075345683,right,1,0,19,Pre_Grap4,delay,0,1,1,0
2026-07-17T10:00:38.416+07:00,3735917203777,55.131444943,left,1,0,19,Pre_Grap4,delay,0,1,1,0
2026-07-17T10:00:38.423+07:00,3735924345633,55.138586799,right,1,0,19,Pre_Grap4,delay,0,1,1,0
2026-07-17T10:00:38.486+07:00,3735987180995,55.201422161,left,1,0,19,Pre_Grap4,delay,0,1,1,0
2026-07-17T10:00:38.487+07:00,3735988443118,55.202684284,right,1,0,19,Pre_Grap4,delay,0,1,1,0
2026-07-17T10:00:38.550+07:00,3736051873178,55.266114344,left,1,0,19,Pre_Grap4,delay,0,1,1,0
2026-07-17T10:00:38.553+07:00,3736054168398,55.268409564,right,1,0,19,Pre_Grap4,delay,0,1,1,0
2026-07-17T10:00:38.616+07:00,3736117385793,55.331626959,left,1,0,19,Pre_Grap4,delay,0,1,1,0
2026-07-17T10:00:38.619+07:00,3736120462871,55.334704037,right,1,0,19,Pre_Grap4,delay,0,1,1,0
2026-07-17T10:00:38.679+07:00,3736180487639,55.394728805,right,1,0,19,Pre_Grap4,delay,0,1,1,0
2026-07-17T10:00:38.681+07:00,3736182626324,55.396867490,left,1,0,19,Pre_Grap4,delay,0,1,1,0
2026-07-17T10:00:38.752+07:00,3736253243315,55.467484481,left,1,0,20,Pre_Grap3,running,3,1,1,0
2026-07-17T10:00:38.770+07:00,3736271606443,55.485847609,right,1,0,20,Pre_Grap3,running,3,1,1,0
2026-07-17T10:00:38.815+07:00,3736316840099,55.531081265,left,1,0,20,Pre_Grap3,running,3,1,1,0
2026-07-17T10:00:38.834+07:00,3736335615050,55.549856216,right,1,0,20,Pre_Grap3,running,3,1,1,0
2026-07-17T10:00:38.883+07:00,3736384558854,55.598800020,left,1,0,20,Pre_Grap3,running,3,1,1,0
2026-07-17T10:00:38.948+07:00,3736449413810,55.663654976,right,1,0,20,Pre_Grap3,running,3,1,1,0
2026-07-17T10:00:38.948+07:00,3736449698460,55.663939626,left,1,0,20,Pre_Grap3,running,3,1,1,0
2026-07-17T10:00:38.973+07:00,3736474530516,55.688771682,right,1,0,20,Pre_Grap3,running,3,1,1,0
2026-07-17T10:00:39.020+07:00,3736521497476,55.735738642,left,1,0,20,Pre_Grap3,running,3,1,1,0
2026-07-17T10:00:39.037+07:00,3736538876014,55.753117180,right,1,0,20,Pre_Grap3,running,3,1,1,0
2026-07-17T10:00:39.086+07:00,3736587285584,55.801526750,left,1,0,20,Pre_Grap3,running,3,1,1,0
2026-07-17T10:00:39.148+07:00,3736649155519,55.863396685,right,1,0,20,Pre_Grap3,running,3,1,1,0
2026-07-17T10:00:39.154+07:00,3736655144481,55.869385647,left,1,0,20,Pre_Grap3,running,3,1,1,0
2026-07-17T10:00:39.190+07:00,3736691313130,55.905554296,right,1,0,20,Pre_Grap3,running,3,1,1,0
2026-07-17T10:00:39.216+07:00,3736717218422,55.931459588,left,1,0,20,Pre_Grap3,running,3,1,1,0
2026-07-17T10:00:39.278+07:00,3736779200161,55.993441327,right,1,0,20,Pre_Grap3,running,3,1,1,0
2026-07-17T10:00:39.282+07:00,3736782990541,55.997231707,left,1,0,20,Pre_Grap3,running,3,1,1,0
2026-07-17T10:00:39.348+07:00,3736849371550,56.063612716,left,1,0,20,Pre_Grap3,running,3,1,1,0
2026-07-17T10:00:39.357+07:00,3736858397918,56.072639084,right,1,0,20,Pre_Grap3,running,3,1,1,0
2026-07-17T10:00:39.411+07:00,3736912860804,56.127101970,left,1,0,20,Pre_Grap3,running,3,1,1,0
2026-07-17T10:00:39.421+07:00,3736922563579,56.136804745,right,1,0,20,Pre_Grap3,running,3,1,1,0
2026-07-17T10:00:39.483+07:00,3736984387050,56.198628216,right,1,0,20,Pre_Grap3,running,3,1,1,0
2026-07-17T10:00:39.491+07:00,3736992694352,56.206935518,left,1,0,20,Pre_Grap3,running,3,1,1,0
2026-07-17T10:00:39.552+07:00,3737053197452,56.267438618,right,1,0,20,Pre_Grap3,running,3,1,1,0
2026-07-17T10:00:39.571+07:00,3737072901507,56.287142673,left,1,0,20,Pre_Grap3,running,3,1,1,0
2026-07-17T10:00:39.619+07:00,3737120912557,56.335153723,right,1,0,20,Pre_Grap3,running,3,1,1,0
2026-07-17T10:00:39.636+07:00,3737137734890,56.351976056,left,1,0,20,Pre_Grap3,running,3,1,1,0
2026-07-17T10:00:39.684+07:00,3737185840402,56.400081568,right,1,0,20,Pre_Grap3,running,3,1,1,0
2026-07-17T10:00:39.748+07:00,3737249214248,56.463455414,left,1,0,20,Pre_Grap3,running,3,1,1,0
2026-07-17T10:00:39.756+07:00,3737257055482,56.471296648,right,1,0,20,Pre_Grap3,running,3,1,1,0
2026-07-17T10:00:39.772+07:00,3737273436466,56.487677632,left,1,0,20,Pre_Grap3,running,3,1,1,0
2026-07-17T10:00:39.820+07:00,3737321440005,56.535681171,right,1,0,20,Pre_Grap3,running,3,1,1,0
2026-07-17T10:00:39.840+07:00,3737341186012,56.555427178,left,1,0,20,Pre_Grap3,running,3,1,1,0
2026-07-17T10:00:39.886+07:00,3737387030672,56.601271838,right,1,0,20,Pre_Grap3,running,3,1,1,0
2026-07-17T10:00:39.900+07:00,3737401734430,56.615975596,left,1,0,20,Pre_Grap3,running,3,1,1,0
2026-07-17T10:00:39.949+07:00,3737450210202,56.664451368,right,1,0,20,Pre_Grap3,running,3,1,1,0
2026-07-17T10:00:39.966+07:00,3737467268292,56.681509458,left,1,0,20,Pre_Grap3,running,3,1,1,0
2026-07-17T10:00:40.020+07:00,3737521234782,56.735475948,right,1,0,20,Pre_Grap3,running,3,1,1,0
2026-07-17T10:00:40.027+07:00,3737528667799,56.742908965,left,1,0,20,Pre_Grap3,running,3,1,1,0
2026-07-17T10:00:40.087+07:00,3737588497805,56.802738971,right,1,0,20,Pre_Grap3,running,3,1,1,0
2026-07-17T10:00:40.093+07:00,3737594424363,56.808665529,left,1,0,20,Pre_Grap3,running,3,1,1,0
2026-07-17T10:00:40.154+07:00,3737655609683,56.869850849,left,1,0,20,Pre_Grap3,running,3,1,1,0
2026-07-17T10:00:40.157+07:00,3737658789683,56.873030849,right,1,0,20,Pre_Grap3,running,3,1,1,0
2026-07-17T10:00:40.218+07:00,3737719239708,56.933480874,right,1,0,20,Pre_Grap3,running,3,1,1,0
2026-07-17T10:00:40.222+07:00,3737722994903,56.937236069,left,1,0,20,Pre_Grap3,running,3,1,1,0
2026-07-17T10:00:40.287+07:00,3737788481857,57.002723023,left,1,0,20,Pre_Grap3,running,3,1,1,0
2026-07-17T10:00:40.289+07:00,3737790792780,57.005033946,right,1,0,20,Pre_Grap3,running,3,1,1,0
2026-07-17T10:00:40.351+07:00,3737852694067,57.066935233,left,1,0,20,Pre_Grap3,running,0,1,1,0
2026-07-17T10:00:40.352+07:00,3737853950874,57.068192040,right,1,0,20,Pre_Grap3,running,3,1,1,0
2026-07-17T10:00:40.413+07:00,3737914956889,57.129198055,left,1,0,20,Pre_Grap3,running,0,1,1,0
2026-07-17T10:00:40.420+07:00,3737921487599,57.135728765,right,1,0,20,Pre_Grap3,running,0,1,1,0
2026-07-17T10:00:40.490+07:00,3737991421558,57.205662724,right,1,0,20,Pre_Grap3,running,3,1,1,0
2026-07-17T10:00:40.504+07:00,3738005051675,57.219292841,left,1,0,20,Pre_Grap3,running,3,1,1,0
2026-07-17T10:00:40.564+07:00,3738065392099,57.279633265,right,1,0,21,Pre_Grap2,running,3,1,1,0
2026-07-17T10:00:40.580+07:00,3738081870234,57.296111400,left,1,0,21,Pre_Grap2,running,3,1,1,0
2026-07-17T10:00:40.628+07:00,3738129548027,57.343789193,right,1,0,21,Pre_Grap2,running,3,1,1,0
2026-07-17T10:00:40.649+07:00,3738150342471,57.364583637,left,1,0,21,Pre_Grap2,running,3,1,1,0
2026-07-17T10:00:40.701+07:00,3738202295419,57.416536585,right,1,0,21,Pre_Grap2,running,3,1,1,0
2026-07-17T10:00:40.758+07:00,3738259558979,57.473800145,left,1,0,21,Pre_Grap2,running,3,1,1,0
2026-07-17T10:00:40.780+07:00,3738281471521,57.495712687,right,1,0,21,Pre_Grap2,running,3,1,1,0
2026-07-17T10:00:40.814+07:00,3738315218361,57.529459527,left,1,0,21,Pre_Grap2,running,3,1,1,0
2026-07-17T10:00:40.845+07:00,3738346522312,57.560763478,right,1,0,21,Pre_Grap2,running,3,1,1,0
2026-07-17T10:00:40.880+07:00,3738381169076,57.595410242,left,1,0,21,Pre_Grap2,running,3,1,1,0
2026-07-17T10:00:40.948+07:00,3738449578869,57.663820035,left,1,0,21,Pre_Grap2,running,3,1,1,0
2026-07-17T10:00:40.948+07:00,3738449652616,57.663893782,right,1,0,21,Pre_Grap2,running,3,1,1,0
2026-07-17T10:00:40.977+07:00,3738478233676,57.692474842,right,1,0,21,Pre_Grap2,running,3,1,1,0
2026-07-17T10:00:41.013+07:00,3738514620715,57.728861881,left,1,0,21,Pre_Grap2,running,3,1,1,0
2026-07-17T10:00:41.043+07:00,3738544798116,57.759039282,right,1,0,21,Pre_Grap2,running,3,1,1,0
2026-07-17T10:00:41.077+07:00,3738578686940,57.792928106,left,1,0,21,Pre_Grap2,running,3,1,1,0
2026-07-17T10:00:41.148+07:00,3738649618724,57.863859890,left,1,0,21,Pre_Grap2,running,3,1,1,0
2026-07-17T10:00:41.148+07:00,3738649700035,57.863941201,right,1,0,21,Pre_Grap2,running,3,1,1,0
2026-07-17T10:00:41.173+07:00,3738674823755,57.889064921,right,1,0,21,Pre_Grap2,running,3,1,1,0
2026-07-17T10:00:41.205+07:00,3738706249388,57.920490554,left,1,0,21,Pre_Grap2,running,3,1,1,0
2026-07-17T10:00:41.235+07:00,3738736682326,57.950923492,right,1,0,21,Pre_Grap2,running,3,1,1,0
2026-07-17T10:00:41.266+07:00,3738767464408,57.981705574,left,1,0,21,Pre_Grap2,running,3,1,1,0
2026-07-17T10:00:41.302+07:00,3738803766885,58.018008051,right,1,0,21,Pre_Grap2,running,3,1,1,0
2026-07-17T10:00:41.348+07:00,3738849253304,58.063494470,left,1,0,21,Pre_Grap2,running,3,1,1,0
2026-07-17T10:00:41.365+07:00,3738866442964,58.080684130,right,1,0,21,Pre_Grap2,running,3,1,1,0
2026-07-17T10:00:41.400+07:00,3738901249114,58.115490280,left,1,0,21,Pre_Grap2,running,3,1,1,0
2026-07-17T10:00:41.426+07:00,3738927147661,58.141388827,right,1,0,21,Pre_Grap2,running,3,1,1,0
2026-07-17T10:00:41.463+07:00,3738964732861,58.178974027,left,1,0,21,Pre_Grap2,running,3,1,1,0
2026-07-17T10:00:41.493+07:00,3738994584125,58.208825291,right,1,0,21,Pre_Grap2,running,3,1,1,0
2026-07-17T10:00:41.548+07:00,3739049378624,58.263619790,left,1,0,21,Pre_Grap2,running,3,1,1,0
2026-07-17T10:00:41.558+07:00,3739059838500,58.274079666,right,1,0,21,Pre_Grap2,running,3,1,1,0
2026-07-17T10:00:41.592+07:00,3739093701816,58.307942982,left,1,0,21,Pre_Grap2,running,3,1,1,0
2026-07-17T10:00:41.619+07:00,3739120369229,58.334610395,right,1,0,21,Pre_Grap2,running,3,1,1,0
2026-07-17T10:00:41.653+07:00,3739154232723,58.368473889,left,1,0,21,Pre_Grap2,running,3,1,1,0
2026-07-17T10:00:41.691+07:00,3739192343309,58.406584475,right,1,0,21,Pre_Grap2,running,3,1,1,0
2026-07-17T10:00:41.759+07:00,3739260696368,58.474937534,left,1,0,21,Pre_Grap2,running,3,1,1,0
2026-07-17T10:00:41.781+07:00,3739282792042,58.497033208,right,1,0,21,Pre_Grap2,running,3,1,1,0
2026-07-17T10:00:41.826+07:00,3739327879139,58.542120305,left,1,0,21,Pre_Grap2,running,3,1,1,0
2026-07-17T10:00:41.850+07:00,3739351650371,58.565891537,right,1,0,21,Pre_Grap2,running,3,1,1,0
2026-07-17T10:00:41.900+07:00,3739401856434,58.616097600,left,1,0,21,Pre_Grap2,running,3,1,1,0
2026-07-17T10:00:41.948+07:00,3739449329044,58.663570210,right,1,0,21,Pre_Grap2,running,3,1,1,0
2026-07-17T10:00:41.972+07:00,3739473217899,58.687459065,left,1,0,21,Pre_Grap2,running,3,1,1,0
2026-07-17T10:00:41.985+07:00,3739486673864,58.700915030,right,1,0,21,Pre_Grap2,running,3,1,1,0
2026-07-17T10:00:42.044+07:00,3739545011739,58.759252905,left,1,0,21,Pre_Grap2,running,3,1,1,0
2026-07-17T10:00:42.054+07:00,3739555460645,58.769701811,right,1,0,21,Pre_Grap2,running,3,1,1,0
2026-07-17T10:00:42.159+07:00,3739660498632,58.874739798,left,1,0,21,Pre_Grap2,running,3,1,1,0
2026-07-17T10:00:42.159+07:00,3739660569745,58.874810911,right,1,0,21,Pre_Grap2,running,3,1,1,0
2026-07-17T10:00:42.174+07:00,3739675235689,58.889476855,left,1,0,21,Pre_Grap2,running,3,1,1,0
2026-07-17T10:00:42.181+07:00,3739682288534,58.896529700,right,1,0,21,Pre_Grap2,running,3,1,1,0
2026-07-17T10:00:42.269+07:00,3739770117431,58.984358597,left,1,0,21,Pre_Grap2,running,3,1,1,0
2026-07-17T10:00:42.274+07:00,3739775894527,58.990135693,right,1,0,21,Pre_Grap2,running,3,1,1,0
2026-07-17T10:00:42.349+07:00,3739850555806,59.064796972,left,1,0,21,Pre_Grap2,running,3,1,1,0
2026-07-17T10:00:42.353+07:00,3739854207698,59.068448864,right,1,0,21,Pre_Grap2,running,3,1,1,0
2026-07-17T10:00:42.404+07:00,3739905209911,59.119451077,left,1,0,21,Pre_Grap2,running,3,1,1,0
2026-07-17T10:00:42.418+07:00,3739919053163,59.133294329,right,1,0,21,Pre_Grap2,running,3,1,1,0
2026-07-17T10:00:42.471+07:00,3739972316817,59.186557983,left,1,0,21,Pre_Grap2,running,3,1,1,0
2026-07-17T10:00:42.485+07:00,3739986340533,59.200581699,right,1,0,21,Pre_Grap2,running,3,1,1,0
2026-07-17T10:00:42.548+07:00,3740049580427,59.263821593,left,1,0,21,Pre_Grap2,running,3,1,1,0
2026-07-17T10:00:42.555+07:00,3740056776098,59.271017264,right,1,0,21,Pre_Grap2,running,3,1,1,0
2026-07-17T10:00:42.602+07:00,3740103500066,59.317741232,left,1,0,21,Pre_Grap2,running,3,1,1,0
2026-07-17T10:00:42.617+07:00,3740118290289,59.332531455,right,1,0,21,Pre_Grap2,running,3,1,1,0
2026-07-17T10:00:42.665+07:00,3740166083700,59.380324866,left,1,0,21,Pre_Grap2,running,3,1,1,0
2026-07-17T10:00:42.687+07:00,3740188277072,59.402518238,right,1,0,21,Pre_Grap2,running,3,1,1,0
2026-07-17T10:00:42.748+07:00,3740249336199,59.463577365,left,1,0,21,Pre_Grap2,running,3,1,1,0
2026-07-17T10:00:42.753+07:00,3740254620468,59.468861634,right,1,0,21,Pre_Grap2,running,3,1,1,0
2026-07-17T10:00:42.795+07:00,3740296851177,59.511092343,left,1,0,21,Pre_Grap2,running,3,1,1,0
2026-07-17T10:00:42.819+07:00,3740320850624,59.535091790,right,1,0,21,Pre_Grap2,running,3,1,1,0
2026-07-17T10:00:42.860+07:00,3740361466802,59.575707968,left,1,0,21,Pre_Grap2,running,3,1,1,0
2026-07-17T10:00:42.884+07:00,3740384975680,59.599216846,right,1,0,21,Pre_Grap2,running,3,1,1,0
2026-07-17T10:00:42.948+07:00,3740449754995,59.663996161,left,1,0,21,Pre_Grap2,running,3,1,1,0
2026-07-17T10:00:42.957+07:00,3740458213783,59.672454949,right,1,0,21,Pre_Grap2,running,3,1,1,0
2026-07-17T10:00:43.003+07:00,3740504063452,59.718304618,left,1,0,21,Pre_Grap2,running,0,1,1,0
2026-07-17T10:00:43.021+07:00,3740522173104,59.736414270,right,1,0,21,Pre_Grap2,running,0,1,1,0
2026-07-17T10:00:43.066+07:00,3740567462504,59.781703670,left,1,0,21,Pre_Grap2,running,0,1,1,0
2026-07-17T10:00:43.091+07:00,3740592700345,59.806941511,right,1,0,21,Pre_Grap2,running,3,1,1,0
2026-07-17T10:00:43.148+07:00,3740649332150,59.863573316,left,1,0,22,Pre_Grap1,running,3,1,1,0
2026-07-17T10:00:43.152+07:00,3740653321766,59.867562932,right,1,0,22,Pre_Grap1,running,3,1,1,0
2026-07-17T10:00:43.204+07:00,3740705477654,59.919718820,left,1,0,22,Pre_Grap1,running,3,1,1,0
2026-07-17T10:00:43.218+07:00,3740719313461,59.933554627,right,1,0,22,Pre_Grap1,running,3,1,1,0
2026-07-17T10:00:43.294+07:00,3740795317877,60.009559043,left,1,0,22,Pre_Grap1,running,3,1,1,0
2026-07-17T10:00:43.300+07:00,3740801934781,60.016175947,right,1,0,22,Pre_Grap1,running,3,1,1,0
2026-07-17T10:00:43.359+07:00,3740860176095,60.074417261,left,1,0,22,Pre_Grap1,running,3,1,1,0
2026-07-17T10:00:43.372+07:00,3740873103542,60.087344708,right,1,0,22,Pre_Grap1,running,3,1,1,0
2026-07-17T10:00:43.424+07:00,3740925423051,60.139664217,left,1,0,22,Pre_Grap1,running,3,1,1,0
2026-07-17T10:00:43.435+07:00,3740936800482,60.151041648,right,1,0,22,Pre_Grap1,running,3,1,1,0
2026-07-17T10:00:43.493+07:00,3740994723167,60.208964333,left,1,0,22,Pre_Grap1,running,3,1,1,0
2026-07-17T10:00:43.498+07:00,3740999564887,60.213806053,right,1,0,22,Pre_Grap1,running,3,1,1,0
2026-07-17T10:00:43.557+07:00,3741058413696,60.272654862,left,1,0,22,Pre_Grap1,running,3,1,1,0
2026-07-17T10:00:43.566+07:00,3741067451119,60.281692285,right,1,0,22,Pre_Grap1,running,3,1,1,0
2026-07-17T10:00:43.618+07:00,3741119302147,60.333543313,left,1,0,22,Pre_Grap1,running,3,1,1,0
2026-07-17T10:00:43.632+07:00,3741133369029,60.347610195,right,1,0,22,Pre_Grap1,running,3,1,1,0
2026-07-17T10:00:43.679+07:00,3741180144159,60.394385325,left,1,0,22,Pre_Grap1,running,3,1,1,0
2026-07-17T10:00:43.693+07:00,3741194399687,60.408640853,right,1,0,22,Pre_Grap1,running,3,1,1,0
2026-07-17T10:00:43.749+07:00,3741250312645,60.464553811,left,1,0,22,Pre_Grap1,running,3,1,1,0
2026-07-17T10:00:43.762+07:00,3741263366333,60.477607499,right,1,0,22,Pre_Grap1,running,3,1,1,0
2026-07-17T10:00:43.810+07:00,3741311192410,60.525433576,left,1,0,22,Pre_Grap1,running,3,1,1,0
2026-07-17T10:00:43.827+07:00,3741328397049,60.542638215,right,1,0,22,Pre_Grap1,running,3,1,1,0
2026-07-17T10:00:43.878+07:00,3741379644372,60.593885538,left,1,0,22,Pre_Grap1,running,3,1,1,0
2026-07-17T10:00:43.890+07:00,3741391506170,60.605747336,right,1,0,22,Pre_Grap1,running,3,1,1,0
2026-07-17T10:00:43.949+07:00,3741450412254,60.664653420,left,1,0,22,Pre_Grap1,running,3,1,1,0
2026-07-17T10:00:43.955+07:00,3741456868656,60.671109822,right,1,0,22,Pre_Grap1,running,3,1,1,0
2026-07-17T10:00:44.008+07:00,3741509705279,60.723946445,left,1,0,22,Pre_Grap1,running,3,1,1,0
2026-07-17T10:00:44.021+07:00,3741522322298,60.736563464,right,1,0,22,Pre_Grap1,running,3,1,1,0
2026-07-17T10:00:44.069+07:00,3741570741934,60.784983100,left,1,0,22,Pre_Grap1,running,3,1,1,0
2026-07-17T10:00:44.089+07:00,3741590783100,60.805024266,right,1,0,22,Pre_Grap1,running,3,1,1,0
2026-07-17T10:00:44.149+07:00,3741650079793,60.864320959,left,1,0,22,Pre_Grap1,running,3,1,1,0
2026-07-17T10:00:44.154+07:00,3741655495729,60.869736895,right,1,0,22,Pre_Grap1,running,3,1,1,0
2026-07-17T10:00:44.201+07:00,3741702224635,60.916465801,left,1,0,22,Pre_Grap1,running,3,1,1,0
2026-07-17T10:00:44.219+07:00,3741720570901,60.934812067,right,1,0,22,Pre_Grap1,running,3,1,1,0
2026-07-17T10:00:44.284+07:00,3741785546746,60.999787912,left,1,0,22,Pre_Grap1,running,3,1,1,0
2026-07-17T10:00:44.295+07:00,3741796953138,61.011194304,right,1,0,22,Pre_Grap1,running,3,1,1,0
2026-07-17T10:00:44.348+07:00,3741849248095,61.063489261,left,1,0,22,Pre_Grap1,running,3,1,1,0
2026-07-17T10:00:44.368+07:00,3741869174282,61.083415448,right,1,0,22,Pre_Grap1,running,3,1,1,0
2026-07-17T10:00:44.409+07:00,3741910145068,61.124386234,left,1,0,22,Pre_Grap1,running,3,1,1,0
2026-07-17T10:00:44.435+07:00,3741936321979,61.150563145,right,1,0,22,Pre_Grap1,running,3,1,1,0
2026-07-17T10:00:44.474+07:00,3741975729677,61.189970843,left,1,0,22,Pre_Grap1,running,3,1,1,0
2026-07-17T10:00:44.499+07:00,3742000428889,61.214670055,right,1,0,22,Pre_Grap1,running,3,1,1,0
2026-07-17T10:00:44.548+07:00,3742049704506,61.263945672,left,1,0,22,Pre_Grap1,running,3,1,1,0
2026-07-17T10:00:44.561+07:00,3742062168388,61.276409554,right,1,0,22,Pre_Grap1,running,3,1,1,0
2026-07-17T10:00:44.611+07:00,3742112449821,61.326690987,left,1,0,22,Pre_Grap1,running,3,1,1,0
2026-07-17T10:00:44.639+07:00,3742140943051,61.355184217,right,1,0,22,Pre_Grap1,running,3,1,1,0
2026-07-17T10:00:44.678+07:00,3742179146654,61.393387820,left,1,0,22,Pre_Grap1,running,3,1,1,0
2026-07-17T10:00:44.701+07:00,3742202728279,61.416969445,right,1,0,22,Pre_Grap1,running,3,1,1,0
2026-07-17T10:00:44.759+07:00,3742260268078,61.474509244,left,1,0,22,Pre_Grap1,running,0,1,1,0
2026-07-17T10:00:44.765+07:00,3742266286933,61.480528099,right,1,0,22,Pre_Grap1,running,0,1,1,0
2026-07-17T10:00:44.813+07:00,3742314111916,61.528353082,left,1,0,22,Pre_Grap1,running,0,1,1,0
2026-07-17T10:00:44.835+07:00,3742336582278,61.550823444,right,1,0,22,Pre_Grap1,running,0,1,1,0
2026-07-17T10:00:44.879+07:00,3742380102538,61.594343704,left,1,0,22,Pre_Grap1,running,0,1,1,0
2026-07-17T10:00:44.898+07:00,3742399756044,61.613997210,right,1,0,22,Pre_Grap1,running,0,1,1,0
2026-07-17T10:00:44.949+07:00,3742450056514,61.664297680,left,1,0,22,Pre_Grap1,delay,0,1,1,0
2026-07-17T10:00:44.963+07:00,3742464573816,61.678814982,right,1,0,22,Pre_Grap1,delay,0,1,1,0
2026-07-17T10:00:45.020+07:00,3742521772851,61.736014017,left,1,0,22,Pre_Grap1,delay,0,1,1,0
2026-07-17T10:00:45.030+07:00,3742531070024,61.745311190,right,1,0,22,Pre_Grap1,delay,0,1,1,0
2026-07-17T10:00:45.084+07:00,3742585082103,61.799323269,left,1,0,22,Pre_Grap1,delay,0,1,1,0
2026-07-17T10:00:45.096+07:00,3742597138466,61.811379632,right,1,0,22,Pre_Grap1,delay,0,1,1,0
2026-07-17T10:00:45.148+07:00,3742649070035,61.863311201,left,1,0,22,Pre_Grap1,delay,0,1,1,0
2026-07-17T10:00:45.160+07:00,3742661697599,61.875938765,right,1,0,22,Pre_Grap1,delay,0,1,1,0
2026-07-17T10:00:45.216+07:00,3742717851423,61.932092589,left,1,0,22,Pre_Grap1,delay,0,1,1,0
2026-07-17T10:00:45.228+07:00,3742729735408,61.943976574,right,1,0,22,Pre_Grap1,delay,0,1,1,0
2026-07-17T10:00:45.284+07:00,3742785539126,61.999780292,left,1,0,22,Pre_Grap1,delay,0,1,1,0
2026-07-17T10:00:45.303+07:00,3742804041336,62.018282502,right,1,0,22,Pre_Grap1,delay,0,1,1,0
2026-07-17T10:00:45.357+07:00,3742858460157,62.072701323,left,1,0,22,Pre_Grap1,delay,0,1,1,0
2026-07-17T10:00:45.368+07:00,3742869441401,62.083682567,right,1,0,22,Pre_Grap1,delay,0,1,1,0
2026-07-17T10:00:45.422+07:00,3742923797396,62.138038562,left,1,0,22,Pre_Grap1,delay,0,1,1,0
2026-07-17T10:00:45.433+07:00,3742934779026,62.149020192,right,1,0,22,Pre_Grap1,delay,0,1,1,0
2026-07-17T10:00:45.487+07:00,3742988382383,62.202623549,left,1,0,22,Pre_Grap1,delay,0,1,1,0
2026-07-17T10:00:45.498+07:00,3742999868455,62.214109621,right,1,0,22,Pre_Grap1,delay,0,1,1,0
2026-07-17T10:00:45.548+07:00,3743049897527,62.264138693,left,1,0,22,Pre_Grap1,delay,0,1,1,0
2026-07-17T10:00:45.564+07:00,3743065454719,62.279695885,right,1,0,22,Pre_Grap1,delay,0,1,1,0
2026-07-17T10:00:45.618+07:00,3743119514237,62.333755403,left,1,0,22,Pre_Grap1,delay,0,1,1,0
2026-07-17T10:00:45.637+07:00,3743138685142,62.352926308,right,1,0,22,Pre_Grap1,delay,0,1,1,0
2026-07-17T10:00:45.680+07:00,3743181381869,62.395623035,left,1,0,22,Pre_Grap1,delay,0,1,1,0
2026-07-17T10:00:45.699+07:00,3743200750163,62.414991329,right,1,0,22,Pre_Grap1,delay,0,1,1,0
2026-07-17T10:00:45.748+07:00,3743249783354,62.464024520,left,1,0,22,Pre_Grap1,delay,0,1,1,0
2026-07-17T10:00:45.765+07:00,3743266346023,62.480587189,right,1,0,22,Pre_Grap1,delay,0,1,1,0
2026-07-17T10:00:45.807+07:00,3743308718366,62.522959532,left,1,0,22,Pre_Grap1,delay,0,1,1,0
2026-07-17T10:00:45.828+07:00,3743329699392,62.543940558,right,1,0,22,Pre_Grap1,delay,0,1,1,0
2026-07-17T10:00:45.871+07:00,3743372905742,62.587146908,left,1,0,22,Pre_Grap1,delay,0,1,1,0
2026-07-17T10:00:45.893+07:00,3743394236110,62.608477276,right,1,0,22,Pre_Grap1,delay,0,1,1,0
2026-07-17T10:00:45.948+07:00,3743449778470,62.664019636,left,1,1,22,Pre_Grap1,done,0,1,1,0
2026-07-17T10:00:45.955+07:00,3743456141905,62.670383071,right,1,1,22,Pre_Grap1,done,0,1,1,0
2026-07-17T10:00:45.998+07:00,3743499427651,62.713668817,left,1,1,22,Pre_Grap1,done,0,1,1,0
2026-07-17T10:00:46.033+07:00,3743534359776,62.748600942,right,1,1,22,Pre_Grap1,done,0,1,1,0
2026-07-17T10:00:46.063+07:00,3743564555105,62.778796271,left,1,1,22,Pre_Grap1,done,0,1,1,0
2026-07-17T10:00:46.158+07:00,3743659550015,62.873791181,left,1,1,22,Pre_Grap1,done,0,1,1,0
2026-07-17T10:00:46.158+07:00,3743659582544,62.873823710,right,1,1,22,Pre_Grap1,done,0,1,1,0
2026-07-17T10:00:46.178+07:00,3743679046975,62.893288141,right,1,1,22,Pre_Grap1,done,0,1,1,0
2026-07-17T10:00:46.206+07:00,3743707537042,62.921778208,left,1,1,22,Pre_Grap1,done,0,1,1,0
2026-07-17T10:00:46.253+07:00,3743754596644,62.968837810,right,1,1,22,Pre_Grap1,done,0,1,1,0
2026-07-17T10:00:46.296+07:00,3743797796077,63.012037243,left,1,1,22,Pre_Grap1,done,0,1,1,0
2026-07-17T10:00:46.348+07:00,3743849441242,63.063682408,right,1,1,22,Pre_Grap1,done,0,1,1,0
2026-07-17T10:00:46.370+07:00,3743871968686,63.086209852,left,1,1,22,Pre_Grap1,done,0,1,1,0
2026-07-17T10:00:46.381+07:00,3743882795192,63.097036358,right,1,1,22,Pre_Grap1,done,0,1,1,0
2026-07-17T10:00:46.436+07:00,3743937825565,63.152066731,left,1,1,22,Pre_Grap1,done,0,1,1,0
2026-07-17T10:00:46.445+07:00,3743946685976,63.160927142,right,1,1,22,Pre_Grap1,done,0,1,1,0
2026-07-17T10:00:46.499+07:00,3744000930576,63.215171742,left,1,1,22,Pre_Grap1,done,0,1,1,0
2026-07-17T10:00:46.558+07:00,3744059288713,63.273529879,right,1,1,22,Pre_Grap1,done,0,1,1,0
2026-07-17T10:00:46.562+07:00,3744063429581,63.277670747,left,1,1,22,Pre_Grap1,done,0,1,1,0
2026-07-17T10:00:46.576+07:00,3744077328760,63.291569926,right,1,1,22,Pre_Grap1,done,0,1,1,0
2026-07-17T10:00:46.627+07:00,3744128414655,63.342655821,left,1,1,22,Pre_Grap1,done,0,1,1,0
2026-07-17T10:00:46.647+07:00,3744148716038,63.362957204,right,1,1,22,Pre_Grap1,done,0,1,1,0
2026-07-17T10:00:46.692+07:00,3744193081535,63.407322701,left,1,1,22,Pre_Grap1,done,0,1,1,0
2026-07-17T10:00:46.749+07:00,3744250352945,63.464594111,right,1,1,22,Pre_Grap1,done,0,1,1,0
2026-07-17T10:00:46.770+07:00,3744271241149,63.485482315,right,1,1,22,Pre_Grap1,done,0,1,1,0
2026-07-17T10:00:46.772+07:00,3744273258965,63.487500131,left,1,1,22,Pre_Grap1,done,0,1,1,0
2026-07-17T10:00:46.833+07:00,3744334665878,63.548907044,right,1,1,22,Pre_Grap1,done,0,1,1,0
2026-07-17T10:00:46.851+07:00,3744352832149,63.567073315,left,1,1,22,Pre_Grap1,done,0,1,1,0
2026-07-17T10:00:46.899+07:00,3744400286099,63.614527265,right,1,1,22,Pre_Grap1,done,0,1,1,0
2026-07-17T10:00:46.989+07:00,3744490587086,63.704828252,left,1,1,22,Pre_Grap1,done,0,1,1,0
2026-07-17T10:00:46.989+07:00,3744490619492,63.704860658,right,1,1,22,Pre_Grap1,done,0,1,1,0
2026-07-17T10:00:47.009+07:00,3744510687316,63.724928482,left,1,1,22,Pre_Grap1,done,0,1,1,0
2026-07-17T10:00:47.028+07:00,3744529418184,63.743659350,right,1,1,22,Pre_Grap1,done,0,1,1,0
2026-07-17T10:00:47.071+07:00,3744572467498,63.786708664,left,1,1,22,Pre_Grap1,done,0,1,1,0
2026-07-17T10:00:47.093+07:00,3744594958209,63.809199375,right,1,1,22,Pre_Grap1,done,0,1,1,0
2026-07-17T10:00:47.149+07:00,3744650186062,63.864427228,left,1,1,22,Pre_Grap1,done,0,1,1,0
2026-07-17T10:00:47.171+07:00,3744672476155,63.886717321,right,1,1,22,Pre_Grap1,done,0,1,1,0
2026-07-17T10:00:47.199+07:00,3744700857770,63.915098936,left,1,1,22,Pre_Grap1,done,0,1,1,0
2026-07-17T10:00:47.240+07:00,3744741369214,63.955610380,right,1,1,22,Pre_Grap1,done,0,1,1,0
2026-07-17T10:00:47.297+07:00,3744798610918,64.012852084,left,1,1,22,Pre_Grap1,done,0,1,1,0
2026-07-17T10:00:47.301+07:00,3744802726577,64.016967743,right,1,1,22,Pre_Grap1,done,0,1,1,0
2026-07-17T10:00:47.367+07:00,3744868212068,64.082453234,right,1,1,22,Pre_Grap1,done,0,1,1,0
2026-07-17T10:00:47.377+07:00,3744878164844,64.092406010,left,1,1,22,Pre_Grap1,done,0,1,1,0
2026-07-17T10:00:47.428+07:00,3744929651364,64.143892530,right,1,1,22,Pre_Grap1,done,0,1,1,0
2026-07-17T10:00:47.439+07:00,3744940666127,64.154907293,left,1,1,22,Pre_Grap1,done,0,1,1,0
2026-07-17T10:00:47.500+07:00,3745001577238,64.215818404,right,1,1,22,Pre_Grap1,done,0,1,1,0
2026-07-17T10:00:47.568+07:00,3745069135698,64.283376864,left,1,1,22,Pre_Grap1,done,0,1,1,0
2026-07-17T10:00:47.575+07:00,3745076599244,64.290840410,left,1,1,22,Pre_Grap1,done,0,1,1,0
2026-07-17T10:00:47.579+07:00,3745080201947,64.294443113,right,1,1,22,Pre_Grap1,done,0,1,1,0
