observation_index,capture_wall_time_ms,execution_state,timeline_s,commanded_json,actual_json,torque_json
0,1788495942971,ARMED,0.0,"{""left"":{""valid"":false,""status"":""MISSING"",""sample_index"":null,""time_from_start_s"":null,""joints_rad"":null,""source"":""LATEST SUCCESSFUL PHASE5 SERVO_J COMMAND \u2014 DRIVER MEMORY"",""error"":null},""right"":{""valid"":false,""status"":""MISSING"",""sample_index"":null,""time_from_start_s"":null,""joints_rad"":null,""source"":""LATEST SUCCESSFUL PHASE5 SERVO_J COMMAND \u2014 DRIVER MEMORY"",""error"":null}}","{""left"":{""valid"":true,""fresh"":true,""status"":""FRESH"",""joints_rad"":[3.0450480206864747,0.6267339462900731,-1.607167592143057,1.4871311765737452,-0.06071511775497714,0.5934257337791629],""received_at_ms"":1788495942971,""age_ms"":0,""source"":""jaka_port10000_actual_feedback"",""mapping"":""port10000_joint_actual_position_deg_to_rad"",""error"":null},""right"":{""valid"":true,""fresh"":true,""status"":""FRESH"",""joints_rad"":[0.09639523271934762,2.5492439624920364,1.6175721979458957,-1.4880321155336247,3.193319500229925,2.5726156665054924],""received_at_ms"":1788495942948,""age_ms"":23,""source"":""jaka_port10000_actual_feedback"",""mapping"":""port10000_joint_actual_position_deg_to_rad"",""error"":null}}","{""left"":{""values"":[-109.67397323314799,-10.888818222738337,1.060302734375,-6.115234375,-0.53631591796875,0.8013916015625],""received_at_ms"":1788495942459,""valid"":true,""status"":""VALID"",""error"":null,""source"":""/left_jaka_driver/joint_torque_raw"",""age_ms"":512,""fresh"":true},""right"":{""values"":[125.72656092233956,-0.2806396449159365,-4.561767578125,6.65771484375,0.369873046875,0.419189453125],""received_at_ms"":1788495942339,""valid"":true,""status"":""VALID"",""error"":null,""source"":""/right_jaka_driver/joint_torque_raw"",""age_ms"":632,""fresh"":true}}"
1,1788495943031,ARMED,0.0,"{""left"":{""valid"":false,""status"":""MISSING"",""sample_index"":null,""time_from_start_s"":null,""joints_rad"":null,""source"":""LATEST SUCCESSFUL PHASE5 SERVO_J COMMAND \u2014 DRIVER MEMORY"",""error"":null},""right"":{""valid"":false,""status"":""MISSING"",""sample_index"":null,""time_from_start_s"":null,""joints_rad"":null,""source"":""LATEST SUCCESSFUL PHASE5 SERVO_J COMMAND \u2014 DRIVER MEMORY"",""error"":null}}","{""left"":{""valid"":true,""fresh"":true,""status"":""FRESH"",""joints_rad"":[3.0450480206864747,0.6267339462900731,-1.607167592143057,1.4871311765737452,-0.06071511775497714,0.5934257337791629],""received_at_ms"":1788495942971,""age_ms"":60,""source"":""jaka_port10000_actual_feedback"",""mapping"":""port10000_joint_actual_position_deg_to_rad"",""error"":null},""right"":{""valid"":true,""fresh"":true,""status"":""FRESH"",""joints_rad"":[0.09638318994750886,2.5492439624920364,1.6175721979458957,-1.4880321155336247,3.193295589219172,2.572627709277331],""received_at_ms"":1788495943008,""age_ms"":23,""source"":""jaka_port10000_actual_feedback"",""mapping"":""port10000_joint_actual_position_deg_to_rad"",""error"":null}}","{""left"":{""values"":[-109.67397323314799,-10.888818222738337,1.060302734375,-6.115234375,-0.53631591796875,0.8013916015625],""received_at_ms"":1788495942459,""valid"":true,""status"":""VALID"",""error"":null,""source"":""/left_jaka_driver/joint_torque_raw"",""age_ms"":572,""fresh"":true},""right"":{""values"":[125.72656092233956,-0.2806396449159365,-4.561767578125,6.65771484375,0.369873046875,0.419189453125],""received_at_ms"":1788495942339,""valid"":true,""status"":""VALID"",""error"":null,""source"":""/right_jaka_driver/joint_torque_raw"",""age_ms"":692,""fresh"":true}}"
2,1788495943133,ARMED,0.0,"{""left"":{""valid"":false,""status"":""MISSING"",""sample_index"":null,""time_from_start_s"":null,""joints_rad"":null,""source"":""LATEST SUCCESSFUL PHASE5 SERVO_J COMMAND \u2014 DRIVER MEMORY"",""error"":null},""right"":{""valid"":false,""status"":""MISSING"",""sample_index"":null,""time_from_start_s"":null,""joints_rad"":null,""source"":""LATEST SUCCESSFUL PHASE5 SERVO_J COMMAND \u2014 DRIVER MEMORY"",""error"":null}}","{""left"":{""valid"":true,""fresh"":true,""status"":""FRESH"",""joints_rad"":[3.0450600634583136,0.6267100352793207,-1.6071796349148955,1.4871311765737452,-0.06070307498313838,0.5934257337791629],""received_at_ms"":1788495943130,""age_ms"":3,""source"":""jaka_port10000_actual_feedback"",""mapping"":""port10000_joint_actual_position_deg_to_rad"",""error"":null},""right"":{""valid"":true,""fresh"":true,""status"":""FRESH"",""joints_rad"":[0.09640727549118637,2.5492439624920364,1.6175721979458957,-1.4880321155336247,3.1933076319910114,2.5726156665054924],""received_at_ms"":1788495943118,""age_ms"":15,""source"":""jaka_port10000_actual_feedback"",""mapping"":""port10000_joint_actual_position_deg_to_rad"",""error"":null}}","{""left"":{""values"":[-109.67397323314799,-10.888818222738337,1.060302734375,-6.115234375,-0.53631591796875,0.8013916015625],""received_at_ms"":1788495942459,""valid"":true,""status"":""VALID"",""error"":null,""source"":""/left_jaka_driver/joint_torque_raw"",""age_ms"":674,""fresh"":true},""right"":{""values"":[125.72656092233956,-0.2806396449159365,-4.561767578125,6.65771484375,0.369873046875,0.419189453125],""received_at_ms"":1788495942339,""valid"":true,""status"":""VALID"",""error"":null,""source"":""/right_jaka_driver/joint_torque_raw"",""age_ms"":794,""fresh"":true}}"
3,1788495943232,ARMED,0.0,"{""left"":{""valid"":false,""status"":""MISSING"",""sample_index"":null,""time_from_start_s"":null,""joints_rad"":null,""source"":""LATEST SUCCESSFUL PHASE5 SERVO_J COMMAND \u2014 DRIVER MEMORY"",""error"":null},""right"":{""valid"":false,""status"":""MISSING"",""sample_index"":null,""time_from_start_s"":null,""joints_rad"":null,""source"":""LATEST SUCCESSFUL PHASE5 SERVO_J COMMAND \u2014 DRIVER MEMORY"",""error"":null}}","{""left"":{""valid"":true,""fresh"":true,""status"":""FRESH"",""joints_rad"":[3.045083974469066,0.6267220780511594,-1.6071557239041434,1.4871311765737452,-0.06071511775497714,0.5934257337791629],""received_at_ms"":1788495943221,""age_ms"":11,""source"":""jaka_port10000_actual_feedback"",""mapping"":""port10000_joint_actual_position_deg_to_rad"",""error"":null},""right"":{""valid"":true,""fresh"":true,""status"":""FRESH"",""joints_rad"":[0.09635927893675653,2.549231919720197,1.6175721979458957,-1.4880321155336247,3.193295589219172,2.5726156665054924],""received_at_ms"":1788495943231,""age_ms"":1,""source"":""jaka_port10000_actual_feedback"",""mapping"":""port10000_joint_actual_position_deg_to_rad"",""error"":null}}","{""left"":{""values"":[-109.67397323314799,-10.888818222738337,1.060302734375,-6.115234375,-0.53631591796875,0.8013916015625],""received_at_ms"":1788495942459,""valid"":true,""status"":""VALID"",""error"":null,""source"":""/left_jaka_driver/joint_torque_raw"",""age_ms"":773,""fresh"":true},""right"":{""values"":[125.72656092233956,-0.2806396449159365,-4.561767578125,6.65771484375,0.369873046875,0.419189453125],""received_at_ms"":1788495942339,""valid"":true,""status"":""VALID"",""error"":null,""source"":""/right_jaka_driver/joint_torque_raw"",""age_ms"":893,""fresh"":true}}"
4,1788495943439,ARMED,0.0,"{""left"":{""valid"":false,""status"":""MISSING"",""sample_index"":null,""time_from_start_s"":null,""joints_rad"":null,""source"":""LATEST SUCCESSFUL PHASE5 SERVO_J COMMAND \u2014 DRIVER MEMORY"",""error"":null},""right"":{""valid"":false,""status"":""MISSING"",""sample_index"":null,""time_from_start_s"":null,""joints_rad"":null,""source"":""LATEST SUCCESSFUL PHASE5 SERVO_J COMMAND \u2014 DRIVER MEMORY"",""error"":null}}","{""left"":{""valid"":true,""fresh"":true,""status"":""FRESH"",""joints_rad"":[3.045072106230152,0.6267339462900731,-1.6071796349148955,1.4871311765737452,-0.06071511775497714,0.5934136910073241],""received_at_ms"":1788495943341,""age_ms"":98,""source"":""jaka_port10000_actual_feedback"",""mapping"":""port10000_joint_actual_position_deg_to_rad"",""error"":null},""right"":{""valid"":true,""fresh"":true,""status"":""FRESH"",""joints_rad"":[0.09639523271934762,2.549231919720197,1.6175721979458957,-1.4880321155336247,3.193295589219172,2.5726156665054924],""received_at_ms"":1788495943344,""age_ms"":95,""source"":""jaka_port10000_actual_feedback"",""mapping"":""port10000_joint_actual_position_deg_to_rad"",""error"":null}}","{""left"":{""values"":[-109.67397323314799,-10.888818222738337,1.060302734375,-6.115234375,-0.53631591796875,0.8013916015625],""received_at_ms"":1788495942459,""valid"":true,""status"":""VALID"",""error"":null,""source"":""/left_jaka_driver/joint_torque_raw"",""age_ms"":980,""fresh"":true},""right"":{""values"":[125.72656092233956,-0.2806396449159365,-4.561767578125,6.65771484375,0.369873046875,0.419189453125],""received_at_ms"":1788495942339,""valid"":true,""status"":""VALID"",""error"":null,""source"":""/right_jaka_driver/joint_torque_raw"",""age_ms"":1100,""fresh"":true}}"
5,1788495943540,ARMED,0.0,"{""left"":{""valid"":false,""status"":""MISSING"",""sample_index"":null,""time_from_start_s"":null,""joints_rad"":null,""source"":""LATEST SUCCESSFUL PHASE5 SERVO_J COMMAND \u2014 DRIVER MEMORY"",""error"":null},""right"":{""valid"":false,""status"":""MISSING"",""sample_index"":null,""time_from_start_s"":null,""joints_rad"":null,""source"":""LATEST SUCCESSFUL PHASE5 SERVO_J COMMAND \u2014 DRIVER MEMORY"",""error"":null}}","{""left"":{""valid"":true,""fresh"":true,""status"":""FRESH"",""joints_rad"":[3.0450480206864747,0.6267220780511594,-1.607167592143057,1.4871193083348315,-0.06071511775497714,0.5934018227684105],""received_at_ms"":1788495943522,""age_ms"":18,""source"":""jaka_port10000_actual_feedback"",""mapping"":""port10000_joint_actual_position_deg_to_rad"",""error"":null},""right"":{""valid"":true,""fresh"":true,""status"":""FRESH"",""joints_rad"":[0.09639523271934762,2.549256005263875,1.6175721979458957,-1.4880441583054635,3.193295589219172,2.5726156665054924],""received_at_ms"":1788495943529,""age_ms"":11,""source"":""jaka_port10000_actual_feedback"",""mapping"":""port10000_joint_actual_position_deg_to_rad"",""error"":null}}","{""left"":{""values"":[-109.67397323314799,-10.888818222738337,1.060302734375,-6.115234375,-0.53631591796875,0.8013916015625],""received_at_ms"":1788495942459,""valid"":true,""status"":""VALID"",""error"":null,""source"":""/left_jaka_driver/joint_torque_raw"",""age_ms"":1081,""fresh"":true},""right"":{""values"":[125.72656092233956,-0.2806396449159365,-4.561767578125,6.65771484375,0.369873046875,0.419189453125],""received_at_ms"":1788495942339,""valid"":true,""status"":""VALID"",""error"":null,""source"":""/right_jaka_driver/joint_torque_raw"",""age_ms"":1201,""fresh"":true}}"
6,1788495943641,ARMED,0.0,"{""left"":{""valid"":false,""status"":""MISSING"",""sample_index"":null,""time_from_start_s"":null,""joints_rad"":null,""source"":""LATEST SUCCESSFUL PHASE5 SERVO_J COMMAND \u2014 DRIVER MEMORY"",""error"":null},""right"":{""valid"":false,""status"":""MISSING"",""sample_index"":null,""time_from_start_s"":null,""joints_rad"":null,""source"":""LATEST SUCCESSFUL PHASE5 SERVO_J COMMAND \u2014 DRIVER MEMORY"",""error"":null}}","{""left"":{""valid"":true,""fresh"":true,""status"":""FRESH"",""joints_rad"":[3.0450480206864747,0.6267220780511594,-1.6071557239041434,1.4871311765737452,-0.06071511775497714,0.5934136910073241],""received_at_ms"":1788495943590,""age_ms"":51,""source"":""jaka_port10000_actual_feedback"",""mapping"":""port10000_joint_actual_position_deg_to_rad"",""error"":null},""right"":{""valid"":true,""fresh"":true,""status"":""FRESH"",""joints_rad"":[0.09638318994750886,2.549231919720197,1.6175601551740573,-1.488020072761786,3.1933076319910114,2.5726156665054924],""received_at_ms"":1788495943603,""age_ms"":38,""source"":""jaka_port10000_actual_feedback"",""mapping"":""port10000_joint_actual_position_deg_to_rad"",""error"":null}}","{""left"":{""values"":[-109.67397323314799,-10.888818222738337,1.060302734375,-6.115234375,-0.53631591796875,0.8013916015625],""received_at_ms"":1788495942459,""valid"":true,""status"":""VALID"",""error"":null,""source"":""/left_jaka_driver/joint_torque_raw"",""age_ms"":1182,""fresh"":true},""right"":{""values"":[125.72656092233956,-0.2806396449159365,-4.561767578125,6.65771484375,0.369873046875,0.419189453125],""received_at_ms"":1788495942339,""valid"":true,""status"":""VALID"",""error"":null,""source"":""/right_jaka_driver/joint_torque_raw"",""age_ms"":1302,""fresh"":true}}"
7,1788495943741,ARMED,0.0,"{""left"":{""valid"":false,""status"":""MISSING"",""sample_index"":null,""time_from_start_s"":null,""joints_rad"":null,""source"":""LATEST SUCCESSFUL PHASE5 SERVO_J COMMAND \u2014 DRIVER MEMORY"",""error"":null},""right"":{""valid"":false,""status"":""MISSING"",""sample_index"":null,""time_from_start_s"":null,""joints_rad"":null,""source"":""LATEST SUCCESSFUL PHASE5 SERVO_J COMMAND \u2014 DRIVER MEMORY"",""error"":null}}","{""left"":{""valid"":true,""fresh"":true,""status"":""FRESH"",""joints_rad"":[3.045072106230152,0.6267100352793207,-1.6071436811323045,1.4871311765737452,-0.060739028765729466,0.5934018227684105],""received_at_ms"":1788495943702,""age_ms"":39,""source"":""jaka_port10000_actual_feedback"",""mapping"":""port10000_joint_actual_position_deg_to_rad"",""error"":null},""right"":{""valid"":true,""fresh"":true,""status"":""FRESH"",""joints_rad"":[0.09639523271934762,2.549256005263875,1.6175721979458957,-1.4880321155336247,3.1933076319910114,2.572627709277331],""received_at_ms"":1788495943722,""age_ms"":19,""source"":""jaka_port10000_actual_feedback"",""mapping"":""port10000_joint_actual_position_deg_to_rad"",""error"":null}}","{""left"":{""values"":[-109.67397323314799,-10.888818222738337,1.060302734375,-6.115234375,-0.53631591796875,0.8013916015625],""received_at_ms"":1788495942459,""valid"":true,""status"":""VALID"",""error"":null,""source"":""/left_jaka_driver/joint_torque_raw"",""age_ms"":1282,""fresh"":true},""right"":{""values"":[125.72656092233956,-0.2806396449159365,-4.561767578125,6.65771484375,0.369873046875,0.419189453125],""received_at_ms"":1788495942339,""valid"":true,""status"":""VALID"",""error"":null,""source"":""/right_jaka_driver/joint_torque_raw"",""age_ms"":1402,""fresh"":true}}"
8,1788495943843,ARMED,0.0,"{""left"":{""valid"":false,""status"":""MISSING"",""sample_index"":null,""time_from_start_s"":null,""joints_rad"":null,""source"":""LATEST SUCCESSFUL PHASE5 SERVO_J COMMAND \u2014 DRIVER MEMORY"",""error"":null},""right"":{""valid"":false,""status"":""MISSING"",""sample_index"":null,""time_from_start_s"":null,""joints_rad"":null,""source"":""LATEST SUCCESSFUL PHASE5 SERVO_J COMMAND \u2014 DRIVER MEMORY"",""error"":null}}","{""left"":{""valid"":true,""fresh"":true,""status"":""FRESH"",""joints_rad"":[3.0450480206864747,0.6267220780511594,-1.6071796349148955,1.4871193083348315,-0.06071511775497714,0.5934136910073241],""received_at_ms"":1788495943841,""age_ms"":2,""source"":""jaka_port10000_actual_feedback"",""mapping"":""port10000_joint_actual_position_deg_to_rad"",""error"":null},""right"":{""valid"":true,""fresh"":true,""status"":""FRESH"",""joints_rad"":[0.0963713217085953,2.5492439624920364,1.6175721979458957,-1.488020072761786,3.193319500229925,2.572627709277331],""received_at_ms"":1788495943792,""age_ms"":51,""source"":""jaka_port10000_actual_feedback"",""mapping"":""port10000_joint_actual_position_deg_to_rad"",""error"":null}}","{""left"":{""values"":[-109.67397323314799,-10.888818222738337,1.060302734375,-6.115234375,-0.53631591796875,0.8013916015625],""received_at_ms"":1788495942459,""valid"":true,""status"":""VALID"",""error"":null,""source"":""/left_jaka_driver/joint_torque_raw"",""age_ms"":1384,""fresh"":true},""right"":{""values"":[125.72656092233956,-0.2806396449159365,-4.561767578125,6.65771484375,0.369873046875,0.419189453125],""received_at_ms"":1788495942339,""valid"":true,""status"":""STALE"",""error"":""Torque sample age 1504 ms exceeds 1500 ms"",""source"":""/right_jaka_driver/joint_torque_raw"",""age_ms"":1504,""fresh"":false}}"
9,1788495943941,ARMED,0.0,"{""left"":{""valid"":false,""status"":""MISSING"",""sample_index"":null,""time_from_start_s"":null,""joints_rad"":null,""source"":""LATEST SUCCESSFUL PHASE5 SERVO_J COMMAND \u2014 DRIVER MEMORY"",""error"":null},""right"":{""valid"":false,""status"":""MISSING"",""sample_index"":null,""time_from_start_s"":null,""joints_rad"":null,""source"":""LATEST SUCCESSFUL PHASE5 SERVO_J COMMAND \u2014 DRIVER MEMORY"",""error"":null}}","{""left"":{""valid"":true,""fresh"":true,""status"":""FRESH"",""joints_rad"":[3.0450480206864747,0.6267220780511594,-1.6071796349148955,1.4871193083348315,-0.06071511775497714,0.5934136910073241],""received_at_ms"":1788495943841,""age_ms"":100,""source"":""jaka_port10000_actual_feedback"",""mapping"":""port10000_joint_actual_position_deg_to_rad"",""error"":null},""right"":{""valid"":true,""fresh"":true,""status"":""FRESH"",""joints_rad"":[0.09639523271934762,2.5492439624920364,1.6175721979458957,-1.4880321155336247,3.193319500229925,2.5726156665054924],""received_at_ms"":1788495943887,""age_ms"":54,""source"":""jaka_port10000_actual_feedback"",""mapping"":""port10000_joint_actual_position_deg_to_rad"",""error"":null}}","{""left"":{""values"":[-109.67397323314799,-10.888818222738337,1.060302734375,-6.115234375,-0.53631591796875,0.8013916015625],""received_at_ms"":1788495942459,""valid"":true,""status"":""VALID"",""error"":null,""source"":""/left_jaka_driver/joint_torque_raw"",""age_ms"":1482,""fresh"":true},""right"":{""values"":[125.72656092233956,-0.2806396449159365,-4.561767578125,6.65771484375,0.369873046875,0.419189453125],""received_at_ms"":1788495942339,""valid"":true,""status"":""STALE"",""error"":""Torque sample age 1602 ms exceeds 1500 ms"",""source"":""/right_jaka_driver/joint_torque_raw"",""age_ms"":1602,""fresh"":false}}"
10,1788495944043,ARMED,0.0,"{""left"":{""valid"":false,""status"":""MISSING"",""sample_index"":null,""time_from_start_s"":null,""joints_rad"":null,""source"":""LATEST SUCCESSFUL PHASE5 SERVO_J COMMAND \u2014 DRIVER MEMORY"",""error"":null},""right"":{""valid"":false,""status"":""MISSING"",""sample_index"":null,""time_from_start_s"":null,""joints_rad"":null,""source"":""LATEST SUCCESSFUL PHASE5 SERVO_J COMMAND \u2014 DRIVER MEMORY"",""error"":null}}","{""left"":{""valid"":true,""fresh"":true,""status"":""FRESH"",""joints_rad"":[3.0450600634583136,0.6266861242685683,-1.6071796349148955,1.4871311765737452,-0.06071511775497714,0.5934257337791629],""received_at_ms"":1788495943957,""age_ms"":86,""source"":""jaka_port10000_actual_feedback"",""mapping"":""port10000_joint_actual_position_deg_to_rad"",""error"":null},""right"":{""valid"":true,""fresh"":true,""status"":""FRESH"",""joints_rad"":[0.0963713217085953,2.5492439624920364,1.6175842407177345,-1.488020072761786,3.1933076319910114,2.572627709277331],""received_at_ms"":1788495943974,""age_ms"":69,""source"":""jaka_port10000_actual_feedback"",""mapping"":""port10000_joint_actual_position_deg_to_rad"",""error"":null}}","{""left"":{""values"":[-109.67397323314799,-10.888818222738337,1.060302734375,-6.115234375,-0.53631591796875,0.8013916015625],""received_at_ms"":1788495942459,""valid"":true,""status"":""STALE"",""error"":""Torque sample age 1584 ms exceeds 1500 ms"",""source"":""/left_jaka_driver/joint_torque_raw"",""age_ms"":1584,""fresh"":false},""right"":{""values"":[125.72656092233956,-0.2806396449159365,-4.561767578125,6.65771484375,0.369873046875,0.419189453125],""received_at_ms"":1788495942339,""valid"":true,""status"":""STALE"",""error"":""Torque sample age 1704 ms exceeds 1500 ms"",""source"":""/right_jaka_driver/joint_torque_raw"",""age_ms"":1704,""fresh"":false}}"
11,1788495944141,ARMED,0.0,"{""left"":{""valid"":false,""status"":""MISSING"",""sample_index"":null,""time_from_start_s"":null,""joints_rad"":null,""source"":""LATEST SUCCESSFUL PHASE5 SERVO_J COMMAND \u2014 DRIVER MEMORY"",""error"":null},""right"":{""valid"":false,""status"":""MISSING"",""sample_index"":null,""time_from_start_s"":null,""joints_rad"":null,""source"":""LATEST SUCCESSFUL PHASE5 SERVO_J COMMAND \u2014 DRIVER MEMORY"",""error"":null}}","{""left"":{""valid"":true,""fresh"":true,""status"":""FRESH"",""joints_rad"":[3.0450600634583136,0.6266979925074819,-1.607167592143057,1.4871193083348315,-0.06071511775497714,0.5934377765510016],""received_at_ms"":1788495944136,""age_ms"":5,""source"":""jaka_port10000_actual_feedback"",""mapping"":""port10000_joint_actual_position_deg_to_rad"",""error"":null},""right"":{""valid"":true,""fresh"":true,""status"":""FRESH"",""joints_rad"":[0.09638318994750886,2.549231919720197,1.6175842407177345,-1.4880321155336247,3.1933076319910114,2.5726156665054924],""received_at_ms"":1788495944088,""age_ms"":53,""source"":""jaka_port10000_actual_feedback"",""mapping"":""port10000_joint_actual_position_deg_to_rad"",""error"":null}}","{""left"":{""values"":[-109.67397323314799,-10.888818222738337,1.060302734375,-6.115234375,-0.53631591796875,0.8013916015625],""received_at_ms"":1788495942459,""valid"":true,""status"":""STALE"",""error"":""Torque sample age 1682 ms exceeds 1500 ms"",""source"":""/left_jaka_driver/joint_torque_raw"",""age_ms"":1682,""fresh"":false},""right"":{""values"":[125.72656092233956,-0.2806396449159365,-4.561767578125,6.65771484375,0.369873046875,0.419189453125],""received_at_ms"":1788495942339,""valid"":true,""status"":""STALE"",""error"":""Torque sample age 1802 ms exceeds 1500 ms"",""source"":""/right_jaka_driver/joint_torque_raw"",""age_ms"":1802,""fresh"":false}}"
12,1788495944243,ARMED,0.0,"{""left"":{""valid"":false,""status"":""MISSING"",""sample_index"":null,""time_from_start_s"":null,""joints_rad"":null,""source"":""LATEST SUCCESSFUL PHASE5 SERVO_J COMMAND \u2014 DRIVER MEMORY"",""error"":null},""right"":{""valid"":false,""status"":""MISSING"",""sample_index"":null,""time_from_start_s"":null,""joints_rad"":null,""source"":""LATEST SUCCESSFUL PHASE5 SERVO_J COMMAND \u2014 DRIVER MEMORY"",""error"":null}}","{""left"":{""valid"":true,""fresh"":true,""status"":""FRESH"",""joints_rad"":[3.045083974469066,0.6267100352793207,-1.6071796349148955,1.487143219345584,-0.06070307498313838,0.5934257337791629],""received_at_ms"":1788495944208,""age_ms"":35,""source"":""jaka_port10000_actual_feedback"",""mapping"":""port10000_joint_actual_position_deg_to_rad"",""error"":null},""right"":{""valid"":true,""fresh"":true,""status"":""FRESH"",""joints_rad"":[0.09638318994750886,2.5492678735027883,1.6175842407177345,-1.4880321155336247,3.1933076319910114,2.5726037982665786],""received_at_ms"":1788495944230,""age_ms"":13,""source"":""jaka_port10000_actual_feedback"",""mapping"":""port10000_joint_actual_position_deg_to_rad"",""error"":null}}","{""left"":{""values"":[-109.67397323314799,-10.888818222738337,1.060302734375,-6.115234375,-0.53631591796875,0.8013916015625],""received_at_ms"":1788495942459,""valid"":true,""status"":""STALE"",""error"":""Torque sample age 1784 ms exceeds 1500 ms"",""source"":""/left_jaka_driver/joint_torque_raw"",""age_ms"":1784,""fresh"":false},""right"":{""values"":[125.72656092233956,-0.2806396449159365,-4.561767578125,6.65771484375,0.369873046875,0.419189453125],""received_at_ms"":1788495942339,""valid"":true,""status"":""STALE"",""error"":""Torque sample age 1904 ms exceeds 1500 ms"",""source"":""/right_jaka_driver/joint_torque_raw"",""age_ms"":1904,""fresh"":false}}"
13,1788495944344,ARMED,0.0,"{""left"":{""valid"":false,""status"":""MISSING"",""sample_index"":null,""time_from_start_s"":null,""joints_rad"":null,""source"":""LATEST SUCCESSFUL PHASE5 SERVO_J COMMAND \u2014 DRIVER MEMORY"",""error"":null},""right"":{""valid"":false,""status"":""MISSING"",""sample_index"":null,""time_from_start_s"":null,""joints_rad"":null,""source"":""LATEST SUCCESSFUL PHASE5 SERVO_J COMMAND \u2014 DRIVER MEMORY"",""error"":null}}","{""left"":{""valid"":true,""fresh"":true,""status"":""FRESH"",""joints_rad"":[3.045072106230152,0.6267339462900731,-1.6071796349148955,1.4871193083348315,-0.06071511775497714,0.5934136910073241],""received_at_ms"":1788495944319,""age_ms"":25,""source"":""jaka_port10000_actual_feedback"",""mapping"":""port10000_joint_actual_position_deg_to_rad"",""error"":null},""right"":{""valid"":true,""fresh"":true,""status"":""FRESH"",""joints_rad"":[0.09638318994750886,2.549256005263875,1.6175721979458957,-1.4880441583054635,3.1933076319910114,2.5726156665054924],""received_at_ms"":1788495944344,""age_ms"":0,""source"":""jaka_port10000_actual_feedback"",""mapping"":""port10000_joint_actual_position_deg_to_rad"",""error"":null}}","{""left"":{""values"":[-109.67397323314799,-10.888818222738337,1.060302734375,-6.115234375,-0.53631591796875,0.8013916015625],""received_at_ms"":1788495942459,""valid"":true,""status"":""STALE"",""error"":""Torque sample age 1885 ms exceeds 1500 ms"",""source"":""/left_jaka_driver/joint_torque_raw"",""age_ms"":1885,""fresh"":false},""right"":{""values"":[125.72656092233956,-0.2806396449159365,-4.561767578125,6.65771484375,0.369873046875,0.419189453125],""received_at_ms"":1788495942339,""valid"":true,""status"":""STALE"",""error"":""Torque sample age 2005 ms exceeds 1500 ms"",""source"":""/right_jaka_driver/joint_torque_raw"",""age_ms"":2005,""fresh"":false}}"
14,1788495944442,ARMED,0.0,"{""left"":{""valid"":false,""status"":""MISSING"",""sample_index"":null,""time_from_start_s"":null,""joints_rad"":null,""source"":""LATEST SUCCESSFUL PHASE5 SERVO_J COMMAND \u2014 DRIVER MEMORY"",""error"":null},""right"":{""valid"":false,""status"":""MISSING"",""sample_index"":null,""time_from_start_s"":null,""joints_rad"":null,""source"":""LATEST SUCCESSFUL PHASE5 SERVO_J COMMAND \u2014 DRIVER MEMORY"",""error"":null}}","{""left"":{""valid"":true,""fresh"":true,""status"":""FRESH"",""joints_rad"":[3.045072106230152,0.6267220780511594,-1.607167592143057,1.487143219345584,-0.06071511775497714,0.5934136910073241],""received_at_ms"":1788495944435,""age_ms"":7,""source"":""jaka_port10000_actual_feedback"",""mapping"":""port10000_joint_actual_position_deg_to_rad"",""error"":null},""right"":{""valid"":true,""fresh"":true,""status"":""FRESH"",""joints_rad"":[0.09638318994750886,2.549256005263875,1.6175721979458957,-1.4880441583054635,3.1933076319910114,2.5726156665054924],""received_at_ms"":1788495944344,""age_ms"":98,""source"":""jaka_port10000_actual_feedback"",""mapping"":""port10000_joint_actual_position_deg_to_rad"",""error"":null}}","{""left"":{""values"":[-109.67397323314799,-10.888818222738337,1.060302734375,-6.115234375,-0.53631591796875,0.8013916015625],""received_at_ms"":1788495942459,""valid"":true,""status"":""STALE"",""error"":""Torque sample age 1983 ms exceeds 1500 ms"",""source"":""/left_jaka_driver/joint_torque_raw"",""age_ms"":1983,""fresh"":false},""right"":{""values"":[125.72656092233956,-0.2806396449159365,-4.561767578125,6.65771484375,0.369873046875,0.419189453125],""received_at_ms"":1788495942339,""valid"":true,""status"":""STALE"",""error"":""Torque sample age 2103 ms exceeds 1500 ms"",""source"":""/right_jaka_driver/joint_torque_raw"",""age_ms"":2103,""fresh"":false}}"
15,1788495944544,ARMED,0.0,"{""left"":{""valid"":false,""status"":""MISSING"",""sample_index"":null,""time_from_start_s"":null,""joints_rad"":null,""source"":""LATEST SUCCESSFUL PHASE5 SERVO_J COMMAND \u2014 DRIVER MEMORY"",""error"":null},""right"":{""valid"":false,""status"":""MISSING"",""sample_index"":null,""time_from_start_s"":null,""joints_rad"":null,""source"":""LATEST SUCCESSFUL PHASE5 SERVO_J COMMAND \u2014 DRIVER MEMORY"",""error"":null}}","{""left"":{""valid"":true,""fresh"":true,""status"":""FRESH"",""joints_rad"":[3.045072106230152,0.6267220780511594,-1.6071916776867343,1.4871311765737452,-0.06070307498313838,0.5934018227684105],""received_at_ms"":1788495944505,""age_ms"":39,""source"":""jaka_port10000_actual_feedback"",""mapping"":""port10000_joint_actual_position_deg_to_rad"",""error"":null},""right"":{""valid"":true,""fresh"":true,""status"":""FRESH"",""joints_rad"":[0.09639523271934762,2.5492439624920364,1.6175721979458957,-1.4880321155336247,3.1933076319910114,2.5726037982665786],""received_at_ms"":1788495944524,""age_ms"":20,""source"":""jaka_port10000_actual_feedback"",""mapping"":""port10000_joint_actual_position_deg_to_rad"",""error"":null}}","{""left"":{""values"":[-109.67397323314799,-10.888818222738337,1.060302734375,-6.115234375,-0.53631591796875,0.8013916015625],""received_at_ms"":1788495942459,""valid"":true,""status"":""STALE"",""error"":""Torque sample age 2084 ms exceeds 1500 ms"",""source"":""/left_jaka_driver/joint_torque_raw"",""age_ms"":2084,""fresh"":false},""right"":{""values"":[125.72656092233956,-0.2806396449159365,-4.561767578125,6.65771484375,0.369873046875,0.419189453125],""received_at_ms"":1788495942339,""valid"":true,""status"":""STALE"",""error"":""Torque sample age 2204 ms exceeds 1500 ms"",""source"":""/right_jaka_driver/joint_torque_raw"",""age_ms"":2204,""fresh"":false}}"
16,1788495944646,ARMED,0.0,"{""left"":{""valid"":false,""status"":""MISSING"",""sample_index"":null,""time_from_start_s"":null,""joints_rad"":null,""source"":""LATEST SUCCESSFUL PHASE5 SERVO_J COMMAND \u2014 DRIVER MEMORY"",""error"":null},""right"":{""valid"":false,""status"":""MISSING"",""sample_index"":null,""time_from_start_s"":null,""joints_rad"":null,""source"":""LATEST SUCCESSFUL PHASE5 SERVO_J COMMAND \u2014 DRIVER MEMORY"",""error"":null}}","{""left"":{""valid"":true,""fresh"":true,""status"":""FRESH"",""joints_rad"":[3.045072106230152,0.6267220780511594,-1.6071557239041434,1.4871311765737452,-0.06070307498313838,0.5934257337791629],""received_at_ms"":1788495944578,""age_ms"":68,""source"":""jaka_port10000_actual_feedback"",""mapping"":""port10000_joint_actual_position_deg_to_rad"",""error"":null},""right"":{""valid"":true,""fresh"":true,""status"":""FRESH"",""joints_rad"":[0.09639523271934762,2.5492439624920364,1.6175601551740573,-1.4880321155336247,3.1933076319910114,2.5726156665054924],""received_at_ms"":1788495944593,""age_ms"":53,""source"":""jaka_port10000_actual_feedback"",""mapping"":""port10000_joint_actual_position_deg_to_rad"",""error"":null}}","{""left"":{""values"":[-109.67397323314799,-10.888818222738337,1.060302734375,-6.115234375,-0.53631591796875,0.8013916015625],""received_at_ms"":1788495942459,""valid"":true,""status"":""STALE"",""error"":""Torque sample age 2187 ms exceeds 1500 ms"",""source"":""/left_jaka_driver/joint_torque_raw"",""age_ms"":2187,""fresh"":false},""right"":{""values"":[125.72656092233956,-0.2806396449159365,-4.561767578125,6.65771484375,0.369873046875,0.419189453125],""received_at_ms"":1788495942339,""valid"":true,""status"":""STALE"",""error"":""Torque sample age 2307 ms exceeds 1500 ms"",""source"":""/right_jaka_driver/joint_torque_raw"",""age_ms"":2307,""fresh"":false}}"
17,1788495944746,ARMED,0.0,"{""left"":{""valid"":false,""status"":""MISSING"",""sample_index"":null,""time_from_start_s"":null,""joints_rad"":null,""source"":""LATEST SUCCESSFUL PHASE5 SERVO_J COMMAND \u2014 DRIVER MEMORY"",""error"":null},""right"":{""valid"":false,""status"":""MISSING"",""sample_index"":null,""time_from_start_s"":null,""joints_rad"":null,""source"":""LATEST SUCCESSFUL PHASE5 SERVO_J COMMAND \u2014 DRIVER MEMORY"",""error"":null}}","{""left"":{""valid"":true,""fresh"":true,""status"":""FRESH"",""joints_rad"":[3.045083974469066,0.6267220780511594,-1.6071436811323045,1.4871072655629929,-0.06070307498313838,0.5934257337791629],""received_at_ms"":1788495944689,""age_ms"":57,""source"":""jaka_port10000_actual_feedback"",""mapping"":""port10000_joint_actual_position_deg_to_rad"",""error"":null},""right"":{""valid"":true,""fresh"":true,""status"":""FRESH"",""joints_rad"":[0.09638318994750886,2.549231919720197,1.6175721979458957,-1.4880321155336247,3.1933076319910114,2.5726156665054924],""received_at_ms"":1788495944699,""age_ms"":47,""source"":""jaka_port10000_actual_feedback"",""mapping"":""port10000_joint_actual_position_deg_to_rad"",""error"":null}}","{""left"":{""values"":[-109.67397323314799,-10.888818222738337,1.060302734375,-6.115234375,-0.53631591796875,0.8013916015625],""received_at_ms"":1788495942459,""valid"":true,""status"":""STALE"",""error"":""Torque sample age 2287 ms exceeds 1500 ms"",""source"":""/left_jaka_driver/joint_torque_raw"",""age_ms"":2287,""fresh"":false},""right"":{""values"":[125.72656092233956,-0.2806396449159365,-4.561767578125,6.65771484375,0.369873046875,0.419189453125],""received_at_ms"":1788495942339,""valid"":true,""status"":""STALE"",""error"":""Torque sample age 2407 ms exceeds 1500 ms"",""source"":""/right_jaka_driver/joint_torque_raw"",""age_ms"":2407,""fresh"":false}}"
18,1788495944849,ARMED,0.0,"{""left"":{""valid"":false,""status"":""MISSING"",""sample_index"":null,""time_from_start_s"":null,""joints_rad"":null,""source"":""LATEST SUCCESSFUL PHASE5 SERVO_J COMMAND \u2014 DRIVER MEMORY"",""error"":null},""right"":{""valid"":false,""status"":""MISSING"",""sample_index"":null,""time_from_start_s"":null,""joints_rad"":null,""source"":""LATEST SUCCESSFUL PHASE5 SERVO_J COMMAND \u2014 DRIVER MEMORY"",""error"":null}}","{""left"":{""valid"":true,""fresh"":true,""status"":""FRESH"",""joints_rad"":[3.045072106230152,0.6267220780511594,-1.6071796349148955,1.4871311765737452,-0.06070307498313838,0.5934136910073241],""received_at_ms"":1788495944800,""age_ms"":49,""source"":""jaka_port10000_actual_feedback"",""mapping"":""port10000_joint_actual_position_deg_to_rad"",""error"":null},""right"":{""valid"":true,""fresh"":true,""status"":""FRESH"",""joints_rad"":[0.0963713217085953,2.549231919720197,1.6175601551740573,-1.4880441583054635,3.1933076319910114,2.5726037982665786],""received_at_ms"":1788495944834,""age_ms"":15,""source"":""jaka_port10000_actual_feedback"",""mapping"":""port10000_joint_actual_position_deg_to_rad"",""error"":null}}","{""left"":{""values"":[-109.67397323314799,-10.888818222738337,1.060302734375,-6.115234375,-0.53631591796875,0.8013916015625],""received_at_ms"":1788495942459,""valid"":true,""status"":""STALE"",""error"":""Torque sample age 2390 ms exceeds 1500 ms"",""source"":""/left_jaka_driver/joint_torque_raw"",""age_ms"":2390,""fresh"":false},""right"":{""values"":[125.72656092233956,-0.2806396449159365,-4.561767578125,6.65771484375,0.369873046875,0.419189453125],""received_at_ms"":1788495942339,""valid"":true,""status"":""STALE"",""error"":""Torque sample age 2510 ms exceeds 1500 ms"",""source"":""/right_jaka_driver/joint_torque_raw"",""age_ms"":2510,""fresh"":false}}"
19,1788495944948,RUNNING,0.0,"{""left"":{""valid"":true,""status"":""VALID"",""sample_index"":0,""time_from_start_s"":0.0,""joints_rad"":[3.04505181312561,0.6267206072807312,-1.6071778535842896,1.487131118774414,-0.06072363629937171,0.593410849571228],""source"":""LATEST SUCCESSFUL PHASE5 SERVO_J COMMAND \u2014 DRIVER MEMORY"",""error"":null},""right"":{""valid"":true,""status"":""VALID"",""sample_index"":0,""time_from_start_s"":0.0,""joints_rad"":[0.09637723118066786,2.5492408275604252,1.6175705194473267,-1.4880406856536865,3.193300008773805,2.5726108551025395],""source"":""LATEST SUCCESSFUL PHASE5 SERVO_J COMMAND \u2014 DRIVER MEMORY"",""error"":null}}","{""left"":{""valid"":true,""fresh"":true,""status"":""FRESH"",""joints_rad"":[3.0450960172409047,0.6267339462900731,-1.6071557239041434,1.4871193083348315,-0.06070307498313838,0.5934136910073241],""received_at_ms"":1788495944941,""age_ms"":7,""source"":""jaka_port10000_actual_feedback"",""mapping"":""port10000_joint_actual_position_deg_to_rad"",""error"":null},""right"":{""valid"":true,""fresh"":true,""status"":""FRESH"",""joints_rad"":[0.09638318994750886,2.5492439624920364,1.6175721979458957,-1.488020072761786,3.193295589219172,2.5726156665054924],""received_at_ms"":1788495944940,""age_ms"":8,""source"":""jaka_port10000_actual_feedback"",""mapping"":""port10000_joint_actual_position_deg_to_rad"",""error"":null}}","{""left"":{""values"":[-109.67397323314799,-10.888818222738337,1.060302734375,-6.115234375,-0.53631591796875,0.8013916015625],""received_at_ms"":1788495942459,""valid"":true,""status"":""STALE"",""error"":""Torque sample age 2489 ms exceeds 1500 ms"",""source"":""/left_jaka_driver/joint_torque_raw"",""age_ms"":2489,""fresh"":false},""right"":{""values"":[125.72656092233956,-0.2806396449159365,-4.561767578125,6.65771484375,0.369873046875,0.419189453125],""received_at_ms"":1788495942339,""valid"":true,""status"":""STALE"",""error"":""Torque sample age 2609 ms exceeds 1500 ms"",""source"":""/right_jaka_driver/joint_torque_raw"",""age_ms"":2609,""fresh"":false}}"
20,1788495945048,RUNNING,0.096,"{""left"":{""valid"":true,""status"":""VALID"",""sample_index"":4,""time_from_start_s"":0.096,""joints_rad"":[3.0450114019046084,0.6267171670462278,-1.6071659480077496,1.4870979998195697,-0.06074687923655237,0.5934171000755641],""source"":""LATEST SUCCESSFUL PHASE5 SERVO_J COMMAND \u2014 DRIVER MEMORY"",""error"":null},""right"":{""valid"":true,""status"":""VALID"",""sample_index"":4,""time_from_start_s"":0.096,""joints_rad"":[0.09641785931761934,2.5492438764056597,1.6175583121435526,-1.4880064006567018,3.1933219193777704,2.5726037706505496],""source"":""LATEST SUCCESSFUL PHASE5 SERVO_J COMMAND \u2014 DRIVER MEMORY"",""error"":null}}","{""left"":{""valid"":true,""fresh"":true,""status"":""FRESH"",""joints_rad"":[3.0450960172409047,0.6267339462900731,-1.6071557239041434,1.4871193083348315,-0.06070307498313838,0.5934136910073241],""received_at_ms"":1788495944941,""age_ms"":107,""source"":""jaka_port10000_actual_feedback"",""mapping"":""port10000_joint_actual_position_deg_to_rad"",""error"":null},""right"":{""valid"":true,""fresh"":true,""status"":""FRESH"",""joints_rad"":[0.09638318994750886,2.549256005263875,1.6175601551740573,-1.488020072761786,3.1933076319910114,2.5726156665054924],""received_at_ms"":1788495945009,""age_ms"":39,""source"":""jaka_port10000_actual_feedback"",""mapping"":""port10000_joint_actual_position_deg_to_rad"",""error"":null}}","{""left"":{""values"":[-109.67397323314799,-10.888818222738337,1.060302734375,-6.115234375,-0.53631591796875,0.8013916015625],""received_at_ms"":1788495942459,""valid"":true,""status"":""STALE"",""error"":""Torque sample age 2589 ms exceeds 1500 ms"",""source"":""/left_jaka_driver/joint_torque_raw"",""age_ms"":2589,""fresh"":false},""right"":{""values"":[125.72656092233956,-0.2806396449159365,-4.561767578125,6.65771484375,0.369873046875,0.419189453125],""received_at_ms"":1788495942339,""valid"":true,""status"":""STALE"",""error"":""Torque sample age 2709 ms exceeds 1500 ms"",""source"":""/right_jaka_driver/joint_torque_raw"",""age_ms"":2709,""fresh"":false}}"
21,1788495945148,RUNNING,0.192,"{""left"":{""valid"":true,""status"":""VALID"",""sample_index"":8,""time_from_start_s"":0.192,""joints_rad"":[3.044750894662663,0.6266949528900522,-1.6070890759620977,1.4868845292015458,-0.06089675389977715,0.593457451892827],""source"":""LATEST SUCCESSFUL PHASE5 SERVO_J COMMAND \u2014 DRIVER MEMORY"",""error"":null},""right"":{""valid"":true,""status"":""VALID"",""sample_index"":8,""time_from_start_s"":0.192,""joints_rad"":[0.09667976385818994,2.5492635644993316,1.6174794944751583,-1.4877854142365623,3.193463208458321,2.572558039106801],""source"":""LATEST SUCCESSFUL PHASE5 SERVO_J COMMAND \u2014 DRIVER MEMORY"",""error"":null}}","{""left"":{""valid"":true,""fresh"":true,""status"":""FRESH"",""joints_rad"":[3.045083974469066,0.6267339462900731,-1.6071796349148955,1.4871311765737452,-0.06071511775497714,0.5934257337791629],""received_at_ms"":1788495945053,""age_ms"":95,""source"":""jaka_port10000_actual_feedback"",""mapping"":""port10000_joint_actual_position_deg_to_rad"",""error"":null},""right"":{""valid"":true,""fresh"":true,""status"":""FRESH"",""joints_rad"":[0.09638318994750886,2.549256005263875,1.6175601551740573,-1.4880321155336247,3.193319500229925,2.572627709277331],""received_at_ms"":1788495945100,""age_ms"":48,""source"":""jaka_port10000_actual_feedback"",""mapping"":""port10000_joint_actual_position_deg_to_rad"",""error"":null}}","{""left"":{""values"":[-109.67397323314799,-10.888818222738337,1.060302734375,-6.115234375,-0.53631591796875,0.8013916015625],""received_at_ms"":1788495942459,""valid"":true,""status"":""STALE"",""error"":""Torque sample age 2689 ms exceeds 1500 ms"",""source"":""/left_jaka_driver/joint_torque_raw"",""age_ms"":2689,""fresh"":false},""right"":{""values"":[125.72656092233956,-0.2806396449159365,-4.561767578125,6.65771484375,0.369873046875,0.419189453125],""received_at_ms"":1788495942339,""valid"":true,""status"":""STALE"",""error"":""Torque sample age 2809 ms exceeds 1500 ms"",""source"":""/right_jaka_driver/joint_torque_raw"",""age_ms"":2809,""fresh"":false}}"
22,1788495945251,RUNNING,0.28800000000000003,"{""left"":{""valid"":true,""status"":""VALID"",""sample_index"":13,""time_from_start_s"":0.312,""joints_rad"":[3.0438750446315956,0.6266200824005069,-1.6068300078342241,1.486166958137626,-0.061400851208874514,0.5935934099044059],""source"":""LATEST SUCCESSFUL PHASE5 SERVO_J COMMAND \u2014 DRIVER MEMORY"",""error"":null},""right"":{""valid"":true,""status"":""VALID"",""sample_index"":12,""time_from_start_s"":0.28800000000000003,""joints_rad"":[0.09732546962144038,2.5493122100357253,1.6172847875482226,-1.4872406751624043,3.1938116852921867,2.5724450973149655],""source"":""LATEST SUCCESSFUL PHASE5 SERVO_J COMMAND \u2014 DRIVER MEMORY"",""error"":null}}","{""left"":{""valid"":true,""fresh"":true,""status"":""FRESH"",""joints_rad"":[3.044868426306445,0.6267100352793207,-1.6068680936434145,1.4865080940307833,-0.06132633205902555,0.5934136910073241],""received_at_ms"":1788495945231,""age_ms"":20,""source"":""jaka_port10000_actual_feedback"",""mapping"":""port10000_joint_actual_position_deg_to_rad"",""error"":null},""right"":{""valid"":true,""fresh"":true,""status"":""FRESH"",""joints_rad"":[0.09664690919748521,2.549256005263875,1.6175601551740573,-1.4875048515665972,3.193631216034331,2.5726156665054924],""received_at_ms"":1788495945201,""age_ms"":50,""source"":""jaka_port10000_actual_feedback"",""mapping"":""port10000_joint_actual_position_deg_to_rad"",""error"":null}}","{""left"":{""values"":[-109.67397323314799,-10.888818222738337,1.060302734375,-6.115234375,-0.53631591796875,0.8013916015625],""received_at_ms"":1788495942459,""valid"":true,""status"":""STALE"",""error"":""Torque sample age 2792 ms exceeds 1500 ms"",""source"":""/left_jaka_driver/joint_torque_raw"",""age_ms"":2792,""fresh"":false},""right"":{""values"":[125.72656092233956,-0.2806396449159365,-4.561767578125,6.65771484375,0.369873046875,0.419189453125],""received_at_ms"":1788495942339,""valid"":true,""status"":""STALE"",""error"":""Torque sample age 2912 ms exceeds 1500 ms"",""source"":""/right_jaka_driver/joint_torque_raw"",""age_ms"":2912,""fresh"":false}}"
23,1788495945352,RUNNING,0.40800000000000003,"{""left"":{""valid"":true,""status"":""VALID"",""sample_index"":17,""time_from_start_s"":0.40800000000000003,""joints_rad"":[3.0426152147295955,0.6265120906350681,-1.6064563670259369,1.4851350184619283,-0.06212627736922224,0.5937894426365685],""source"":""LATEST SUCCESSFUL PHASE5 SERVO_J COMMAND \u2014 DRIVER MEMORY"",""error"":null},""right"":{""valid"":true,""status"":""VALID"",""sample_index"":17,""time_from_start_s"":0.40800000000000003,""joints_rad"":[0.09882687840071885,2.5494256572063767,1.6168308240329745,-1.485974307444571,3.194622409937014,2.5721818692269394],""source"":""LATEST SUCCESSFUL PHASE5 SERVO_J COMMAND \u2014 DRIVER MEMORY"",""error"":null}}","{""left"":{""valid"":true,""fresh"":true,""status"":""FRESH"",""joints_rad"":[3.044412895371674,0.6266861242685683,-1.606568420610847,1.486244374780807,-0.06150610097198097,0.5937372750506438],""received_at_ms"":1788495945303,""age_ms"":49,""source"":""jaka_port10000_actual_feedback"",""mapping"":""port10000_joint_actual_position_deg_to_rad"",""error"":null},""right"":{""valid"":true,""fresh"":true,""status"":""FRESH"",""joints_rad"":[0.09725812350153361,2.549291959046466,1.617128709782964,-1.4870852744144178,3.1939905793273167,2.572124356321056],""received_at_ms"":1788495945310,""age_ms"":42,""source"":""jaka_port10000_actual_feedback"",""mapping"":""port10000_joint_actual_position_deg_to_rad"",""error"":null}}","{""left"":{""values"":[-109.67397323314799,-10.888818222738337,1.060302734375,-6.115234375,-0.53631591796875,0.8013916015625],""received_at_ms"":1788495942459,""valid"":true,""status"":""STALE"",""error"":""Torque sample age 2893 ms exceeds 1500 ms"",""source"":""/left_jaka_driver/joint_torque_raw"",""age_ms"":2893,""fresh"":false},""right"":{""values"":[125.72656092233956,-0.2806396449159365,-4.561767578125,6.65771484375,0.369873046875,0.419189453125],""received_at_ms"":1788495942339,""valid"":true,""status"":""STALE"",""error"":""Torque sample age 3013 ms exceeds 1500 ms"",""source"":""/right_jaka_driver/joint_torque_raw"",""age_ms"":3013,""fresh"":false}}"
24,1788495945454,RUNNING,0.504,"{""left"":{""valid"":true,""status"":""VALID"",""sample_index"":21,""time_from_start_s"":0.504,""joints_rad"":[3.0408097287969027,0.6263568682098397,-1.6059193654943174,1.4836564634914173,-0.06316640206053456,0.5940711023478896],""source"":""LATEST SUCCESSFUL PHASE5 SERVO_J COMMAND \u2014 DRIVER MEMORY"",""error"":null},""right"":{""valid"":true,""status"":""VALID"",""sample_index"":21,""time_from_start_s"":0.504,""joints_rad"":[0.10064201368263886,2.5495632702509967,1.6162803198697053,-1.4844436962353653,3.1956031389332997,2.571862797678393],""source"":""LATEST SUCCESSFUL PHASE5 SERVO_J COMMAND \u2014 DRIVER MEMORY"",""error"":null}}","{""left"":{""valid"":true,""fresh"":true,""status"":""FRESH"",""joints_rad"":[3.043693819719852,0.6266381277141385,-1.6064485164912352,1.4858010611508001,-0.06178168846087087,0.5940488163221248],""received_at_ms"":1788495945432,""age_ms"":22,""source"":""jaka_port10000_actual_feedback"",""mapping"":""port10000_joint_actual_position_deg_to_rad"",""error"":null},""right"":{""valid"":true,""fresh"":true,""status"":""FRESH"",""joints_rad"":[0.09788120604449559,2.549279916274627,1.6170089801962773,-1.4866419607844112,3.194254298577293,2.5719805411906913],""received_at_ms"":1788495945421,""age_ms"":33,""source"":""jaka_port10000_actual_feedback"",""mapping"":""port10000_joint_actual_position_deg_to_rad"",""error"":null}}","{""left"":{""values"":[-109.67397323314799,-10.888818222738337,1.060302734375,-6.115234375,-0.53631591796875,0.8013916015625],""received_at_ms"":1788495942459,""valid"":true,""status"":""STALE"",""error"":""Torque sample age 2995 ms exceeds 1500 ms"",""source"":""/left_jaka_driver/joint_torque_raw"",""age_ms"":2995,""fresh"":false},""right"":{""values"":[125.72656092233956,-0.2806396449159365,-4.561767578125,6.65771484375,0.369873046875,0.419189453125],""received_at_ms"":1788495942339,""valid"":true,""status"":""STALE"",""error"":""Torque sample age 3115 ms exceeds 1500 ms"",""source"":""/right_jaka_driver/joint_torque_raw"",""age_ms"":3115,""fresh"":false}}"
25,1788495945553,RUNNING,0.6,"{""left"":{""valid"":true,""status"":""VALID"",""sample_index"":25,""time_from_start_s"":0.6,""joints_rad"":[3.0384587731319486,0.6261540544980039,-1.605217799420573,1.481731720726402,-0.06452152863296477,0.5944389531476809],""source"":""LATEST SUCCESSFUL PHASE5 SERVO_J COMMAND \u2014 DRIVER MEMORY"",""error"":null},""right"":{""valid"":true,""status"":""VALID"",""sample_index"":25,""time_from_start_s"":0.6,""joints_rad"":[0.10300551494031843,2.549743098584595,1.6155611623799906,-1.4824511881959037,3.196880984421294,2.5714461633075776],""source"":""LATEST SUCCESSFUL PHASE5 SERVO_J COMMAND \u2014 DRIVER MEMORY"",""error"":null}}","{""left"":{""valid"":true,""fresh"":true,""status"":""FRESH"",""joints_rad"":[3.043693819719852,0.6266381277141385,-1.6064485164912352,1.4858010611508001,-0.06178168846087087,0.5940488163221248],""received_at_ms"":1788495945432,""age_ms"":121,""source"":""jaka_port10000_actual_feedback"",""mapping"":""port10000_joint_actual_position_deg_to_rad"",""error"":null},""right"":{""valid"":true,""fresh"":true,""status"":""FRESH"",""joints_rad"":[0.0995111690329331,2.5496633651112903,1.6165895775770232,-1.4852877598177887,3.195117189359479,2.571788729505897],""received_at_ms"":1788495945496,""age_ms"":57,""source"":""jaka_port10000_actual_feedback"",""mapping"":""port10000_joint_actual_position_deg_to_rad"",""error"":null}}","{""left"":{""values"":[-109.67397323314799,-10.888818222738337,1.060302734375,-6.115234375,-0.53631591796875,0.8013916015625],""received_at_ms"":1788495942459,""valid"":true,""status"":""STALE"",""error"":""Torque sample age 3094 ms exceeds 1500 ms"",""source"":""/left_jaka_driver/joint_torque_raw"",""age_ms"":3094,""fresh"":false},""right"":{""values"":[125.72656092233956,-0.2806396449159365,-4.561767578125,6.65771484375,0.369873046875,0.419189453125],""received_at_ms"":1788495942339,""valid"":true,""status"":""STALE"",""error"":""Torque sample age 3214 ms exceeds 1500 ms"",""source"":""/right_jaka_driver/joint_torque_raw"",""age_ms"":3214,""fresh"":false}}"
26,1788495945655,RUNNING,0.6960000000000001,"{""left"":{""valid"":true,""status"":""VALID"",""sample_index"":29,""time_from_start_s"":0.6960000000000001,""joints_rad"":[3.0355977612397034,0.6259062428649843,-1.6043606936845587,1.4793901179333695,-0.06617174450064259,0.5948881801808912],""source"":""LATEST SUCCESSFUL PHASE5 SERVO_J COMMAND \u2014 DRIVER MEMORY"",""error"":null},""right"":{""valid"":true,""status"":""VALID"",""sample_index"":29,""time_from_start_s"":0.6960000000000001,""joints_rad"":[0.10588176722596655,2.5499628582516065,1.6146826356700705,-1.4800271437305852,3.1984372368891862,2.5709374707367236],""source"":""LATEST SUCCESSFUL PHASE5 SERVO_J COMMAND \u2014 DRIVER MEMORY"",""error"":null}}","{""left"":{""valid"":true,""fresh"":true,""status"":""FRESH"",""joints_rad"":[3.038960137722593,0.6261347747578633,-1.6053100382201593,1.4820499995224141,-0.06432236425299902,0.5944802617132178],""received_at_ms"":1788495945626,""age_ms"":29,""source"":""jaka_port10000_actual_feedback"",""mapping"":""port10000_joint_actual_position_deg_to_rad"",""error"":null},""right"":{""valid"":true,""fresh"":true,""status"":""FRESH"",""joints_rad"":[0.1015724028795384,2.5498071802416544,1.6160143170555656,-1.4837057933837812,3.19611185250019,2.571561138571437],""received_at_ms"":1788495945589,""age_ms"":66,""source"":""jaka_port10000_actual_feedback"",""mapping"":""port10000_joint_actual_position_deg_to_rad"",""error"":null}}","{""left"":{""values"":[-109.67397323314799,-10.888818222738337,1.060302734375,-6.115234375,-0.53631591796875,0.8013916015625],""received_at_ms"":1788495942459,""valid"":true,""status"":""STALE"",""error"":""Torque sample age 3196 ms exceeds 1500 ms"",""source"":""/left_jaka_driver/joint_torque_raw"",""age_ms"":3196,""fresh"":false},""right"":{""values"":[125.72656092233956,-0.2806396449159365,-4.561767578125,6.65771484375,0.369873046875,0.419189453125],""received_at_ms"":1788495942339,""valid"":true,""status"":""STALE"",""error"":""Torque sample age 3316 ms exceeds 1500 ms"",""source"":""/right_jaka_driver/joint_torque_raw"",""age_ms"":3316,""fresh"":false}}"
27,1788495945754,RUNNING,0.792,"{""left"":{""valid"":true,""status"":""VALID"",""sample_index"":34,""time_from_start_s"":0.8160000000000001,""joints_rad"":[3.0314035460063553,0.6255409642944527,-1.60309753692695,1.475958792516473,-0.06859310021502601,0.5955498714739037],""source"":""LATEST SUCCESSFUL PHASE5 SERVO_J COMMAND \u2014 DRIVER MEMORY"",""error"":null},""right"":{""valid"":true,""status"":""VALID"",""sample_index"":33,""time_from_start_s"":0.792,""joints_rad"":[0.10920663276711413,2.5502181534240993,1.6136624918988938,-1.477226011375138,3.2002378358180925,2.5703471487522647],""source"":""LATEST SUCCESSFUL PHASE5 SERVO_J COMMAND \u2014 DRIVER MEMORY"",""error"":null}}","{""left"":{""valid"":true,""fresh"":true,""status"":""FRESH"",""joints_rad"":[3.036934857658579,0.6260030023993378,-1.6047588632423795,1.4804200365339766,-0.06548492806775244,0.5947799347457853],""received_at_ms"":1788495945698,""age_ms"":56,""source"":""jaka_port10000_actual_feedback"",""mapping"":""port10000_joint_actual_position_deg_to_rad"",""error"":null},""right"":{""valid"":true,""fresh"":true,""status"":""FRESH"",""joints_rad"":[0.10392126698687237,2.549915041589428,1.6152711558600665,-1.4817283353412718,3.1974421424560604,2.5712495972999565],""received_at_ms"":1788495945677,""age_ms"":77,""source"":""jaka_port10000_actual_feedback"",""mapping"":""port10000_joint_actual_position_deg_to_rad"",""error"":null}}","{""left"":{""values"":[-109.67397323314799,-10.888818222738337,1.060302734375,-6.115234375,-0.53631591796875,0.8013916015625],""received_at_ms"":1788495942459,""valid"":true,""status"":""STALE"",""error"":""Torque sample age 3295 ms exceeds 1500 ms"",""source"":""/left_jaka_driver/joint_torque_raw"",""age_ms"":3295,""fresh"":false},""right"":{""values"":[125.72656092233956,-0.2806396449159365,-4.561767578125,6.65771484375,0.369873046875,0.419189453125],""received_at_ms"":1788495942339,""valid"":true,""status"":""STALE"",""error"":""Torque sample age 3415 ms exceeds 1500 ms"",""source"":""/right_jaka_driver/joint_torque_raw"",""age_ms"":3415,""fresh"":false}}"
28,1788495945856,RUNNING,0.912,"{""left"":{""valid"":true,""status"":""VALID"",""sample_index"":38,""time_from_start_s"":0.912,""joints_rad"":[3.0276602355103437,0.6252128180110093,-1.601963035690454,1.4728978945978937,-0.07075644821622726,0.5961437852731263],""source"":""LATEST SUCCESSFUL PHASE5 SERVO_J COMMAND \u2014 DRIVER MEMORY"",""error"":null},""right"":{""valid"":true,""status"":""VALID"",""sample_index"":38,""time_from_start_s"":0.912,""joints_rad"":[0.11386141659963331,2.5505779862294373,1.6122254753568341,-1.4733063473445,3.202761747968976,2.5695163112138855],""source"":""LATEST SUCCESSFUL PHASE5 SERVO_J COMMAND \u2014 DRIVER MEMORY"",""error"":null}}","{""left"":{""valid"":true,""fresh"":true,""status"":""FRESH"",""joints_rad"":[3.0332077070409453,0.6257392831493614,-1.6036202104383783,1.47736413954666,-0.06747425434917557,0.5953192414846514],""received_at_ms"":1788495945806,""age_ms"":50,""source"":""jaka_port10000_actual_feedback"",""mapping"":""port10000_joint_actual_position_deg_to_rad"",""error"":null},""right"":{""valid"":true,""fresh"":true,""status"":""FRESH"",""joints_rad"":[0.10641412075749587,2.5500708994916312,1.6145042581867401,-1.479595193929484,3.198844339977113,2.570842062919615],""received_at_ms"":1788495945789,""age_ms"":67,""source"":""jaka_port10000_actual_feedback"",""mapping"":""port10000_joint_actual_position_deg_to_rad"",""error"":null}}","{""left"":{""values"":[-109.67397323314799,-10.888818222738337,1.060302734375,-6.115234375,-0.53631591796875,0.8013916015625],""received_at_ms"":1788495942459,""valid"":true,""status"":""STALE"",""error"":""Torque sample age 3397 ms exceeds 1500 ms"",""source"":""/left_jaka_driver/joint_torque_raw"",""age_ms"":3397,""fresh"":false},""right"":{""values"":[125.72656092233956,-0.2806396449159365,-4.561767578125,6.65771484375,0.369873046875,0.419189453125],""received_at_ms"":1788495942339,""valid"":true,""status"":""STALE"",""error"":""Torque sample age 3517 ms exceeds 1500 ms"",""source"":""/right_jaka_driver/joint_torque_raw"",""age_ms"":3517,""fresh"":false}}"
29,1788495945967,RUNNING,1.008,"{""left"":{""valid"":true,""status"":""VALID"",""sample_index"":42,""time_from_start_s"":1.008,""joints_rad"":[3.0236823729888576,0.6248616195608774,-1.6007491277081467,1.4696469838113224,-0.07305801790919361,0.5967788223925713],""source"":""LATEST SUCCESSFUL PHASE5 SERVO_J COMMAND \u2014 DRIVER MEMORY"",""error"":null},""right"":{""valid"":true,""status"":""VALID"",""sample_index"":42,""time_from_start_s"":1.008,""joints_rad"":[0.11786029067781496,2.550889653970122,1.6109817055009152,-1.4699409817188978,3.2049332324205997,2.5687979516942647],""source"":""LATEST SUCCESSFUL PHASE5 SERVO_J COMMAND \u2014 DRIVER MEMORY"",""error"":null}}","{""left"":{""valid"":true,""fresh"":true,""status"":""FRESH"",""joints_rad"":[3.030870711172525,0.6255356032256537,-1.6028653555368908,1.4754465462974937,-0.06886440909838906,0.5956667365387236],""received_at_ms"":1788495945875,""age_ms"":92,""source"":""jaka_port10000_actual_feedback"",""mapping"":""port10000_joint_actual_position_deg_to_rad"",""error"":null},""right"":{""valid"":true,""fresh"":true,""status"":""FRESH"",""joints_rad"":[0.11015313961404331,2.5502986649590165,1.6133416943719867,-1.4765272541703285,3.200785669704106,2.570194894832976],""received_at_ms"":1788495945903,""age_ms"":64,""source"":""jaka_port10000_actual_feedback"",""mapping"":""port10000_joint_actual_position_deg_to_rad"",""error"":null}}","{""left"":{""values"":[-109.67397323314799,-10.888818222738337,1.060302734375,-6.115234375,-0.53631591796875,0.8013916015625],""received_at_ms"":1788495942459,""valid"":true,""status"":""STALE"",""error"":""Torque sample age 3508 ms exceeds 1500 ms"",""source"":""/left_jaka_driver/joint_torque_raw"",""age_ms"":3508,""fresh"":false},""right"":{""values"":[125.72656092233956,-0.2806396449159365,-4.561767578125,6.65771484375,0.369873046875,0.419189453125],""received_at_ms"":1788495942339,""valid"":true,""status"":""STALE"",""error"":""Torque sample age 3628 ms exceeds 1500 ms"",""source"":""/right_jaka_driver/joint_torque_raw"",""age_ms"":3628,""fresh"":false}}"
30,1788495946059,RUNNING,1.104,"{""left"":{""valid"":true,""status"":""VALID"",""sample_index"":46,""time_from_start_s"":1.104,""joints_rad"":[3.01957858518897,0.6244961625992322,-1.5994863037739617,1.4662953889366426,-0.07543579246496279,0.5974388863063516],""source"":""LATEST SUCCESSFUL PHASE5 SERVO_J COMMAND \u2014 DRIVER MEMORY"",""error"":null},""right"":{""valid"":true,""status"":""VALID"",""sample_index"":46,""time_from_start_s"":1.104,""joints_rad"":[0.12198567206850558,2.5512140812403152,1.6096880406651883,-1.4664713877677358,3.2071770655134713,2.5680516287384934],""source"":""LATEST SUCCESSFUL PHASE5 SERVO_J COMMAND \u2014 DRIVER MEMORY"",""error"":null}}","{""left"":{""valid"":true,""fresh"":true,""status"":""FRESH"",""joints_rad"":[3.0234884920353644,0.6248763923671754,-1.6006123100054914,1.4693586633336122,-0.07323872780266245,0.5968891651468203],""received_at_ms"":1788495946055,""age_ms"":4,""source"":""jaka_port10000_actual_feedback"",""mapping"":""port10000_joint_actual_position_deg_to_rad"",""error"":null},""right"":{""valid"":true,""fresh"":true,""status"":""FRESH"",""joints_rad"":[0.1145634121009078,2.550610206230497,1.6119396713838596,-1.47270428497676,3.2031226655725265,2.5694758191811546],""received_at_ms"":1788495946000,""age_ms"":59,""source"":""jaka_port10000_actual_feedback"",""mapping"":""port10000_joint_actual_position_deg_to_rad"",""error"":null}}","{""left"":{""values"":[-109.67397323314799,-10.888818222738337,1.060302734375,-6.115234375,-0.53631591796875,0.8013916015625],""received_at_ms"":1788495942459,""valid"":true,""status"":""STALE"",""error"":""Torque sample age 3600 ms exceeds 1500 ms"",""source"":""/left_jaka_driver/joint_torque_raw"",""age_ms"":3600,""fresh"":false},""right"":{""values"":[125.72656092233956,-0.2806396449159365,-4.561767578125,6.65771484375,0.369873046875,0.419189453125],""received_at_ms"":1788495942339,""valid"":true,""status"":""STALE"",""error"":""Torque sample age 3720 ms exceeds 1500 ms"",""source"":""/right_jaka_driver/joint_torque_raw"",""age_ms"":3720,""fresh"":false}}"
31,1788495946160,RUNNING,1.2,"{""left"":{""valid"":true,""status"":""VALID"",""sample_index"":50,""time_from_start_s"":1.2,""joints_rad"":[3.0154567249416138,0.6241252045724203,-1.5982049275898098,1.462931774258568,-0.0778281572291411,0.5981079504313719],""source"":""LATEST SUCCESSFUL PHASE5 SERVO_J COMMAND \u2014 DRIVER MEMORY"",""error"":null},""right"":{""valid"":true,""status"":""VALID"",""sample_index"":50,""time_from_start_s"":1.2,""joints_rad"":[0.12612911875632382,2.551543523446833,1.6083756484564702,-1.4629893515077776,3.209435221957137,2.5672955587501334],""source"":""LATEST SUCCESSFUL PHASE5 SERVO_J COMMAND \u2014 DRIVER MEMORY"",""error"":null}}","{""left"":{""valid"":true,""fresh"":true,""status"":""FRESH"",""joints_rad"":[3.0234884920353644,0.6248763923671754,-1.6006123100054914,1.4693586633336122,-0.07323872780266245,0.5968891651468203],""received_at_ms"":1788495946055,""age_ms"":105,""source"":""jaka_port10000_actual_feedback"",""mapping"":""port10000_joint_actual_position_deg_to_rad"",""error"":null},""right"":{""valid"":true,""fresh"":true,""status"":""FRESH"",""joints_rad"":[0.11953672780446564,2.5509936550671606,1.6103816159606044,-1.4684378276202599,3.2059268860817056,2.5685291525948726],""received_at_ms"":1788495946093,""age_ms"":67,""source"":""jaka_port10000_actual_feedback"",""mapping"":""port10000_joint_actual_position_deg_to_rad"",""error"":null}}","{""left"":{""values"":[-109.67397323314799,-10.888818222738337,1.060302734375,-6.115234375,-0.53631591796875,0.8013916015625],""received_at_ms"":1788495942459,""valid"":true,""status"":""STALE"",""error"":""Torque sample age 3701 ms exceeds 1500 ms"",""source"":""/left_jaka_driver/joint_torque_raw"",""age_ms"":3701,""fresh"":false},""right"":{""values"":[125.72656092233956,-0.2806396449159365,-4.561767578125,6.65771484375,0.369873046875,0.419189453125],""received_at_ms"":1788495942339,""valid"":true,""status"":""STALE"",""error"":""Torque sample age 3821 ms exceeds 1500 ms"",""source"":""/right_jaka_driver/joint_torque_raw"",""age_ms"":3821,""fresh"":false}}"
32,1788495946260,RUNNING,1.32,"{""left"":{""valid"":true,""status"":""VALID"",""sample_index"":55,""time_from_start_s"":1.32,""joints_rad"":[3.010430384938802,0.6236660859594849,-1.5966198172574633,1.4588347809579836,-0.0807525902813012,0.5989343988273514],""source"":""LATEST SUCCESSFUL PHASE5 SERVO_J COMMAND \u2014 DRIVER MEMORY"",""error"":null},""right"":{""valid"":true,""status"":""VALID"",""sample_index"":55,""time_from_start_s"":1.32,""joints_rad"":[0.1311816059690169,2.551951488444018,1.6067526529324767,-1.4587481179859956,3.2121965547906672,2.56636238219222],""source"":""LATEST SUCCESSFUL PHASE5 SERVO_J COMMAND \u2014 DRIVER MEMORY"",""error"":null}}","{""left"":{""valid"":true,""fresh"":true,""status"":""FRESH"",""joints_rad"":[3.0156147881808426,0.6241573167153538,-1.5981554100174589,1.4628152494349602,-0.07792441324549162,0.5981835013200993],""received_at_ms"":1788495946239,""age_ms"":21,""source"":""jaka_port10000_actual_feedback"",""mapping"":""port10000_joint_actual_position_deg_to_rad"",""error"":null},""right"":{""valid"":true,""fresh"":true,""status"":""FRESH"",""joints_rad"":[0.12259279932470771,2.5512214205345454,1.6093989955917316,-1.4657653794696062,3.2075928028527345,2.567929806529738],""received_at_ms"":1788495946168,""age_ms"":92,""source"":""jaka_port10000_actual_feedback"",""mapping"":""port10000_joint_actual_position_deg_to_rad"",""error"":null}}","{""left"":{""values"":[-109.67397323314799,-10.888818222738337,1.060302734375,-6.115234375,-0.53631591796875,0.8013916015625],""received_at_ms"":1788495942459,""valid"":true,""status"":""STALE"",""error"":""Torque sample age 3801 ms exceeds 1500 ms"",""source"":""/left_jaka_driver/joint_torque_raw"",""age_ms"":3801,""fresh"":false},""right"":{""values"":[125.72656092233956,-0.2806396449159365,-4.561767578125,6.65771484375,0.369873046875,0.419189453125],""received_at_ms"":1788495942339,""valid"":true,""status"":""STALE"",""error"":""Torque sample age 3921 ms exceeds 1500 ms"",""source"":""/right_jaka_driver/joint_torque_raw"",""age_ms"":3921,""fresh"":false}}"
33,1788495946359,RUNNING,1.416,"{""left"":{""valid"":true,""status"":""VALID"",""sample_index"":59,""time_from_start_s"":1.416,""joints_rad"":[3.0066115713127233,0.6233107103220613,-1.595393647559159,1.455726574579743,-0.08298128641528578,0.5995725344240957],""source"":""LATEST SUCCESSFUL PHASE5 SERVO_J COMMAND \u2014 DRIVER MEMORY"",""error"":null},""right"":{""valid"":true,""status"":""VALID"",""sample_index"":59,""time_from_start_s"":1.416,""joints_rad"":[0.13502011612612885,2.552267490684791,1.6054976437713053,-1.4555304840892538,3.214301871945828,2.5656425553061277],""source"":""LATEST SUCCESSFUL PHASE5 SERVO_J COMMAND \u2014 DRIVER MEMORY"",""error"":null}}","{""left"":{""valid"":true,""fresh"":true,""status"":""FRESH"",""joints_rad"":[3.0126068877479555,0.6238698609875503,-1.597208743431177,1.4603703922187667,-0.07959033001652023,0.5986509004937834],""received_at_ms"":1788495946308,""age_ms"":51,""source"":""jaka_port10000_actual_feedback"",""mapping"":""port10000_joint_actual_position_deg_to_rad"",""error"":null},""right"":{""valid"":true,""fresh"":true,""status"":""FRESH"",""joints_rad"":[0.12664335945273614,2.551545004577865,1.6081406132010436,-1.46233790188454,3.20992962418823,2.5671629088564116],""received_at_ms"":1788495946281,""age_ms"":78,""source"":""jaka_port10000_actual_feedback"",""mapping"":""port10000_joint_actual_position_deg_to_rad"",""error"":null}}","{""left"":{""values"":[-109.67397323314799,-10.888818222738337,1.060302734375,-6.115234375,-0.53631591796875,0.8013916015625],""received_at_ms"":1788495942459,""valid"":true,""status"":""STALE"",""error"":""Torque sample age 3900 ms exceeds 1500 ms"",""source"":""/left_jaka_driver/joint_torque_raw"",""age_ms"":3900,""fresh"":false},""right"":{""values"":[125.72656092233956,-0.2806396449159365,-4.561767578125,6.65771484375,0.369873046875,0.419189453125],""received_at_ms"":1788495942339,""valid"":true,""status"":""STALE"",""error"":""Torque sample age 4020 ms exceeds 1500 ms"",""source"":""/right_jaka_driver/joint_torque_raw"",""age_ms"":4020,""fresh"":false}}"
34,1788495946462,RUNNING,1.512,"{""left"":{""valid"":true,""status"":""VALID"",""sample_index"":63,""time_from_start_s"":1.512,""joints_rad"":[3.003036984496889,0.622971161560831,-1.5942228900197064,1.4528218576093233,-0.08507456725777329,0.6001806107177738],""source"":""LATEST SUCCESSFUL PHASE5 SERVO_J COMMAND \u2014 DRIVER MEMORY"",""error"":null},""right"":{""valid"":true,""status"":""VALID"",""sample_index"":63,""time_from_start_s"":1.512,""joints_rad"":[0.1386129638169051,2.552569651958341,1.6042998389940613,-1.4525235048087666,3.2162802269681743,2.5649573861939254],""source"":""LATEST SUCCESSFUL PHASE5 SERVO_J COMMAND \u2014 DRIVER MEMORY"",""error"":null}}","{""left"":{""valid"":true,""fresh"":true,""status"":""FRESH"",""joints_rad"":[3.008735921999957,0.623522191400553,-1.5959384928015756,1.4571706801010853,-0.08189119756942434,0.5992978940474978],""received_at_ms"":1788495946422,""age_ms"":40,""source"":""jaka_port10000_actual_feedback"",""mapping"":""port10000_joint_actual_position_deg_to_rad"",""error"":null},""right"":{""valid"":true,""fresh"":true,""status"":""FRESH"",""joints_rad"":[0.13063422932034638,2.551880456860099,1.6068223660170122,-1.4588744705168821,3.212146715937038,2.5664317904327514],""received_at_ms"":1788495946393,""age_ms"":69,""source"":""jaka_port10000_actual_feedback"",""mapping"":""port10000_joint_actual_position_deg_to_rad"",""error"":null}}","{""left"":{""values"":[-109.67397323314799,-10.888818222738337,1.060302734375,-6.115234375,-0.53631591796875,0.8013916015625],""received_at_ms"":1788495942459,""valid"":true,""status"":""STALE"",""error"":""Torque sample age 4003 ms exceeds 1500 ms"",""source"":""/left_jaka_driver/joint_torque_raw"",""age_ms"":4003,""fresh"":false},""right"":{""values"":[125.72656092233956,-0.2806396449159365,-4.561767578125,6.65771484375,0.369873046875,0.419189453125],""received_at_ms"":1788495942339,""valid"":true,""status"":""STALE"",""error"":""Torque sample age 4123 ms exceeds 1500 ms"",""source"":""/right_jaka_driver/joint_torque_raw"",""age_ms"":4123,""fresh"":false}}"
35,1788495946567,RUNNING,1.608,"{""left"":{""valid"":true,""status"":""VALID"",""sample_index"":67,""time_from_start_s"":1.608,""joints_rad"":[2.999734685792961,0.6226496890573466,-1.593115362144743,1.4501436451091123,-0.0870163408812949,0.6007544773098604],""source"":""LATEST SUCCESSFUL PHASE5 SERVO_J COMMAND \u2014 DRIVER MEMORY"",""error"":null},""right"":{""valid"":true,""status"":""VALID"",""sample_index"":67,""time_from_start_s"":1.608,""joints_rad"":[0.14193193630243195,2.5528559887889997,1.6031672736369067,-1.449751005517482,3.2181164592379985,2.564311604459904],""source"":""LATEST SUCCESSFUL PHASE5 SERVO_J COMMAND \u2014 DRIVER MEMORY"",""error"":null}}","{""left"":{""valid"":true,""fresh"":true,""status"":""FRESH"",""joints_rad"":[3.0028995409812884,0.6229828846616868,-1.594080938878678,1.4525567276905131,-0.08521081380671756,0.600304599960048],""received_at_ms"":1788495946562,""age_ms"":5,""source"":""jaka_port10000_actual_feedback"",""mapping"":""port10000_joint_actual_position_deg_to_rad"",""error"":null},""right"":{""valid"":true,""fresh"":true,""status"":""FRESH"",""joints_rad"":[0.13508028105687675,2.5522520374578486,1.6053962574852076,-1.4551354516603348,3.2144716690336197,2.5655449886398127],""received_at_ms"":1788495946512,""age_ms"":55,""source"":""jaka_port10000_actual_feedback"",""mapping"":""port10000_joint_actual_position_deg_to_rad"",""error"":null}}","{""left"":{""values"":[-109.67397323314799,-10.888818222738337,1.060302734375,-6.115234375,-0.53631591796875,0.8013916015625],""received_at_ms"":1788495942459,""valid"":true,""status"":""STALE"",""error"":""Torque sample age 4108 ms exceeds 1500 ms"",""source"":""/left_jaka_driver/joint_torque_raw"",""age_ms"":4108,""fresh"":false},""right"":{""values"":[125.72656092233956,-0.2806396449159365,-4.561767578125,6.65771484375,0.369873046875,0.419189453125],""received_at_ms"":1788495942339,""valid"":true,""status"":""STALE"",""error"":""Torque sample age 4228 ms exceeds 1500 ms"",""source"":""/right_jaka_driver/joint_torque_raw"",""age_ms"":4228,""fresh"":false}}"
36,1788495946662,RUNNING,1.704,"{""left"":{""valid"":true,""status"":""VALID"",""sample_index"":71,""time_from_start_s"":1.704,""joints_rad"":[2.996695961463786,0.6223455157832631,-1.5920683985572122,1.4476847228849843,-0.08881153564354255,0.6012955026517758],""source"":""LATEST SUCCESSFUL PHASE5 SERVO_J COMMAND \u2014 DRIVER MEMORY"",""error"":null},""right"":{""valid"":true,""status"":""VALID"",""sample_index"":71,""time_from_start_s"":1.704,""joints_rad"":[0.14498579661754532,2.553127197185759,1.6020972283014598,-1.4472055180069523,3.219815206177762,2.563703674560125],""source"":""LATEST SUCCESSFUL PHASE5 SERVO_J COMMAND \u2014 DRIVER MEMORY"",""error"":null}}","{""left"":{""valid"":true,""fresh"":true,""status"":""FRESH"",""joints_rad"":[3.0028995409812884,0.6229828846616868,-1.594080938878678,1.4525567276905131,-0.08521081380671756,0.600304599960048],""received_at_ms"":1788495946562,""age_ms"":100,""source"":""jaka_port10000_actual_feedback"",""mapping"":""port10000_joint_actual_position_deg_to_rad"",""error"":null},""right"":{""valid"":true,""fresh"":true,""status"":""FRESH"",""joints_rad"":[0.13932265286969933,2.55259953251192,1.6040179709749078,-1.4517557960967729,3.216688760782428,2.564718051640218],""received_at_ms"":1788495946636,""age_ms"":26,""source"":""jaka_port10000_actual_feedback"",""mapping"":""port10000_joint_actual_position_deg_to_rad"",""error"":null}}","{""left"":{""values"":[-109.67397323314799,-10.888818222738337,1.060302734375,-6.115234375,-0.53631591796875,0.8013916015625],""received_at_ms"":1788495942459,""valid"":true,""status"":""STALE"",""error"":""Torque sample age 4203 ms exceeds 1500 ms"",""source"":""/left_jaka_driver/joint_torque_raw"",""age_ms"":4203,""fresh"":false},""right"":{""values"":[125.72656092233956,-0.2806396449159365,-4.561767578125,6.65771484375,0.369873046875,0.419189453125],""received_at_ms"":1788495942339,""valid"":true,""status"":""STALE"",""error"":""Torque sample age 4323 ms exceeds 1500 ms"",""source"":""/right_jaka_driver/joint_torque_raw"",""age_ms"":4323,""fresh"":false}}"
37,1788495946764,RUNNING,1.824,"{""left"":{""valid"":true,""status"":""VALID"",""sample_index"":76,""time_from_start_s"":1.824,""joints_rad"":[2.993183752019779,0.6219825757532165,-1.590820481439034,1.444849955010744,-0.09089760986205542,0.6019383831479954],""source"":""LATEST SUCCESSFUL PHASE5 SERVO_J COMMAND \u2014 DRIVER MEMORY"",""error"":null},""right"":{""valid"":true,""status"":""VALID"",""sample_index"":76,""time_from_start_s"":1.824,""joints_rad"":[0.14851522682081855,2.553451187993272,1.6008226009148228,-1.4442709551655828,3.221790700371977,2.5629825091160403],""source"":""LATEST SUCCESSFUL PHASE5 SERVO_J COMMAND \u2014 DRIVER MEMORY"",""error"":null}}","{""left"":{""valid"":true,""fresh"":true,""status"":""FRESH"",""joints_rad"":[2.9995080171788127,0.6226713433902058,-1.5929782398572683,1.4499202333224506,-0.08714027529479729,0.6008679922425918],""received_at_ms"":1788495946675,""age_ms"":89,""source"":""jaka_port10000_actual_feedback"",""mapping"":""port10000_joint_actual_position_deg_to_rad"",""error"":null},""right"":{""valid"":true,""fresh"":true,""status"":""FRESH"",""joints_rad"":[0.14362506400879058,2.5529470275659922,1.6025319976497598,-1.4480886848054075,3.2190617104334396,2.563939111195053],""received_at_ms"":1788495946704,""age_ms"":60,""source"":""jaka_port10000_actual_feedback"",""mapping"":""port10000_joint_actual_position_deg_to_rad"",""error"":null}}","{""left"":{""values"":[-109.67397323314799,-10.888818222738337,1.060302734375,-6.115234375,-0.53631591796875,0.8013916015625],""received_at_ms"":1788495942459,""valid"":true,""status"":""STALE"",""error"":""Torque sample age 4305 ms exceeds 1500 ms"",""source"":""/left_jaka_driver/joint_torque_raw"",""age_ms"":4305,""fresh"":false},""right"":{""values"":[125.72656092233956,-0.2806396449159365,-4.561767578125,6.65771484375,0.369873046875,0.419189453125],""received_at_ms"":1788495942339,""valid"":true,""status"":""STALE"",""error"":""Torque sample age 4425 ms exceeds 1500 ms"",""source"":""/right_jaka_driver/joint_torque_raw"",""age_ms"":4425,""fresh"":false}}"
38,1788495946872,RUNNING,1.92,"{""left"":{""valid"":true,""status"":""VALID"",""sample_index"":80,""time_from_start_s"":1.92,""joints_rad"":[2.9904733000503856,0.6216952659383956,-1.5898334739107511,1.4426666322601114,-0.09251419480372648,0.6024455554452669],""source"":""LATEST SUCCESSFUL PHASE5 SERVO_J COMMAND \u2014 DRIVER MEMORY"",""error"":null},""right"":{""valid"":true,""status"":""VALID"",""sample_index"":80,""time_from_start_s"":1.92,""joints_rad"":[0.15123880502880133,2.553707919447102,1.5998149944079945,-1.442010772349012,3.22332249725599,2.562414363201621],""source"":""LATEST SUCCESSFUL PHASE5 SERVO_J COMMAND \u2014 DRIVER MEMORY"",""error"":null}}","{""left"":{""valid"":true,""fresh"":true,""status"":""FRESH"",""joints_rad"":[2.9931564149649548,0.6220362180754051,-1.5907611481084598,1.444766974173012,-0.09099919827095675,0.6019823849699902],""received_at_ms"":1788495946866,""age_ms"":6,""source"":""jaka_port10000_actual_feedback"",""mapping"":""port10000_joint_actual_position_deg_to_rad"",""error"":null},""right"":{""valid"":true,""fresh"":true,""status"":""FRESH"",""joints_rad"":[0.14589015231202881,2.5531747930333775,1.601741014432756,-1.4462550418932625,3.2203080500522887,2.56350766580396],""received_at_ms"":1788495946772,""age_ms"":100,""source"":""jaka_port10000_actual_feedback"",""mapping"":""port10000_joint_actual_position_deg_to_rad"",""error"":null}}","{""left"":{""values"":[-109.67397323314799,-10.888818222738337,1.060302734375,-6.115234375,-0.53631591796875,0.8013916015625],""received_at_ms"":1788495942459,""valid"":true,""status"":""STALE"",""error"":""Torque sample age 4413 ms exceeds 1500 ms"",""source"":""/left_jaka_driver/joint_torque_raw"",""age_ms"":4413,""fresh"":false},""right"":{""values"":[125.72656092233956,-0.2806396449159365,-4.561767578125,6.65771484375,0.369873046875,0.419189453125],""received_at_ms"":1788495942339,""valid"":true,""status"":""STALE"",""error"":""Torque sample age 4533 ms exceeds 1500 ms"",""source"":""/right_jaka_driver/joint_torque_raw"",""age_ms"":4533,""fresh"":false}}"
39,1788495946977,RUNNING,2.016,"{""left"":{""valid"":true,""status"":""VALID"",""sample_index"":84,""time_from_start_s"":2.016,""joints_rad"":[2.987768070837384,0.621403406431303,-1.5888314308234983,1.4404899178592347,-0.09413161686819443,0.6029594524873588],""source"":""LATEST SUCCESSFUL PHASE5 SERVO_J COMMAND \u2014 DRIVER MEMORY"",""error"":null},""right"":{""valid"":true,""status"":""VALID"",""sample_index"":84,""time_from_start_s"":2.016,""joints_rad"":[0.15395703757169216,2.553968914939522,1.598792461389046,-1.4397574396301167,3.224855645508456,2.5618392812610327],""source"":""LATEST SUCCESSFUL PHASE5 SERVO_J COMMAND \u2014 DRIVER MEMORY"",""error"":null}}","{""left"":{""valid"":true,""fresh"":true,""status"":""FRESH"",""joints_rad"":[2.990927280444308,0.6218444063906109,-1.5899582966525423,1.4429813278152965,-0.09225758066164466,0.602425873132922],""received_at_ms"":1788495946951,""age_ms"":26,""source"":""jaka_port10000_actual_feedback"",""mapping"":""port10000_joint_actual_position_deg_to_rad"",""error"":null},""right"":{""valid"":true,""fresh"":true,""status"":""FRESH"",""joints_rad"":[0.15077969221149093,2.5536062384244707,1.599979279085793,-1.4422283927759862,3.2230763167788767,2.562560999217678],""received_at_ms"":1788495946946,""age_ms"":31,""source"":""jaka_port10000_actual_feedback"",""mapping"":""port10000_joint_actual_position_deg_to_rad"",""error"":null}}","{""left"":{""values"":[-109.67397323314799,-10.888818222738337,1.060302734375,-6.115234375,-0.53631591796875,0.8013916015625],""received_at_ms"":1788495942459,""valid"":true,""status"":""STALE"",""error"":""Torque sample age 4518 ms exceeds 1500 ms"",""source"":""/left_jaka_driver/joint_torque_raw"",""age_ms"":4518,""fresh"":false},""right"":{""values"":[125.72656092233956,-0.2806396449159365,-4.561767578125,6.65771484375,0.369873046875,0.419189453125],""received_at_ms"":1788495942339,""valid"":true,""status"":""STALE"",""error"":""Torque sample age 4638 ms exceeds 1500 ms"",""source"":""/right_jaka_driver/joint_torque_raw"",""age_ms"":4638,""fresh"":false}}"
40,1788495947070,RUNNING,2.112,"{""left"":{""valid"":true,""status"":""VALID"",""sample_index"":88,""time_from_start_s"":2.112,""joints_rad"":[2.985064748302424,0.6211061568094173,-1.587811457653999,1.4383167776740005,-0.09575153056769219,0.6034813971053945],""source"":""LATEST SUCCESSFUL PHASE5 SERVO_J COMMAND \u2014 DRIVER MEMORY"",""error"":null},""right"":{""valid"":true,""status"":""VALID"",""sample_index"":88,""time_from_start_s"":2.112,""joints_rad"":[0.15667326078582902,2.5542349568317557,1.5977521342315042,-1.4375078279633833,3.2263916993941297,2.561255874823143],""source"":""LATEST SUCCESSFUL PHASE5 SERVO_J COMMAND \u2014 DRIVER MEMORY"",""error"":null}}","{""left"":{""valid"":true,""fresh"":true,""status"":""FRESH"",""joints_rad"":[2.987991287576603,0.6215328651191299,-1.5888676404029711,1.4405605561427803,-0.09399540499785541,0.6029531370999495],""received_at_ms"":1788495947066,""age_ms"":4,""source"":""jaka_port10000_actual_feedback"",""mapping"":""port10000_joint_actual_position_deg_to_rad"",""error"":null},""right"":{""valid"":true,""fresh"":true,""status"":""FRESH"",""joints_rad"":[0.15284092605809624,2.5538099183481786,1.599200338640628,-1.4405865615486353,3.224214795049953,2.5620576462614024],""received_at_ms"":1788495947013,""age_ms"":57,""source"":""jaka_port10000_actual_feedback"",""mapping"":""port10000_joint_actual_position_deg_to_rad"",""error"":null}}","{""left"":{""values"":[-109.67397323314799,-10.888818222738337,1.060302734375,-6.115234375,-0.53631591796875,0.8013916015625],""received_at_ms"":1788495942459,""valid"":true,""status"":""STALE"",""error"":""Torque sample age 4611 ms exceeds 1500 ms"",""source"":""/left_jaka_driver/joint_torque_raw"",""age_ms"":4611,""fresh"":false},""right"":{""values"":[125.72656092233956,-0.2806396449159365,-4.561767578125,6.65771484375,0.369873046875,0.419189453125],""received_at_ms"":1788495942339,""valid"":true,""status"":""STALE"",""error"":""Torque sample age 4731 ms exceeds 1500 ms"",""source"":""/right_jaka_driver/joint_torque_raw"",""age_ms"":4731,""fresh"":false}}"
41,1788495947173,RUNNING,2.232,"{""left"":{""valid"":true,""status"":""VALID"",""sample_index"":93,""time_from_start_s"":2.232,""joints_rad"":[2.9816880996399306,0.6207264450801281,-1.5865093346301018,1.4356049621762021,-0.09777982398753336,0.6041459680245432],""source"":""LATEST SUCCESSFUL PHASE5 SERVO_J COMMAND \u2014 DRIVER MEMORY"",""error"":null},""right"":{""valid"":true,""status"":""VALID"",""sample_index"":93,""time_from_start_s"":2.232,""joints_rad"":[0.1600658939148135,2.5545751488705406,1.5964248086459047,-1.4347006251418155,3.228315754694548,2.5605140876068493],""source"":""LATEST SUCCESSFUL PHASE5 SERVO_J COMMAND \u2014 DRIVER MEMORY"",""error"":null}}","{""left"":{""valid"":true,""fresh"":true,""status"":""FRESH"",""joints_rad"":[2.987991287576603,0.6215328651191299,-1.5888676404029711,1.4405605561427803,-0.09399540499785541,0.6029531370999495],""received_at_ms"":1788495947066,""age_ms"":107,""source"":""jaka_port10000_actual_feedback"",""mapping"":""port10000_joint_actual_position_deg_to_rad"",""error"":null},""right"":{""valid"":true,""fresh"":true,""status"":""FRESH"",""joints_rad"":[0.15466252619840273,2.553989687261134,1.5985413023150747,-1.4391244992342396,3.2251855471799122,2.561698108435492],""received_at_ms"":1788495947121,""age_ms"":52,""source"":""jaka_port10000_actual_feedback"",""mapping"":""port10000_joint_actual_position_deg_to_rad"",""error"":null}}","{""left"":{""values"":[-109.67397323314799,-10.888818222738337,1.060302734375,-6.115234375,-0.53631591796875,0.8013916015625],""received_at_ms"":1788495942459,""valid"":true,""status"":""STALE"",""error"":""Torque sample age 4714 ms exceeds 1500 ms"",""source"":""/left_jaka_driver/joint_torque_raw"",""age_ms"":4714,""fresh"":false},""right"":{""values"":[125.72656092233956,-0.2806396449159365,-4.561767578125,6.65771484375,0.369873046875,0.419189453125],""received_at_ms"":1788495942339,""valid"":true,""status"":""STALE"",""error"":""Torque sample age 4834 ms exceeds 1500 ms"",""source"":""/right_jaka_driver/joint_torque_raw"",""age_ms"":4834,""fresh"":false}}"
42,1788495947274,RUNNING,2.328,"{""left"":{""valid"":true,""status"":""VALID"",""sample_index"":97,""time_from_start_s"":2.328,""joints_rad"":[2.9789887424419415,0.6204159390734233,-1.5854451899660695,1.4334390937128896,-0.0994051623905102,0.6046876367405948],""source"":""LATEST SUCCESSFUL PHASE5 SERVO_J COMMAND \u2014 DRIVER MEMORY"",""error"":null},""right"":{""valid"":true,""status"":""VALID"",""sample_index"":97,""time_from_start_s"":2.328,""joints_rad"":[0.16277792646512518,2.5548536225046905,1.595340712532723,-1.4324586070335468,3.2298581751953175,2.559910338089182],""source"":""LATEST SUCCESSFUL PHASE5 SERVO_J COMMAND \u2014 DRIVER MEMORY"",""error"":null}}","{""left"":{""valid"":true,""fresh"":true,""status"":""FRESH"",""joints_rad"":[2.982394540264233,0.6208856970324903,-1.5867105879804313,1.4360904188625727,-0.09747070460442653,0.6040078395669297],""received_at_ms"":1788495947253,""age_ms"":21,""source"":""jaka_port10000_actual_feedback"",""mapping"":""port10000_joint_actual_position_deg_to_rad"",""error"":null},""right"":{""valid"":true,""fresh"":true,""status"":""FRESH"",""joints_rad"":[0.15970792400006792,2.5544691292066566,1.5965518015007265,-1.4349419922147604,3.2280618497871987,2.5606194949577596],""received_at_ms"":1788495947258,""age_ms"":16,""source"":""jaka_port10000_actual_feedback"",""mapping"":""port10000_joint_actual_position_deg_to_rad"",""error"":null}}","{""left"":{""values"":[-109.67397323314799,-10.888818222738337,1.060302734375,-6.115234375,-0.53631591796875,0.8013916015625],""received_at_ms"":1788495942459,""valid"":true,""status"":""STALE"",""error"":""Torque sample age 4815 ms exceeds 1500 ms"",""source"":""/left_jaka_driver/joint_torque_raw"",""age_ms"":4815,""fresh"":false},""right"":{""values"":[125.72656092233956,-0.2806396449159365,-4.561767578125,6.65771484375,0.369873046875,0.419189453125],""received_at_ms"":1788495942339,""valid"":true,""status"":""STALE"",""error"":""Torque sample age 4935 ms exceeds 1500 ms"",""source"":""/right_jaka_driver/joint_torque_raw"",""age_ms"":4935,""fresh"":false}}"
43,1788495947377,RUNNING,2.424,"{""left"":{""valid"":true,""status"":""VALID"",""sample_index"":101,""time_from_start_s"":2.424,""joints_rad"":[2.9762911671893724,0.620099433613091,-1.584361084668159,1.4312764923176635,-0.10103293768704164,0.6052381991283761],""source"":""LATEST SUCCESSFUL PHASE5 SERVO_J COMMAND \u2014 DRIVER MEMORY"",""error"":null},""right"":{""valid"":true,""status"":""VALID"",""sample_index"":101,""time_from_start_s"":2.424,""joints_rad"":[0.16548807697643989,2.555137727312942,1.5942368441049204,-1.4302199987906405,3.231403455374804,2.559297426781632],""source"":""LATEST SUCCESSFUL PHASE5 SERVO_J COMMAND \u2014 DRIVER MEMORY"",""error"":null}}","{""left"":{""valid"":true,""fresh"":true,""status"":""FRESH"",""joints_rad"":[2.9803692602002188,0.6206460633261915,-1.5858836509808365,1.4344005910807918,-0.09863326841917995,0.6044151994143451],""received_at_ms"":1788495947326,""age_ms"":51,""source"":""jaka_port10000_actual_feedback"",""mapping"":""port10000_joint_actual_position_deg_to_rad"",""error"":null},""right"":{""valid"":true,""fresh"":true,""status"":""FRESH"",""joints_rad"":[0.16242836870515148,2.554732673923708,1.5955093163385101,-1.4327847652592953,3.2296078624386153,2.5599964124147974],""received_at_ms"":1788495947371,""age_ms"":6,""source"":""jaka_port10000_actual_feedback"",""mapping"":""port10000_joint_actual_position_deg_to_rad"",""error"":null}}","{""left"":{""values"":[-109.67397323314799,-10.888818222738337,1.060302734375,-6.115234375,-0.53631591796875,0.8013916015625],""received_at_ms"":1788495942459,""valid"":true,""status"":""STALE"",""error"":""Torque sample age 4918 ms exceeds 1500 ms"",""source"":""/left_jaka_driver/joint_torque_raw"",""age_ms"":4918,""fresh"":false},""right"":{""values"":[125.72656092233956,-0.2806396449159365,-4.561767578125,6.65771484375,0.369873046875,0.419189453125],""received_at_ms"":1788495942339,""valid"":true,""status"":""STALE"",""error"":""Torque sample age 5038 ms exceeds 1500 ms"",""source"":""/right_jaka_driver/joint_torque_raw"",""age_ms"":5038,""fresh"":false}}"
44,1788495947478,RUNNING,2.52,"{""left"":{""valid"":true,""status"":""VALID"",""sample_index"":105,""time_from_start_s"":2.52,""joints_rad"":[2.9735954666664974,0.619777057040962,-1.5832574951869964,1.4291173654987261,-0.10266321844674055,0.6057974412013324],""source"":""LATEST SUCCESSFUL PHASE5 SERVO_J COMMAND \u2014 DRIVER MEMORY"",""error"":null},""right"":{""valid"":true,""status"":""VALID"",""sample_index"":105,""time_from_start_s"":2.52,""joints_rad"":[0.16819625148912054,2.5554273442792885,1.5931136689777061,-1.427985009525643,3.232951666153507,2.558675574521804],""source"":""LATEST SUCCESSFUL PHASE5 SERVO_J COMMAND \u2014 DRIVER MEMORY"",""error"":null}}","{""left"":{""valid"":true,""fresh"":true,""status"":""FRESH"",""joints_rad"":[2.9769417826151523,0.6202385289458509,-1.5845893148075574,1.431680146375708,-0.1007424988202151,0.6050862785117369],""received_at_ms"":1788495947437,""age_ms"":41,""source"":""jaka_port10000_actual_feedback"",""mapping"":""port10000_joint_actual_position_deg_to_rad"",""error"":null},""right"":{""valid"":true,""fresh"":true,""status"":""FRESH"",""joints_rad"":[0.16496904449727964,2.554984350401845,1.594466656643369,-1.4307114886408514,3.2310339709704197,2.559468973914845],""received_at_ms"":1788495947439,""age_ms"":39,""source"":""jaka_port10000_actual_feedback"",""mapping"":""port10000_joint_actual_position_deg_to_rad"",""error"":null}}","{""left"":{""values"":[-109.67397323314799,-10.888818222738337,1.060302734375,-6.115234375,-0.53631591796875,0.8013916015625],""received_at_ms"":1788495942459,""valid"":true,""status"":""STALE"",""error"":""Torque sample age 5019 ms exceeds 1500 ms"",""source"":""/left_jaka_driver/joint_torque_raw"",""age_ms"":5019,""fresh"":false},""right"":{""values"":[125.72656092233956,-0.2806396449159365,-4.561767578125,6.65771484375,0.369873046875,0.419189453125],""received_at_ms"":1788495942339,""valid"":true,""status"":""STALE"",""error"":""Torque sample age 5139 ms exceeds 1500 ms"",""source"":""/right_jaka_driver/joint_torque_raw"",""age_ms"":5139,""fresh"":false}}"
45,1788495947581,RUNNING,2.64,"{""left"":{""valid"":true,""status"":""VALID"",""sample_index"":110,""time_from_start_s"":2.64,""joints_rad"":[2.9702286871009185,0.6193661913390353,-1.581851913267449,1.426423816449783,-0.1047047419198008,0.6065081243049865],""source"":""LATEST SUCCESSFUL PHASE5 SERVO_J COMMAND \u2014 DRIVER MEMORY"",""error"":null},""right"":{""valid"":true,""status"":""VALID"",""sample_index"":110,""time_from_start_s"":2.64,""joints_rad"":[0.17157847832181045,2.555796778814533,1.5916838238467204,-1.4251968394134598,3.2348912034396373,2.5578862738881365],""source"":""LATEST SUCCESSFUL PHASE5 SERVO_J COMMAND \u2014 DRIVER MEMORY"",""error"":null}}","{""left"":{""valid"":true,""fresh"":true,""status"":""FRESH"",""joints_rad"":[2.9751320507137593,0.6200228062503044,-1.5838342853731446,1.4303259454090858,-0.10185706608053868,0.6054699018813252],""received_at_ms"":1788495947550,""age_ms"":31,""source"":""jaka_port10000_actual_feedback"",""mapping"":""port10000_joint_actual_position_deg_to_rad"",""error"":null},""right"":{""valid"":true,""fresh"":true,""status"":""FRESH"",""joints_rad"":[0.16680251287649966,2.5551761620866396,1.5937596237633862,-1.429201604304951,3.232016591339293,2.5590256602848385],""received_at_ms"":1788495947507,""age_ms"":74,""source"":""jaka_port10000_actual_feedback"",""mapping"":""port10000_joint_actual_position_deg_to_rad"",""error"":null}}","{""left"":{""values"":[-109.67397323314799,-10.888818222738337,1.060302734375,-6.115234375,-0.53631591796875,0.8013916015625],""received_at_ms"":1788495942459,""valid"":true,""status"":""STALE"",""error"":""Torque sample age 5122 ms exceeds 1500 ms"",""source"":""/left_jaka_driver/joint_torque_raw"",""age_ms"":5122,""fresh"":false},""right"":{""values"":[125.72656092233956,-0.2806396449159365,-4.561767578125,6.65771484375,0.369873046875,0.419189453125],""received_at_ms"":1788495942339,""valid"":true,""status"":""STALE"",""error"":""Torque sample age 5242 ms exceeds 1500 ms"",""source"":""/right_jaka_driver/joint_torque_raw"",""age_ms"":5242,""fresh"":false}}"
46,1788495947683,RUNNING,2.736,"{""left"":{""valid"":true,""status"":""VALID"",""sample_index"":114,""time_from_start_s"":2.736,""joints_rad"":[2.967537748131725,0.619031569473188,-1.5807079569218017,1.4242737352679142,-0.10634104441680865,0.60708536778969],""source"":""LATEST SUCCESSFUL PHASE5 SERVO_J COMMAND \u2014 DRIVER MEMORY"",""error"":null},""right"":{""valid"":true,""status"":""VALID"",""sample_index"":114,""time_from_start_s"":2.736,""joints_rad"":[0.17428165608536772,2.5560978942013985,1.5905205989676119,-1.422971230989586,3.2364464007204337,2.5572458639109894],""source"":""LATEST SUCCESSFUL PHASE5 SERVO_J COMMAND \u2014 DRIVER MEMORY"",""error"":null}}","{""left"":{""valid"":true,""fresh"":true,""status"":""FRESH"",""joints_rad"":[2.971896384813487,0.6196393574136412,-1.5825519919717046,1.4278692199539784,-0.10370257723159748,0.6061289382068784],""received_at_ms"":1788495947622,""age_ms"":61,""source"":""jaka_port10000_actual_feedback"",""mapping"":""port10000_joint_actual_position_deg_to_rad"",""error"":null},""right"":{""valid"":true,""fresh"":true,""status"":""FRESH"",""joints_rad"":[0.169966445744515,2.5555236571407116,1.592417291035677,-1.4267447043169186,3.2338980562729427,2.5582945418611778],""received_at_ms"":1788495947616,""age_ms"":67,""source"":""jaka_port10000_actual_feedback"",""mapping"":""port10000_joint_actual_position_deg_to_rad"",""error"":null}}","{""left"":{""values"":[-109.67397323314799,-10.888818222738337,1.060302734375,-6.115234375,-0.53631591796875,0.8013916015625],""received_at_ms"":1788495942459,""valid"":true,""status"":""STALE"",""error"":""Torque sample age 5224 ms exceeds 1500 ms"",""source"":""/left_jaka_driver/joint_torque_raw"",""age_ms"":5224,""fresh"":false},""right"":{""values"":[125.72656092233956,-0.2806396449159365,-4.561767578125,6.65771484375,0.369873046875,0.419189453125],""received_at_ms"":1788495942339,""valid"":true,""status"":""STALE"",""error"":""Torque sample age 5344 ms exceeds 1500 ms"",""source"":""/right_jaka_driver/joint_torque_raw"",""age_ms"":5344,""fresh"":false}}"
47,1788495947781,RUNNING,2.832,"{""left"":{""valid"":true,""status"":""VALID"",""sample_index"":118,""time_from_start_s"":2.832,""joints_rad"":[2.964849224988466,0.6186920766149333,-1.579548102480638,1.4221283530603064,-0.10798023248639319,0.6076697176643239],""source"":""LATEST SUCCESSFUL PHASE5 SERVO_J COMMAND \u2014 DRIVER MEMORY"",""error"":null},""right"":{""valid"":true,""status"":""VALID"",""sample_index"":118,""time_from_start_s"":2.832,""joints_rad"":[0.17698230936900977,2.5564035834073047,1.5893415679784495,-1.4207504763597902,3.2380049159684003,2.5565981161859987],""source"":""LATEST SUCCESSFUL PHASE5 SERVO_J COMMAND \u2014 DRIVER MEMORY"",""error"":null}}","{""left"":{""valid"":true,""fresh"":true,""status"":""FRESH"",""joints_rad"":[2.969631296510249,0.6193396843810739,-1.5815812398417453,1.4260596625855109,-0.10494891685044663,0.6066083801524013],""received_at_ms"":1788495947694,""age_ms"":87,""source"":""jaka_port10000_actual_feedback"",""mapping"":""port10000_joint_actual_position_deg_to_rad"",""error"":null},""right"":{""valid"":true,""fresh"":true,""status"":""FRESH"",""joints_rad"":[0.17443658302472287,2.556015141858073,1.590463918536845,-1.4228978241125978,3.2365106396302528,2.5572279711552843],""received_at_ms"":1788495947772,""age_ms"":9,""source"":""jaka_port10000_actual_feedback"",""mapping"":""port10000_joint_actual_position_deg_to_rad"",""error"":null}}","{""left"":{""values"":[-109.67397323314799,-10.888818222738337,1.060302734375,-6.115234375,-0.53631591796875,0.8013916015625],""received_at_ms"":1788495942459,""valid"":true,""status"":""STALE"",""error"":""Torque sample age 5322 ms exceeds 1500 ms"",""source"":""/left_jaka_driver/joint_torque_raw"",""age_ms"":5322,""fresh"":false},""right"":{""values"":[125.72656092233956,-0.2806396449159365,-4.561767578125,6.65771484375,0.369873046875,0.419189453125],""received_at_ms"":1788495942339,""valid"":true,""status"":""STALE"",""error"":""Torque sample age 5442 ms exceeds 1500 ms"",""source"":""/right_jaka_driver/joint_torque_raw"",""age_ms"":5442,""fresh"":false}}"
48,1788495947882,RUNNING,2.928,"{""left"":{""valid"":true,""status"":""VALID"",""sample_index"":122,""time_from_start_s"":2.928,""joints_rad"":[2.9621633176494995,0.6183481043700827,-1.5783737483242195,1.4199881228445759,-0.10962244555421356,0.608260562687354],""source"":""LATEST SUCCESSFUL PHASE5 SERVO_J COMMAND \u2014 DRIVER MEMORY"",""error"":null},""right"":{""valid"":true,""status"":""VALID"",""sample_index"":122,""time_from_start_s"":2.928,""joints_rad"":[0.1796802354307494,2.556713478478829,1.5881480955159757,-1.4185350324763935,3.2395668908898325,2.5559436522558903],""source"":""LATEST SUCCESSFUL PHASE5 SERVO_J COMMAND \u2014 DRIVER MEMORY"",""error"":null}}","{""left"":{""valid"":true,""fresh"":true,""status"":""FRESH"",""joints_rad"":[2.9671386172725507,0.6190640968921839,-1.580502800896938,1.4241900658907747,-0.10648288673002444,0.607159555130181],""received_at_ms"":1788495947807,""age_ms"":75,""source"":""jaka_port10000_actual_feedback"",""mapping"":""port10000_joint_actual_position_deg_to_rad"",""error"":null},""right"":{""valid"":true,""fresh"":true,""status"":""FRESH"",""joints_rad"":[0.17694130503425992,2.5562907293469634,1.5893853050591127,-1.4209563198526793,3.237900794379466,2.556640667861988],""received_at_ms"":1788495947868,""age_ms"":14,""source"":""jaka_port10000_actual_feedback"",""mapping"":""port10000_joint_actual_position_deg_to_rad"",""error"":null}}","{""left"":{""values"":[-109.67397323314799,-10.888818222738337,1.060302734375,-6.115234375,-0.53631591796875,0.8013916015625],""received_at_ms"":1788495942459,""valid"":true,""status"":""STALE"",""error"":""Torque sample age 5423 ms exceeds 1500 ms"",""source"":""/left_jaka_driver/joint_torque_raw"",""age_ms"":5423,""fresh"":false},""right"":{""values"":[125.72656092233956,-0.2806396449159365,-4.561767578125,6.65771484375,0.369873046875,0.419189453125],""received_at_ms"":1788495942339,""valid"":true,""status"":""STALE"",""error"":""Torque sample age 5543 ms exceeds 1500 ms"",""source"":""/right_jaka_driver/joint_torque_raw"",""age_ms"":5543,""fresh"":false}}"
49,1788495947983,RUNNING,3.024,"{""left"":{""valid"":true,""status"":""VALID"",""sample_index"":126,""time_from_start_s"":3.024,""joints_rad"":[2.9594802229249737,0.6180000388697767,-1.5771862754099,1.4178534897935988,-0.11126782142273217,0.6088572990539097],""source"":""LATEST SUCCESSFUL PHASE5 SERVO_J COMMAND \u2014 DRIVER MEMORY"",""error"":null},""right"":{""valid"":true,""status"":""VALID"",""sample_index"":126,""time_from_start_s"":3.024,""joints_rad"":[0.1823752347506236,2.5570272167502095,1.5869415290759628,-1.4163253483796567,3.2411324656675697,2.5552830861537594],""source"":""LATEST SUCCESSFUL PHASE5 SERVO_J COMMAND \u2014 DRIVER MEMORY"",""error"":null}}","{""left"":{""valid"":true,""fresh"":true,""status"":""FRESH"",""joints_rad"":[2.9644063043285533,0.6186925162944343,-1.579388233636614,1.4220808354897394,-0.10824462207698751,0.6078067232168204],""received_at_ms"":1788495947925,""age_ms"":58,""source"":""jaka_port10000_actual_feedback"",""mapping"":""port10000_joint_actual_position_deg_to_rad"",""error"":null},""right"":{""valid"":true,""fresh"":true,""status"":""FRESH"",""joints_rad"":[0.17893063131568307,2.556542405825101,1.5884985032661743,-1.4192666666038236,3.239099311976811,2.556137489438638],""received_at_ms"":1788495947980,""age_ms"":3,""source"":""jaka_port10000_actual_feedback"",""mapping"":""port10000_joint_actual_position_deg_to_rad"",""error"":null}}","{""left"":{""values"":[-109.67397323314799,-10.888818222738337,1.060302734375,-6.115234375,-0.53631591796875,0.8013916015625],""received_at_ms"":1788495942459,""valid"":true,""status"":""STALE"",""error"":""Torque sample age 5524 ms exceeds 1500 ms"",""source"":""/left_jaka_driver/joint_torque_raw"",""age_ms"":5524,""fresh"":false},""right"":{""values"":[125.72656092233956,-0.2806396449159365,-4.561767578125,6.65771484375,0.369873046875,0.419189453125],""received_at_ms"":1788495942339,""valid"":true,""status"":""STALE"",""error"":""Torque sample age 5644 ms exceeds 1500 ms"",""source"":""/right_jaka_driver/joint_torque_raw"",""age_ms"":5644,""fresh"":false}}"
50,1788495948082,RUNNING,3.12,"{""left"":{""valid"":true,""status"":""VALID"",""sample_index"":131,""time_from_start_s"":3.144,""joints_rad"":[2.956130586076454,0.6175597365877248,-1.5756854098834148,1.4151936925069655,-0.11332918440747806,0.6096106617265915],""source"":""LATEST SUCCESSFUL PHASE5 SERVO_J COMMAND \u2014 DRIVER MEMORY"",""error"":null},""right"":{""valid"":true,""status"":""VALID"",""sample_index"":130,""time_from_start_s"":3.12,""joints_rad"":[0.18506712200893036,2.5573444651714143,1.5857231118987585,-1.4141218399683346,3.242701772035693,2.554616985624715],""source"":""LATEST SUCCESSFUL PHASE5 SERVO_J COMMAND \u2014 DRIVER MEMORY"",""error"":null}}","{""left"":{""valid"":true,""fresh"":true,""status"":""FRESH"",""joints_rad"":[2.961290368014968,0.6183329784685234,-1.5779980788874006,1.4195642452412889,-0.11006622221729401,0.6084779768471374],""received_at_ms"":1788495948041,""age_ms"":41,""source"":""jaka_port10000_actual_feedback"",""mapping"":""port10000_joint_actual_position_deg_to_rad"",""error"":null},""right"":{""valid"":true,""fresh"":true,""status"":""FRESH"",""joints_rad"":[0.18203452485742977,2.5569138118899253,1.587096305745122,-1.4166540832465133,3.240968908671547,2.5554063710149775],""received_at_ms"":1788495948050,""age_ms"":32,""source"":""jaka_port10000_actual_feedback"",""mapping"":""port10000_joint_actual_position_deg_to_rad"",""error"":null}}","{""left"":{""values"":[-109.67397323314799,-10.888818222738337,1.060302734375,-6.115234375,-0.53631591796875,0.8013916015625],""received_at_ms"":1788495942459,""valid"":true,""status"":""STALE"",""error"":""Torque sample age 5623 ms exceeds 1500 ms"",""source"":""/left_jaka_driver/joint_torque_raw"",""age_ms"":5623,""fresh"":false},""right"":{""values"":[125.72656092233956,-0.2806396449159365,-4.561767578125,6.65771484375,0.369873046875,0.419189453125],""received_at_ms"":1788495942339,""valid"":true,""status"":""STALE"",""error"":""Torque sample age 5743 ms exceeds 1500 ms"",""source"":""/right_jaka_driver/joint_torque_raw"",""age_ms"":5743,""fresh"":false}}"
51,1788495948183,RUNNING,3.24,"{""left"":{""valid"":true,""status"":""VALID"",""sample_index"":135,""time_from_start_s"":3.24,""joints_rad"":[2.953454449384591,0.6172036700925162,-1.5744727717204303,1.413073070182744,-0.11498212462844105,0.6102187458111683],""source"":""LATEST SUCCESSFUL PHASE5 SERVO_J COMMAND \u2014 DRIVER MEMORY"",""error"":null},""right"":{""valid"":true,""status"":""VALID"",""sample_index"":135,""time_from_start_s"":3.24,""joints_rad"":[0.18842736406598248,2.5577455437503764,1.5841850025153357,-1.4113766760833897,3.2446688277877094,2.553777301268481],""source"":""LATEST SUCCESSFUL PHASE5 SERVO_J COMMAND \u2014 DRIVER MEMORY"",""error"":null}}","{""left"":{""valid"":true,""fresh"":true,""status"":""FRESH"",""joints_rad"":[2.957982794549513,0.6178537110559259,-1.5765360165730053,1.4168677115469575,-0.11207945950946947,0.609196877966034],""received_at_ms"":1788495948112,""age_ms"":71,""source"":""jaka_port10000_actual_feedback"",""mapping"":""port10000_joint_actual_position_deg_to_rad"",""error"":null},""right"":{""valid"":true,""fresh"":true,""status"":""FRESH"",""joints_rad"":[0.1844673393017847,2.557225527694331,1.5859578274740462,-1.414664582432165,3.242406885442265,2.554771245700177],""received_at_ms"":1788495948138,""age_ms"":45,""source"":""jaka_port10000_actual_feedback"",""mapping"":""port10000_joint_actual_position_deg_to_rad"",""error"":null}}","{""left"":{""values"":[-109.67397323314799,-10.888818222738337,1.060302734375,-6.115234375,-0.53631591796875,0.8013916015625],""received_at_ms"":1788495942459,""valid"":true,""status"":""STALE"",""error"":""Torque sample age 5724 ms exceeds 1500 ms"",""source"":""/left_jaka_driver/joint_torque_raw"",""age_ms"":5724,""fresh"":false},""right"":{""values"":[125.72656092233956,-0.2806396449159365,-4.561767578125,6.65771484375,0.369873046875,0.419189453125],""received_at_ms"":1788495942339,""valid"":true,""status"":""STALE"",""error"":""Torque sample age 5844 ms exceeds 1500 ms"",""source"":""/right_jaka_driver/joint_torque_raw"",""age_ms"":5844,""fresh"":false}}"
52,1788495948287,RUNNING,3.336,"{""left"":{""valid"":true,""status"":""VALID"",""sample_index"":139,""time_from_start_s"":3.336,""joints_rad"":[2.9507816123457613,0.6168444170496752,-1.573250303608894,1.4109591355703444,-0.11663858006371892,0.6108312748321033],""source"":""LATEST SUCCESSFUL PHASE5 SERVO_J COMMAND \u2014 DRIVER MEMORY"",""error"":null},""right"":{""valid"":true,""status"":""VALID"",""sample_index"":139,""time_from_start_s"":3.336,""joints_rad"":[0.19111171979729974,2.558069791085163,1.5829433345327681,-1.4091882404130702,3.2462469210443956,2.5531003207111778],""source"":""LATEST SUCCESSFUL PHASE5 SERVO_J COMMAND \u2014 DRIVER MEMORY"",""error"":null}}","{""left"":{""valid"":true,""fresh"":true,""status"":""FRESH"",""joints_rad"":[2.9559693827244122,0.6175781235670359,-1.575601218225637,1.4152618341021976,-0.11332579912831861,0.609664277139718],""received_at_ms"":1788495948186,""age_ms"":101,""source"":""jaka_port10000_actual_feedback"",""mapping"":""port10000_joint_actual_position_deg_to_rad"",""error"":null},""right"":{""valid"":true,""fresh"":true,""status"":""FRESH"",""joints_rad"":[0.18648057659396014,2.5574531186287914,1.5850230291266778,-1.4129508436396319,3.2435574064851798,2.5542558499720633],""received_at_ms"":1788495948226,""age_ms"":61,""source"":""jaka_port10000_actual_feedback"",""mapping"":""port10000_joint_actual_position_deg_to_rad"",""error"":null}}","{""left"":{""values"":[-109.67397323314799,-10.888818222738337,1.060302734375,-6.115234375,-0.53631591796875,0.8013916015625],""received_at_ms"":1788495942459,""valid"":true,""status"":""STALE"",""error"":""Torque sample age 5828 ms exceeds 1500 ms"",""source"":""/left_jaka_driver/joint_torque_raw"",""age_ms"":5828,""fresh"":false},""right"":{""values"":[125.72656092233956,-0.2806396449159365,-4.561767578125,6.65771484375,0.369873046875,0.419189453125],""received_at_ms"":1788495942339,""valid"":true,""status"":""STALE"",""error"":""Torque sample age 5948 ms exceeds 1500 ms"",""source"":""/right_jaka_driver/joint_torque_raw"",""age_ms"":5948,""fresh"":false}}"
53,1788495948386,RUNNING,3.432,"{""left"":{""valid"":true,""status"":""VALID"",""sample_index"":143,""time_from_start_s"":3.432,""joints_rad"":[2.9481121376462056,0.6164820537916619,-1.5720183164817971,1.4088520216529246,-0.11829860386255658,0.6114481054511482],""source"":""LATEST SUCCESSFUL PHASE5 SERVO_J COMMAND \u2014 DRIVER MEMORY"",""error"":null},""right"":{""valid"":true,""status"":""VALID"",""sample_index"":143,""time_from_start_s"":3.432,""joints_rad"":[0.19379259193085263,2.5583969647182543,1.5816920834702344,-1.4070067982940664,3.247829031979138,2.5524188625493567],""source"":""LATEST SUCCESSFUL PHASE5 SERVO_J COMMAND \u2014 DRIVER MEMORY"",""error"":null}}","{""left"":{""valid"":true,""fresh"":true,""status"":""FRESH"",""joints_rad"":[2.952661634726033,0.617146678175943,-1.5740911593568114,1.412625339734135,-0.11539907574676268,0.6104313493459697],""received_at_ms"":1788495948308,""age_ms"":78,""source"":""jaka_port10000_actual_feedback"",""mapping"":""port10000_joint_actual_position_deg_to_rad"",""error"":null},""right"":{""valid"":true,""fresh"":true,""status"":""FRESH"",""joints_rad"":[0.18893747658199256,2.55774074888952,1.5839325474100319,-1.4109135208037789,3.2449714722451457,2.553608681885424],""received_at_ms"":1788495948334,""age_ms"":52,""source"":""jaka_port10000_actual_feedback"",""mapping"":""port10000_joint_actual_position_deg_to_rad"",""error"":null}}","{""left"":{""values"":[-109.67397323314799,-10.888818222738337,1.060302734375,-6.115234375,-0.53631591796875,0.8013916015625],""received_at_ms"":1788495942459,""valid"":true,""status"":""STALE"",""error"":""Torque sample age 5927 ms exceeds 1500 ms"",""source"":""/left_jaka_driver/joint_torque_raw"",""age_ms"":5927,""fresh"":false},""right"":{""values"":[125.72656092233956,-0.2806396449159365,-4.561767578125,6.65771484375,0.369873046875,0.419189453125],""received_at_ms"":1788495942339,""valid"":true,""status"":""STALE"",""error"":""Torque sample age 6047 ms exceeds 1500 ms"",""source"":""/right_jaka_driver/joint_torque_raw"",""age_ms"":6047,""fresh"":false}}"
54,1788495948500,RUNNING,3.528,"{""left"":{""valid"":true,""status"":""VALID"",""sample_index"":147,""time_from_start_s"":3.528,""joints_rad"":[2.945446028023252,0.616116516337993,-1.5707766351541639,1.4067517223455746,-0.1199622109605871,0.6120693035835667],""source"":""LATEST SUCCESSFUL PHASE5 SERVO_J COMMAND \u2014 DRIVER MEMORY"",""error"":null},""right"":{""valid"":true,""status"":""VALID"",""sample_index"":148,""time_from_start_s"":3.552,""joints_rad"":[0.19713878617411665,2.5588101593455645,1.5801142296084096,-1.4042898051415313,3.249812344624707,2.551560626134249],""source"":""LATEST SUCCESSFUL PHASE5 SERVO_J COMMAND \u2014 DRIVER MEMORY"",""error"":null}}","{""left"":{""valid"":true,""fresh"":true,""status"":""FRESH"",""joints_rad"":[2.9493181074779873,0.6166792790022588,-1.572545146705395,1.4098689412464602,-0.11735262277851993,0.6111982470192959],""received_at_ms"":1788495948424,""age_ms"":76,""source"":""jaka_port10000_actual_feedback"",""mapping"":""port10000_joint_actual_position_deg_to_rad"",""error"":null},""right"":{""valid"":true,""fresh"":true,""status"":""FRESH"",""joints_rad"":[0.19382701648145467,2.5583640059654074,1.5816315053242027,-1.4069708220235235,3.2479076396457756,2.5523982960491653],""received_at_ms"":1788495948475,""age_ms"":25,""source"":""jaka_port10000_actual_feedback"",""mapping"":""port10000_joint_actual_position_deg_to_rad"",""error"":null}}","{""left"":{""values"":[-109.67397323314799,-10.888818222738337,1.060302734375,-6.115234375,-0.53631591796875,0.8013916015625],""received_at_ms"":1788495942459,""valid"":true,""status"":""STALE"",""error"":""Torque sample age 6041 ms exceeds 1500 ms"",""source"":""/left_jaka_driver/joint_torque_raw"",""age_ms"":6041,""fresh"":false},""right"":{""values"":[125.72656092233956,-0.2806396449159365,-4.561767578125,6.65771484375,0.369873046875,0.419189453125],""received_at_ms"":1788495942339,""valid"":true,""status"":""STALE"",""error"":""Torque sample age 6161 ms exceeds 1500 ms"",""source"":""/right_jaka_driver/joint_torque_raw"",""age_ms"":6161,""fresh"":false}}"
55,1788495948590,RUNNING,3.648,"{""left"":{""valid"":true,""status"":""VALID"",""sample_index"":152,""time_from_start_s"":3.648,""joints_rad"":[2.942118011885573,0.6156547625688656,-1.5692096955548995,1.4041356544029784,-0.12204670790113456,0.612852447525505],""source"":""LATEST SUCCESSFUL PHASE5 SERVO_J COMMAND \u2014 DRIVER MEMORY"",""error"":null},""right"":{""valid"":true,""status"":""VALID"",""sample_index"":152,""time_from_start_s"":3.648,""joints_rad"":[0.1998119215819379,2.5591443939901373,1.5788399249131118,-1.4021238203671906,3.2514034942989176,2.550868483777446],""source"":""LATEST SUCCESSFUL PHASE5 SERVO_J COMMAND \u2014 DRIVER MEMORY"",""error"":null}}","{""left"":{""valid"":true,""fresh"":true,""status"":""FRESH"",""joints_rad"":[2.947328781196564,0.6164036915133689,-1.571634433901704,1.408275106573539,-0.11864695895179893,0.6115937386277978],""received_at_ms"":1788495948543,""age_ms"":47,""source"":""jaka_port10000_actual_feedback"",""mapping"":""port10000_joint_actual_position_deg_to_rad"",""error"":null},""right"":{""valid"":true,""fresh"":true,""status"":""FRESH"",""joints_rad"":[0.19699077481654478,2.5587594975739094,1.5801574002379681,-1.404370281438052,3.2497173715471686,2.5515954445932483],""received_at_ms"":1788495948583,""age_ms"":7,""source"":""jaka_port10000_actual_feedback"",""mapping"":""port10000_joint_actual_position_deg_to_rad"",""error"":null}}","{""left"":{""values"":[-109.67397323314799,-10.888818222738337,1.060302734375,-6.115234375,-0.53631591796875,0.8013916015625],""received_at_ms"":1788495942459,""valid"":true,""status"":""STALE"",""error"":""Torque sample age 6131 ms exceeds 1500 ms"",""source"":""/left_jaka_driver/joint_torque_raw"",""age_ms"":6131,""fresh"":false},""right"":{""values"":[125.72656092233956,-0.2806396449159365,-4.561767578125,6.65771484375,0.369873046875,0.419189453125],""received_at_ms"":1788495942339,""valid"":true,""status"":""STALE"",""error"":""Torque sample age 6251 ms exceeds 1500 ms"",""source"":""/right_jaka_driver/joint_torque_raw"",""age_ms"":6251,""fresh"":false}}"
56,1788495948690,RUNNING,3.744,"{""left"":{""valid"":true,""status"":""VALID"",""sample_index"":156,""time_from_start_s"":3.744,""joints_rad"":[2.9394590996502683,0.6152809478649953,-1.5679424368969312,1.4020497754669163,-0.1237181867149923,0.6134850587688395],""source"":""LATEST SUCCESSFUL PHASE5 SERVO_J COMMAND \u2014 DRIVER MEMORY"",""error"":null},""right"":{""valid"":true,""status"":""VALID"",""sample_index"":156,""time_from_start_s"":3.744,""joints_rad"":[0.20248184466576796,2.5594823759988663,1.5775532929782026,-1.3999641643869296,3.2529985476180636,2.5501706909386814],""source"":""LATEST SUCCESSFUL PHASE5 SERVO_J COMMAND \u2014 DRIVER MEMORY"",""error"":null}}","{""left"":{""valid"":true,""fresh"":true,""status"":""FRESH"",""joints_rad"":[2.9422713406230607,0.6156605303178697,-1.5692016194573495,1.4042603256951764,-0.12191857863466231,0.6128282100077334],""received_at_ms"":1788495948683,""age_ms"":7,""source"":""jaka_port10000_actual_feedback"",""mapping"":""port10000_joint_actual_position_deg_to_rad"",""error"":null},""right"":{""valid"":true,""fresh"":true,""status"":""FRESH"",""joints_rad"":[0.19877642117426017,2.558999131280208,1.5793065522276208,-1.4030040376995911,3.2507839422530624,2.551163999202155],""received_at_ms"":1788495948650,""age_ms"":40,""source"":""jaka_port10000_actual_feedback"",""mapping"":""port10000_joint_actual_position_deg_to_rad"",""error"":null}}","{""left"":{""values"":[-109.67397323314799,-10.888818222738337,1.060302734375,-6.115234375,-0.53631591796875,0.8013916015625],""received_at_ms"":1788495942459,""valid"":true,""status"":""STALE"",""error"":""Torque sample age 6231 ms exceeds 1500 ms"",""source"":""/left_jaka_driver/joint_torque_raw"",""age_ms"":6231,""fresh"":false},""right"":{""values"":[125.72656092233956,-0.2806396449159365,-4.561767578125,6.65771484375,0.369873046875,0.419189453125],""received_at_ms"":1788495942339,""valid"":true,""status"":""STALE"",""error"":""Torque sample age 6351 ms exceeds 1500 ms"",""source"":""/right_jaka_driver/joint_torque_raw"",""age_ms"":6351,""fresh"":false}}"
57,1788495948790,RUNNING,3.84,"{""left"":{""valid"":true,""status"":""VALID"",""sample_index"":160,""time_from_start_s"":3.84,""joints_rad"":[2.936803030901614,0.6149025159528076,-1.566660643414409,1.3999694434548648,-0.12539296811550452,0.6141240865744079],""source"":""LATEST SUCCESSFUL PHASE5 SERVO_J COMMAND \u2014 DRIVER MEMORY"",""error"":null},""right"":{""valid"":true,""status"":""VALID"",""sample_index"":160,""time_from_start_s"":3.84,""joints_rad"":[0.20514881200295557,2.5598247288154794,1.5762521781901409,-1.3978102158493195,3.254597373769551,2.549466307531639],""source"":""LATEST SUCCESSFUL PHASE5 SERVO_J COMMAND \u2014 DRIVER MEMORY"",""error"":null}}","{""left"":{""valid"":true,""fresh"":true,""status"":""FRESH"",""joints_rad"":[2.9422713406230607,0.6156605303178697,-1.5692016194573495,1.4042603256951764,-0.12191857863466231,0.6128282100077334],""received_at_ms"":1788495948683,""age_ms"":107,""source"":""jaka_port10000_actual_feedback"",""mapping"":""port10000_joint_actual_position_deg_to_rad"",""error"":null},""right"":{""valid"":true,""fresh"":true,""status"":""FRESH"",""joints_rad"":[0.20147295486859143,2.559310672551689,1.5780363015980197,-1.4008708962878036,3.2523898196978225,2.550432880778495],""received_at_ms"":1788495948745,""age_ms"":45,""source"":""jaka_port10000_actual_feedback"",""mapping"":""port10000_joint_actual_position_deg_to_rad"",""error"":null}}","{""left"":{""values"":[-109.67397323314799,-10.888818222738337,1.060302734375,-6.115234375,-0.53631591796875,0.8013916015625],""received_at_ms"":1788495942459,""valid"":true,""status"":""STALE"",""error"":""Torque sample age 6331 ms exceeds 1500 ms"",""source"":""/left_jaka_driver/joint_torque_raw"",""age_ms"":6331,""fresh"":false},""right"":{""values"":[125.72656092233956,-0.2806396449159365,-4.561767578125,6.65771484375,0.369873046875,0.419189453125],""received_at_ms"":1788495942339,""valid"":true,""status"":""STALE"",""error"":""Torque sample age 6451 ms exceeds 1500 ms"",""source"":""/right_jaka_driver/joint_torque_raw"",""age_ms"":6451,""fresh"":false}}"
58,1788495948891,RUNNING,3.936,"{""left"":{""valid"":true,""status"":""VALID"",""sample_index"":164,""time_from_start_s"":3.936,""joints_rad"":[2.9341495699279827,0.6145188844379474,-1.565362385109574,1.3978940275907612,-0.1270709528753004,0.6147703368887902],""source"":""LATEST SUCCESSFUL PHASE5 SERVO_J COMMAND \u2014 DRIVER MEMORY"",""error"":null},""right"":{""valid"":true,""status"":""VALID"",""sample_index"":164,""time_from_start_s"":3.936,""joints_rad"":[0.20781306287631324,2.560172011755424,1.574934691627511,-1.3956613407364413,3.2561998891426462,2.54875452461863],""source"":""LATEST SUCCESSFUL PHASE5 SERVO_J COMMAND \u2014 DRIVER MEMORY"",""error"":null}}","{""left"":{""valid"":true,""fresh"":true,""status"":""FRESH"",""joints_rad"":[2.937178120799891,0.6149414546660481,-1.566792716023747,1.4002455448168138,-0.12511829075234351,0.6140385958439915],""received_at_ms"":1788495948860,""age_ms"":31,""source"":""jaka_port10000_actual_feedback"",""mapping"":""port10000_joint_actual_position_deg_to_rad"",""error"":null},""right"":{""valid"":true,""fresh"":true,""status"":""FRESH"",""joints_rad"":[0.2039417230955374,2.5596342565950088,1.5768618695443526,-1.398773534125682,3.253899878566648,2.5497977554636937],""received_at_ms"":1788495948830,""age_ms"":61,""source"":""jaka_port10000_actual_feedback"",""mapping"":""port10000_joint_actual_position_deg_to_rad"",""error"":null}}","{""left"":{""values"":[-109.67397323314799,-10.888818222738337,1.060302734375,-6.115234375,-0.53631591796875,0.8013916015625],""received_at_ms"":1788495942459,""valid"":true,""status"":""STALE"",""error"":""Torque sample age 6432 ms exceeds 1500 ms"",""source"":""/left_jaka_driver/joint_torque_raw"",""age_ms"":6432,""fresh"":false},""right"":{""values"":[125.72656092233956,-0.2806396449159365,-4.561767578125,6.65771484375,0.369873046875,0.419189453125],""received_at_ms"":1788495942339,""valid"":true,""status"":""STALE"",""error"":""Torque sample age 6552 ms exceeds 1500 ms"",""source"":""/right_jaka_driver/joint_torque_raw"",""age_ms"":6552,""fresh"":false}}"
59,1788495948990,RUNNING,4.032,"{""left"":{""valid"":true,""status"":""VALID"",""sample_index"":168,""time_from_start_s"":4.032,""joints_rad"":[2.931498564381107,0.6141296562042209,-1.5640463638371203,1.3958231064821864,-0.1287520864169273,0.6154243469980841],""source"":""LATEST SUCCESSFUL PHASE5 SERVO_J COMMAND \u2014 DRIVER MEMORY"",""error"":null},""right"":{""valid"":true,""status"":""VALID"",""sample_index"":168,""time_from_start_s"":4.032,""joints_rad"":[0.210474751999626,2.560524607631664,1.5735995621188419,-1.3935171157234818,3.257806051958517,2.5480348044346157],""source"":""LATEST SUCCESSFUL PHASE5 SERVO_J COMMAND \u2014 DRIVER MEMORY"",""error"":null}}","{""left"":{""valid"":true,""fresh"":true,""status"":""FRESH"",""joints_rad"":[2.9353804316703362,0.6146897781879105,-1.5659539107852383,1.3989033866220302,-0.12630476557784923,0.6144459556914069],""received_at_ms"":1788495948928,""age_ms"":62,""source"":""jaka_port10000_actual_feedback"",""mapping"":""port10000_joint_actual_position_deg_to_rad"",""error"":null},""right"":{""valid"":true,""fresh"":true,""status"":""FRESH"",""joints_rad"":[0.2057032839095753,2.559849979290555,1.5759630249795755,-1.397359468365716,3.254942363728864,2.5493902210833532],""received_at_ms"":1788495948939,""age_ms"":51,""source"":""jaka_port10000_actual_feedback"",""mapping"":""port10000_joint_actual_position_deg_to_rad"",""error"":null}}","{""left"":{""values"":[-109.67397323314799,-10.888818222738337,1.060302734375,-6.115234375,-0.53631591796875,0.8013916015625],""received_at_ms"":1788495942459,""valid"":true,""status"":""STALE"",""error"":""Torque sample age 6531 ms exceeds 1500 ms"",""source"":""/left_jaka_driver/joint_torque_raw"",""age_ms"":6531,""fresh"":false},""right"":{""values"":[125.72656092233956,-0.2806396449159365,-4.561767578125,6.65771484375,0.369873046875,0.419189453125],""received_at_ms"":1788495942339,""valid"":true,""status"":""STALE"",""error"":""Torque sample age 6651 ms exceeds 1500 ms"",""source"":""/right_jaka_driver/joint_torque_raw"",""age_ms"":6651,""fresh"":false}}"
60,1788495949092,RUNNING,4.152,"{""left"":{""valid"":true,""status"":""VALID"",""sample_index"":173,""time_from_start_s"":4.152,""joints_rad"":[2.928188152109394,0.6136349065954576,-1.5623752554667398,1.3932404689975282,-0.1308579016553363,0.6162532238097579],""source"":""LATEST SUCCESSFUL PHASE5 SERVO_J COMMAND \u2014 DRIVER MEMORY"",""error"":null},""right"":{""valid"":true,""status"":""VALID"",""sample_index"":173,""time_from_start_s"":4.152,""joints_rad"":[0.21379837113200553,2.5609731569679854,1.5719047604188285,-1.3908430650569927,3.2598188667375454,2.54712354344144],""source"":""LATEST SUCCESSFUL PHASE5 SERVO_J COMMAND \u2014 DRIVER MEMORY"",""error"":null}}","{""left"":{""valid"":true,""fresh"":true,""status"":""FRESH"",""joints_rad"":[2.9334150163996657,0.6144023224601071,-1.5650070696660314,1.3973334629598615,-0.12756314796853715,0.6149374404087685],""received_at_ms"":1788495949039,""age_ms"":53,""source"":""jaka_port10000_actual_feedback"",""mapping"":""port10000_joint_actual_position_deg_to_rad"",""error"":null},""right"":{""valid"":true,""fresh"":true,""status"":""FRESH"",""joints_rad"":[0.2105929983419626,2.5604851046053563,1.5735181677633818,-1.3934645916069657,3.2578546201187417,2.548036020116731],""received_at_ms"":1788495949075,""age_ms"":17,""source"":""jaka_port10000_actual_feedback"",""mapping"":""port10000_joint_actual_position_deg_to_rad"",""error"":null}}","{""left"":{""values"":[-109.67397323314799,-10.888818222738337,1.060302734375,-6.115234375,-0.53631591796875,0.8013916015625],""received_at_ms"":1788495942459,""valid"":true,""status"":""STALE"",""error"":""Torque sample age 6633 ms exceeds 1500 ms"",""source"":""/left_jaka_driver/joint_torque_raw"",""age_ms"":6633,""fresh"":false},""right"":{""values"":[125.72656092233956,-0.2806396449159365,-4.561767578125,6.65771484375,0.369873046875,0.419189453125],""received_at_ms"":1788495942339,""valid"":true,""status"":""STALE"",""error"":""Torque sample age 6753 ms exceeds 1500 ms"",""source"":""/right_jaka_driver/joint_torque_raw"",""age_ms"":6753,""fresh"":false}}"
61,1788495949193,RUNNING,4.248,"{""left"":{""valid"":true,""status"":""VALID"",""sample_index"":177,""time_from_start_s"":4.248,""joints_rad"":[2.9255424968259205,0.6132324406682776,-1.561017226068484,1.3911791557609483,-0.13254608572886414,0.6169255248052775],""source"":""LATEST SUCCESSFUL PHASE5 SERVO_J COMMAND \u2014 DRIVER MEMORY"",""error"":null},""right"":{""valid"":true,""status"":""VALID"",""sample_index"":177,""time_from_start_s"":4.248,""joints_rad"":[0.21645447417222785,2.5613383338530116,1.5705279360877464,-1.3887087940534748,3.261433224797792,2.546385142797975],""source"":""LATEST SUCCESSFUL PHASE5 SERVO_J COMMAND \u2014 DRIVER MEMORY"",""error"":null}}","{""left"":{""valid"":true,""fresh"":true,""status"":""FRESH"",""joints_rad"":[2.9285853412935468,0.6136712040364466,-1.5625862979935152,1.393594444103314,-0.13052322637991953,0.6161717372557789],""received_at_ms"":1788495949177,""age_ms"":16,""source"":""jaka_port10000_actual_feedback"",""mapping"":""port10000_joint_actual_position_deg_to_rad"",""error"":null},""right"":{""valid"":true,""fresh"":true,""status"":""FRESH"",""joints_rad"":[0.2139126145792558,2.5609765893227174,1.5718283399816009,-1.390864051021494,3.259855989172004,2.54712530731304],""received_at_ms"":1788495949184,""age_ms"":9,""source"":""jaka_port10000_actual_feedback"",""mapping"":""port10000_joint_actual_position_deg_to_rad"",""error"":null}}","{""left"":{""values"":[-109.67397323314799,-10.888818222738337,1.060302734375,-6.115234375,-0.53631591796875,0.8013916015625],""received_at_ms"":1788495942459,""valid"":true,""status"":""STALE"",""error"":""Torque sample age 6734 ms exceeds 1500 ms"",""source"":""/left_jaka_driver/joint_torque_raw"",""age_ms"":6734,""fresh"":false},""right"":{""values"":[125.72656092233956,-0.2806396449159365,-4.561767578125,6.65771484375,0.369873046875,0.419189453125],""received_at_ms"":1788495942339,""valid"":true,""status"":""STALE"",""error"":""Torque sample age 6854 ms exceeds 1500 ms"",""source"":""/right_jaka_driver/joint_torque_raw"",""age_ms"":6854,""fresh"":false}}"
62,1788495949297,RUNNING,4.344,"{""left"":{""valid"":true,""status"":""VALID"",""sample_index"":181,""time_from_start_s"":4.344,""joints_rad"":[2.922899281675254,0.612824099938868,-1.559640609652451,1.3891222660865072,-0.13423744869929002,0.6176059095960953],""source"":""LATEST SUCCESSFUL PHASE5 SERVO_J COMMAND \u2014 DRIVER MEMORY"",""error"":null},""right"":{""valid"":true,""status"":""VALID"",""sample_index"":181,""time_from_start_s"":4.344,""joints_rad"":[0.21910803187267497,2.56170909813383,1.5691326629039144,-1.3865791002945709,3.263051271840606,2.5456384937782266],""source"":""LATEST SUCCESSFUL PHASE5 SERVO_J COMMAND \u2014 DRIVER MEMORY"",""error"":null}}","{""left"":{""valid"":true,""fresh"":true,""status"":""FRESH"",""joints_rad"":[2.9266319687947147,0.613383573775718,-1.5615677238420513,1.392060299690811,-0.13176956599876868,0.6166270936576241],""received_at_ms"":1788495949296,""age_ms"":1,""source"":""jaka_port10000_actual_feedback"",""mapping"":""port10000_joint_actual_position_deg_to_rad"",""error"":null},""right"":{""valid"":true,""fresh"":true,""status"":""FRESH"",""joints_rad"":[0.21548253824142471,2.5611802692464254,1.5710614423082745,-1.389689618967827,3.260826741301963,2.546657908139356],""received_at_ms"":1788495949279,""age_ms"":18,""source"":""jaka_port10000_actual_feedback"",""mapping"":""port10000_joint_actual_position_deg_to_rad"",""error"":null}}","{""left"":{""values"":[-109.67397323314799,-10.888818222738337,1.060302734375,-6.115234375,-0.53631591796875,0.8013916015625],""received_at_ms"":1788495942459,""valid"":true,""status"":""STALE"",""error"":""Torque sample age 6838 ms exceeds 1500 ms"",""source"":""/left_jaka_driver/joint_torque_raw"",""age_ms"":6838,""fresh"":false},""right"":{""values"":[125.72656092233956,-0.2806396449159365,-4.561767578125,6.65771484375,0.369873046875,0.419189453125],""received_at_ms"":1788495942339,""valid"":true,""status"":""STALE"",""error"":""Torque sample age 6958 ms exceeds 1500 ms"",""source"":""/right_jaka_driver/joint_torque_raw"",""age_ms"":6958,""fresh"":false}}"
63,1788495949393,RUNNING,4.44,"{""left"":{""valid"":true,""status"":""VALID"",""sample_index"":185,""time_from_start_s"":4.44,""joints_rad"":[2.9202586123458083,0.6124100324926254,-1.5582459368195636,1.387070076403954,-0.13593204775395235,0.6182941493600167],""source"":""LATEST SUCCESSFUL PHASE5 SERVO_J COMMAND \u2014 DRIVER MEMORY"",""error"":null},""right"":{""valid"":true,""status"":""VALID"",""sample_index"":185,""time_from_start_s"":4.44,""joints_rad"":[0.22175893737920194,2.562085310555396,1.5677194609553906,-1.3844542607683388,3.2646730616508646,2.5448838325351053],""source"":""LATEST SUCCESSFUL PHASE5 SERVO_J COMMAND \u2014 DRIVER MEMORY"",""error"":null}}","{""left"":{""valid"":true,""fresh"":true,""status"":""FRESH"",""joints_rad"":[2.923288441546669,0.612868178047604,-1.5598419422776795,1.3894957128879304,-0.1339866577475771,0.6174301196464668],""received_at_ms"":1788495949366,""age_ms"":27,""source"":""jaka_port10000_actual_feedback"",""mapping"":""port10000_joint_actual_position_deg_to_rad"",""error"":null},""right"":{""valid"":true,""fresh"":true,""status"":""FRESH"",""joints_rad"":[0.21881402271763148,2.561623757409357,1.56935974628758,-1.3869091349364748,3.262804024811547,2.5457351525638265],""received_at_ms"":1788495949369,""age_ms"":24,""source"":""jaka_port10000_actual_feedback"",""mapping"":""port10000_joint_actual_position_deg_to_rad"",""error"":null}}","{""left"":{""values"":[-109.67397323314799,-10.888818222738337,1.060302734375,-6.115234375,-0.53631591796875,0.8013916015625],""received_at_ms"":1788495942459,""valid"":true,""status"":""STALE"",""error"":""Torque sample age 6934 ms exceeds 1500 ms"",""source"":""/left_jaka_driver/joint_torque_raw"",""age_ms"":6934,""fresh"":false},""right"":{""values"":[125.72656092233956,-0.2806396449159365,-4.561767578125,6.65771484375,0.369873046875,0.419189453125],""received_at_ms"":1788495942339,""valid"":true,""status"":""STALE"",""error"":""Torque sample age 7054 ms exceeds 1500 ms"",""source"":""/right_jaka_driver/joint_torque_raw"",""age_ms"":7054,""fresh"":false}}"
64,1788495949494,RUNNING,4.5360000000000005,"{""left"":{""valid"":true,""status"":""VALID"",""sample_index"":189,""time_from_start_s"":4.5360000000000005,""joints_rad"":[2.9176206289476734,0.6119904597076223,-1.556833984626377,1.385022955935534,-0.13762995513840118,0.618989912011051],""source"":""LATEST SUCCESSFUL PHASE5 SERVO_J COMMAND \u2014 DRIVER MEMORY"",""error"":null},""right"":{""valid"":true,""status"":""VALID"",""sample_index"":189,""time_from_start_s"":4.5360000000000005,""joints_rad"":[0.2244070489471008,2.562466761724148,1.5662890917036598,-1.3823346455933578,3.2662986609294453,2.5441214995579386],""source"":""LATEST SUCCESSFUL PHASE5 SERVO_J COMMAND \u2014 DRIVER MEMORY"",""error"":null}}","{""left"":{""valid"":true,""fresh"":true,""status"":""FRESH"",""joints_rad"":[2.921502795188954,0.6126046333305529,-1.558907143930311,1.388153554693147,-0.1350891822360619,0.6178736078093986],""received_at_ms"":1788495949436,""age_ms"":58,""source"":""jaka_port10000_actual_feedback"",""mapping"":""port10000_joint_actual_position_deg_to_rad"",""error"":null},""right"":{""valid"":true,""fresh"":true,""status"":""FRESH"",""joints_rad"":[0.22080352353197982,2.5619352986808384,1.5683050438205999,-1.3853273430353925,3.264026453419644,2.5451598920423693],""received_at_ms"":1788495949440,""age_ms"":54,""source"":""jaka_port10000_actual_feedback"",""mapping"":""port10000_joint_actual_position_deg_to_rad"",""error"":null}}","{""left"":{""values"":[-109.67397323314799,-10.888818222738337,1.060302734375,-6.115234375,-0.53631591796875,0.8013916015625],""received_at_ms"":1788495942459,""valid"":true,""status"":""STALE"",""error"":""Torque sample age 7035 ms exceeds 1500 ms"",""source"":""/left_jaka_driver/joint_torque_raw"",""age_ms"":7035,""fresh"":false},""right"":{""values"":[125.72656092233956,-0.2806396449159365,-4.561767578125,6.65771484375,0.369873046875,0.419189453125],""received_at_ms"":1788495942339,""valid"":true,""status"":""STALE"",""error"":""Torque sample age 7155 ms exceeds 1500 ms"",""source"":""/right_jaka_driver/joint_torque_raw"",""age_ms"":7155,""fresh"":false}}"
65,1788495949598,RUNNING,4.656,"{""left"":{""valid"":true,""status"":""VALID"",""sample_index"":194,""time_from_start_s"":4.656,""joints_rad"":[2.9143271789330063,0.6114586721308457,-1.5550462089798995,1.3824718503888618,-0.13975711886625206,0.6198695711769407],""source"":""LATEST SUCCESSFUL PHASE5 SERVO_J COMMAND \u2014 DRIVER MEMORY"",""error"":null},""right"":{""valid"":true,""status"":""VALID"",""sample_index"":194,""time_from_start_s"":4.656,""joints_rad"":[0.22771300427384644,2.562950544267285,1.5644784227501793,-1.3796931415771199,3.268336133417698,2.5431584322112695],""source"":""LATEST SUCCESSFUL PHASE5 SERVO_J COMMAND \u2014 DRIVER MEMORY"",""error"":null}}","{""left"":{""valid"":true,""fresh"":true,""status"":""FRESH"",""joints_rad"":[2.9181472251690694,0.6120773693635254,-1.5571214975725958,1.3855769251184276,-0.13725845196336564,0.6187843206130892],""received_at_ms"":1788495949547,""age_ms"":51,""source"":""jaka_port10000_actual_feedback"",""mapping"":""port10000_joint_actual_position_deg_to_rad"",""error"":null},""right"":{""valid"":true,""fresh"":true,""status"":""FRESH"",""joints_rad"":[0.22302061528078823,2.562246839952319,1.5671185689950942,-1.3835656076884293,3.265380654386267,2.5445247667275686],""received_at_ms"":1788495949553,""age_ms"":45,""source"":""jaka_port10000_actual_feedback"",""mapping"":""port10000_joint_actual_position_deg_to_rad"",""error"":null}}","{""left"":{""values"":[-109.67397323314799,-10.888818222738337,1.060302734375,-6.115234375,-0.53631591796875,0.8013916015625],""received_at_ms"":1788495942459,""valid"":true,""status"":""STALE"",""error"":""Torque sample age 7139 ms exceeds 1500 ms"",""source"":""/left_jaka_driver/joint_torque_raw"",""age_ms"":7139,""fresh"":false},""right"":{""values"":[125.72656092233956,-0.2806396449159365,-4.561767578125,6.65771484375,0.369873046875,0.419189453125],""received_at_ms"":1788495942339,""valid"":true,""status"":""STALE"",""error"":""Torque sample age 7259 ms exceeds 1500 ms"",""source"":""/right_jaka_driver/joint_torque_raw"",""age_ms"":7259,""fresh"":false}}"
66,1788495949694,RUNNING,4.752,"{""left"":{""valid"":true,""status"":""VALID"",""sample_index"":198,""time_from_start_s"":4.752,""joints_rad"":[2.9116958613569883,0.6110277589647257,-1.5535990197915965,1.3804377813398971,-0.14146278302909332,0.6205807106705115],""source"":""LATEST SUCCESSFUL PHASE5 SERVO_J COMMAND \u2014 DRIVER MEMORY"",""error"":null},""right"":{""valid"":true,""status"":""VALID"",""sample_index"":198,""time_from_start_s"":4.752,""joints_rad"":[0.23035419953538205,2.563342790213776,1.5630129949694012,-1.3775869312658349,3.2699705899922047,2.542380421785414],""source"":""LATEST SUCCESSFUL PHASE5 SERVO_J COMMAND \u2014 DRIVER MEMORY"",""error"":null}}","{""left"":{""valid"":true,""fresh"":true,""status"":""FRESH"",""joints_rad"":[2.9163975325939453,0.6118016073417103,-1.5561748309863142,1.3841867703692141,-0.1384688377996237,0.6192756307975256],""received_at_ms"":1788495949666,""age_ms"":28,""source"":""jaka_port10000_actual_feedback"",""mapping"":""port10000_joint_actual_position_deg_to_rad"",""error"":null},""right"":{""valid"":true,""fresh"":true,""status"":""FRESH"",""joints_rad"":[0.2258607895725586,2.562678285343412,1.5655247343221728,-1.381228611820009,3.26719038628766,2.5436978297279738],""received_at_ms"":1788495949625,""age_ms"":69,""source"":""jaka_port10000_actual_feedback"",""mapping"":""port10000_joint_actual_position_deg_to_rad"",""error"":null}}","{""left"":{""values"":[-109.67397323314799,-10.888818222738337,1.060302734375,-6.115234375,-0.53631591796875,0.8013916015625],""received_at_ms"":1788495942459,""valid"":true,""status"":""STALE"",""error"":""Torque sample age 7235 ms exceeds 1500 ms"",""source"":""/left_jaka_driver/joint_torque_raw"",""age_ms"":7235,""fresh"":false},""right"":{""values"":[125.72656092233956,-0.2806396449159365,-4.561767578125,6.65771484375,0.369873046875,0.419189453125],""received_at_ms"":1788495942339,""valid"":true,""status"":""STALE"",""error"":""Torque sample age 7355 ms exceeds 1500 ms"",""source"":""/right_jaka_driver/joint_torque_raw"",""age_ms"":7355,""fresh"":false}}"
67,1788495949798,RUNNING,4.848,"{""left"":{""valid"":true,""status"":""VALID"",""sample_index"":202,""time_from_start_s"":4.848,""joints_rad"":[2.9090678017381255,0.610592312932761,-1.5521379323421,1.378410293583652,-0.1431720425675308,0.621297935113037],""source"":""LATEST SUCCESSFUL PHASE5 SERVO_J COMMAND \u2014 DRIVER MEMORY"",""error"":null},""right"":{""valid"":true,""status"":""VALID"",""sample_index"":202,""time_from_start_s"":4.848,""joints_rad"":[0.23299202194832902,2.563739352628479,1.5615337124128073,-1.3754874614899908,3.271609117954062,2.5415962087603554],""source"":""LATEST SUCCESSFUL PHASE5 SERVO_J COMMAND \u2014 DRIVER MEMORY"",""error"":null}}","{""left"":{""valid"":true,""fresh"":true,""status"":""FRESH"",""joints_rad"":[2.9130538308129745,0.611262300602844,-1.5543891846285987,1.381682048359677,-0.1405061606354767,0.6202224719167325],""received_at_ms"":1788495949793,""age_ms"":5,""source"":""jaka_port10000_actual_feedback"",""mapping"":""port10000_joint_actual_position_deg_to_rad"",""error"":null},""right"":{""valid"":true,""fresh"":true,""status"":""FRESH"",""joints_rad"":[0.22825765023432243,2.563025780397484,1.5641584905837118,-1.3793591896581976,3.268688402384646,2.5429787540761524],""received_at_ms"":1788495949718,""age_ms"":80,""source"":""jaka_port10000_actual_feedback"",""mapping"":""port10000_joint_actual_position_deg_to_rad"",""error"":null}}","{""left"":{""values"":[-109.67397323314799,-10.888818222738337,1.060302734375,-6.115234375,-0.53631591796875,0.8013916015625],""received_at_ms"":1788495942459,""valid"":true,""status"":""STALE"",""error"":""Torque sample age 7339 ms exceeds 1500 ms"",""source"":""/left_jaka_driver/joint_torque_raw"",""age_ms"":7339,""fresh"":false},""right"":{""values"":[125.72656092233956,-0.2806396449159365,-4.561767578125,6.65771484375,0.369873046875,0.419189453125],""received_at_ms"":1788495942339,""valid"":true,""status"":""STALE"",""error"":""Torque sample age 7459 ms exceeds 1500 ms"",""source"":""/right_jaka_driver/joint_torque_raw"",""age_ms"":7459,""fresh"":false}}"
68,1788495949903,RUNNING,4.944,"{""left"":{""valid"":true,""status"":""VALID"",""sample_index"":206,""time_from_start_s"":4.944,""joints_rad"":[2.9064431747340422,0.6101526331991769,-1.550663989814633,1.3763898472564282,-0.14488498595712593,0.622020800784539],""source"":""LATEST SUCCESSFUL PHASE5 SERVO_J COMMAND \u2014 DRIVER MEMORY"",""error"":null},""right"":{""valid"":true,""status"":""VALID"",""sample_index"":206,""time_from_start_s"":4.944,""joints_rad"":[0.23562629476612434,2.5641399480084273,1.5600415969564878,-1.373395193664713,3.2732517982264273,2.540806246567019],""source"":""LATEST SUCCESSFUL PHASE5 SERVO_J COMMAND \u2014 DRIVER MEMORY"",""error"":null}}","{""left"":{""valid"":true,""fresh"":true,""status"":""FRESH"",""joints_rad"":[2.909578356673478,0.6106751718424731,-1.5524597231405188,1.3789616036545935,-0.14279515994946726,0.6211932240466917],""received_at_ms"":1788495949864,""age_ms"":39,""source"":""jaka_port10000_actual_feedback"",""mapping"":""port10000_joint_actual_position_deg_to_rad"",""error"":null},""right"":{""valid"":true,""fresh"":true,""status"":""FRESH"",""joints_rad"":[0.23084632258088042,2.563421272005986,1.5626843854974772,-1.377297781278667,3.2703302336119973,2.5421397743047183],""received_at_ms"":1788495949810,""age_ms"":93,""source"":""jaka_port10000_actual_feedback"",""mapping"":""port10000_joint_actual_position_deg_to_rad"",""error"":null}}","{""left"":{""values"":[-109.67397323314799,-10.888818222738337,1.060302734375,-6.115234375,-0.53631591796875,0.8013916015625],""received_at_ms"":1788495942459,""valid"":true,""status"":""STALE"",""error"":""Torque sample age 7444 ms exceeds 1500 ms"",""source"":""/left_jaka_driver/joint_torque_raw"",""age_ms"":7444,""fresh"":false},""right"":{""values"":[125.72656092233956,-0.2806396449159365,-4.561767578125,6.65771484375,0.369873046875,0.419189453125],""received_at_ms"":1788495942339,""valid"":true,""status"":""STALE"",""error"":""Torque sample age 7564 ms exceeds 1500 ms"",""source"":""/right_jaka_driver/joint_torque_raw"",""age_ms"":7564,""fresh"":false}}"
69,1788495950006,RUNNING,5.04,"{""left"":{""valid"":true,""status"":""VALID"",""sample_index"":210,""time_from_start_s"":5.04,""joints_rad"":[2.9038221368383557,0.6097089822407709,-1.5491781141728616,1.3743768524851172,-0.14660169425288072,0.6227489146951963],""source"":""LATEST SUCCESSFUL PHASE5 SERVO_J COMMAND \u2014 DRIVER MEMORY"",""error"":null},""right"":{""valid"":true,""status"":""VALID"",""sample_index"":210,""time_from_start_s"":5.04,""joints_rad"":[0.23825685966130666,2.5645443281141636,1.5585375516511524,-1.371310539037687,3.2748987055093006,2.5400109374489013],""source"":""LATEST SUCCESSFUL PHASE5 SERVO_J COMMAND \u2014 DRIVER MEMORY"",""error"":null}}","{""left"":{""valid"":true,""fresh"":true,""status"":""FRESH"",""joints_rad"":[2.9076010731638937,0.6103515877991534,-1.5513811096627865,1.3774276337750155,-0.1441373181442509,0.621696577002967],""received_at_ms"":1788495949934,""age_ms"":72,""source"":""jaka_port10000_actual_feedback"",""mapping"":""port10000_joint_actual_position_deg_to_rad"",""error"":null},""right"":{""valid"":true,""fresh"":true,""status"":""FRESH"",""joints_rad"":[0.23412998503558252,2.563900713951509,1.5608029205638274,-1.3745893793454225,3.2723675564478505,2.541229061501028],""received_at_ms"":1788495949921,""age_ms"":85,""source"":""jaka_port10000_actual_feedback"",""mapping"":""port10000_joint_actual_position_deg_to_rad"",""error"":null}}","{""left"":{""values"":[-109.67397323314799,-10.888818222738337,1.060302734375,-6.115234375,-0.53631591796875,0.8013916015625],""received_at_ms"":1788495942459,""valid"":true,""status"":""STALE"",""error"":""Torque sample age 7547 ms exceeds 1500 ms"",""source"":""/left_jaka_driver/joint_torque_raw"",""age_ms"":7547,""fresh"":false},""right"":{""values"":[125.72656092233956,-0.2806396449159365,-4.561767578125,6.65771484375,0.369873046875,0.419189453125],""received_at_ms"":1788495942339,""valid"":true,""status"":""STALE"",""error"":""Torque sample age 7667 ms exceeds 1500 ms"",""source"":""/right_jaka_driver/joint_torque_raw"",""age_ms"":7667,""fresh"":false}}"
70,1788495950095,RUNNING,5.136,"{""left"":{""valid"":true,""status"":""VALID"",""sample_index"":214,""time_from_start_s"":5.136,""joints_rad"":[2.901204816364353,0.609261564898323,-1.5476810361275255,1.3723716421868348,-0.1483222368075667,0.6234819639175252],""source"":""LATEST SUCCESSFUL PHASE5 SERVO_J COMMAND \u2014 DRIVER MEMORY"",""error"":null},""right"":{""valid"":true,""status"":""VALID"",""sample_index"":214,""time_from_start_s"":5.136,""joints_rad"":[0.24088358687973815,2.56495230004631,1.557022292112837,-1.3692338313943095,3.2765499046339697,2.5392106028384784],""source"":""LATEST SUCCESSFUL PHASE5 SERVO_J COMMAND \u2014 DRIVER MEMORY"",""error"":null}}","{""left"":{""valid"":true,""fresh"":true,""status"":""FRESH"",""joints_rad"":[2.9058873343713607,0.6100400465276724,-1.5503623609783974,1.3761214293628232,-0.14529988195900434,0.6221519334048123],""received_at_ms"":1788495950048,""age_ms"":47,""source"":""jaka_port10000_actual_feedback"",""mapping"":""port10000_joint_actual_position_deg_to_rad"",""error"":null},""right"":{""valid"":true,""fresh"":true,""status"":""FRESH"",""joints_rad"":[0.23584372382811578,2.5641883442122375,1.559796214651277,-1.373127317031027,3.273481949175249,2.5406777119903228],""received_at_ms"":1788495950035,""age_ms"":60,""source"":""jaka_port10000_actual_feedback"",""mapping"":""port10000_joint_actual_position_deg_to_rad"",""error"":null}}","{""left"":{""values"":[-109.67397323314799,-10.888818222738337,1.060302734375,-6.115234375,-0.53631591796875,0.8013916015625],""received_at_ms"":1788495942459,""valid"":true,""status"":""STALE"",""error"":""Torque sample age 7636 ms exceeds 1500 ms"",""source"":""/left_jaka_driver/joint_torque_raw"",""age_ms"":7636,""fresh"":false},""right"":{""values"":[125.72656092233956,-0.2806396449159365,-4.561767578125,6.65771484375,0.369873046875,0.419189453125],""received_at_ms"":1788495942339,""valid"":true,""status"":""STALE"",""error"":""Torque sample age 7756 ms exceeds 1500 ms"",""source"":""/right_jaka_driver/joint_torque_raw"",""age_ms"":7756,""fresh"":false}}"
71,1788495950197,RUNNING,5.256,"{""left"":{""valid"":true,""status"":""VALID"",""sample_index"":219,""time_from_start_s"":5.256,""joints_rad"":[2.8979385262356256,0.6086971799082408,-1.5457946197833279,1.3698764122024865,-0.15047838636325295,0.6244049184476387],""source"":""LATEST SUCCESSFUL PHASE5 SERVO_J COMMAND \u2014 DRIVER MEMORY"",""error"":null},""right"":{""valid"":true,""status"":""VALID"",""sample_index"":219,""time_from_start_s"":5.256,""joints_rad"":[0.24416146500576727,2.5654671457954388,1.555113117872213,-1.3666494590126046,3.278620015538794,2.538203426006427],""source"":""LATEST SUCCESSFUL PHASE5 SERVO_J COMMAND \u2014 DRIVER MEMORY"",""error"":null}}","{""left"":{""valid"":true,""fresh"":true,""status"":""FRESH"",""joints_rad"":[2.900734075221922,0.6091291591910566,-1.547354286012585,1.3720946057126218,-0.14867936298964096,0.6236619922736377],""received_at_ms"":1788495950186,""age_ms"":11,""source"":""jaka_port10000_actual_feedback"",""mapping"":""port10000_joint_actual_position_deg_to_rad"",""error"":null},""right"":{""valid"":true,""fresh"":true,""status"":""FRESH"",""joints_rad"":[0.24084112507535113,2.5649672846574028,1.5569679085984203,-1.3692205720333626,3.276681835825855,2.539143742110745],""received_at_ms"":1788495950181,""age_ms"":16,""source"":""jaka_port10000_actual_feedback"",""mapping"":""port10000_joint_actual_position_deg_to_rad"",""error"":null}}","{""left"":{""values"":[-109.67397323314799,-10.888818222738337,1.060302734375,-6.115234375,-0.53631591796875,0.8013916015625],""received_at_ms"":1788495942459,""valid"":true,""status"":""STALE"",""error"":""Torque sample age 7738 ms exceeds 1500 ms"",""source"":""/left_jaka_driver/joint_torque_raw"",""age_ms"":7738,""fresh"":false},""right"":{""values"":[125.72656092233956,-0.2806396449159365,-4.561767578125,6.65771484375,0.369873046875,0.419189453125],""received_at_ms"":1788495942339,""valid"":true,""status"":""STALE"",""error"":""Torque sample age 7858 ms exceeds 1500 ms"",""source"":""/right_jaka_driver/joint_torque_raw"",""age_ms"":7858,""fresh"":false}}"
72,1788495950297,RUNNING,5.352,"{""left"":{""valid"":true,""status"":""VALID"",""sample_index"":223,""time_from_start_s"":5.352,""joints_rad"":[2.8953298250462267,0.60824159619859,-1.544273541250078,1.3678893493569053,-0.15220771984945514,0.6251485420881515],""source"":""LATEST SUCCESSFUL PHASE5 SERVO_J COMMAND \u2014 DRIVER MEMORY"",""error"":null},""right"":{""valid"":true,""status"":""VALID"",""sample_index"":223,""time_from_start_s"":5.352,""joints_rad"":[0.24677930007068077,2.565882917180377,1.553573805498464,-1.364591265695185,3.2802810324463167,2.5373923393087416],""source"":""LATEST SUCCESSFUL PHASE5 SERVO_J COMMAND \u2014 DRIVER MEMORY"",""error"":null}}","{""left"":{""valid"":true,""fresh"":true,""status"":""FRESH"",""joints_rad"":[2.900734075221922,0.6091291591910566,-1.547354286012585,1.3720946057126218,-0.14867936298964096,0.6236619922736377],""received_at_ms"":1788495950186,""age_ms"":111,""source"":""jaka_port10000_actual_feedback"",""mapping"":""port10000_joint_actual_position_deg_to_rad"",""error"":null},""right"":{""valid"":true,""fresh"":true,""status"":""FRESH"",""joints_rad"":[0.2439809723996889,2.5654467266029255,1.5551583512299527,-1.366739761034578,3.278623340085774,2.538244897545968],""received_at_ms"":1788495950290,""age_ms"":7,""source"":""jaka_port10000_actual_feedback"",""mapping"":""port10000_joint_actual_position_deg_to_rad"",""error"":null}}","{""left"":{""values"":[-109.67397323314799,-10.888818222738337,1.060302734375,-6.115234375,-0.53631591796875,0.8013916015625],""received_at_ms"":1788495942459,""valid"":true,""status"":""STALE"",""error"":""Torque sample age 7838 ms exceeds 1500 ms"",""source"":""/left_jaka_driver/joint_torque_raw"",""age_ms"":7838,""fresh"":false},""right"":{""values"":[125.72656092233956,-0.2806396449159365,-4.561767578125,6.65771484375,0.369873046875,0.419189453125],""received_at_ms"":1788495942339,""valid"":true,""status"":""STALE"",""error"":""Torque sample age 7958 ms exceeds 1500 ms"",""source"":""/right_jaka_driver/joint_torque_raw"",""age_ms"":7958,""fresh"":false}}"
73,1788495950396,RUNNING,5.448,"{""left"":{""valid"":true,""status"":""VALID"",""sample_index"":227,""time_from_start_s"":5.448,""joints_rad"":[2.892724942619681,0.6077822606053134,-1.542741467863721,1.3659102909930811,-0.15394098042456145,0.6258969914634547],""source"":""LATEST SUCCESSFUL PHASE5 SERVO_J COMMAND \u2014 DRIVER MEMORY"",""error"":null},""right"":{""valid"":true,""status"":""VALID"",""sample_index"":227,""time_from_start_s"":5.448,""joints_rad"":[0.24939319581570185,2.566302278305433,1.552023480965458,-1.362541239306181,3.2819464396815663,2.536576355644331],""source"":""LATEST SUCCESSFUL PHASE5 SERVO_J COMMAND \u2014 DRIVER MEMORY"",""error"":null}}","{""left"":{""valid"":true,""fresh"":true,""status"":""FRESH"",""joints_rad"":[2.8959642649091473,0.6083142649633004,-1.544550065503406,1.3684035834105042,-0.15193911443359076,0.6249921076965826],""received_at_ms"":1788495950370,""age_ms"":26,""source"":""jaka_port10000_actual_feedback"",""mapping"":""port10000_joint_actual_position_deg_to_rad"",""error"":null},""right"":{""valid"":true,""fresh"":true,""status"":""FRESH"",""joints_rad"":[0.2439809723996889,2.5654467266029255,1.5551583512299527,-1.366739761034578,3.278623340085774,2.538244897545968],""received_at_ms"":1788495950290,""age_ms"":106,""source"":""jaka_port10000_actual_feedback"",""mapping"":""port10000_joint_actual_position_deg_to_rad"",""error"":null}}","{""left"":{""values"":[-109.67397323314799,-10.888818222738337,1.060302734375,-6.115234375,-0.53631591796875,0.8013916015625],""received_at_ms"":1788495942459,""valid"":true,""status"":""STALE"",""error"":""Torque sample age 7937 ms exceeds 1500 ms"",""source"":""/left_jaka_driver/joint_torque_raw"",""age_ms"":7937,""fresh"":false},""right"":{""values"":[125.72656092233956,-0.2806396449159365,-4.561767578125,6.65771484375,0.369873046875,0.419189453125],""received_at_ms"":1788495942339,""valid"":true,""status"":""STALE"",""error"":""Torque sample age 8057 ms exceeds 1500 ms"",""source"":""/right_jaka_driver/joint_torque_raw"",""age_ms"":8057,""fresh"":false}}"
74,1788495950496,RUNNING,5.5440000000000005,"{""left"":{""valid"":true,""status"":""VALID"",""sample_index"":231,""time_from_start_s"":5.5440000000000005,""joints_rad"":[2.8901237757583065,0.6073188993083924,-1.5411975362002803,1.3639389384325329,-0.1556781399394744,0.6266506211481551],""source"":""LATEST SUCCESSFUL PHASE5 SERVO_J COMMAND \u2014 DRIVER MEMORY"",""error"":null},""right"":{""valid"":true,""status"":""VALID"",""sample_index"":231,""time_from_start_s"":5.5440000000000005,""joints_rad"":[0.2520032572063551,2.566725495445875,1.5504612978693997,-1.360499079908099,3.2836162194630787,2.5357551225106594],""source"":""LATEST SUCCESSFUL PHASE5 SERVO_J COMMAND \u2014 DRIVER MEMORY"",""error"":null}}","{""left"":{""valid"":true,""fresh"":true,""status"":""FRESH"",""joints_rad"":[2.8929204106936686,0.607822954778864,-1.5427764619175293,1.366102541324675,-0.15388044416058408,0.6259508170547031],""received_at_ms"":1788495950481,""age_ms"":15,""source"":""jaka_port10000_actual_feedback"",""mapping"":""port10000_joint_actual_position_deg_to_rad"",""error"":null},""right"":{""valid"":true,""fresh"":true,""status"":""FRESH"",""joints_rad"":[0.2488225157447212,2.566189713265499,1.5523300451770956,-1.3630246531887829,3.281583418497156,2.5367109276663897],""received_at_ms"":1788495950466,""age_ms"":30,""source"":""jaka_port10000_actual_feedback"",""mapping"":""port10000_joint_actual_position_deg_to_rad"",""error"":null}}","{""left"":{""values"":[-109.67397323314799,-10.888818222738337,1.060302734375,-6.115234375,-0.53631591796875,0.8013916015625],""received_at_ms"":1788495942459,""valid"":true,""status"":""STALE"",""error"":""Torque sample age 8037 ms exceeds 1500 ms"",""source"":""/left_jaka_driver/joint_torque_raw"",""age_ms"":8037,""fresh"":false},""right"":{""values"":[125.72656092233956,-0.2806396449159365,-4.561767578125,6.65771484375,0.369873046875,0.419189453125],""received_at_ms"":1788495942339,""valid"":true,""status"":""STALE"",""error"":""Torque sample age 8157 ms exceeds 1500 ms"",""source"":""/right_jaka_driver/joint_torque_raw"",""age_ms"":8157,""fresh"":false}}"
75,1788495950596,RUNNING,5.64,"{""left"":{""valid"":true,""status"":""VALID"",""sample_index"":235,""time_from_start_s"":5.64,""joints_rad"":[2.8875254216735247,0.6068509142215098,-1.5396398123190294,1.3619742513080162,-0.1574196491060432,0.6274102651337279],""source"":""LATEST SUCCESSFUL PHASE5 SERVO_J COMMAND \u2014 DRIVER MEMORY"",""error"":null},""right"":{""valid"":true,""status"":""VALID"",""sample_index"":235,""time_from_start_s"":5.64,""joints_rad"":[0.2546103918487786,2.5671531400018637,1.5488853456470677,-1.3584637258665384,3.2852908216205376,2.5349277864079607],""source"":""LATEST SUCCESSFUL PHASE5 SERVO_J COMMAND \u2014 DRIVER MEMORY"",""error"":null}}","{""left"":{""valid"":true,""fresh"":true,""status"":""FRESH"",""joints_rad"":[2.890954995422998,0.6074513741811145,-1.5415899870920236,1.3646284362384404,-0.1551267837794332,0.6265021665654081],""received_at_ms"":1788495950551,""age_ms"":45,""source"":""jaka_port10000_actual_feedback"",""mapping"":""port10000_joint_actual_position_deg_to_rad"",""error"":null},""right"":{""valid"":true,""fresh"":true,""status"":""FRESH"",""joints_rad"":[0.2507519772328009,2.566513297308819,1.5511435703515901,-1.361454729526614,3.2828896229093485,2.5361477099167717],""received_at_ms"":1788495950534,""age_ms"":62,""source"":""jaka_port10000_actual_feedback"",""mapping"":""port10000_joint_actual_position_deg_to_rad"",""error"":null}}","{""left"":{""values"":[-109.67397323314799,-10.888818222738337,1.060302734375,-6.115234375,-0.53631591796875,0.8013916015625],""received_at_ms"":1788495942459,""valid"":true,""status"":""STALE"",""error"":""Torque sample age 8137 ms exceeds 1500 ms"",""source"":""/left_jaka_driver/joint_torque_raw"",""age_ms"":8137,""fresh"":false},""right"":{""values"":[125.72656092233956,-0.2806396449159365,-4.561767578125,6.65771484375,0.369873046875,0.419189453125],""received_at_ms"":1788495942339,""valid"":true,""status"":""STALE"",""error"":""Torque sample age 8257 ms exceeds 1500 ms"",""source"":""/right_jaka_driver/joint_torque_raw"",""age_ms"":8257,""fresh"":false}}"
76,1788495950709,RUNNING,5.736,"{""left"":{""valid"":true,""status"":""VALID"",""sample_index"":240,""time_from_start_s"":5.76,""joints_rad"":[2.884197172350102,0.6062402458626122,-1.5376106250952581,1.3594658169682776,-0.15966238365013422,0.6283981293340788],""source"":""LATEST SUCCESSFUL PHASE5 SERVO_J COMMAND \u2014 DRIVER MEMORY"",""error"":null},""right"":{""valid"":true,""status"":""VALID"",""sample_index"":239,""time_from_start_s"":5.736,""joints_rad"":[0.2572651600560236,2.5675958631167632,1.547257680322862,-1.3563967115139808,3.2870048365409734,2.534075071251583],""source"":""LATEST SUCCESSFUL PHASE5 SERVO_J COMMAND \u2014 DRIVER MEMORY"",""error"":null}}","{""left"":{""valid"":true,""fresh"":true,""status"":""FRESH"",""joints_rad"":[2.8889775373804882,0.6070797935833648,-1.5404515088209476,1.3631904594677222,-0.1564211199527122,0.6270055195216834],""received_at_ms"":1788495950669,""age_ms"":40,""source"":""jaka_port10000_actual_feedback"",""mapping"":""port10000_joint_actual_position_deg_to_rad"",""error"":null},""right"":{""valid"":true,""fresh"":true,""status"":""FRESH"",""joints_rad"":[0.25342459991637983,2.566944742699912,1.5495736466894212,-1.359465403245191,3.2845674079192904,2.535344858460854],""received_at_ms"":1788495950646,""age_ms"":63,""source"":""jaka_port10000_actual_feedback"",""mapping"":""port10000_joint_actual_position_deg_to_rad"",""error"":null}}","{""left"":{""values"":[-109.67397323314799,-10.888818222738337,1.060302734375,-6.115234375,-0.53631591796875,0.8013916015625],""received_at_ms"":1788495942459,""valid"":true,""status"":""STALE"",""error"":""Torque sample age 8250 ms exceeds 1500 ms"",""source"":""/left_jaka_driver/joint_torque_raw"",""age_ms"":8250,""fresh"":false},""right"":{""values"":[125.72656092233956,-0.2806396449159365,-4.561767578125,6.65771484375,0.369873046875,0.419189453125],""received_at_ms"":1788495942339,""valid"":true,""status"":""STALE"",""error"":""Torque sample age 8370 ms exceeds 1500 ms"",""source"":""/right_jaka_driver/joint_torque_raw"",""age_ms"":8370,""fresh"":false}}"
77,1788495950796,RUNNING,5.856,"{""left"":{""valid"":true,""status"":""VALID"",""sample_index"":244,""time_from_start_s"":5.856,""joints_rad"":[2.881344949522327,0.6057032345836392,-1.5358304781406282,1.3573255062533416,-0.16159850446215243,0.6292626580530443],""source"":""LATEST SUCCESSFUL PHASE5 SERVO_J COMMAND \u2014 DRIVER MEMORY"",""error"":null},""right"":{""valid"":true,""status"":""VALID"",""sample_index"":244,""time_from_start_s"":5.856,""joints_rad"":[0.2608111445452268,2.568203374257534,1.545032916920486,-1.3536472839860347,3.2893131298173692,2.5329135359275243],""source"":""LATEST SUCCESSFUL PHASE5 SERVO_J COMMAND \u2014 DRIVER MEMORY"",""error"":null}}","{""left"":{""valid"":true,""fresh"":true,""status"":""FRESH"",""joints_rad"":[2.885933508632085,0.6065525296163373,-1.538629908680641,1.3609492821752365,-0.15847048556040394,0.6279282750972127],""received_at_ms"":1788495950738,""age_ms"":58,""source"":""jaka_port10000_actual_feedback"",""mapping"":""port10000_joint_actual_position_deg_to_rad"",""error"":null},""right"":{""valid"":true,""fresh"":true,""status"":""FRESH"",""joints_rad"":[0.25758302139218153,2.5676397328080567,1.5470331454302182,-1.3561815662575634,3.2872758098525354,2.5339545291787156],""received_at_ms"":1788495950789,""age_ms"":7,""source"":""jaka_port10000_actual_feedback"",""mapping"":""port10000_joint_actual_position_deg_to_rad"",""error"":null}}","{""left"":{""values"":[-109.67397323314799,-10.888818222738337,1.060302734375,-6.115234375,-0.53631591796875,0.8013916015625],""received_at_ms"":1788495942459,""valid"":true,""status"":""STALE"",""error"":""Torque sample age 8337 ms exceeds 1500 ms"",""source"":""/left_jaka_driver/joint_torque_raw"",""age_ms"":8337,""fresh"":false},""right"":{""values"":[125.72656092233956,-0.2806396449159365,-4.561767578125,6.65771484375,0.369873046875,0.419189453125],""received_at_ms"":1788495942339,""valid"":true,""status"":""STALE"",""error"":""Torque sample age 8457 ms exceeds 1500 ms"",""source"":""/right_jaka_driver/joint_torque_raw"",""age_ms"":8457,""fresh"":false}}"
78,1788495950900,RUNNING,5.952,"{""left"":{""valid"":true,""status"":""VALID"",""sample_index"":248,""time_from_start_s"":5.952,""joints_rad"":[2.878259986143927,0.6051087567080221,-1.5338640612340197,1.3550196615827745,-0.16370654739947188,0.630215582115385],""source"":""LATEST SUCCESSFUL PHASE5 SERVO_J COMMAND \u2014 DRIVER MEMORY"",""error"":null},""right"":{""valid"":true,""status"":""VALID"",""sample_index"":248,""time_from_start_s"":5.952,""joints_rad"":[0.26390586743480593,2.5687483110529197,1.5430451850380207,-1.3512579706275183,3.2913446477047255,2.5318793499893943],""source"":""LATEST SUCCESSFUL PHASE5 SERVO_J COMMAND \u2014 DRIVER MEMORY"",""error"":null}}","{""left"":{""valid"":true,""fresh"":true,""status"":""FRESH"",""joints_rad"":[2.8839082285680706,0.6061570380078355,-1.5373715262899532,1.359355447502315,-0.15984859753777866,0.62850353561867],""received_at_ms"":1788495950807,""age_ms"":93,""source"":""jaka_port10000_actual_feedback"",""mapping"":""port10000_joint_actual_position_deg_to_rad"",""error"":null},""right"":{""valid"":true,""fresh"":true,""status"":""FRESH"",""joints_rad"":[0.25758302139218153,2.5676397328080567,1.5470331454302182,-1.3561815662575634,3.2872758098525354,2.5339545291787156],""received_at_ms"":1788495950789,""age_ms"":111,""source"":""jaka_port10000_actual_feedback"",""mapping"":""port10000_joint_actual_position_deg_to_rad"",""error"":null}}","{""left"":{""values"":[-109.67397323314799,-10.888818222738337,1.060302734375,-6.115234375,-0.53631591796875,0.8013916015625],""received_at_ms"":1788495942459,""valid"":true,""status"":""STALE"",""error"":""Torque sample age 8441 ms exceeds 1500 ms"",""source"":""/left_jaka_driver/joint_torque_raw"",""age_ms"":8441,""fresh"":false},""right"":{""values"":[125.72656092233956,-0.2806396449159365,-4.561767578125,6.65771484375,0.369873046875,0.419189453125],""received_at_ms"":1788495942339,""valid"":true,""status"":""STALE"",""error"":""Torque sample age 8561 ms exceeds 1500 ms"",""source"":""/right_jaka_driver/joint_torque_raw"",""age_ms"":8561,""fresh"":false}}"
79,1788495950998,RUNNING,6.048,"{""left"":{""valid"":true,""status"":""VALID"",""sample_index"":252,""time_from_start_s"":6.048,""joints_rad"":[2.874927489867391,0.6044533622858195,-1.5317001768398408,1.3525375153043515,-0.16599713687319037,0.6312622257194077],""source"":""LATEST SUCCESSFUL PHASE5 SERVO_J COMMAND \u2014 DRIVER MEMORY"",""error"":null},""right"":{""valid"":true,""status"":""VALID"",""sample_index"":252,""time_from_start_s"":6.048,""joints_rad"":[0.2672486879803638,2.569349646700412,1.5408584023864826,-1.34868580055067,3.2935535563120313,2.530744651403069],""source"":""LATEST SUCCESSFUL PHASE5 SERVO_J COMMAND \u2014 DRIVER MEMORY"",""error"":null}}","{""left"":{""valid"":true,""fresh"":true,""status"":""FRESH"",""joints_rad"":[2.878227705451605,0.6050904673019417,-1.5338241445852745,1.3551130756894925,-0.1637075205139381,0.6301453668460211],""received_at_ms"":1788495950996,""age_ms"":2,""source"":""jaka_port10000_actual_feedback"",""mapping"":""port10000_joint_actual_position_deg_to_rad"",""error"":null},""right"":{""valid"":true,""fresh"":true,""status"":""FRESH"",""joints_rad"":[0.26066300392317593,2.5682029505576747,1.5451275949528909,-1.3538327021502294,3.2892052713406152,2.5329359550272517],""received_at_ms"":1788495950907,""age_ms"":91,""source"":""jaka_port10000_actual_feedback"",""mapping"":""port10000_joint_actual_position_deg_to_rad"",""error"":null}}","{""left"":{""values"":[-109.67397323314799,-10.888818222738337,1.060302734375,-6.115234375,-0.53631591796875,0.8013916015625],""received_at_ms"":1788495942459,""valid"":true,""status"":""STALE"",""error"":""Torque sample age 8539 ms exceeds 1500 ms"",""source"":""/left_jaka_driver/joint_torque_raw"",""age_ms"":8539,""fresh"":false},""right"":{""values"":[125.72656092233956,-0.2806396449159365,-4.561767578125,6.65771484375,0.369873046875,0.419189453125],""received_at_ms"":1788495942339,""valid"":true,""status"":""STALE"",""error"":""Torque sample age 8659 ms exceeds 1500 ms"",""source"":""/right_jaka_driver/joint_torque_raw"",""age_ms"":8659,""fresh"":false}}"
80,1788495951098,RUNNING,6.144,"{""left"":{""valid"":true,""status"":""VALID"",""sample_index"":256,""time_from_start_s"":6.144,""joints_rad"":[2.871367837261335,0.6037413820064037,-1.5293530482095326,1.349893958352348,-0.16845587665677866,0.6323957479578939],""source"":""LATEST SUCCESSFUL PHASE5 SERVO_J COMMAND \u2014 DRIVER MEMORY"",""error"":null},""right"":{""valid"":true,""status"":""VALID"",""sample_index"":256,""time_from_start_s"":6.144,""joints_rad"":[0.2708191733413693,2.570003397676296,1.5384869320301746,-1.3459462107250322,3.295925933624607,2.529516832129636],""source"":""LATEST SUCCESSFUL PHASE5 SERVO_J COMMAND \u2014 DRIVER MEMORY"",""error"":null}}","{""left"":{""valid"":true,""fresh"":true,""status"":""FRESH"",""joints_rad"":[2.878227705451605,0.6050904673019417,-1.5338241445852745,1.3551130756894925,-0.1637075205139381,0.6301453668460211],""received_at_ms"":1788495950996,""age_ms"":102,""source"":""jaka_port10000_actual_feedback"",""mapping"":""port10000_joint_actual_position_deg_to_rad"",""error"":null},""right"":{""valid"":true,""fresh"":true,""status"":""FRESH"",""joints_rad"":[0.2674100977455356,2.5694014681550192,1.5408852231400683,-1.3485356278704268,3.2936035010556406,2.5307068205066043],""received_at_ms"":1788495951093,""age_ms"":5,""source"":""jaka_port10000_actual_feedback"",""mapping"":""port10000_joint_actual_position_deg_to_rad"",""error"":null}}","{""left"":{""values"":[-109.67397323314799,-10.888818222738337,1.060302734375,-6.115234375,-0.53631591796875,0.8013916015625],""received_at_ms"":1788495942459,""valid"":true,""status"":""STALE"",""error"":""Torque sample age 8639 ms exceeds 1500 ms"",""source"":""/left_jaka_driver/joint_torque_raw"",""age_ms"":8639,""fresh"":false},""right"":{""values"":[125.72656092233956,-0.2806396449159365,-4.561767578125,6.65771484375,0.369873046875,0.419189453125],""received_at_ms"":1788495942339,""valid"":true,""status"":""STALE"",""error"":""Torque sample age 8759 ms exceeds 1500 ms"",""source"":""/right_jaka_driver/joint_torque_raw"",""age_ms"":8759,""fresh"":false}}"
81,1788495951198,RUNNING,6.24,"{""left"":{""valid"":true,""status"":""VALID"",""sample_index"":260,""time_from_start_s"":6.24,""joints_rad"":[2.867630218892769,0.6029835346652304,-1.526857765629627,1.3471248968228313,-0.17104785903268444,0.6335993239937543],""source"":""LATEST SUCCESSFUL PHASE5 SERVO_J COMMAND \u2014 DRIVER MEMORY"",""error"":null},""right"":{""valid"":true,""status"":""VALID"",""sample_index"":260,""time_from_start_s"":6.24,""joints_rad"":[0.27456799871886933,2.5706996880306794,1.5359661939564624,-1.3430764242705928,3.298427999112131,2.528214041906711],""source"":""LATEST SUCCESSFUL PHASE5 SERVO_J COMMAND \u2014 DRIVER MEMORY"",""error"":null}}","{""left"":{""valid"":true,""fresh"":true,""status"":""FRESH"",""joints_rad"":[2.874896046442473,0.6044314309763886,-1.531655049390896,1.352548314353687,-0.1659605660453376,0.6312478913345059],""received_at_ms"":1788495951111,""age_ms"":87,""source"":""jaka_port10000_actual_feedback"",""mapping"":""port10000_joint_actual_position_deg_to_rad"",""error"":null},""right"":{""valid"":true,""fresh"":true,""status"":""FRESH"",""joints_rad"":[0.2701184996787804,2.5699048211112943,1.5391114450212664,-1.346522390578251,3.2953413253918513,2.529784064931075],""received_at_ms"":1788495951172,""age_ms"":26,""source"":""jaka_port10000_actual_feedback"",""mapping"":""port10000_joint_actual_position_deg_to_rad"",""error"":null}}","{""left"":{""values"":[-109.67397323314799,-10.888818222738337,1.060302734375,-6.115234375,-0.53631591796875,0.8013916015625],""received_at_ms"":1788495942459,""valid"":true,""status"":""STALE"",""error"":""Torque sample age 8739 ms exceeds 1500 ms"",""source"":""/left_jaka_driver/joint_torque_raw"",""age_ms"":8739,""fresh"":false},""right"":{""values"":[125.72656092233956,-0.2806396449159365,-4.561767578125,6.65771484375,0.369873046875,0.419189453125],""received_at_ms"":1788495942339,""valid"":true,""status"":""STALE"",""error"":""Torque sample age 8859 ms exceeds 1500 ms"",""source"":""/right_jaka_driver/joint_torque_raw"",""age_ms"":8859,""fresh"":false}}"
82,1788495951297,RUNNING,6.336,"{""left"":{""valid"":true,""status"":""VALID"",""sample_index"":264,""time_from_start_s"":6.336,""joints_rad"":[2.863786284409378,0.6021955346306056,-1.5242657326698077,1.3442826085489448,-0.1737221739389356,0.634848326235683],""source"":""LATEST SUCCESSFUL PHASE5 SERVO_J COMMAND \u2014 DRIVER MEMORY"",""error"":null},""right"":{""valid"":true,""status"":""VALID"",""sample_index"":264,""time_from_start_s"":6.336,""joints_rad"":[0.2784233196907807,2.5714240331669584,1.5333480691971395,-1.3401306368445003,3.30101047767844,2.52686283655462],""source"":""LATEST SUCCESSFUL PHASE5 SERVO_J COMMAND \u2014 DRIVER MEMORY"",""error"":null}}","{""left"":{""valid"":true,""fresh"":true,""status"":""FRESH"",""joints_rad"":[2.8707016711840803,0.6035685401942027,-1.52891069367506,1.34949241736637,-0.16880091487003318,0.632698085409988],""received_at_ms"":1788495951206,""age_ms"":91,""source"":""jaka_port10000_actual_feedback"",""mapping"":""port10000_joint_actual_position_deg_to_rad"",""error"":null},""right"":{""valid"":true,""fresh"":true,""status"":""FRESH"",""joints_rad"":[0.27481640242637356,2.5707556691216418,1.5359836404687672,-1.3429510978628205,3.298505083726942,2.5281902302581534],""received_at_ms"":1788495951283,""age_ms"":14,""source"":""jaka_port10000_actual_feedback"",""mapping"":""port10000_joint_actual_position_deg_to_rad"",""error"":null}}","{""left"":{""values"":[-109.67397323314799,-10.888818222738337,1.060302734375,-6.115234375,-0.53631591796875,0.8013916015625],""received_at_ms"":1788495942459,""valid"":true,""status"":""STALE"",""error"":""Torque sample age 8838 ms exceeds 1500 ms"",""source"":""/left_jaka_driver/joint_torque_raw"",""age_ms"":8838,""fresh"":false},""right"":{""values"":[125.72656092233956,-0.2806396449159365,-4.561767578125,6.65771484375,0.369873046875,0.419189453125],""received_at_ms"":1788495942339,""valid"":true,""status"":""STALE"",""error"":""Torque sample age 8958 ms exceeds 1500 ms"",""source"":""/right_jaka_driver/joint_torque_raw"",""age_ms"":8958,""fresh"":false}}"
83,1788495951398,RUNNING,6.456,"{""left"":{""valid"":true,""status"":""VALID"",""sample_index"":269,""time_from_start_s"":6.456,""joints_rad"":[2.8589665657497894,0.6011977915872916,-1.5209866124196594,1.34072502336453,-0.17708505084046672,0.6364270181911817],""source"":""LATEST SUCCESSFUL PHASE5 SERVO_J COMMAND \u2014 DRIVER MEMORY"",""error"":null},""right"":{""valid"":true,""status"":""VALID"",""sample_index"":269,""time_from_start_s"":6.456,""joints_rad"":[0.28325715873301355,2.572341572342191,1.5300363343526575,-1.33644338138423,3.304258925837212,2.525155811843668],""source"":""LATEST SUCCESSFUL PHASE5 SERVO_J COMMAND \u2014 DRIVER MEMORY"",""error"":null}}","{""left"":{""valid"":true,""fresh"":true,""status"":""FRESH"",""joints_rad"":[2.865260781773913,0.6025019694883089,-1.5253034471770384,1.345417771694664,-0.1726357523025151,0.6345196855502945],""received_at_ms"":1788495951329,""age_ms"":69,""source"":""jaka_port10000_actual_feedback"",""mapping"":""port10000_joint_actual_position_deg_to_rad"",""error"":null},""right"":{""valid"":true,""fresh"":true,""status"":""FRESH"",""joints_rad"":[0.27481640242637356,2.5707556691216418,1.5359836404687672,-1.3429510978628205,3.298505083726942,2.5281902302581534],""received_at_ms"":1788495951283,""age_ms"":115,""source"":""jaka_port10000_actual_feedback"",""mapping"":""port10000_joint_actual_position_deg_to_rad"",""error"":null}}","{""left"":{""values"":[-109.67397323314799,-10.888818222738337,1.060302734375,-6.115234375,-0.53631591796875,0.8013916015625],""received_at_ms"":1788495942459,""valid"":true,""status"":""STALE"",""error"":""Torque sample age 8939 ms exceeds 1500 ms"",""source"":""/left_jaka_driver/joint_torque_raw"",""age_ms"":8939,""fresh"":false},""right"":{""values"":[125.72656092233956,-0.2806396449159365,-4.561767578125,6.65771484375,0.369873046875,0.419189453125],""received_at_ms"":1788495942339,""valid"":true,""status"":""STALE"",""error"":""Torque sample age 9059 ms exceeds 1500 ms"",""source"":""/right_jaka_driver/joint_torque_raw"",""age_ms"":9059,""fresh"":false}}"
84,1788495951507,RUNNING,6.5520000000000005,"{""left"":{""valid"":true,""status"":""VALID"",""sample_index"":273,""time_from_start_s"":6.5520000000000005,""joints_rad"":[2.8552185171614397,0.600415812243624,-1.518418375162245,1.3379623486459042,-0.17970624159356713,0.637662597310916],""source"":""LATEST SUCCESSFUL PHASE5 SERVO_J COMMAND \u2014 DRIVER MEMORY"",""error"":null},""right"":{""valid"":true,""status"":""VALID"",""sample_index"":273,""time_from_start_s"":6.5520000000000005,""joints_rad"":[0.28701609031459635,2.573060937650765,1.5274427982944414,-1.3335799325029059,3.3067915823653067,2.523820320436738],""source"":""LATEST SUCCESSFUL PHASE5 SERVO_J COMMAND \u2014 DRIVER MEMORY"",""error"":null}}","{""left"":{""valid"":true,""fresh"":true,""status"":""FRESH"",""joints_rad"":[2.8626961949710323,0.6019506199776039,-1.5235296690582365,1.3435242639891753,-0.1744334414320693,0.6353104942343731],""received_at_ms"":1788495951443,""age_ms"":64,""source"":""jaka_port10000_actual_feedback"",""mapping"":""port10000_joint_actual_position_deg_to_rad"",""error"":null},""right"":{""valid"":true,""fresh"":true,""status"":""FRESH"",""joints_rad"":[0.2795621271954713,2.57164247091458,1.532628070448883,-1.33933180859296,3.3017648351708915,2.5264524059219426],""received_at_ms"":1788495951402,""age_ms"":105,""source"":""jaka_port10000_actual_feedback"",""mapping"":""port10000_joint_actual_position_deg_to_rad"",""error"":null}}","{""left"":{""values"":[-109.67397323314799,-10.888818222738337,1.060302734375,-6.115234375,-0.53631591796875,0.8013916015625],""received_at_ms"":1788495942459,""valid"":true,""status"":""STALE"",""error"":""Torque sample age 9048 ms exceeds 1500 ms"",""source"":""/left_jaka_driver/joint_torque_raw"",""age_ms"":9048,""fresh"":false},""right"":{""values"":[125.72656092233956,-0.2806396449159365,-4.561767578125,6.65771484375,0.369873046875,0.419189453125],""received_at_ms"":1788495942339,""valid"":true,""status"":""STALE"",""error"":""Torque sample age 9168 ms exceeds 1500 ms"",""source"":""/right_jaka_driver/joint_torque_raw"",""age_ms"":9168,""fresh"":false}}"
85,1788495951601,RUNNING,6.648000000000001,"{""left"":{""valid"":true,""status"":""VALID"",""sample_index"":277,""time_from_start_s"":6.648000000000001,""joints_rad"":[2.8516753167006885,0.5996724225089037,-1.515978076376793,1.3353532973089586,-0.1821882882484877,0.6388360367462858],""source"":""LATEST SUCCESSFUL PHASE5 SERVO_J COMMAND \u2014 DRIVER MEMORY"",""error"":null},""right"":{""valid"":true,""status"":""VALID"",""sample_index"":277,""time_from_start_s"":6.648000000000001,""joints_rad"":[0.2905695126176556,2.573744970014359,1.5249786274901065,-1.3308756580910361,3.309190240988967,2.522552352400862],""source"":""LATEST SUCCESSFUL PHASE5 SERVO_J COMMAND \u2014 DRIVER MEMORY"",""error"":null}}","{""left"":{""valid"":true,""fresh"":true,""status"":""FRESH"",""joints_rad"":[2.855373840627215,0.6004646466524559,-1.5184603602458189,1.3380355525575036,-0.1795027502444868,0.6376954866572234],""received_at_ms"":1788495951578,""age_ms"":23,""source"":""jaka_port10000_actual_feedback"",""mapping"":""port10000_joint_actual_position_deg_to_rad"",""error"":null},""right"":{""valid"":true,""fresh"":true,""status"":""FRESH"",""joints_rad"":[0.28675270918076273,2.5730326256637936,1.5275587616364656,-1.333771189596106,3.306702371624784,2.5238998618909014],""received_at_ms"":1788495951582,""age_ms"":19,""source"":""jaka_port10000_actual_feedback"",""mapping"":""port10000_joint_actual_position_deg_to_rad"",""error"":null}}","{""left"":{""values"":[-109.67397323314799,-10.888818222738337,1.060302734375,-6.115234375,-0.53631591796875,0.8013916015625],""received_at_ms"":1788495942459,""valid"":true,""status"":""STALE"",""error"":""Torque sample age 9142 ms exceeds 1500 ms"",""source"":""/left_jaka_driver/joint_torque_raw"",""age_ms"":9142,""fresh"":false},""right"":{""values"":[125.72656092233956,-0.2806396449159365,-4.561767578125,6.65771484375,0.369873046875,0.419189453125],""received_at_ms"":1788495942339,""valid"":true,""status"":""STALE"",""error"":""Torque sample age 9262 ms exceeds 1500 ms"",""source"":""/right_jaka_driver/joint_torque_raw"",""age_ms"":9262,""fresh"":false}}"
86,1788495951701,RUNNING,6.744,"{""left"":{""valid"":true,""status"":""VALID"",""sample_index"":281,""time_from_start_s"":6.744,""joints_rad"":[2.848433168057204,0.5989890324871934,-1.5137356482912814,1.3329679238624692,-0.18446257594627116,0.6399138809414477],""source"":""LATEST SUCCESSFUL PHASE5 SERVO_J COMMAND \u2014 DRIVER MEMORY"",""error"":null},""right"":{""valid"":true,""status"":""VALID"",""sample_index"":281,""time_from_start_s"":6.744,""joints_rad"":[0.293820964187415,2.5743739202525533,1.5227143896392614,-1.328403185215425,3.3113884600222616,2.521387953323687],""source"":""LATEST SUCCESSFUL PHASE5 SERVO_J COMMAND \u2014 DRIVER MEMORY"",""error"":null}}","{""left"":{""valid"":true,""fresh"":true,""status"":""FRESH"",""joints_rad"":[2.851850369933289,0.5996975744462044,-1.5160156775625506,1.3354229692001933,-0.18210329082995835,0.6388817869498039],""received_at_ms"":1788495951688,""age_ms"":13,""source"":""jaka_port10000_actual_feedback"",""mapping"":""port10000_joint_actual_position_deg_to_rad"",""error"":null},""right"":{""valid"":true,""fresh"":true,""status"":""FRESH"",""joints_rad"":[0.28904170849475336,2.573500024837478,1.5258809766265233,-1.331961457694713,3.3083201173084573,2.5231088786738973],""received_at_ms"":1788495951653,""age_ms"":48,""source"":""jaka_port10000_actual_feedback"",""mapping"":""port10000_joint_actual_position_deg_to_rad"",""error"":null}}","{""left"":{""values"":[-109.67397323314799,-10.888818222738337,1.060302734375,-6.115234375,-0.53631591796875,0.8013916015625],""received_at_ms"":1788495942459,""valid"":true,""status"":""STALE"",""error"":""Torque sample age 9242 ms exceeds 1500 ms"",""source"":""/left_jaka_driver/joint_torque_raw"",""age_ms"":9242,""fresh"":false},""right"":{""values"":[125.72656092233956,-0.2806396449159365,-4.561767578125,6.65771484375,0.369873046875,0.419189453125],""received_at_ms"":1788495942339,""valid"":true,""status"":""STALE"",""error"":""Torque sample age 9362 ms exceeds 1500 ms"",""source"":""/right_jaka_driver/joint_torque_raw"",""age_ms"":9362,""fresh"":false}}"
87,1788495951801,RUNNING,6.84,"{""left"":{""valid"":true,""status"":""VALID"",""sample_index"":285,""time_from_start_s"":6.84,""joints_rad"":[2.845577370683267,0.5983847370559419,-1.5117534292191477,1.3308682765725512,-0.18646816050321033,0.6408663227585235],""source"":""LATEST SUCCESSFUL PHASE5 SERVO_J COMMAND \u2014 DRIVER MEMORY"",""error"":null},""right"":{""valid"":true,""status"":""VALID"",""sample_index"":285,""time_from_start_s"":6.84,""joints_rad"":[0.29668491870625424,2.574930170380429,1.5207129851231143,-1.3262268420102608,3.313327213949913,2.5203592284830076],""source"":""LATEST SUCCESSFUL PHASE5 SERVO_J COMMAND \u2014 DRIVER MEMORY"",""error"":null}}","{""left"":{""valid"":true,""fresh"":true,""status"":""FRESH"",""joints_rad"":[2.849129925228206,0.5991343566965858,-1.5141820346504054,1.3333856463643403,-0.18404479508987687,0.6397567205038287],""received_at_ms"":1788495951756,""age_ms"":45,""source"":""jaka_port10000_actual_feedback"",""mapping"":""port10000_joint_actual_position_deg_to_rad"",""error"":null},""right"":{""valid"":true,""fresh"":true,""status"":""FRESH"",""joints_rad"":[0.2932961230794147,2.5743269618370728,1.5228968126714635,-1.3288456959140527,3.311112469578723,2.5215509977835673],""received_at_ms"":1788495951768,""age_ms"":33,""source"":""jaka_port10000_actual_feedback"",""mapping"":""port10000_joint_actual_position_deg_to_rad"",""error"":null}}","{""left"":{""values"":[-109.67397323314799,-10.888818222738337,1.060302734375,-6.115234375,-0.53631591796875,0.8013916015625],""received_at_ms"":1788495942459,""valid"":true,""status"":""STALE"",""error"":""Torque sample age 9342 ms exceeds 1500 ms"",""source"":""/left_jaka_driver/joint_torque_raw"",""age_ms"":9342,""fresh"":false},""right"":{""values"":[125.72656092233956,-0.2806396449159365,-4.561767578125,6.65771484375,0.369873046875,0.419189453125],""received_at_ms"":1788495942339,""valid"":true,""status"":""STALE"",""error"":""Torque sample age 9462 ms exceeds 1500 ms"",""source"":""/right_jaka_driver/joint_torque_raw"",""age_ms"":9462,""fresh"":false}}"
88,1788495951902,RUNNING,6.96,"{""left"":{""valid"":true,""status"":""VALID"",""sample_index"":290,""time_from_start_s"":6.96,""joints_rad"":[2.842652427930981,0.597763570111552,-1.5097165114325368,1.3287191953049826,-0.18852451258693143,0.6418447312377006],""source"":""LATEST SUCCESSFUL PHASE5 SERVO_J COMMAND \u2014 DRIVER MEMORY"",""error"":null},""right"":{""valid"":true,""status"":""VALID"",""sample_index"":290,""time_from_start_s"":6.96,""joints_rad"":[0.29961818063806467,2.5755020401681112,1.5186564418452428,-1.3239992310133186,3.315315282976709,2.5193026498161504],""source"":""LATEST SUCCESSFUL PHASE5 SERVO_J COMMAND \u2014 DRIVER MEMORY"",""error"":null}}","{""left"":{""valid"":true,""fresh"":true,""status"":""FRESH"",""joints_rad"":[2.8471285561749435,0.5987149540773317,-1.5128157909119442,1.3319954916151266,-0.1853509995020694,0.640367934807877],""received_at_ms"":1788495951824,""age_ms"":78,""source"":""jaka_port10000_actual_feedback"",""mapping"":""port10000_joint_actual_position_deg_to_rad"",""error"":null},""right"":{""valid"":true,""fresh"":true,""status"":""FRESH"",""joints_rad"":[0.2955851223934053,2.5747704500000044,1.5214108393463153,-1.327179779143024,3.312562663654205,2.5207479717947248],""received_at_ms"":1788495951861,""age_ms"":41,""source"":""jaka_port10000_actual_feedback"",""mapping"":""port10000_joint_actual_position_deg_to_rad"",""error"":null}}","{""left"":{""values"":[-109.67397323314799,-10.888818222738337,1.060302734375,-6.115234375,-0.53631591796875,0.8013916015625],""received_at_ms"":1788495942459,""valid"":true,""status"":""STALE"",""error"":""Torque sample age 9443 ms exceeds 1500 ms"",""source"":""/left_jaka_driver/joint_torque_raw"",""age_ms"":9443,""fresh"":false},""right"":{""values"":[125.72656092233956,-0.2806396449159365,-4.561767578125,6.65771484375,0.369873046875,0.419189453125],""received_at_ms"":1788495942339,""valid"":true,""status"":""STALE"",""error"":""Torque sample age 9563 ms exceeds 1500 ms"",""source"":""/right_jaka_driver/joint_torque_raw"",""age_ms"":9563,""fresh"":false}}"
89,1788495952004,RUNNING,7.056,"{""left"":{""valid"":true,""status"":""VALID"",""sample_index"":294,""time_from_start_s"":7.056,""joints_rad"":[2.840878113603452,0.5973855940900065,-1.5084773950415278,1.327416258426058,-0.18977307431701768,0.6424397613944937],""source"":""LATEST SUCCESSFUL PHASE5 SERVO_J COMMAND \u2014 DRIVER MEMORY"",""error"":null},""right"":{""valid"":true,""status"":""VALID"",""sample_index"":294,""time_from_start_s"":7.056,""joints_rad"":[0.30139752308769324,2.5758500657862253,1.5174054331928581,-1.3226486688507413,3.316522509436717,2.5186601797420494],""source"":""LATEST SUCCESSFUL PHASE5 SERVO_J COMMAND \u2014 DRIVER MEMORY"",""error"":null}}","{""left"":{""valid"":true,""fresh"":true,""status"":""FRESH"",""joints_rad"":[2.8426105968732314,0.597756070186286,-1.5096399898050152,1.3286997863885859,-0.18862279371785798,0.6418659509048638],""received_at_ms"":1788495952001,""age_ms"":3,""source"":""jaka_port10000_actual_feedback"",""mapping"":""port10000_joint_actual_position_deg_to_rad"",""error"":null},""right"":{""valid"":true,""fresh"":true,""status"":""FRESH"",""joints_rad"":[0.2986171083699698,2.5753455359885367,1.5193375627278713,-1.324842957807529,3.314587943718219,2.519717354871422],""received_at_ms"":1788495951951,""age_ms"":53,""source"":""jaka_port10000_actual_feedback"",""mapping"":""port10000_joint_actual_position_deg_to_rad"",""error"":null}}","{""left"":{""values"":[-109.67397323314799,-10.888818222738337,1.060302734375,-6.115234375,-0.53631591796875,0.8013916015625],""received_at_ms"":1788495942459,""valid"":true,""status"":""STALE"",""error"":""Torque sample age 9545 ms exceeds 1500 ms"",""source"":""/left_jaka_driver/joint_torque_raw"",""age_ms"":9545,""fresh"":false},""right"":{""values"":[125.72656092233956,-0.2806396449159365,-4.561767578125,6.65771484375,0.369873046875,0.419189453125],""received_at_ms"":1788495942339,""valid"":true,""status"":""STALE"",""error"":""Torque sample age 9665 ms exceeds 1500 ms"",""source"":""/right_jaka_driver/joint_torque_raw"",""age_ms"":9665,""fresh"":false}}"
90,1788495952104,RUNNING,7.152,"{""left"":{""valid"":true,""status"":""VALID"",""sample_index"":298,""time_from_start_s"":7.152,""joints_rad"":[2.839615261237473,0.5971159514072306,-1.5075936053489212,1.3264892913143327,-0.19066233717418724,0.6428640744142922],""source"":""LATEST SUCCESSFUL PHASE5 SERVO_J COMMAND \u2014 DRIVER MEMORY"",""error"":null},""right"":{""valid"":true,""status"":""VALID"",""sample_index"":298,""time_from_start_s"":7.152,""joints_rad"":[0.302663944391199,2.5760983670903945,1.5165131861944803,-1.3216878112619839,3.3173823982196398,2.5182020908678417],""source"":""LATEST SUCCESSFUL PHASE5 SERVO_J COMMAND \u2014 DRIVER MEMORY"",""error"":null}}","{""left"":{""valid"":true,""fresh"":true,""status"":""FRESH"",""joints_rad"":[2.841232310362931,0.5975045682410736,-1.5086812804468948,1.3276812122371222,-0.1896294996304083,0.6422493997415271],""received_at_ms"":1788495952069,""age_ms"":35,""source"":""jaka_port10000_actual_feedback"",""mapping"":""port10000_joint_actual_position_deg_to_rad"",""error"":null},""right"":{""valid"":true,""fresh"":true,""status"":""FRESH"",""joints_rad"":[0.30003117412993563,2.5756092552385126,1.51834289958716,-1.3237643443297964,3.3155826068589307,2.519166005360717],""received_at_ms"":1788495952023,""age_ms"":81,""source"":""jaka_port10000_actual_feedback"",""mapping"":""port10000_joint_actual_position_deg_to_rad"",""error"":null}}","{""left"":{""values"":[-109.67397323314799,-10.888818222738337,1.060302734375,-6.115234375,-0.53631591796875,0.8013916015625],""received_at_ms"":1788495942459,""valid"":true,""status"":""STALE"",""error"":""Torque sample age 9645 ms exceeds 1500 ms"",""source"":""/left_jaka_driver/joint_torque_raw"",""age_ms"":9645,""fresh"":false},""right"":{""values"":[125.72656092233956,-0.2806396449159365,-4.561767578125,6.65771484375,0.369873046875,0.419189453125],""received_at_ms"":1788495942339,""valid"":true,""status"":""STALE"",""error"":""Torque sample age 9765 ms exceeds 1500 ms"",""source"":""/right_jaka_driver/joint_torque_raw"",""age_ms"":9765,""fresh"":false}}"
91,1788495952204,RUNNING,7.248,"{""left"":{""valid"":true,""status"":""VALID"",""sample_index"":302,""time_from_start_s"":7.248,""joints_rad"":[2.8388319302255502,0.596948361778705,-1.5070444037362627,1.3259145124976592,-0.19121426251134316,0.6431277026764549],""source"":""LATEST SUCCESSFUL PHASE5 SERVO_J COMMAND \u2014 DRIVER MEMORY"",""error"":null},""right"":{""valid"":true,""status"":""VALID"",""sample_index"":302,""time_from_start_s"":7.248,""joints_rad"":[0.30344948392948523,2.576252705841281,1.5159587423571137,-1.321092014044357,3.3179161278505225,2.5179175060702716],""source"":""LATEST SUCCESSFUL PHASE5 SERVO_J COMMAND \u2014 DRIVER MEMORY"",""error"":null}}","{""left"":{""valid"":true,""fresh"":true,""status"":""FRESH"",""joints_rad"":[2.8395904791355804,0.5971928524366674,-1.5075187166321413,1.32650660565053,-0.19066011655371096,0.6428246602629842],""received_at_ms"":1788495952184,""age_ms"":20,""source"":""jaka_port10000_actual_feedback"",""mapping"":""port10000_joint_actual_position_deg_to_rad"",""error"":null},""right"":{""valid"":true,""fresh"":true,""status"":""FRESH"",""joints_rad"":[0.30187668528099443,2.5759328392818324,1.5170724744246333,-1.3223741895805827,3.3167690816844364,2.518542922817755],""received_at_ms"":1788495952137,""age_ms"":67,""source"":""jaka_port10000_actual_feedback"",""mapping"":""port10000_joint_actual_position_deg_to_rad"",""error"":null}}","{""left"":{""values"":[-109.67397323314799,-10.888818222738337,1.060302734375,-6.115234375,-0.53631591796875,0.8013916015625],""received_at_ms"":1788495942459,""valid"":true,""status"":""STALE"",""error"":""Torque sample age 9745 ms exceeds 1500 ms"",""source"":""/left_jaka_driver/joint_torque_raw"",""age_ms"":9745,""fresh"":false},""right"":{""values"":[125.72656092233956,-0.2806396449159365,-4.561767578125,6.65771484375,0.369873046875,0.419189453125],""received_at_ms"":1788495942339,""valid"":true,""status"":""STALE"",""error"":""Torque sample age 9865 ms exceeds 1500 ms"",""source"":""/right_jaka_driver/joint_torque_raw"",""age_ms"":9865,""fresh"":false}}"
92,1788495952304,RUNNING,7.344,"{""left"":{""valid"":true,""status"":""VALID"",""sample_index"":306,""time_from_start_s"":7.344,""joints_rad"":[2.838451912404741,0.5968669188938331,-1.5067775504728667,1.3256357562814909,-0.19148215537630772,0.6432557781504866],""source"":""LATEST SUCCESSFUL PHASE5 SERVO_J COMMAND \u2014 DRIVER MEMORY"",""error"":null},""right"":{""valid"":true,""status"":""VALID"",""sample_index"":306,""time_from_start_s"":7.344,""joints_rad"":[0.3038305709808981,2.5763277148372628,1.5156893475065345,-1.3208030625927838,3.3181752037615593,2.517779261523674],""source"":""LATEST SUCCESSFUL PHASE5 SERVO_J COMMAND \u2014 DRIVER MEMORY"",""error"":null}}","{""left"":{""valid"":true,""fresh"":true,""status"":""FRESH"",""joints_rad"":[2.839015393147048,0.5970251262955507,-1.5071712215780693,1.326075160259437,-0.1910196543796218,0.6430164719477784],""received_at_ms"":1788495952295,""age_ms"":9,""source"":""jaka_port10000_actual_feedback"",""mapping"":""port10000_joint_actual_position_deg_to_rad"",""error"":null},""right"":{""valid"":true,""fresh"":true,""status"":""FRESH"",""joints_rad"":[0.30289543396538354,2.576100565422949,1.5163533987728115,-1.3215592953528268,3.3175120683470105,2.5181833849918442],""received_at_ms"":1788495952232,""age_ms"":72,""source"":""jaka_port10000_actual_feedback"",""mapping"":""port10000_joint_actual_position_deg_to_rad"",""error"":null}}","{""left"":{""values"":[-109.67397323314799,-10.888818222738337,1.060302734375,-6.115234375,-0.53631591796875,0.8013916015625],""received_at_ms"":1788495942459,""valid"":true,""status"":""STALE"",""error"":""Torque sample age 9845 ms exceeds 1500 ms"",""source"":""/left_jaka_driver/joint_torque_raw"",""age_ms"":9845,""fresh"":false},""right"":{""values"":[125.72656092233956,-0.2806396449159365,-4.561767578125,6.65771484375,0.369873046875,0.419189453125],""received_at_ms"":1788495942339,""valid"":true,""status"":""STALE"",""error"":""Torque sample age 9965 ms exceeds 1500 ms"",""source"":""/right_jaka_driver/joint_torque_raw"",""age_ms"":9965,""fresh"":false}}"
93,1788495952406,RUNNING,7.464,"{""left"":{""valid"":true,""status"":""VALID"",""sample_index"":311,""time_from_start_s"":7.464,""joints_rad"":[2.8383454964255304,0.5968440789577464,-1.5067027234575943,1.3255577171756525,-0.19155720592528402,0.6432916864498304],""source"":""LATEST SUCCESSFUL PHASE5 SERVO_J COMMAND \u2014 DRIVER MEMORY"",""error"":null},""right"":{""valid"":true,""status"":""VALID"",""sample_index"":311,""time_from_start_s"":7.464,""joints_rad"":[0.3039372858509925,2.5763487517864445,1.5156138091535392,-1.3207221688691464,3.3182477877864747,2.5177405050152197],""source"":""LATEST SUCCESSFUL PHASE5 SERVO_J COMMAND \u2014 DRIVER MEMORY"",""error"":null}}","{""left"":{""valid"":true,""fresh"":true,""status"":""FRESH"",""joints_rad"":[2.838476086408182,0.5969652615022073,-1.506799815513245,1.3256917114227738,-0.19134323842294154,0.6431362015344653],""received_at_ms"":1788495952363,""age_ms"":43,""source"":""jaka_port10000_actual_feedback"",""mapping"":""port10000_joint_actual_position_deg_to_rad"",""error"":null},""right"":{""valid"":true,""fresh"":true,""status"":""FRESH"",""joints_rad"":[0.3037462819757307,2.576256423325152,1.515790181023193,-1.3208880417225097,3.318075286096629,2.5178718437203633],""received_at_ms"":1788495952335,""age_ms"":71,""source"":""jaka_port10000_actual_feedback"",""mapping"":""port10000_joint_actual_position_deg_to_rad"",""error"":null}}","{""left"":{""values"":[-109.67397323314799,-10.888818222738337,1.060302734375,-6.115234375,-0.53631591796875,0.8013916015625],""received_at_ms"":1788495942459,""valid"":true,""status"":""STALE"",""error"":""Torque sample age 9947 ms exceeds 1500 ms"",""source"":""/left_jaka_driver/joint_torque_raw"",""age_ms"":9947,""fresh"":false},""right"":{""values"":[125.72656092233956,-0.2806396449159365,-4.561767578125,6.65771484375,0.369873046875,0.419189453125],""received_at_ms"":1788495942339,""valid"":true,""status"":""STALE"",""error"":""Torque sample age 10067 ms exceeds 1500 ms"",""source"":""/right_jaka_driver/joint_torque_raw"",""age_ms"":10067,""fresh"":false}}"
94,1788495952507,COMPLETED,7.4812967581047385,"{""left"":{""valid"":true,""status"":""VALID"",""sample_index"":312,""time_from_start_s"":7.4812967581047385,""joints_rad"":[2.838345263682904,0.5968440289392167,-1.5067025596081787,1.3255575465362743,-0.19155737013217294,0.6432917650694028],""source"":""LATEST SUCCESSFUL PHASE5 SERVO_J COMMAND \u2014 DRIVER MEMORY"",""error"":null},""right"":{""valid"":true,""status"":""VALID"",""sample_index"":312,""time_from_start_s"":7.4812967581047385,""joints_rad"":[0.3039375192463063,2.576348797859112,1.5156136437490983,-1.3207219919870925,3.318247946603638,2.5177404201652136],""source"":""LATEST SUCCESSFUL PHASE5 SERVO_J COMMAND \u2014 DRIVER MEMORY"",""error"":null}}","{""left"":{""valid"":true,""fresh"":true,""status"":""FRESH"",""joints_rad"":[2.8383682250604085,0.597013083523712,-1.506799815513245,1.3256917114227738,-0.19139106044444618,0.6430642939692831],""received_at_ms"":1788495952432,""age_ms"":75,""source"":""jaka_port10000_actual_feedback"",""mapping"":""port10000_joint_actual_position_deg_to_rad"",""error"":null},""right"":{""valid"":true,""fresh"":true,""status"":""FRESH"",""joints_rad"":[0.30393809366052493,2.5762204695425615,1.5156702769035808,-1.3207442265921454,3.318195190216241,2.5179437512855456],""received_at_ms"":1788495952411,""age_ms"":96,""source"":""jaka_port10000_actual_feedback"",""mapping"":""port10000_joint_actual_position_deg_to_rad"",""error"":null}}","{""left"":{""values"":[-109.67397323314799,-10.888818222738337,1.060302734375,-6.115234375,-0.53631591796875,0.8013916015625],""received_at_ms"":1788495942459,""valid"":true,""status"":""STALE"",""error"":""Torque sample age 10048 ms exceeds 1500 ms"",""source"":""/left_jaka_driver/joint_torque_raw"",""age_ms"":10048,""fresh"":false},""right"":{""values"":[125.72656092233956,-0.2806396449159365,-4.561767578125,6.65771484375,0.369873046875,0.419189453125],""received_at_ms"":1788495942339,""valid"":true,""status"":""STALE"",""error"":""Torque sample age 10168 ms exceeds 1500 ms"",""source"":""/right_jaka_driver/joint_torque_raw"",""age_ms"":10168,""fresh"":false}}"
