observation_index,capture_wall_time_ms,execution_state,timeline_s,commanded_json,actual_json,torque_json
0,1788495150275,ARMED,0.0,"{""left"":{""valid"":false,""status"":""MISSING"",""sample_index"":null,""time_from_start_s"":null,""joints_rad"":null,""source"":""LATEST SUCCESSFUL PHASE5 SERVO_J COMMAND \u2014 DRIVER MEMORY"",""error"":null},""right"":{""valid"":false,""status"":""MISSING"",""sample_index"":null,""time_from_start_s"":null,""joints_rad"":null,""source"":""LATEST SUCCESSFUL PHASE5 SERVO_J COMMAND \u2014 DRIVER MEMORY"",""error"":null}}","{""left"":{""valid"":true,""fresh"":true,""status"":""FRESH"",""joints_rad"":[3.045072106230152,0.6267220780511594,-1.6071796349148955,1.4871311765737452,-0.06071511775497714,0.5934018227684105],""received_at_ms"":1788495150234,""age_ms"":41,""source"":""jaka_port10000_actual_feedback"",""mapping"":""port10000_joint_actual_position_deg_to_rad"",""error"":null},""right"":{""valid"":true,""fresh"":true,""status"":""FRESH"",""joints_rad"":[0.09638318994750886,2.5492678735027883,1.6175721979458957,-1.4880441583054635,3.193295589219172,2.5726156665054924],""received_at_ms"":1788495150210,""age_ms"":65,""source"":""jaka_port10000_actual_feedback"",""mapping"":""port10000_joint_actual_position_deg_to_rad"",""error"":null}}","{""left"":{""values"":[-120.16989595300402,-10.271411003923276,3.082275390625,-6.386474609375,-0.0123291015625,0.64111328125],""received_at_ms"":1788495150177,""valid"":true,""status"":""VALID"",""error"":null,""source"":""/left_jaka_driver/joint_torque_raw"",""age_ms"":98,""fresh"":true},""right"":{""values"":[120.89955902978545,0.4490234318654984,-3.920654296875,8.359130859375,-0.2589111328125,0.2095947265625],""received_at_ms"":1788495149809,""valid"":true,""status"":""VALID"",""error"":null,""source"":""/right_jaka_driver/joint_torque_raw"",""age_ms"":466,""fresh"":true}}"
1,1788495150375,ARMED,0.0,"{""left"":{""valid"":false,""status"":""MISSING"",""sample_index"":null,""time_from_start_s"":null,""joints_rad"":null,""source"":""LATEST SUCCESSFUL PHASE5 SERVO_J COMMAND \u2014 DRIVER MEMORY"",""error"":null},""right"":{""valid"":false,""status"":""MISSING"",""sample_index"":null,""time_from_start_s"":null,""joints_rad"":null,""source"":""LATEST SUCCESSFUL PHASE5 SERVO_J COMMAND \u2014 DRIVER MEMORY"",""error"":null}}","{""left"":{""valid"":true,""fresh"":true,""status"":""FRESH"",""joints_rad"":[3.0450480206864747,0.6267100352793207,-1.6071796349148955,1.4871552621174227,-0.06071511775497714,0.5934018227684105],""received_at_ms"":1788495150311,""age_ms"":64,""source"":""jaka_port10000_actual_feedback"",""mapping"":""port10000_joint_actual_position_deg_to_rad"",""error"":null},""right"":{""valid"":true,""fresh"":true,""status"":""FRESH"",""joints_rad"":[0.09635927893675653,2.549231919720197,1.6175721979458957,-1.4880321155336247,3.193295589219172,2.572627709277331],""received_at_ms"":1788495150326,""age_ms"":49,""source"":""jaka_port10000_actual_feedback"",""mapping"":""port10000_joint_actual_position_deg_to_rad"",""error"":null}}","{""left"":{""values"":[-120.16989595300402,-10.271411003923276,3.082275390625,-6.386474609375,-0.0123291015625,0.64111328125],""received_at_ms"":1788495150177,""valid"":true,""status"":""VALID"",""error"":null,""source"":""/left_jaka_driver/joint_torque_raw"",""age_ms"":198,""fresh"":true},""right"":{""values"":[120.89955902978545,0.4490234318654984,-3.920654296875,8.359130859375,-0.2589111328125,0.2095947265625],""received_at_ms"":1788495149809,""valid"":true,""status"":""VALID"",""error"":null,""source"":""/right_jaka_driver/joint_torque_raw"",""age_ms"":566,""fresh"":true}}"
2,1788495150467,ARMED,0.0,"{""left"":{""valid"":false,""status"":""MISSING"",""sample_index"":null,""time_from_start_s"":null,""joints_rad"":null,""source"":""LATEST SUCCESSFUL PHASE5 SERVO_J COMMAND \u2014 DRIVER MEMORY"",""error"":null},""right"":{""valid"":false,""status"":""MISSING"",""sample_index"":null,""time_from_start_s"":null,""joints_rad"":null,""source"":""LATEST SUCCESSFUL PHASE5 SERVO_J COMMAND \u2014 DRIVER MEMORY"",""error"":null}}","{""left"":{""valid"":true,""fresh"":true,""status"":""FRESH"",""joints_rad"":[3.045072106230152,0.6267339462900731,-1.6071796349148955,1.4871311765737452,-0.06071511775497714,0.5934018227684105],""received_at_ms"":1788495150385,""age_ms"":82,""source"":""jaka_port10000_actual_feedback"",""mapping"":""port10000_joint_actual_position_deg_to_rad"",""error"":null},""right"":{""valid"":true,""fresh"":true,""status"":""FRESH"",""joints_rad"":[0.09638318994750886,2.5492439624920364,1.6175842407177345,-1.4880321155336247,3.1933076319910114,2.572627709277331],""received_at_ms"":1788495150437,""age_ms"":30,""source"":""jaka_port10000_actual_feedback"",""mapping"":""port10000_joint_actual_position_deg_to_rad"",""error"":null}}","{""left"":{""values"":[-120.16989595300402,-10.271411003923276,3.082275390625,-6.386474609375,-0.0123291015625,0.64111328125],""received_at_ms"":1788495150177,""valid"":true,""status"":""VALID"",""error"":null,""source"":""/left_jaka_driver/joint_torque_raw"",""age_ms"":290,""fresh"":true},""right"":{""values"":[120.89955902978545,0.4490234318654984,-3.920654296875,8.359130859375,-0.2589111328125,0.2095947265625],""received_at_ms"":1788495149809,""valid"":true,""status"":""VALID"",""error"":null,""source"":""/right_jaka_driver/joint_torque_raw"",""age_ms"":658,""fresh"":true}}"
3,1788495150567,ARMED,0.0,"{""left"":{""valid"":false,""status"":""MISSING"",""sample_index"":null,""time_from_start_s"":null,""joints_rad"":null,""source"":""LATEST SUCCESSFUL PHASE5 SERVO_J COMMAND \u2014 DRIVER MEMORY"",""error"":null},""right"":{""valid"":false,""status"":""MISSING"",""sample_index"":null,""time_from_start_s"":null,""joints_rad"":null,""source"":""LATEST SUCCESSFUL PHASE5 SERVO_J COMMAND \u2014 DRIVER MEMORY"",""error"":null}}","{""left"":{""valid"":true,""fresh"":true,""status"":""FRESH"",""joints_rad"":[3.0450480206864747,0.6267220780511594,-1.6071796349148955,1.4871193083348315,-0.06071511775497714,0.5934018227684105],""received_at_ms"":1788495150503,""age_ms"":64,""source"":""jaka_port10000_actual_feedback"",""mapping"":""port10000_joint_actual_position_deg_to_rad"",""error"":null},""right"":{""valid"":true,""fresh"":true,""status"":""FRESH"",""joints_rad"":[0.09638318994750886,2.549231919720197,1.6175601551740573,-1.4880321155336247,3.1933076319910114,2.5726156665054924],""received_at_ms"":1788495150509,""age_ms"":58,""source"":""jaka_port10000_actual_feedback"",""mapping"":""port10000_joint_actual_position_deg_to_rad"",""error"":null}}","{""left"":{""values"":[-120.16989595300402,-10.271411003923276,3.082275390625,-6.386474609375,-0.0123291015625,0.64111328125],""received_at_ms"":1788495150177,""valid"":true,""status"":""VALID"",""error"":null,""source"":""/left_jaka_driver/joint_torque_raw"",""age_ms"":390,""fresh"":true},""right"":{""values"":[120.89955902978545,0.4490234318654984,-3.920654296875,8.359130859375,-0.2589111328125,0.2095947265625],""received_at_ms"":1788495149809,""valid"":true,""status"":""VALID"",""error"":null,""source"":""/right_jaka_driver/joint_torque_raw"",""age_ms"":758,""fresh"":true}}"
4,1788495150668,ARMED,0.0,"{""left"":{""valid"":false,""status"":""MISSING"",""sample_index"":null,""time_from_start_s"":null,""joints_rad"":null,""source"":""LATEST SUCCESSFUL PHASE5 SERVO_J COMMAND \u2014 DRIVER MEMORY"",""error"":null},""right"":{""valid"":false,""status"":""MISSING"",""sample_index"":null,""time_from_start_s"":null,""joints_rad"":null,""source"":""LATEST SUCCESSFUL PHASE5 SERVO_J COMMAND \u2014 DRIVER MEMORY"",""error"":null}}","{""left"":{""valid"":true,""fresh"":true,""status"":""FRESH"",""joints_rad"":[3.0450600634583136,0.6267339462900731,-1.6071796349148955,1.4871311765737452,-0.06071511775497714,0.5934136910073241],""received_at_ms"":1788495150666,""age_ms"":2,""source"":""jaka_port10000_actual_feedback"",""mapping"":""port10000_joint_actual_position_deg_to_rad"",""error"":null},""right"":{""valid"":true,""fresh"":true,""status"":""FRESH"",""joints_rad"":[0.0963713217085953,2.5492439624920364,1.6175721979458957,-1.4880321155336247,3.1933076319910114,2.5726156665054924],""received_at_ms"":1788495150581,""age_ms"":87,""source"":""jaka_port10000_actual_feedback"",""mapping"":""port10000_joint_actual_position_deg_to_rad"",""error"":null}}","{""left"":{""values"":[-120.16989595300402,-10.271411003923276,3.082275390625,-6.386474609375,-0.0123291015625,0.64111328125],""received_at_ms"":1788495150177,""valid"":true,""status"":""VALID"",""error"":null,""source"":""/left_jaka_driver/joint_torque_raw"",""age_ms"":491,""fresh"":true},""right"":{""values"":[120.89955902978545,0.4490234318654984,-3.920654296875,8.359130859375,-0.2589111328125,0.2095947265625],""received_at_ms"":1788495149809,""valid"":true,""status"":""VALID"",""error"":null,""source"":""/right_jaka_driver/joint_torque_raw"",""age_ms"":859,""fresh"":true}}"
5,1788495150780,ARMED,0.0,"{""left"":{""valid"":false,""status"":""MISSING"",""sample_index"":null,""time_from_start_s"":null,""joints_rad"":null,""source"":""LATEST SUCCESSFUL PHASE5 SERVO_J COMMAND \u2014 DRIVER MEMORY"",""error"":null},""right"":{""valid"":false,""status"":""MISSING"",""sample_index"":null,""time_from_start_s"":null,""joints_rad"":null,""source"":""LATEST SUCCESSFUL PHASE5 SERVO_J COMMAND \u2014 DRIVER MEMORY"",""error"":null}}","{""left"":{""valid"":true,""fresh"":true,""status"":""FRESH"",""joints_rad"":[3.045072106230152,0.6267339462900731,-1.6071557239041434,1.487143219345584,-0.06070307498313838,0.5934257337791629],""received_at_ms"":1788495150775,""age_ms"":5,""source"":""jaka_port10000_actual_feedback"",""mapping"":""port10000_joint_actual_position_deg_to_rad"",""error"":null},""right"":{""valid"":true,""fresh"":true,""status"":""FRESH"",""joints_rad"":[0.09638318994750886,2.549231919720197,1.6175721979458957,-1.4880321155336247,3.1933076319910114,2.5726037982665786],""received_at_ms"":1788495150691,""age_ms"":89,""source"":""jaka_port10000_actual_feedback"",""mapping"":""port10000_joint_actual_position_deg_to_rad"",""error"":null}}","{""left"":{""values"":[-120.16989595300402,-10.271411003923276,3.082275390625,-6.386474609375,-0.0123291015625,0.64111328125],""received_at_ms"":1788495150177,""valid"":true,""status"":""VALID"",""error"":null,""source"":""/left_jaka_driver/joint_torque_raw"",""age_ms"":603,""fresh"":true},""right"":{""values"":[120.89955902978545,0.4490234318654984,-3.920654296875,8.359130859375,-0.2589111328125,0.2095947265625],""received_at_ms"":1788495149809,""valid"":true,""status"":""VALID"",""error"":null,""source"":""/right_jaka_driver/joint_torque_raw"",""age_ms"":971,""fresh"":true}}"
6,1788495150870,ARMED,0.0,"{""left"":{""valid"":false,""status"":""MISSING"",""sample_index"":null,""time_from_start_s"":null,""joints_rad"":null,""source"":""LATEST SUCCESSFUL PHASE5 SERVO_J COMMAND \u2014 DRIVER MEMORY"",""error"":null},""right"":{""valid"":false,""status"":""MISSING"",""sample_index"":null,""time_from_start_s"":null,""joints_rad"":null,""source"":""LATEST SUCCESSFUL PHASE5 SERVO_J COMMAND \u2014 DRIVER MEMORY"",""error"":null}}","{""left"":{""valid"":true,""fresh"":true,""status"":""FRESH"",""joints_rad"":[3.045072106230152,0.6267339462900731,-1.6071557239041434,1.487143219345584,-0.06070307498313838,0.5934257337791629],""received_at_ms"":1788495150775,""age_ms"":95,""source"":""jaka_port10000_actual_feedback"",""mapping"":""port10000_joint_actual_position_deg_to_rad"",""error"":null},""right"":{""valid"":true,""fresh"":true,""status"":""FRESH"",""joints_rad"":[0.09639523271934762,2.5492439624920364,1.6175721979458957,-1.4880321155336247,3.1933076319910114,2.572627709277331],""received_at_ms"":1788495150805,""age_ms"":65,""source"":""jaka_port10000_actual_feedback"",""mapping"":""port10000_joint_actual_position_deg_to_rad"",""error"":null}}","{""left"":{""values"":[-120.16989595300402,-10.271411003923276,3.082275390625,-6.386474609375,-0.0123291015625,0.64111328125],""received_at_ms"":1788495150177,""valid"":true,""status"":""VALID"",""error"":null,""source"":""/left_jaka_driver/joint_torque_raw"",""age_ms"":693,""fresh"":true},""right"":{""values"":[120.89955902978545,0.4490234318654984,-3.920654296875,8.359130859375,-0.2589111328125,0.2095947265625],""received_at_ms"":1788495149809,""valid"":true,""status"":""VALID"",""error"":null,""source"":""/right_jaka_driver/joint_torque_raw"",""age_ms"":1061,""fresh"":true}}"
7,1788495150971,ARMED,0.0,"{""left"":{""valid"":false,""status"":""MISSING"",""sample_index"":null,""time_from_start_s"":null,""joints_rad"":null,""source"":""LATEST SUCCESSFUL PHASE5 SERVO_J COMMAND \u2014 DRIVER MEMORY"",""error"":null},""right"":{""valid"":false,""status"":""MISSING"",""sample_index"":null,""time_from_start_s"":null,""joints_rad"":null,""source"":""LATEST SUCCESSFUL PHASE5 SERVO_J COMMAND \u2014 DRIVER MEMORY"",""error"":null}}","{""left"":{""valid"":true,""fresh"":true,""status"":""FRESH"",""joints_rad"":[3.045072106230152,0.6267339462900731,-1.6071557239041434,1.4871311765737452,-0.06071511775497714,0.5933897799965717],""received_at_ms"":1788495150906,""age_ms"":65,""source"":""jaka_port10000_actual_feedback"",""mapping"":""port10000_joint_actual_position_deg_to_rad"",""error"":null},""right"":{""valid"":true,""fresh"":true,""status"":""FRESH"",""joints_rad"":[0.09638318994750886,2.5492439624920364,1.6175721979458957,-1.4880321155336247,3.193295589219172,2.5726156665054924],""received_at_ms"":1788495150920,""age_ms"":51,""source"":""jaka_port10000_actual_feedback"",""mapping"":""port10000_joint_actual_position_deg_to_rad"",""error"":null}}","{""left"":{""values"":[-120.16989595300402,-10.271411003923276,3.082275390625,-6.386474609375,-0.0123291015625,0.64111328125],""received_at_ms"":1788495150177,""valid"":true,""status"":""VALID"",""error"":null,""source"":""/left_jaka_driver/joint_torque_raw"",""age_ms"":794,""fresh"":true},""right"":{""values"":[120.89955902978545,0.4490234318654984,-3.920654296875,8.359130859375,-0.2589111328125,0.2095947265625],""received_at_ms"":1788495149809,""valid"":true,""status"":""VALID"",""error"":null,""source"":""/right_jaka_driver/joint_torque_raw"",""age_ms"":1162,""fresh"":true}}"
8,1788495151072,ARMED,0.0,"{""left"":{""valid"":false,""status"":""MISSING"",""sample_index"":null,""time_from_start_s"":null,""joints_rad"":null,""source"":""LATEST SUCCESSFUL PHASE5 SERVO_J COMMAND \u2014 DRIVER MEMORY"",""error"":null},""right"":{""valid"":false,""status"":""MISSING"",""sample_index"":null,""time_from_start_s"":null,""joints_rad"":null,""source"":""LATEST SUCCESSFUL PHASE5 SERVO_J COMMAND \u2014 DRIVER MEMORY"",""error"":null}}","{""left"":{""valid"":true,""fresh"":true,""status"":""FRESH"",""joints_rad"":[3.0450600634583136,0.6267220780511594,-1.607167592143057,1.487143219345584,-0.06071511775497714,0.5934136910073241],""received_at_ms"":1788495151023,""age_ms"":49,""source"":""jaka_port10000_actual_feedback"",""mapping"":""port10000_joint_actual_position_deg_to_rad"",""error"":null},""right"":{""valid"":true,""fresh"":true,""status"":""FRESH"",""joints_rad"":[0.09635927893675653,2.549231919720197,1.6175842407177345,-1.488020072761786,3.193295589219172,2.5726156665054924],""received_at_ms"":1788495151064,""age_ms"":8,""source"":""jaka_port10000_actual_feedback"",""mapping"":""port10000_joint_actual_position_deg_to_rad"",""error"":null}}","{""left"":{""values"":[-120.16989595300402,-10.271411003923276,3.082275390625,-6.386474609375,-0.0123291015625,0.64111328125],""received_at_ms"":1788495150177,""valid"":true,""status"":""VALID"",""error"":null,""source"":""/left_jaka_driver/joint_torque_raw"",""age_ms"":895,""fresh"":true},""right"":{""values"":[120.89955902978545,0.4490234318654984,-3.920654296875,8.359130859375,-0.2589111328125,0.2095947265625],""received_at_ms"":1788495149809,""valid"":true,""status"":""VALID"",""error"":null,""source"":""/right_jaka_driver/joint_torque_raw"",""age_ms"":1263,""fresh"":true}}"
9,1788495151173,ARMED,0.0,"{""left"":{""valid"":false,""status"":""MISSING"",""sample_index"":null,""time_from_start_s"":null,""joints_rad"":null,""source"":""LATEST SUCCESSFUL PHASE5 SERVO_J COMMAND \u2014 DRIVER MEMORY"",""error"":null},""right"":{""valid"":false,""status"":""MISSING"",""sample_index"":null,""time_from_start_s"":null,""joints_rad"":null,""source"":""LATEST SUCCESSFUL PHASE5 SERVO_J COMMAND \u2014 DRIVER MEMORY"",""error"":null}}","{""left"":{""valid"":true,""fresh"":true,""status"":""FRESH"",""joints_rad"":[3.0450480206864747,0.6267339462900731,-1.607167592143057,1.4871311765737452,-0.06071511775497714,0.5934257337791629],""received_at_ms"":1788495151163,""age_ms"":10,""source"":""jaka_port10000_actual_feedback"",""mapping"":""port10000_joint_actual_position_deg_to_rad"",""error"":null},""right"":{""valid"":true,""fresh"":true,""status"":""FRESH"",""joints_rad"":[0.09635927893675653,2.549231919720197,1.6175842407177345,-1.488020072761786,3.193295589219172,2.5726156665054924],""received_at_ms"":1788495151064,""age_ms"":109,""source"":""jaka_port10000_actual_feedback"",""mapping"":""port10000_joint_actual_position_deg_to_rad"",""error"":null}}","{""left"":{""values"":[-120.16989595300402,-10.271411003923276,3.082275390625,-6.386474609375,-0.0123291015625,0.64111328125],""received_at_ms"":1788495150177,""valid"":true,""status"":""VALID"",""error"":null,""source"":""/left_jaka_driver/joint_torque_raw"",""age_ms"":996,""fresh"":true},""right"":{""values"":[120.89955902978545,0.4490234318654984,-3.920654296875,8.359130859375,-0.2589111328125,0.2095947265625],""received_at_ms"":1788495149809,""valid"":true,""status"":""VALID"",""error"":null,""source"":""/right_jaka_driver/joint_torque_raw"",""age_ms"":1364,""fresh"":true}}"
10,1788495151274,ARMED,0.0,"{""left"":{""valid"":false,""status"":""MISSING"",""sample_index"":null,""time_from_start_s"":null,""joints_rad"":null,""source"":""LATEST SUCCESSFUL PHASE5 SERVO_J COMMAND \u2014 DRIVER MEMORY"",""error"":null},""right"":{""valid"":false,""status"":""MISSING"",""sample_index"":null,""time_from_start_s"":null,""joints_rad"":null,""source"":""LATEST SUCCESSFUL PHASE5 SERVO_J COMMAND \u2014 DRIVER MEMORY"",""error"":null}}","{""left"":{""valid"":true,""fresh"":true,""status"":""FRESH"",""joints_rad"":[3.0450480206864747,0.6267339462900731,-1.607167592143057,1.4871311765737452,-0.06071511775497714,0.5934257337791629],""received_at_ms"":1788495151163,""age_ms"":111,""source"":""jaka_port10000_actual_feedback"",""mapping"":""port10000_joint_actual_position_deg_to_rad"",""error"":null},""right"":{""valid"":true,""fresh"":true,""status"":""FRESH"",""joints_rad"":[0.09638318994750886,2.5492439624920364,1.6175721979458957,-1.4880321155336247,3.1933076319910114,2.5726156665054924],""received_at_ms"":1788495151175,""age_ms"":99,""source"":""jaka_port10000_actual_feedback"",""mapping"":""port10000_joint_actual_position_deg_to_rad"",""error"":null}}","{""left"":{""values"":[-120.16989595300402,-10.271411003923276,3.082275390625,-6.386474609375,-0.0123291015625,0.64111328125],""received_at_ms"":1788495150177,""valid"":true,""status"":""VALID"",""error"":null,""source"":""/left_jaka_driver/joint_torque_raw"",""age_ms"":1097,""fresh"":true},""right"":{""values"":[120.89955902978545,0.4490234318654984,-3.920654296875,8.359130859375,-0.2589111328125,0.2095947265625],""received_at_ms"":1788495149809,""valid"":true,""status"":""VALID"",""error"":null,""source"":""/right_jaka_driver/joint_torque_raw"",""age_ms"":1465,""fresh"":true}}"
11,1788495151374,ARMED,0.0,"{""left"":{""valid"":false,""status"":""MISSING"",""sample_index"":null,""time_from_start_s"":null,""joints_rad"":null,""source"":""LATEST SUCCESSFUL PHASE5 SERVO_J COMMAND \u2014 DRIVER MEMORY"",""error"":null},""right"":{""valid"":false,""status"":""MISSING"",""sample_index"":null,""time_from_start_s"":null,""joints_rad"":null,""source"":""LATEST SUCCESSFUL PHASE5 SERVO_J COMMAND \u2014 DRIVER MEMORY"",""error"":null}}","{""left"":{""valid"":true,""fresh"":true,""status"":""FRESH"",""joints_rad"":[3.045072106230152,0.6267220780511594,-1.607167592143057,1.4871311765737452,-0.06070307498313838,0.5934257337791629],""received_at_ms"":1788495151276,""age_ms"":98,""source"":""jaka_port10000_actual_feedback"",""mapping"":""port10000_joint_actual_position_deg_to_rad"",""error"":null},""right"":{""valid"":true,""fresh"":true,""status"":""FRESH"",""joints_rad"":[0.09638318994750886,2.549256005263875,1.6175842407177345,-1.4880441583054635,3.1933076319910114,2.5726037982665786],""received_at_ms"":1788495151292,""age_ms"":82,""source"":""jaka_port10000_actual_feedback"",""mapping"":""port10000_joint_actual_position_deg_to_rad"",""error"":null}}","{""left"":{""values"":[-120.16989595300402,-10.271411003923276,3.082275390625,-6.386474609375,-0.0123291015625,0.64111328125],""received_at_ms"":1788495150177,""valid"":true,""status"":""VALID"",""error"":null,""source"":""/left_jaka_driver/joint_torque_raw"",""age_ms"":1197,""fresh"":true},""right"":{""values"":[120.89955902978545,0.4490234318654984,-3.920654296875,8.359130859375,-0.2589111328125,0.2095947265625],""received_at_ms"":1788495149809,""valid"":true,""status"":""STALE"",""error"":""Torque sample age 1565 ms exceeds 1500 ms"",""source"":""/right_jaka_driver/joint_torque_raw"",""age_ms"":1565,""fresh"":false}}"
12,1788495151477,ARMED,0.0,"{""left"":{""valid"":false,""status"":""MISSING"",""sample_index"":null,""time_from_start_s"":null,""joints_rad"":null,""source"":""LATEST SUCCESSFUL PHASE5 SERVO_J COMMAND \u2014 DRIVER MEMORY"",""error"":null},""right"":{""valid"":false,""status"":""MISSING"",""sample_index"":null,""time_from_start_s"":null,""joints_rad"":null,""source"":""LATEST SUCCESSFUL PHASE5 SERVO_J COMMAND \u2014 DRIVER MEMORY"",""error"":null}}","{""left"":{""valid"":true,""fresh"":true,""status"":""FRESH"",""joints_rad"":[3.045072106230152,0.6267100352793207,-1.607167592143057,1.4871193083348315,-0.06070307498313838,0.5934257337791629],""received_at_ms"":1788495151456,""age_ms"":21,""source"":""jaka_port10000_actual_feedback"",""mapping"":""port10000_joint_actual_position_deg_to_rad"",""error"":null},""right"":{""valid"":true,""fresh"":true,""status"":""FRESH"",""joints_rad"":[0.09638318994750886,2.5492439624920364,1.6175721979458957,-1.488020072761786,3.1933076319910114,2.5726037982665786],""received_at_ms"":1788495151387,""age_ms"":90,""source"":""jaka_port10000_actual_feedback"",""mapping"":""port10000_joint_actual_position_deg_to_rad"",""error"":null}}","{""left"":{""values"":[-120.16989595300402,-10.271411003923276,3.082275390625,-6.386474609375,-0.0123291015625,0.64111328125],""received_at_ms"":1788495150177,""valid"":true,""status"":""VALID"",""error"":null,""source"":""/left_jaka_driver/joint_torque_raw"",""age_ms"":1300,""fresh"":true},""right"":{""values"":[120.89955902978545,0.4490234318654984,-3.920654296875,8.359130859375,-0.2589111328125,0.2095947265625],""received_at_ms"":1788495149809,""valid"":true,""status"":""STALE"",""error"":""Torque sample age 1668 ms exceeds 1500 ms"",""source"":""/right_jaka_driver/joint_torque_raw"",""age_ms"":1668,""fresh"":false}}"
13,1788495151578,ARMED,0.0,"{""left"":{""valid"":false,""status"":""MISSING"",""sample_index"":null,""time_from_start_s"":null,""joints_rad"":null,""source"":""LATEST SUCCESSFUL PHASE5 SERVO_J COMMAND \u2014 DRIVER MEMORY"",""error"":null},""right"":{""valid"":false,""status"":""MISSING"",""sample_index"":null,""time_from_start_s"":null,""joints_rad"":null,""source"":""LATEST SUCCESSFUL PHASE5 SERVO_J COMMAND \u2014 DRIVER MEMORY"",""error"":null}}","{""left"":{""valid"":true,""fresh"":true,""status"":""FRESH"",""joints_rad"":[3.0450600634583136,0.6267220780511594,-1.6071557239041434,1.4871311765737452,-0.06071511775497714,0.5934257337791629],""received_at_ms"":1788495151525,""age_ms"":53,""source"":""jaka_port10000_actual_feedback"",""mapping"":""port10000_joint_actual_position_deg_to_rad"",""error"":null},""right"":{""valid"":true,""fresh"":true,""status"":""FRESH"",""joints_rad"":[0.0963713217085953,2.549231919720197,1.6175721979458957,-1.4880441583054635,3.1933076319910114,2.5726156665054924],""received_at_ms"":1788495151547,""age_ms"":31,""source"":""jaka_port10000_actual_feedback"",""mapping"":""port10000_joint_actual_position_deg_to_rad"",""error"":null}}","{""left"":{""values"":[-120.16989595300402,-10.271411003923276,3.082275390625,-6.386474609375,-0.0123291015625,0.64111328125],""received_at_ms"":1788495150177,""valid"":true,""status"":""VALID"",""error"":null,""source"":""/left_jaka_driver/joint_torque_raw"",""age_ms"":1400,""fresh"":true},""right"":{""values"":[120.89955902978545,0.4490234318654984,-3.920654296875,8.359130859375,-0.2589111328125,0.2095947265625],""received_at_ms"":1788495149809,""valid"":true,""status"":""STALE"",""error"":""Torque sample age 1768 ms exceeds 1500 ms"",""source"":""/right_jaka_driver/joint_torque_raw"",""age_ms"":1768,""fresh"":false}}"
14,1788495151680,ARMED,0.0,"{""left"":{""valid"":false,""status"":""MISSING"",""sample_index"":null,""time_from_start_s"":null,""joints_rad"":null,""source"":""LATEST SUCCESSFUL PHASE5 SERVO_J COMMAND \u2014 DRIVER MEMORY"",""error"":null},""right"":{""valid"":false,""status"":""MISSING"",""sample_index"":null,""time_from_start_s"":null,""joints_rad"":null,""source"":""LATEST SUCCESSFUL PHASE5 SERVO_J COMMAND \u2014 DRIVER MEMORY"",""error"":null}}","{""left"":{""valid"":true,""fresh"":true,""status"":""FRESH"",""joints_rad"":[3.0450480206864747,0.6267220780511594,-1.6071557239041434,1.4871311765737452,-0.06071511775497714,0.5934136910073241],""received_at_ms"":1788495151635,""age_ms"":45,""source"":""jaka_port10000_actual_feedback"",""mapping"":""port10000_joint_actual_position_deg_to_rad"",""error"":null},""right"":{""valid"":true,""fresh"":true,""status"":""FRESH"",""joints_rad"":[0.09640727549118637,2.5492439624920364,1.6175601551740573,-1.4880321155336247,3.1933076319910114,2.5726156665054924],""received_at_ms"":1788495151655,""age_ms"":25,""source"":""jaka_port10000_actual_feedback"",""mapping"":""port10000_joint_actual_position_deg_to_rad"",""error"":null}}","{""left"":{""values"":[-120.16989595300402,-10.271411003923276,3.082275390625,-6.386474609375,-0.0123291015625,0.64111328125],""received_at_ms"":1788495150177,""valid"":true,""status"":""STALE"",""error"":""Torque sample age 1503 ms exceeds 1500 ms"",""source"":""/left_jaka_driver/joint_torque_raw"",""age_ms"":1503,""fresh"":false},""right"":{""values"":[120.89955902978545,0.4490234318654984,-3.920654296875,8.359130859375,-0.2589111328125,0.2095947265625],""received_at_ms"":1788495149809,""valid"":true,""status"":""STALE"",""error"":""Torque sample age 1871 ms exceeds 1500 ms"",""source"":""/right_jaka_driver/joint_torque_raw"",""age_ms"":1871,""fresh"":false}}"
15,1788495151777,ARMED,0.0,"{""left"":{""valid"":false,""status"":""MISSING"",""sample_index"":null,""time_from_start_s"":null,""joints_rad"":null,""source"":""LATEST SUCCESSFUL PHASE5 SERVO_J COMMAND \u2014 DRIVER MEMORY"",""error"":null},""right"":{""valid"":false,""status"":""MISSING"",""sample_index"":null,""time_from_start_s"":null,""joints_rad"":null,""source"":""LATEST SUCCESSFUL PHASE5 SERVO_J COMMAND \u2014 DRIVER MEMORY"",""error"":null}}","{""left"":{""valid"":true,""fresh"":true,""status"":""FRESH"",""joints_rad"":[3.045072106230152,0.6267339462900731,-1.607167592143057,1.4871552621174227,-0.06070307498313838,0.5934018227684105],""received_at_ms"":1788495151750,""age_ms"":27,""source"":""jaka_port10000_actual_feedback"",""mapping"":""port10000_joint_actual_position_deg_to_rad"",""error"":null},""right"":{""valid"":true,""fresh"":true,""status"":""FRESH"",""joints_rad"":[0.09638318994750886,2.5492439624920364,1.6175721979458957,-1.4880441583054635,3.193295589219172,2.572627709277331],""received_at_ms"":1788495151726,""age_ms"":51,""source"":""jaka_port10000_actual_feedback"",""mapping"":""port10000_joint_actual_position_deg_to_rad"",""error"":null}}","{""left"":{""values"":[-120.16989595300402,-10.271411003923276,3.082275390625,-6.386474609375,-0.0123291015625,0.64111328125],""received_at_ms"":1788495150177,""valid"":true,""status"":""STALE"",""error"":""Torque sample age 1600 ms exceeds 1500 ms"",""source"":""/left_jaka_driver/joint_torque_raw"",""age_ms"":1600,""fresh"":false},""right"":{""values"":[120.89955902978545,0.4490234318654984,-3.920654296875,8.359130859375,-0.2589111328125,0.2095947265625],""received_at_ms"":1788495149809,""valid"":true,""status"":""STALE"",""error"":""Torque sample age 1968 ms exceeds 1500 ms"",""source"":""/right_jaka_driver/joint_torque_raw"",""age_ms"":1968,""fresh"":false}}"
16,1788495151884,ARMED,0.0,"{""left"":{""valid"":false,""status"":""MISSING"",""sample_index"":null,""time_from_start_s"":null,""joints_rad"":null,""source"":""LATEST SUCCESSFUL PHASE5 SERVO_J COMMAND \u2014 DRIVER MEMORY"",""error"":null},""right"":{""valid"":false,""status"":""MISSING"",""sample_index"":null,""time_from_start_s"":null,""joints_rad"":null,""source"":""LATEST SUCCESSFUL PHASE5 SERVO_J COMMAND \u2014 DRIVER MEMORY"",""error"":null}}","{""left"":{""valid"":true,""fresh"":true,""status"":""FRESH"",""joints_rad"":[3.045072106230152,0.6267100352793207,-1.607167592143057,1.487143219345584,-0.06071511775497714,0.5934018227684105],""received_at_ms"":1788495151820,""age_ms"":64,""source"":""jaka_port10000_actual_feedback"",""mapping"":""port10000_joint_actual_position_deg_to_rad"",""error"":null},""right"":{""valid"":true,""fresh"":true,""status"":""FRESH"",""joints_rad"":[0.09638318994750886,2.549256005263875,1.6175601551740573,-1.4880321155336247,3.1933076319910114,2.5726156665054924],""received_at_ms"":1788495151822,""age_ms"":62,""source"":""jaka_port10000_actual_feedback"",""mapping"":""port10000_joint_actual_position_deg_to_rad"",""error"":null}}","{""left"":{""values"":[-120.16989595300402,-10.271411003923276,3.082275390625,-6.386474609375,-0.0123291015625,0.64111328125],""received_at_ms"":1788495150177,""valid"":true,""status"":""STALE"",""error"":""Torque sample age 1707 ms exceeds 1500 ms"",""source"":""/left_jaka_driver/joint_torque_raw"",""age_ms"":1707,""fresh"":false},""right"":{""values"":[120.89955902978545,0.4490234318654984,-3.920654296875,8.359130859375,-0.2589111328125,0.2095947265625],""received_at_ms"":1788495149809,""valid"":true,""status"":""STALE"",""error"":""Torque sample age 2075 ms exceeds 1500 ms"",""source"":""/right_jaka_driver/joint_torque_raw"",""age_ms"":2075,""fresh"":false}}"
17,1788495151986,ARMED,0.0,"{""left"":{""valid"":false,""status"":""MISSING"",""sample_index"":null,""time_from_start_s"":null,""joints_rad"":null,""source"":""LATEST SUCCESSFUL PHASE5 SERVO_J COMMAND \u2014 DRIVER MEMORY"",""error"":null},""right"":{""valid"":false,""status"":""MISSING"",""sample_index"":null,""time_from_start_s"":null,""joints_rad"":null,""source"":""LATEST SUCCESSFUL PHASE5 SERVO_J COMMAND \u2014 DRIVER MEMORY"",""error"":null}}","{""left"":{""valid"":true,""fresh"":true,""status"":""FRESH"",""joints_rad"":[3.0450600634583136,0.6267220780511594,-1.6071796349148955,1.4871193083348315,-0.060727160526815906,0.5934018227684105],""received_at_ms"":1788495151891,""age_ms"":95,""source"":""jaka_port10000_actual_feedback"",""mapping"":""port10000_joint_actual_position_deg_to_rad"",""error"":null},""right"":{""valid"":true,""fresh"":true,""status"":""FRESH"",""joints_rad"":[0.0963713217085953,2.5492439624920364,1.6175721979458957,-1.4880321155336247,3.1933076319910114,2.5726156665054924],""received_at_ms"":1788495151904,""age_ms"":82,""source"":""jaka_port10000_actual_feedback"",""mapping"":""port10000_joint_actual_position_deg_to_rad"",""error"":null}}","{""left"":{""values"":[-120.16989595300402,-10.271411003923276,3.082275390625,-6.386474609375,-0.0123291015625,0.64111328125],""received_at_ms"":1788495150177,""valid"":true,""status"":""STALE"",""error"":""Torque sample age 1809 ms exceeds 1500 ms"",""source"":""/left_jaka_driver/joint_torque_raw"",""age_ms"":1809,""fresh"":false},""right"":{""values"":[120.89955902978545,0.4490234318654984,-3.920654296875,8.359130859375,-0.2589111328125,0.2095947265625],""received_at_ms"":1788495149809,""valid"":true,""status"":""STALE"",""error"":""Torque sample age 2177 ms exceeds 1500 ms"",""source"":""/right_jaka_driver/joint_torque_raw"",""age_ms"":2177,""fresh"":false}}"
18,1788495152087,ARMED,0.0,"{""left"":{""valid"":false,""status"":""MISSING"",""sample_index"":null,""time_from_start_s"":null,""joints_rad"":null,""source"":""LATEST SUCCESSFUL PHASE5 SERVO_J COMMAND \u2014 DRIVER MEMORY"",""error"":null},""right"":{""valid"":false,""status"":""MISSING"",""sample_index"":null,""time_from_start_s"":null,""joints_rad"":null,""source"":""LATEST SUCCESSFUL PHASE5 SERVO_J COMMAND \u2014 DRIVER MEMORY"",""error"":null}}","{""left"":{""valid"":true,""fresh"":true,""status"":""FRESH"",""joints_rad"":[3.0450480206864747,0.6267220780511594,-1.607167592143057,1.4871193083348315,-0.06071511775497714,0.5934257337791629],""received_at_ms"":1788495152072,""age_ms"":15,""source"":""jaka_port10000_actual_feedback"",""mapping"":""port10000_joint_actual_position_deg_to_rad"",""error"":null},""right"":{""valid"":true,""fresh"":true,""status"":""FRESH"",""joints_rad"":[0.09638318994750886,2.5492439624920364,1.6175961089566482,-1.4880441583054635,3.1933076319910114,2.5726156665054924],""received_at_ms"":1788495152085,""age_ms"":2,""source"":""jaka_port10000_actual_feedback"",""mapping"":""port10000_joint_actual_position_deg_to_rad"",""error"":null}}","{""left"":{""values"":[-120.16989595300402,-10.271411003923276,3.082275390625,-6.386474609375,-0.0123291015625,0.64111328125],""received_at_ms"":1788495150177,""valid"":true,""status"":""STALE"",""error"":""Torque sample age 1910 ms exceeds 1500 ms"",""source"":""/left_jaka_driver/joint_torque_raw"",""age_ms"":1910,""fresh"":false},""right"":{""values"":[120.89955902978545,0.4490234318654984,-3.920654296875,8.359130859375,-0.2589111328125,0.2095947265625],""received_at_ms"":1788495149809,""valid"":true,""status"":""STALE"",""error"":""Torque sample age 2278 ms exceeds 1500 ms"",""source"":""/right_jaka_driver/joint_torque_raw"",""age_ms"":2278,""fresh"":false}}"
19,1788495152183,ARMED,0.0,"{""left"":{""valid"":false,""status"":""MISSING"",""sample_index"":null,""time_from_start_s"":null,""joints_rad"":null,""source"":""LATEST SUCCESSFUL PHASE5 SERVO_J COMMAND \u2014 DRIVER MEMORY"",""error"":null},""right"":{""valid"":false,""status"":""MISSING"",""sample_index"":null,""time_from_start_s"":null,""joints_rad"":null,""source"":""LATEST SUCCESSFUL PHASE5 SERVO_J COMMAND \u2014 DRIVER MEMORY"",""error"":null}}","{""left"":{""valid"":true,""fresh"":true,""status"":""FRESH"",""joints_rad"":[3.0450480206864747,0.6267220780511594,-1.6071557239041434,1.4871311765737452,-0.06070307498313838,0.5934018227684105],""received_at_ms"":1788495152145,""age_ms"":38,""source"":""jaka_port10000_actual_feedback"",""mapping"":""port10000_joint_actual_position_deg_to_rad"",""error"":null},""right"":{""valid"":true,""fresh"":true,""status"":""FRESH"",""joints_rad"":[0.0963713217085953,2.549256005263875,1.6175601551740573,-1.4880441583054635,3.193295589219172,2.5726156665054924],""received_at_ms"":1788495152154,""age_ms"":29,""source"":""jaka_port10000_actual_feedback"",""mapping"":""port10000_joint_actual_position_deg_to_rad"",""error"":null}}","{""left"":{""values"":[-120.16989595300402,-10.271411003923276,3.082275390625,-6.386474609375,-0.0123291015625,0.64111328125],""received_at_ms"":1788495150177,""valid"":true,""status"":""STALE"",""error"":""Torque sample age 2006 ms exceeds 1500 ms"",""source"":""/left_jaka_driver/joint_torque_raw"",""age_ms"":2006,""fresh"":false},""right"":{""values"":[120.89955902978545,0.4490234318654984,-3.920654296875,8.359130859375,-0.2589111328125,0.2095947265625],""received_at_ms"":1788495149809,""valid"":true,""status"":""STALE"",""error"":""Torque sample age 2374 ms exceeds 1500 ms"",""source"":""/right_jaka_driver/joint_torque_raw"",""age_ms"":2374,""fresh"":false}}"
20,1788495152286,RUNNING,0.0,"{""left"":{""valid"":true,""status"":""VALID"",""sample_index"":0,""time_from_start_s"":0.0,""joints_rad"":[3.0450517704129116,0.6267206069784169,-1.6071778361698241,1.4871311152077664,-0.06072363808213715,0.5934108316920045],""source"":""LATEST SUCCESSFUL PHASE5 SERVO_J COMMAND \u2014 DRIVER MEMORY"",""error"":null},""right"":{""valid"":true,""status"":""VALID"",""sample_index"":0,""time_from_start_s"":0.0,""joints_rad"":[0.09637723382025788,2.5492407473768472,1.6175705227927162,-1.4880407131325493,3.1932998925610243,2.5726108535044667],""source"":""LATEST SUCCESSFUL PHASE5 SERVO_J COMMAND \u2014 DRIVER MEMORY"",""error"":null}}","{""left"":{""valid"":true,""fresh"":true,""status"":""FRESH"",""joints_rad"":[3.0450600634583136,0.6267220780511594,-1.607167592143057,1.4871311765737452,-0.06071511775497714,0.5934136910073241],""received_at_ms"":1788495152270,""age_ms"":16,""source"":""jaka_port10000_actual_feedback"",""mapping"":""port10000_joint_actual_position_deg_to_rad"",""error"":null},""right"":{""valid"":true,""fresh"":true,""status"":""FRESH"",""joints_rad"":[0.0963713217085953,2.5492439624920364,1.6175721979458957,-1.4880321155336247,3.193319500229925,2.5726156665054924],""received_at_ms"":1788495152265,""age_ms"":21,""source"":""jaka_port10000_actual_feedback"",""mapping"":""port10000_joint_actual_position_deg_to_rad"",""error"":null}}","{""left"":{""values"":[-120.16989595300402,-10.271411003923276,3.082275390625,-6.386474609375,-0.0123291015625,0.64111328125],""received_at_ms"":1788495150177,""valid"":true,""status"":""STALE"",""error"":""Torque sample age 2109 ms exceeds 1500 ms"",""source"":""/left_jaka_driver/joint_torque_raw"",""age_ms"":2109,""fresh"":false},""right"":{""values"":[120.89955902978545,0.4490234318654984,-3.920654296875,8.359130859375,-0.2589111328125,0.2095947265625],""received_at_ms"":1788495149809,""valid"":true,""status"":""STALE"",""error"":""Torque sample age 2477 ms exceeds 1500 ms"",""source"":""/right_jaka_driver/joint_torque_raw"",""age_ms"":2477,""fresh"":false}}"
21,1788495152391,RUNNING,0.12,"{""left"":{""valid"":true,""status"":""VALID"",""sample_index"":5,""time_from_start_s"":0.12,""joints_rad"":[3.0450497540135015,0.626720413510275,-1.607177168322419,1.4871294647002007,-0.060724806386972696,0.5934111770072553],""source"":""LATEST SUCCESSFUL PHASE5 SERVO_J COMMAND \u2014 DRIVER MEMORY"",""error"":null},""right"":{""valid"":true,""status"":""VALID"",""sample_index"":5,""time_from_start_s"":0.12,""joints_rad"":[0.09637926073661605,2.5492409198441304,1.617569840450411,-1.4880390048296135,3.1933009957002088,2.5726104652116106],""source"":""LATEST SUCCESSFUL PHASE5 SERVO_J COMMAND \u2014 DRIVER MEMORY"",""error"":null}}","{""left"":{""valid"":true,""fresh"":true,""status"":""FRESH"",""joints_rad"":[3.0450600634583136,0.6267220780511594,-1.6071796349148955,1.4871311765737452,-0.06070307498313838,0.5934136910073241],""received_at_ms"":1788495152383,""age_ms"":8,""source"":""jaka_port10000_actual_feedback"",""mapping"":""port10000_joint_actual_position_deg_to_rad"",""error"":null},""right"":{""valid"":true,""fresh"":true,""status"":""FRESH"",""joints_rad"":[0.09635927893675653,2.549231919720197,1.6175721979458957,-1.488020072761786,3.193319500229925,2.5726037982665786],""received_at_ms"":1788495152356,""age_ms"":35,""source"":""jaka_port10000_actual_feedback"",""mapping"":""port10000_joint_actual_position_deg_to_rad"",""error"":null}}","{""left"":{""values"":[-120.16989595300402,-10.271411003923276,3.082275390625,-6.386474609375,-0.0123291015625,0.64111328125],""received_at_ms"":1788495150177,""valid"":true,""status"":""STALE"",""error"":""Torque sample age 2214 ms exceeds 1500 ms"",""source"":""/left_jaka_driver/joint_torque_raw"",""age_ms"":2214,""fresh"":false},""right"":{""values"":[120.89955902978545,0.4490234318654984,-3.920654296875,8.359130859375,-0.2589111328125,0.2095947265625],""received_at_ms"":1788495149809,""valid"":true,""status"":""STALE"",""error"":""Torque sample age 2582 ms exceeds 1500 ms"",""source"":""/right_jaka_driver/joint_torque_raw"",""age_ms"":2582,""fresh"":false}}"
22,1788495152488,RUNNING,0.216,"{""left"":{""valid"":true,""status"":""VALID"",""sample_index"":9,""time_from_start_s"":0.216,""joints_rad"":[3.045040197175776,0.6267194960363587,-1.607174001307818,1.4871216426401022,-0.06073034443197459,0.593412814461908],""source"":""LATEST SUCCESSFUL PHASE5 SERVO_J COMMAND \u2014 DRIVER MEMORY"",""error"":null},""right"":{""valid"":true,""status"":""VALID"",""sample_index"":9,""time_from_start_s"":0.216,""joints_rad"":[0.09638886740258644,2.54924173774048,1.6175666047224488,-1.488030908859325,3.1933062249380426,2.572608624008115],""source"":""LATEST SUCCESSFUL PHASE5 SERVO_J COMMAND \u2014 DRIVER MEMORY"",""error"":null}}","{""left"":{""valid"":true,""fresh"":true,""status"":""FRESH"",""joints_rad"":[3.0450600634583136,0.6267220780511594,-1.6071796349148955,1.4871311765737452,-0.06070307498313838,0.5934136910073241],""received_at_ms"":1788495152383,""age_ms"":105,""source"":""jaka_port10000_actual_feedback"",""mapping"":""port10000_joint_actual_position_deg_to_rad"",""error"":null},""right"":{""valid"":true,""fresh"":true,""status"":""FRESH"",""joints_rad"":[0.09638318994750886,2.549256005263875,1.6175721979458957,-1.4880321155336247,3.1933076319910114,2.5726156665054924],""received_at_ms"":1788495152455,""age_ms"":33,""source"":""jaka_port10000_actual_feedback"",""mapping"":""port10000_joint_actual_position_deg_to_rad"",""error"":null}}","{""left"":{""values"":[-120.16989595300402,-10.271411003923276,3.082275390625,-6.386474609375,-0.0123291015625,0.64111328125],""received_at_ms"":1788495150177,""valid"":true,""status"":""STALE"",""error"":""Torque sample age 2311 ms exceeds 1500 ms"",""source"":""/left_jaka_driver/joint_torque_raw"",""age_ms"":2311,""fresh"":false},""right"":{""values"":[120.89955902978545,0.4490234318654984,-3.920654296875,8.359130859375,-0.2589111328125,0.2095947265625],""received_at_ms"":1788495149809,""valid"":true,""status"":""STALE"",""error"":""Torque sample age 2679 ms exceeds 1500 ms"",""source"":""/right_jaka_driver/joint_torque_raw"",""age_ms"":2679,""fresh"":false}}"
23,1788495152587,RUNNING,0.312,"{""left"":{""valid"":true,""status"":""VALID"",""sample_index"":13,""time_from_start_s"":0.312,""joints_rad"":[3.0450174486582853,0.6267173107749469,-1.6071664582552374,1.487103025081596,-0.06074352894488175,0.5934167142868702],""source"":""LATEST SUCCESSFUL PHASE5 SERVO_J COMMAND \u2014 DRIVER MEMORY"",""error"":null},""right"":{""valid"":true,""status"":""VALID"",""sample_index"":13,""time_from_start_s"":0.312,""joints_rad"":[0.09641173448274526,2.5492436858616485,1.6175588980724114,-1.4880116393386587,3.1933186745133124,2.5726042390506625],""source"":""LATEST SUCCESSFUL PHASE5 SERVO_J COMMAND \u2014 DRIVER MEMORY"",""error"":null}}","{""left"":{""valid"":true,""fresh"":true,""status"":""FRESH"",""joints_rad"":[3.0450480206864747,0.6267100352793207,-1.6071796349148955,1.4871311765737452,-0.06071511775497714,0.5934136910073241],""received_at_ms"":1788495152512,""age_ms"":75,""source"":""jaka_port10000_actual_feedback"",""mapping"":""port10000_joint_actual_position_deg_to_rad"",""error"":null},""right"":{""valid"":true,""fresh"":true,""status"":""FRESH"",""joints_rad"":[0.09638318994750886,2.5492439624920364,1.6175842407177345,-1.4880321155336247,3.1933076319910114,2.5726156665054924],""received_at_ms"":1788495152526,""age_ms"":61,""source"":""jaka_port10000_actual_feedback"",""mapping"":""port10000_joint_actual_position_deg_to_rad"",""error"":null}}","{""left"":{""values"":[-120.16989595300402,-10.271411003923276,3.082275390625,-6.386474609375,-0.0123291015625,0.64111328125],""received_at_ms"":1788495150177,""valid"":true,""status"":""STALE"",""error"":""Torque sample age 2410 ms exceeds 1500 ms"",""source"":""/left_jaka_driver/joint_torque_raw"",""age_ms"":2410,""fresh"":false},""right"":{""values"":[120.89955902978545,0.4490234318654984,-3.920654296875,8.359130859375,-0.2589111328125,0.2095947265625],""received_at_ms"":1788495149809,""valid"":true,""status"":""STALE"",""error"":""Torque sample age 2778 ms exceeds 1500 ms"",""source"":""/right_jaka_driver/joint_torque_raw"",""age_ms"":2778,""fresh"":false}}"
24,1788495152688,RUNNING,0.40800000000000003,"{""left"":{""valid"":true,""status"":""VALID"",""sample_index"":17,""time_from_start_s"":0.40800000000000003,""joints_rad"":[3.044976252659075,0.6267133508326,-1.6071527898021707,1.4870693129932404,-0.06076740914187715,0.5934237806355229],""source"":""LATEST SUCCESSFUL PHASE5 SERVO_J COMMAND \u2014 DRIVER MEMORY"",""error"":null},""right"":{""valid"":true,""status"":""VALID"",""sample_index"":17,""time_from_start_s"":0.40800000000000003,""joints_rad"":[0.09645314510468544,2.549247216147455,1.6175449332870733,-1.487976746661889,3.19334122403192,2.5725962938934432],""source"":""LATEST SUCCESSFUL PHASE5 SERVO_J COMMAND \u2014 DRIVER MEMORY"",""error"":null}}","{""left"":{""valid"":true,""fresh"":true,""status"":""FRESH"",""joints_rad"":[3.0450361524475613,0.6267100352793207,-1.6071557239041434,1.4871193083348315,-0.06071511775497714,0.5934136910073241],""received_at_ms"":1788495152631,""age_ms"":57,""source"":""jaka_port10000_actual_feedback"",""mapping"":""port10000_joint_actual_position_deg_to_rad"",""error"":null},""right"":{""valid"":true,""fresh"":true,""status"":""FRESH"",""joints_rad"":[0.09639523271934762,2.549256005263875,1.6175961089566482,-1.4880321155336247,3.193295589219172,2.5726156665054924],""received_at_ms"":1788495152640,""age_ms"":48,""source"":""jaka_port10000_actual_feedback"",""mapping"":""port10000_joint_actual_position_deg_to_rad"",""error"":null}}","{""left"":{""values"":[-120.16989595300402,-10.271411003923276,3.082275390625,-6.386474609375,-0.0123291015625,0.64111328125],""received_at_ms"":1788495150177,""valid"":true,""status"":""STALE"",""error"":""Torque sample age 2511 ms exceeds 1500 ms"",""source"":""/left_jaka_driver/joint_torque_raw"",""age_ms"":2511,""fresh"":false},""right"":{""values"":[120.89955902978545,0.4490234318654984,-3.920654296875,8.359130859375,-0.2589111328125,0.2095947265625],""received_at_ms"":1788495149809,""valid"":true,""status"":""STALE"",""error"":""Torque sample age 2879 ms exceeds 1500 ms"",""source"":""/right_jaka_driver/joint_torque_raw"",""age_ms"":2879,""fresh"":false}}"
25,1788495152788,RUNNING,0.504,"{""left"":{""valid"":true,""status"":""VALID"",""sample_index"":21,""time_from_start_s"":0.504,""joints_rad"":[3.0449117235860768,0.6267071438132347,-1.6071313658375481,1.4870165115660974,-0.06080482129438391,0.5934348558562814],""source"":""LATEST SUCCESSFUL PHASE5 SERVO_J COMMAND \u2014 DRIVER MEMORY"",""error"":null},""right"":{""valid"":true,""status"":""VALID"",""sample_index"":21,""time_from_start_s"":0.504,""joints_rad"":[0.09651801022135423,2.5492527498126623,1.617523045039352,-1.4879220960845796,3.193376552215312,2.5725838416815368],""source"":""LATEST SUCCESSFUL PHASE5 SERVO_J COMMAND \u2014 DRIVER MEMORY"",""error"":null}}","{""left"":{""valid"":true,""fresh"":true,""status"":""FRESH"",""joints_rad"":[3.045072106230152,0.6267220780511594,-1.6071557239041434,1.4871193083348315,-0.06071511775497714,0.5934257337791629],""received_at_ms"":1788495152772,""age_ms"":16,""source"":""jaka_port10000_actual_feedback"",""mapping"":""port10000_joint_actual_position_deg_to_rad"",""error"":null},""right"":{""valid"":true,""fresh"":true,""status"":""FRESH"",""joints_rad"":[0.0963713217085953,2.549256005263875,1.6175721979458957,-1.4880321155336247,3.1933315430017633,2.5726156665054924],""received_at_ms"":1788495152712,""age_ms"":76,""source"":""jaka_port10000_actual_feedback"",""mapping"":""port10000_joint_actual_position_deg_to_rad"",""error"":null}}","{""left"":{""values"":[-120.16989595300402,-10.271411003923276,3.082275390625,-6.386474609375,-0.0123291015625,0.64111328125],""received_at_ms"":1788495150177,""valid"":true,""status"":""STALE"",""error"":""Torque sample age 2611 ms exceeds 1500 ms"",""source"":""/left_jaka_driver/joint_torque_raw"",""age_ms"":2611,""fresh"":false},""right"":{""values"":[120.89955902978545,0.4490234318654984,-3.920654296875,8.359130859375,-0.2589111328125,0.2095947265625],""received_at_ms"":1788495149809,""valid"":true,""status"":""STALE"",""error"":""Torque sample age 2979 ms exceeds 1500 ms"",""source"":""/right_jaka_driver/joint_torque_raw"",""age_ms"":2979,""fresh"":false}}"
26,1788495152892,RUNNING,0.6,"{""left"":{""valid"":true,""status"":""VALID"",""sample_index"":25,""time_from_start_s"":0.6,""joints_rad"":[3.044819337216696,0.6266982509989768,-1.607100672670756,1.4869409229378963,-0.06085839380104562,0.5934507219595788],""source"":""LATEST SUCCESSFUL PHASE5 SERVO_J COMMAND \u2014 DRIVER MEMORY"",""error"":null},""right"":{""valid"":true,""status"":""VALID"",""sample_index"":25,""time_from_start_s"":0.6,""joints_rad"":[0.09661087749868914,2.5492606780767137,1.6174916869949065,-1.4878438601934443,3.1934271416838227,2.5725660034991087],""source"":""LATEST SUCCESSFUL PHASE5 SERVO_J COMMAND \u2014 DRIVER MEMORY"",""error"":null}}","{""left"":{""valid"":true,""fresh"":true,""status"":""FRESH"",""joints_rad"":[3.0450241096757225,0.6267100352793207,-1.6071557239041434,1.4871193083348315,-0.060727160526815906,0.5934136910073241],""received_at_ms"":1788495152885,""age_ms"":7,""source"":""jaka_port10000_actual_feedback"",""mapping"":""port10000_joint_actual_position_deg_to_rad"",""error"":null},""right"":{""valid"":true,""fresh"":true,""status"":""FRESH"",""joints_rad"":[0.09639523271934762,2.549256005263875,1.6175721979458957,-1.4880082045228724,3.193295589219172,2.572627709277331],""received_at_ms"":1788495152800,""age_ms"":92,""source"":""jaka_port10000_actual_feedback"",""mapping"":""port10000_joint_actual_position_deg_to_rad"",""error"":null}}","{""left"":{""values"":[-120.16989595300402,-10.271411003923276,3.082275390625,-6.386474609375,-0.0123291015625,0.64111328125],""received_at_ms"":1788495150177,""valid"":true,""status"":""STALE"",""error"":""Torque sample age 2715 ms exceeds 1500 ms"",""source"":""/left_jaka_driver/joint_torque_raw"",""age_ms"":2715,""fresh"":false},""right"":{""values"":[120.89955902978545,0.4490234318654984,-3.920654296875,8.359130859375,-0.2589111328125,0.2095947265625],""received_at_ms"":1788495149809,""valid"":true,""status"":""STALE"",""error"":""Torque sample age 3083 ms exceeds 1500 ms"",""source"":""/right_jaka_driver/joint_torque_raw"",""age_ms"":3083,""fresh"":false}}"
27,1788495152991,RUNNING,0.6960000000000001,"{""left"":{""valid"":true,""status"":""VALID"",""sample_index"":30,""time_from_start_s"":0.72,""joints_rad"":[3.044658357468092,0.626682742843924,-1.6070471490164133,1.4868092274766238,-0.06095176127996165,0.5934783879383377],""source"":""LATEST SUCCESSFUL PHASE5 SERVO_J COMMAND \u2014 DRIVER MEMORY"",""error"":null},""right"":{""valid"":true,""status"":""VALID"",""sample_index"":29,""time_from_start_s"":0.6960000000000001,""joints_rad"":[0.09673594020325425,2.5492713628934647,1.6174494289187362,-1.4877385113762092,3.1934952837400163,2.5725419667176106],""source"":""LATEST SUCCESSFUL PHASE5 SERVO_J COMMAND \u2014 DRIVER MEMORY"",""error"":null}}","{""left"":{""valid"":true,""fresh"":true,""status"":""FRESH"",""joints_rad"":[3.0450241096757225,0.6267100352793207,-1.6071557239041434,1.4871193083348315,-0.060727160526815906,0.5934136910073241],""received_at_ms"":1788495152885,""age_ms"":106,""source"":""jaka_port10000_actual_feedback"",""mapping"":""port10000_joint_actual_position_deg_to_rad"",""error"":null},""right"":{""valid"":true,""fresh"":true,""status"":""FRESH"",""joints_rad"":[0.0964311865019387,2.5492678735027883,1.6175721979458957,-1.487984118979195,3.193319500229925,2.5726037982665786],""received_at_ms"":1788495152911,""age_ms"":80,""source"":""jaka_port10000_actual_feedback"",""mapping"":""port10000_joint_actual_position_deg_to_rad"",""error"":null}}","{""left"":{""values"":[-120.16989595300402,-10.271411003923276,3.082275390625,-6.386474609375,-0.0123291015625,0.64111328125],""received_at_ms"":1788495150177,""valid"":true,""status"":""STALE"",""error"":""Torque sample age 2814 ms exceeds 1500 ms"",""source"":""/left_jaka_driver/joint_torque_raw"",""age_ms"":2814,""fresh"":false},""right"":{""values"":[120.89955902978545,0.4490234318654984,-3.920654296875,8.359130859375,-0.2589111328125,0.2095947265625],""received_at_ms"":1788495149809,""valid"":true,""status"":""STALE"",""error"":""Torque sample age 3182 ms exceeds 1500 ms"",""source"":""/right_jaka_driver/joint_torque_raw"",""age_ms"":3182,""fresh"":false}}"
28,1788495153092,RUNNING,0.8160000000000001,"{""left"":{""valid"":true,""status"":""VALID"",""sample_index"":34,""time_from_start_s"":0.8160000000000001,""joints_rad"":[3.044488562173823,0.6266663718026789,-1.6069906494890136,1.4866703359644595,-0.06105026243102144,0.5935075901941577],""source"":""LATEST SUCCESSFUL PHASE5 SERVO_J COMMAND \u2014 DRIVER MEMORY"",""error"":null},""right"":{""valid"":true,""status"":""VALID"",""sample_index"":34,""time_from_start_s"":0.8160000000000001,""joints_rad"":[0.09694337303895033,2.549289100600152,1.6173792822871635,-1.4875637961810166,3.193608333745682,2.57250207046069],""source"":""LATEST SUCCESSFUL PHASE5 SERVO_J COMMAND \u2014 DRIVER MEMORY"",""error"":null}}","{""left"":{""valid"":true,""fresh"":true,""status"":""FRESH"",""joints_rad"":[3.044676614621651,0.6267100352793207,-1.607131638360466,1.486735684965243,-0.060739028765729466,0.5934257337791629],""received_at_ms"":1788495153073,""age_ms"":19,""source"":""jaka_port10000_actual_feedback"",""mapping"":""port10000_joint_actual_position_deg_to_rad"",""error"":null},""right"":{""valid"":true,""fresh"":true,""status"":""FRESH"",""joints_rad"":[0.09677868155601078,2.549256005263875,1.6175482869351436,-1.4873009971099642,3.193319500229925,2.5726037982665786],""received_at_ms"":1788495153027,""age_ms"":65,""source"":""jaka_port10000_actual_feedback"",""mapping"":""port10000_joint_actual_position_deg_to_rad"",""error"":null}}","{""left"":{""values"":[-120.16989595300402,-10.271411003923276,3.082275390625,-6.386474609375,-0.0123291015625,0.64111328125],""received_at_ms"":1788495150177,""valid"":true,""status"":""STALE"",""error"":""Torque sample age 2915 ms exceeds 1500 ms"",""source"":""/left_jaka_driver/joint_torque_raw"",""age_ms"":2915,""fresh"":false},""right"":{""values"":[120.89955902978545,0.4490234318654984,-3.920654296875,8.359130859375,-0.2589111328125,0.2095947265625],""received_at_ms"":1788495149809,""valid"":true,""status"":""STALE"",""error"":""Torque sample age 3283 ms exceeds 1500 ms"",""source"":""/right_jaka_driver/joint_torque_raw"",""age_ms"":3283,""fresh"":false}}"
29,1788495153192,RUNNING,0.912,"{""left"":{""valid"":true,""status"":""VALID"",""sample_index"":38,""time_from_start_s"":0.912,""joints_rad"":[3.044278594723015,0.6266461118234072,-1.6069207310786178,1.4864986020514952,-0.06117209191008229,0.5935437258871118],""source"":""LATEST SUCCESSFUL PHASE5 SERVO_J COMMAND \u2014 DRIVER MEMORY"",""error"":null},""right"":{""valid"":true,""status"":""VALID"",""sample_index"":38,""time_from_start_s"":0.912,""joints_rad"":[0.09715443182882383,2.549307164428658,1.6173078515308639,-1.487386047130801,3.1937233882517013,2.572461447776087],""source"":""LATEST SUCCESSFUL PHASE5 SERVO_J COMMAND \u2014 DRIVER MEMORY"",""error"":null}}","{""left"":{""valid"":true,""fresh"":true,""status"":""FRESH"",""joints_rad"":[3.0445687532738774,0.6267100352793207,-1.6070956845778748,1.486663777400061,-0.06091879767868488,0.5934496447899151],""received_at_ms"":1788495153145,""age_ms"":47,""source"":""jaka_port10000_actual_feedback"",""mapping"":""port10000_joint_actual_position_deg_to_rad"",""error"":null},""right"":{""valid"":true,""fresh"":true,""status"":""FRESH"",""joints_rad"":[0.09686263189303171,2.549279916274627,1.6175362441633048,-1.4869055055014624,3.1933435857736026,2.5725917554947397],""received_at_ms"":1788495153140,""age_ms"":52,""source"":""jaka_port10000_actual_feedback"",""mapping"":""port10000_joint_actual_position_deg_to_rad"",""error"":null}}","{""left"":{""values"":[-120.16989595300402,-10.271411003923276,3.082275390625,-6.386474609375,-0.0123291015625,0.64111328125],""received_at_ms"":1788495150177,""valid"":true,""status"":""STALE"",""error"":""Torque sample age 3015 ms exceeds 1500 ms"",""source"":""/left_jaka_driver/joint_torque_raw"",""age_ms"":3015,""fresh"":false},""right"":{""values"":[120.89955902978545,0.4490234318654984,-3.920654296875,8.359130859375,-0.2589111328125,0.2095947265625],""received_at_ms"":1788495149809,""valid"":true,""status"":""STALE"",""error"":""Torque sample age 3383 ms exceeds 1500 ms"",""source"":""/right_jaka_driver/joint_torque_raw"",""age_ms"":3383,""fresh"":false}}"
30,1788495153291,RUNNING,1.008,"{""left"":{""valid"":true,""status"":""VALID"",""sample_index"":42,""time_from_start_s"":1.008,""joints_rad"":[3.0440253680875005,0.6266216581820031,-1.6068363432983805,1.486291508727763,-0.06131905124075596,0.5935873369572482],""source"":""LATEST SUCCESSFUL PHASE5 SERVO_J COMMAND \u2014 DRIVER MEMORY"",""error"":null},""right"":{""valid"":true,""status"":""VALID"",""sample_index"":42,""time_from_start_s"":1.008,""joints_rad"":[0.09740897400700191,2.5493289678639717,1.6172216393206833,-1.48717169990656,3.193862178601582,2.5724124232826524],""source"":""LATEST SUCCESSFUL PHASE5 SERVO_J COMMAND \u2014 DRIVER MEMORY"",""error"":null}}","{""left"":{""valid"":true,""fresh"":true,""status"":""FRESH"",""joints_rad"":[3.0443650733501695,0.6266620387248908,-1.6069998660019402,1.4865199622696967,-0.06135024306977788,0.5934377765510016],""received_at_ms"":1788495153259,""age_ms"":32,""source"":""jaka_port10000_actual_feedback"",""mapping"":""port10000_joint_actual_position_deg_to_rad"",""error"":null},""right"":{""valid"":true,""fresh"":true,""status"":""FRESH"",""joints_rad"":[0.09704240080598713,2.549279916274627,1.6174643365981225,-1.4869055055014624,3.193858806968791,2.5725797127229013],""received_at_ms"":1788495153210,""age_ms"":81,""source"":""jaka_port10000_actual_feedback"",""mapping"":""port10000_joint_actual_position_deg_to_rad"",""error"":null}}","{""left"":{""values"":[-120.16989595300402,-10.271411003923276,3.082275390625,-6.386474609375,-0.0123291015625,0.64111328125],""received_at_ms"":1788495150177,""valid"":true,""status"":""STALE"",""error"":""Torque sample age 3114 ms exceeds 1500 ms"",""source"":""/left_jaka_driver/joint_torque_raw"",""age_ms"":3114,""fresh"":false},""right"":{""values"":[120.89955902978545,0.4490234318654984,-3.920654296875,8.359130859375,-0.2589111328125,0.2095947265625],""received_at_ms"":1788495149809,""valid"":true,""status"":""STALE"",""error"":""Torque sample age 3482 ms exceeds 1500 ms"",""source"":""/right_jaka_driver/joint_torque_raw"",""age_ms"":3482,""fresh"":false}}"
31,1788495153391,RUNNING,1.104,"{""left"":{""valid"":true,""status"":""VALID"",""sample_index"":46,""time_from_start_s"":1.104,""joints_rad"":[3.0437261101964244,0.6265927355320431,-1.6067365372192444,1.4860467977318303,-0.06149276070177165,0.5936389127082993],""source"":""LATEST SUCCESSFUL PHASE5 SERVO_J COMMAND \u2014 DRIVER MEMORY"",""error"":null},""right"":{""valid"":true,""status"":""VALID"",""sample_index"":46,""time_from_start_s"":1.104,""joints_rad"":[0.09770978579540157,2.549354756622311,1.617119676564305,-1.4869184170422205,3.194026236361544,2.5723544476449094],""source"":""LATEST SUCCESSFUL PHASE5 SERVO_J COMMAND \u2014 DRIVER MEMORY"",""error"":null}}","{""left"":{""valid"":true,""fresh"":true,""status"":""FRESH"",""joints_rad"":[3.0441853044372142,0.6266620387248908,-1.606927958436758,1.486364278900419,-0.0613743286134554,0.5934377765510016],""received_at_ms"":1788495153376,""age_ms"":15,""source"":""jaka_port10000_actual_feedback"",""mapping"":""port10000_joint_actual_position_deg_to_rad"",""error"":null},""right"":{""valid"":true,""fresh"":true,""status"":""FRESH"",""joints_rad"":[0.09722216971894254,2.5493038272853794,1.6173924290329404,-1.4869295910451399,3.1940385758817462,2.5725558017121486],""received_at_ms"":1788495153303,""age_ms"":88,""source"":""jaka_port10000_actual_feedback"",""mapping"":""port10000_joint_actual_position_deg_to_rad"",""error"":null}}","{""left"":{""values"":[-120.16989595300402,-10.271411003923276,3.082275390625,-6.386474609375,-0.0123291015625,0.64111328125],""received_at_ms"":1788495150177,""valid"":true,""status"":""STALE"",""error"":""Torque sample age 3214 ms exceeds 1500 ms"",""source"":""/left_jaka_driver/joint_torque_raw"",""age_ms"":3214,""fresh"":false},""right"":{""values"":[120.89955902978545,0.4490234318654984,-3.920654296875,8.359130859375,-0.2589111328125,0.2095947265625],""received_at_ms"":1788495149809,""valid"":true,""status"":""STALE"",""error"":""Torque sample age 3582 ms exceeds 1500 ms"",""source"":""/right_jaka_driver/joint_torque_raw"",""age_ms"":3582,""fresh"":false}}"
32,1788495153492,RUNNING,1.2,"{""left"":{""valid"":true,""status"":""VALID"",""sample_index"":50,""time_from_start_s"":1.2,""joints_rad"":[3.0433783550958338,0.6265590970856386,-1.6066204626389589,1.4857624622749617,-0.06169466439895637,0.5936988912746638],""source"":""LATEST SUCCESSFUL PHASE5 SERVO_J COMMAND \u2014 DRIVER MEMORY"",""error"":null},""right"":{""valid"":true,""status"":""VALID"",""sample_index"":50,""time_from_start_s"":1.2,""joints_rad"":[0.09805934567665593,2.5493847509854173,1.6170010950783948,-1.486624121339496,3.194216926892589,2.572287029142716],""source"":""LATEST SUCCESSFUL PHASE5 SERVO_J COMMAND \u2014 DRIVER MEMORY"",""error"":null}}","{""left"":{""valid"":true,""fresh"":true,""status"":""FRESH"",""joints_rad"":[3.0438496776220556,0.6266260849422998,-1.606220925556775,1.4861365134330335,-0.06148218996122865,0.5935095095832585],""received_at_ms"":1788495153446,""age_ms"":46,""source"":""jaka_port10000_actual_feedback"",""mapping"":""port10000_joint_actual_position_deg_to_rad"",""error"":null},""right"":{""valid"":true,""fresh"":true,""status"":""FRESH"",""joints_rad"":[0.09744993518632779,2.5493158700572183,1.617296610457006,-1.4869295910451399,3.194086572436176,2.5725318907013963],""received_at_ms"":1788495153396,""age_ms"":96,""source"":""jaka_port10000_actual_feedback"",""mapping"":""port10000_joint_actual_position_deg_to_rad"",""error"":null}}","{""left"":{""values"":[-120.16989595300402,-10.271411003923276,3.082275390625,-6.386474609375,-0.0123291015625,0.64111328125],""received_at_ms"":1788495150177,""valid"":true,""status"":""STALE"",""error"":""Torque sample age 3315 ms exceeds 1500 ms"",""source"":""/left_jaka_driver/joint_torque_raw"",""age_ms"":3315,""fresh"":false},""right"":{""values"":[120.89955902978545,0.4490234318654984,-3.920654296875,8.359130859375,-0.2589111328125,0.2095947265625],""received_at_ms"":1788495149809,""valid"":true,""status"":""STALE"",""error"":""Torque sample age 3683 ms exceeds 1500 ms"",""source"":""/right_jaka_driver/joint_torque_raw"",""age_ms"":3683,""fresh"":false}}"
33,1788495153602,RUNNING,1.32,"{""left"":{""valid"":true,""status"":""VALID"",""sample_index"":55,""time_from_start_s"":1.32,""joints_rad"":[3.0428721857643035,0.6265100863070868,-1.6064513515967473,1.4853486585194444,-0.06198861562760133,0.5937862680799314],""source"":""LATEST SUCCESSFUL PHASE5 SERVO_J COMMAND \u2014 DRIVER MEMORY"",""error"":null},""right"":{""valid"":true,""status"":""VALID"",""sample_index"":55,""time_from_start_s"":1.32,""joints_rad"":[0.0985681403295667,2.5494284537271357,1.6168283339285319,-1.4861958214103008,3.194494561534113,2.57218881833376],""source"":""LATEST SUCCESSFUL PHASE5 SERVO_J COMMAND \u2014 DRIVER MEMORY"",""error"":null}}","{""left"":{""valid"":true,""fresh"":true,""status"":""FRESH"",""joints_rad"":[3.0436100439157565,0.6266142167033861,-1.6060170711001422,1.485956744520078,-0.06162600509159298,0.5935695489095272],""received_at_ms"":1788495153523,""age_ms"":79,""source"":""jaka_port10000_actual_feedback"",""mapping"":""port10000_joint_actual_position_deg_to_rad"",""error"":null},""right"":{""valid"":true,""fresh"":true,""status"":""FRESH"",""joints_rad"":[0.098060974957451,2.5493518238398094,1.616865165065913,-1.4865939642299815,3.1943022951317226,2.572424029353623],""received_at_ms"":1788495153580,""age_ms"":22,""source"":""jaka_port10000_actual_feedback"",""mapping"":""port10000_joint_actual_position_deg_to_rad"",""error"":null}}","{""left"":{""values"":[-120.16989595300402,-10.271411003923276,3.082275390625,-6.386474609375,-0.0123291015625,0.64111328125],""received_at_ms"":1788495150177,""valid"":true,""status"":""STALE"",""error"":""Torque sample age 3425 ms exceeds 1500 ms"",""source"":""/left_jaka_driver/joint_torque_raw"",""age_ms"":3425,""fresh"":false},""right"":{""values"":[120.89955902978545,0.4490234318654984,-3.920654296875,8.359130859375,-0.2589111328125,0.2095947265625],""received_at_ms"":1788495149809,""valid"":true,""status"":""STALE"",""error"":""Torque sample age 3793 ms exceeds 1500 ms"",""source"":""/right_jaka_driver/joint_torque_raw"",""age_ms"":3793,""fresh"":false}}"
34,1788495153694,RUNNING,1.416,"{""left"":{""valid"":true,""status"":""VALID"",""sample_index"":59,""time_from_start_s"":1.416,""joints_rad"":[3.0424078212879353,0.6264650773559048,-1.6062960564649065,1.4849690837905518,-0.0622583583285633,0.5938664998415499],""source"":""LATEST SUCCESSFUL PHASE5 SERVO_J COMMAND \u2014 DRIVER MEMORY"",""error"":null},""right"":{""valid"":true,""status"":""VALID"",""sample_index"":59,""time_from_start_s"":1.416,""joints_rad"":[0.09903491179972007,2.5494685893244156,1.6166696890125227,-1.4858029489783413,3.1947493395289612,2.5720986427347157],""source"":""LATEST SUCCESSFUL PHASE5 SERVO_J COMMAND \u2014 DRIVER MEMORY"",""error"":null}}","{""left"":{""valid"":true,""fresh"":true,""status"":""FRESH"",""joints_rad"":[3.0432264205461688,0.6265662201489564,-1.606029113871981,1.485621292237845,-0.06182968501530072,0.5936533247136229],""received_at_ms"":1788495153643,""age_ms"":51,""source"":""jaka_port10000_actual_feedback"",""mapping"":""port10000_joint_actual_position_deg_to_rad"",""error"":null},""right"":{""valid"":true,""fresh"":true,""status"":""FRESH"",""joints_rad"":[0.09837269076185719,2.5493757348505617,1.616817168511483,-1.4863422877518437,3.1944340674902483,2.572363990027355],""received_at_ms"":1788495153652,""age_ms"":42,""source"":""jaka_port10000_actual_feedback"",""mapping"":""port10000_joint_actual_position_deg_to_rad"",""error"":null}}","{""left"":{""values"":[-120.16989595300402,-10.271411003923276,3.082275390625,-6.386474609375,-0.0123291015625,0.64111328125],""received_at_ms"":1788495150177,""valid"":true,""status"":""STALE"",""error"":""Torque sample age 3517 ms exceeds 1500 ms"",""source"":""/left_jaka_driver/joint_torque_raw"",""age_ms"":3517,""fresh"":false},""right"":{""values"":[120.89955902978545,0.4490234318654984,-3.920654296875,8.359130859375,-0.2589111328125,0.2095947265625],""received_at_ms"":1788495149809,""valid"":true,""status"":""STALE"",""error"":""Torque sample age 3885 ms exceeds 1500 ms"",""source"":""/right_jaka_driver/joint_torque_raw"",""age_ms"":3885,""fresh"":false}}"
35,1788495153807,RUNNING,1.512,"{""left"":{""valid"":true,""status"":""VALID"",""sample_index"":63,""time_from_start_s"":1.512,""joints_rad"":[3.0418889525268984,0.6264147378798517,-1.6061223772915088,1.4845450113353713,-0.06255983321516415,0.5939562226969498],""source"":""LATEST SUCCESSFUL PHASE5 SERVO_J COMMAND \u2014 DRIVER MEMORY"",""error"":null},""right"":{""valid"":true,""status"":""VALID"",""sample_index"":63,""time_from_start_s"":1.512,""joints_rad"":[0.09955646852227092,2.5495134796047827,1.6164922657043306,-1.4853640192791941,3.195034097674553,2.571997804123113],""source"":""LATEST SUCCESSFUL PHASE5 SERVO_J COMMAND \u2014 DRIVER MEMORY"",""error"":null}}","{""left"":{""valid"":true,""fresh"":true,""status"":""FRESH"",""joints_rad"":[3.0426272490139588,0.6265302663663652,-1.606029113871981,1.4851418502923222,-0.06212935804786815,0.5937732288332348],""received_at_ms"":1788495153761,""age_ms"":46,""source"":""jaka_port10000_actual_feedback"",""mapping"":""port10000_joint_actual_position_deg_to_rad"",""error"":null},""right"":{""valid"":true,""fresh"":true,""status"":""FRESH"",""joints_rad"":[0.09892386573963699,2.5493998203942394,1.6166614851422052,-1.4858869313499985,3.194721697750977,2.5722442604406677],""received_at_ms"":1788495153762,""age_ms"":45,""source"":""jaka_port10000_actual_feedback"",""mapping"":""port10000_joint_actual_position_deg_to_rad"",""error"":null}}","{""left"":{""values"":[-120.16989595300402,-10.271411003923276,3.082275390625,-6.386474609375,-0.0123291015625,0.64111328125],""received_at_ms"":1788495150177,""valid"":true,""status"":""STALE"",""error"":""Torque sample age 3630 ms exceeds 1500 ms"",""source"":""/left_jaka_driver/joint_torque_raw"",""age_ms"":3630,""fresh"":false},""right"":{""values"":[120.89955902978545,0.4490234318654984,-3.920654296875,8.359130859375,-0.2589111328125,0.2095947265625],""received_at_ms"":1788495149809,""valid"":true,""status"":""STALE"",""error"":""Torque sample age 3998 ms exceeds 1500 ms"",""source"":""/right_jaka_driver/joint_torque_raw"",""age_ms"":3998,""fresh"":false}}"
36,1788495153896,RUNNING,1.608,"{""left"":{""valid"":true,""status"":""VALID"",""sample_index"":67,""time_from_start_s"":1.608,""joints_rad"":[3.0413143158982296,0.6263589333261936,-1.6059298518800633,1.4840754219531012,-0.06289379224267755,0.5940556736769047],""source"":""LATEST SUCCESSFUL PHASE5 SERVO_J COMMAND \u2014 DRIVER MEMORY"",""error"":null},""right"":{""valid"":true,""status"":""VALID"",""sample_index"":67,""time_from_start_s"":1.608,""joints_rad"":[0.10013408024058612,2.549563244894548,1.6162955924042837,-1.4848779772445657,3.1953495483238905,2.571886037216087],""source"":""LATEST SUCCESSFUL PHASE5 SERVO_J COMMAND \u2014 DRIVER MEMORY"",""error"":null}}","{""left"":{""valid"":true,""fresh"":true,""status"":""FRESH"",""joints_rad"":[3.042183935383952,0.6264704015730218,-1.6060170711001422,1.4847702696945726,-0.06236899175416697,0.5938690474091693],""received_at_ms"":1788495153830,""age_ms"":66,""source"":""jaka_port10000_actual_feedback"",""mapping"":""port10000_joint_actual_position_deg_to_rad"",""error"":null},""right"":{""valid"":true,""fresh"":true,""status"":""FRESH"",""joints_rad"":[0.09927153532663427,2.5494476424157435,1.6165654920333457,-1.4855993010892699,3.1949014666639326,2.571597092354028],""received_at_ms"":1788495153875,""age_ms"":21,""source"":""jaka_port10000_actual_feedback"",""mapping"":""port10000_joint_actual_position_deg_to_rad"",""error"":null}}","{""left"":{""values"":[-120.16989595300402,-10.271411003923276,3.082275390625,-6.386474609375,-0.0123291015625,0.64111328125],""received_at_ms"":1788495150177,""valid"":true,""status"":""STALE"",""error"":""Torque sample age 3719 ms exceeds 1500 ms"",""source"":""/left_jaka_driver/joint_torque_raw"",""age_ms"":3719,""fresh"":false},""right"":{""values"":[120.89955902978545,0.4490234318654984,-3.920654296875,8.359130859375,-0.2589111328125,0.2095947265625],""received_at_ms"":1788495149809,""valid"":true,""status"":""STALE"",""error"":""Torque sample age 4087 ms exceeds 1500 ms"",""source"":""/right_jaka_driver/joint_torque_raw"",""age_ms"":4087,""fresh"":false}}"
37,1788495154001,RUNNING,1.728,"{""left"":{""valid"":true,""status"":""VALID"",""sample_index"":72,""time_from_start_s"":1.728,""joints_rad"":[3.040516091215079,0.6262813265850462,-1.6056621239838047,1.4834232189863452,-0.06335782575620531,0.5941939584382577],""source"":""LATEST SUCCESSFUL PHASE5 SERVO_J COMMAND \u2014 DRIVER MEMORY"",""error"":null},""right"":{""valid"":true,""status"":""VALID"",""sample_index"":72,""time_from_start_s"":1.728,""joints_rad"":[0.1009364347237843,2.549632455389048,1.6160221005400346,-1.4842029223319897,3.195787880201386,2.571730635613638],""source"":""LATEST SUCCESSFUL PHASE5 SERVO_J COMMAND \u2014 DRIVER MEMORY"",""error"":null}}","{""left"":{""valid"":true,""fresh"":true,""status"":""FRESH"",""joints_rad"":[3.041680582427677,0.6264103622467533,-1.6060052028612286,1.4843030450538137,-0.06260862546046579,0.5943245783439398],""received_at_ms"":1788495153924,""age_ms"":77,""source"":""jaka_port10000_actual_feedback"",""mapping"":""port10000_joint_actual_position_deg_to_rad"",""error"":null},""right"":{""valid"":true,""fresh"":true,""status"":""FRESH"",""joints_rad"":[0.09993057165218733,2.5495076817420124,1.6163738548814766,-1.4850720371222421,3.1951890969246612,2.571417323441073],""received_at_ms"":1788495153944,""age_ms"":57,""source"":""jaka_port10000_actual_feedback"",""mapping"":""port10000_joint_actual_position_deg_to_rad"",""error"":null}}","{""left"":{""values"":[-120.16989595300402,-10.271411003923276,3.082275390625,-6.386474609375,-0.0123291015625,0.64111328125],""received_at_ms"":1788495150177,""valid"":true,""status"":""STALE"",""error"":""Torque sample age 3824 ms exceeds 1500 ms"",""source"":""/left_jaka_driver/joint_torque_raw"",""age_ms"":3824,""fresh"":false},""right"":{""values"":[120.89955902978545,0.4490234318654984,-3.920654296875,8.359130859375,-0.2589111328125,0.2095947265625],""received_at_ms"":1788495149809,""valid"":true,""status"":""STALE"",""error"":""Torque sample age 4192 ms exceeds 1500 ms"",""source"":""/right_jaka_driver/joint_torque_raw"",""age_ms"":4192,""fresh"":false}}"
38,1788495154100,RUNNING,1.824,"{""left"":{""valid"":true,""status"":""VALID"",""sample_index"":76,""time_from_start_s"":1.824,""joints_rad"":[3.039812687788881,0.626212857971334,-1.6054259344384956,1.4828485829837428,-0.06376685705062007,0.59431594156783],""source"":""LATEST SUCCESSFUL PHASE5 SERVO_J COMMAND \u2014 DRIVER MEMORY"",""error"":null},""right"":{""valid"":true,""status"":""VALID"",""sample_index"":76,""time_from_start_s"":1.824,""joints_rad"":[0.10164347475910859,2.549693518675513,1.6157808297842877,-1.483608151096459,3.19617427045147,2.571593560939174],""source"":""LATEST SUCCESSFUL PHASE5 SERVO_J COMMAND \u2014 DRIVER MEMORY"",""error"":null}}","{""left"":{""valid"":true,""fresh"":true,""status"":""FRESH"",""joints_rad"":[3.0412730480473362,0.6263625402252485,-1.6058973415134552,1.483967418238655,-0.0628482591667646,0.5948638850828062],""received_at_ms"":1788495154019,""age_ms"":81,""source"":""jaka_port10000_actual_feedback"",""mapping"":""port10000_joint_actual_position_deg_to_rad"",""error"":null},""right"":{""valid"":true,""fresh"":true,""status"":""FRESH"",""joints_rad"":[0.1003979708258714,2.549567546535356,1.6162179969792734,-1.484688413752654,3.1954168623920465,2.571417323441073],""received_at_ms"":1788495154014,""age_ms"":86,""source"":""jaka_port10000_actual_feedback"",""mapping"":""port10000_joint_actual_position_deg_to_rad"",""error"":null}}","{""left"":{""values"":[-120.16989595300402,-10.271411003923276,3.082275390625,-6.386474609375,-0.0123291015625,0.64111328125],""received_at_ms"":1788495150177,""valid"":true,""status"":""STALE"",""error"":""Torque sample age 3923 ms exceeds 1500 ms"",""source"":""/left_jaka_driver/joint_torque_raw"",""age_ms"":3923,""fresh"":false},""right"":{""values"":[120.89955902978545,0.4490234318654984,-3.920654296875,8.359130859375,-0.2589111328125,0.2095947265625],""received_at_ms"":1788495149809,""valid"":true,""status"":""STALE"",""error"":""Torque sample age 4291 ms exceeds 1500 ms"",""source"":""/right_jaka_driver/joint_torque_raw"",""age_ms"":4291,""fresh"":false}}"
39,1788495154209,RUNNING,1.92,"{""left"":{""valid"":true,""status"":""VALID"",""sample_index"":80,""time_from_start_s"":1.92,""joints_rad"":[3.0390511576457198,0.626138650272576,-1.6051699610396537,1.4822265528923548,-0.06420980981666786,0.5944481305719106],""source"":""LATEST SUCCESSFUL PHASE5 SERVO_J COMMAND \u2014 DRIVER MEMORY"",""error"":null},""right"":{""valid"":true,""status"":""VALID"",""sample_index"":80,""time_from_start_s"":1.92,""joints_rad"":[0.10240893941313194,2.549759702613409,1.6155193533450831,-1.482964323997803,3.196592718707562,2.5714450252594063],""source"":""LATEST SUCCESSFUL PHASE5 SERVO_J COMMAND \u2014 DRIVER MEMORY"",""error"":null}}","{""left"":{""valid"":true,""fresh"":true,""status"":""FRESH"",""joints_rad"":[3.0397511209395973,0.6262187250948842,-1.60544198511161,1.482792986184988,-0.06379510028597153,0.5948877960935585],""received_at_ms"":1788495154207,""age_ms"":2,""source"":""jaka_port10000_actual_feedback"",""mapping"":""port10000_joint_actual_position_deg_to_rad"",""error"":null},""right"":{""valid"":true,""fresh"":true,""status"":""FRESH"",""joints_rad"":[0.10175217179249382,2.5496633651112903,1.6157745088163418,-1.4835740210252555,3.196171717293534,2.5714291916799867],""received_at_ms"":1788495154207,""age_ms"":2,""source"":""jaka_port10000_actual_feedback"",""mapping"":""port10000_joint_actual_position_deg_to_rad"",""error"":null}}","{""left"":{""values"":[-120.16989595300402,-10.271411003923276,3.082275390625,-6.386474609375,-0.0123291015625,0.64111328125],""received_at_ms"":1788495150177,""valid"":true,""status"":""STALE"",""error"":""Torque sample age 4032 ms exceeds 1500 ms"",""source"":""/left_jaka_driver/joint_torque_raw"",""age_ms"":4032,""fresh"":false},""right"":{""values"":[120.89955902978545,0.4490234318654984,-3.920654296875,8.359130859375,-0.2589111328125,0.2095947265625],""received_at_ms"":1788495149809,""valid"":true,""status"":""STALE"",""error"":""Torque sample age 4400 ms exceeds 1500 ms"",""source"":""/right_jaka_driver/joint_torque_raw"",""age_ms"":4400,""fresh"":false}}"
40,1788495154302,RUNNING,2.016,"{""left"":{""valid"":true,""status"":""VALID"",""sample_index"":84,""time_from_start_s"":2.016,""joints_rad"":[3.0382312798936884,0.6260586663753357,-1.604894078461904,1.481556965679543,-0.06468683547171451,0.5945905878750434],""source"":""LATEST SUCCESSFUL PHASE5 SERVO_J COMMAND \u2014 DRIVER MEMORY"",""error"":null},""right"":{""valid"":true,""status"":""VALID"",""sample_index"":84,""time_from_start_s"":2.016,""joints_rad"":[0.10323305022288246,2.549831040754453,1.6152375439443465,-1.4822712720846023,3.1970433707138004,2.571284959893105],""source"":""LATEST SUCCESSFUL PHASE5 SERVO_J COMMAND \u2014 DRIVER MEMORY"",""error"":null}}","{""left"":{""valid"":true,""fresh"":true,""status"":""FRESH"",""joints_rad"":[3.0389721804944325,0.6261468175297021,-1.6052142196442247,1.4821458180983484,-0.0642384139159781,0.5948877960935585],""received_at_ms"":1788495154299,""age_ms"":3,""source"":""jaka_port10000_actual_feedback"",""mapping"":""port10000_joint_actual_position_deg_to_rad"",""error"":null},""right"":{""valid"":true,""fresh"":true,""status"":""FRESH"",""joints_rad"":[0.10232743231395115,2.549735272676472,1.6155828716644727,-1.4830825363078939,3.196495301336854,2.571405280669234],""received_at_ms"":1788495154283,""age_ms"":19,""source"":""jaka_port10000_actual_feedback"",""mapping"":""port10000_joint_actual_position_deg_to_rad"",""error"":null}}","{""left"":{""values"":[-120.16989595300402,-10.271411003923276,3.082275390625,-6.386474609375,-0.0123291015625,0.64111328125],""received_at_ms"":1788495150177,""valid"":true,""status"":""STALE"",""error"":""Torque sample age 4125 ms exceeds 1500 ms"",""source"":""/left_jaka_driver/joint_torque_raw"",""age_ms"":4125,""fresh"":false},""right"":{""values"":[120.89955902978545,0.4490234318654984,-3.920654296875,8.359130859375,-0.2589111328125,0.2095947265625],""received_at_ms"":1788495149809,""valid"":true,""status"":""STALE"",""error"":""Torque sample age 4493 ms exceeds 1500 ms"",""source"":""/right_jaka_driver/joint_torque_raw"",""age_ms"":4493,""fresh"":false}}"
41,1788495154402,RUNNING,2.112,"{""left"":{""valid"":true,""status"":""VALID"",""sample_index"":88,""time_from_start_s"":2.112,""joints_rad"":[3.0373530557738704,0.6259728899428081,-1.60459823321233,1.4808398406649335,-0.06519795744403718,0.5947433386687867],""source"":""LATEST SUCCESSFUL PHASE5 SERVO_J COMMAND \u2014 DRIVER MEMORY"",""error"":null},""right"":{""valid"":true,""status"":""VALID"",""sample_index"":88,""time_from_start_s"":2.112,""joints_rad"":[0.10411580541864746,2.549907548148365,1.6149353477256714,-1.4815290151369125,3.1975262514508715,2.571113338082269],""source"":""LATEST SUCCESSFUL PHASE5 SERVO_J COMMAND \u2014 DRIVER MEMORY"",""error"":null}}","{""left"":{""valid"":true,""fresh"":true,""status"":""FRESH"",""joints_rad"":[3.038229019298933,0.62607490996452,-1.6049505003942484,1.4815466465661389,-0.06471785586150094,0.5948757533217196],""received_at_ms"":1788495154387,""age_ms"":15,""source"":""jaka_port10000_actual_feedback"",""mapping"":""port10000_joint_actual_position_deg_to_rad"",""error"":null},""right"":{""valid"":true,""fresh"":true,""status"":""FRESH"",""joints_rad"":[0.10298664317242939,2.549795312002741,1.615367148968926,-1.4825072757864368,3.1968789247064415,2.571369326886643],""received_at_ms"":1788495154394,""age_ms"":8,""source"":""jaka_port10000_actual_feedback"",""mapping"":""port10000_joint_actual_position_deg_to_rad"",""error"":null}}","{""left"":{""values"":[-120.16989595300402,-10.271411003923276,3.082275390625,-6.386474609375,-0.0123291015625,0.64111328125],""received_at_ms"":1788495150177,""valid"":true,""status"":""STALE"",""error"":""Torque sample age 4225 ms exceeds 1500 ms"",""source"":""/left_jaka_driver/joint_torque_raw"",""age_ms"":4225,""fresh"":false},""right"":{""values"":[120.89955902978545,0.4490234318654984,-3.920654296875,8.359130859375,-0.2589111328125,0.2095947265625],""received_at_ms"":1788495149809,""valid"":true,""status"":""STALE"",""error"":""Torque sample age 4593 ms exceeds 1500 ms"",""source"":""/right_jaka_driver/joint_torque_raw"",""age_ms"":4593,""fresh"":false}}"
42,1788495154503,RUNNING,2.232,"{""left"":{""valid"":true,""status"":""VALID"",""sample_index"":93,""time_from_start_s"":2.232,""joints_rad"":[3.0361735724661654,0.6258575309992287,-1.6042003841102777,1.479876896594158,-0.06588464499754919,0.5949487329859042],""source"":""LATEST SUCCESSFUL PHASE5 SERVO_J COMMAND \u2014 DRIVER MEMORY"",""error"":null},""right"":{""valid"":true,""status"":""VALID"",""sample_index"":93,""time_from_start_s"":2.232,""joints_rad"":[0.10530136903445328,2.5500104458718535,1.6145289653693038,-1.4805323221987643,3.1981750247370986,2.570882583856221],""source"":""LATEST SUCCESSFUL PHASE5 SERVO_J COMMAND \u2014 DRIVER MEMORY"",""error"":null}}","{""left"":{""valid"":true,""fresh"":true,""status"":""FRESH"",""joints_rad"":[3.0375938939841323,0.62602691341009,-1.6047468204705408,1.4810312508380252,-0.06508943645925053,0.5948638850828062],""received_at_ms"":1788495154502,""age_ms"":1,""source"":""jaka_port10000_actual_feedback"",""mapping"":""port10000_joint_actual_position_deg_to_rad"",""error"":null},""right"":{""valid"":true,""fresh"":true,""status"":""FRESH"",""joints_rad"":[0.10298664317242939,2.549795312002741,1.615367148968926,-1.4825072757864368,3.1968789247064415,2.571369326886643],""received_at_ms"":1788495154394,""age_ms"":109,""source"":""jaka_port10000_actual_feedback"",""mapping"":""port10000_joint_actual_position_deg_to_rad"",""error"":null}}","{""left"":{""values"":[-120.16989595300402,-10.271411003923276,3.082275390625,-6.386474609375,-0.0123291015625,0.64111328125],""received_at_ms"":1788495150177,""valid"":true,""status"":""STALE"",""error"":""Torque sample age 4326 ms exceeds 1500 ms"",""source"":""/left_jaka_driver/joint_torque_raw"",""age_ms"":4326,""fresh"":false},""right"":{""values"":[120.89955902978545,0.4490234318654984,-3.920654296875,8.359130859375,-0.2589111328125,0.2095947265625],""received_at_ms"":1788495149809,""valid"":true,""status"":""STALE"",""error"":""Torque sample age 4694 ms exceeds 1500 ms"",""source"":""/right_jaka_driver/joint_torque_raw"",""age_ms"":4694,""fresh"":false}}"
43,1788495154604,RUNNING,2.328,"{""left"":{""valid"":true,""status"":""VALID"",""sample_index"":97,""time_from_start_s"":2.328,""joints_rad"":[3.0351651640358925,0.6257587636784672,-1.6038597800893275,1.4790537772270365,-0.06647194088094488,0.5951245533579772],""source"":""LATEST SUCCESSFUL PHASE5 SERVO_J COMMAND \u2014 DRIVER MEMORY"",""error"":null},""right"":{""valid"":true,""status"":""VALID"",""sample_index"":97,""time_from_start_s"":2.328,""joints_rad"":[0.1063149713902757,2.5500985482366776,1.6141810625287456,-1.4796803526219287,3.1987299184559945,2.5706850681309885],""source"":""LATEST SUCCESSFUL PHASE5 SERVO_J COMMAND \u2014 DRIVER MEMORY"",""error"":null}}","{""left"":{""valid"":true,""fresh"":true,""status"":""FRESH"",""joints_rad"":[3.0365273232782384,0.6259190520623169,-1.604375239872791,1.4801084952624957,-0.06561670042627801,0.5948757533217196],""received_at_ms"":1788495154575,""age_ms"":29,""source"":""jaka_port10000_actual_feedback"",""mapping"":""port10000_joint_actual_position_deg_to_rad"",""error"":null},""right"":{""valid"":true,""fresh"":true,""status"":""FRESH"",""joints_rad"":[0.10508383080162578,2.549998991926449,1.6146601160889433,-1.4807097611898077,3.1981132215534527,2.570973835278141],""received_at_ms"":1788495154576,""age_ms"":28,""source"":""jaka_port10000_actual_feedback"",""mapping"":""port10000_joint_actual_position_deg_to_rad"",""error"":null}}","{""left"":{""values"":[-120.16989595300402,-10.271411003923276,3.082275390625,-6.386474609375,-0.0123291015625,0.64111328125],""received_at_ms"":1788495150177,""valid"":true,""status"":""STALE"",""error"":""Torque sample age 4427 ms exceeds 1500 ms"",""source"":""/left_jaka_driver/joint_torque_raw"",""age_ms"":4427,""fresh"":false},""right"":{""values"":[120.89955902978545,0.4490234318654984,-3.920654296875,8.359130859375,-0.2589111328125,0.2095947265625],""received_at_ms"":1788495149809,""valid"":true,""status"":""STALE"",""error"":""Torque sample age 4795 ms exceeds 1500 ms"",""source"":""/right_jaka_driver/joint_torque_raw"",""age_ms"":4795,""fresh"":false}}"
44,1788495154704,RUNNING,2.424,"{""left"":{""valid"":true,""status"":""VALID"",""sample_index"":101,""time_from_start_s"":2.424,""joints_rad"":[3.0340998405326594,0.6256542843162359,-1.6034995014224047,1.4781843542819462,-0.06709258659851154,0.5953105096827893],""source"":""LATEST SUCCESSFUL PHASE5 SERVO_J COMMAND \u2014 DRIVER MEMORY"",""error"":null},""right"":{""valid"":true,""status"":""VALID"",""sample_index"":101,""time_from_start_s"":2.424,""joints_rad"":[0.10738577758378241,2.550191749806068,1.6138130699358477,-1.4787804547137589,3.1993163458815137,2.57047617856649],""source"":""LATEST SUCCESSFUL PHASE5 SERVO_J COMMAND \u2014 DRIVER MEMORY"",""error"":null}}","{""left"":{""valid"":true,""fresh"":true,""status"":""FRESH"",""joints_rad"":[3.0355087491267745,0.6257153721386091,-1.6040157020468802,1.479305469273653,-0.06625182574107875,0.5949597036587405],""received_at_ms"":1788495154668,""age_ms"":36,""source"":""jaka_port10000_actual_feedback"",""mapping"":""port10000_joint_actual_position_deg_to_rad"",""error"":null},""right"":{""valid"":true,""fresh"":true,""status"":""FRESH"",""joints_rad"":[0.10592263604013427,2.550058856719792,1.6143843540671283,-1.4800027283098247,3.198520755933793,2.570806109137024],""received_at_ms"":1788495154646,""age_ms"":58,""source"":""jaka_port10000_actual_feedback"",""mapping"":""port10000_joint_actual_position_deg_to_rad"",""error"":null}}","{""left"":{""values"":[-120.16989595300402,-10.271411003923276,3.082275390625,-6.386474609375,-0.0123291015625,0.64111328125],""received_at_ms"":1788495150177,""valid"":true,""status"":""STALE"",""error"":""Torque sample age 4527 ms exceeds 1500 ms"",""source"":""/left_jaka_driver/joint_torque_raw"",""age_ms"":4527,""fresh"":false},""right"":{""values"":[120.89955902978545,0.4490234318654984,-3.920654296875,8.359130859375,-0.2589111328125,0.2095947265625],""received_at_ms"":1788495149809,""valid"":true,""status"":""STALE"",""error"":""Torque sample age 4895 ms exceeds 1500 ms"",""source"":""/right_jaka_driver/joint_torque_raw"",""age_ms"":4895,""fresh"":false}}"
45,1788495154804,RUNNING,2.52,"{""left"":{""valid"":true,""status"":""VALID"",""sample_index"":105,""time_from_start_s"":2.52,""joints_rad"":[3.03297844863692,0.6255441557377914,-1.6031197683213818,1.4772693409046054,-0.06774611820918049,0.5955064852777469],""source"":""LATEST SUCCESSFUL PHASE5 SERVO_J COMMAND \u2014 DRIVER MEMORY"",""error"":null},""right"":{""valid"":true,""status"":""VALID"",""sample_index"":105,""time_from_start_s"":2.52,""joints_rad"":[0.10851293594430282,2.55028999513736,1.6134252134967793,-1.477833366354977,3.199933872113825,2.5702560481505645],""source"":""LATEST SUCCESSFUL PHASE5 SERVO_J COMMAND \u2014 DRIVER MEMORY"",""error"":null}}","{""left"":{""valid"":true,""fresh"":true,""status"":""FRESH"",""joints_rad"":[3.0344660894316333,0.6256075107908359,-1.6036561642209692,1.4784546212633058,-0.066791132479945,0.5951633835824484],""received_at_ms"":1788495154762,""age_ms"":42,""source"":""jaka_port10000_actual_feedback"",""mapping"":""port10000_joint_actual_position_deg_to_rad"",""error"":null},""right"":{""valid"":true,""fresh"":true,""status"":""FRESH"",""joints_rad"":[0.1070851998548877,2.550154849828652,1.6139888624586263,-1.4790679299624565,3.1991679240204327,2.570590386441478],""received_at_ms"":1788495154760,""age_ms"":44,""source"":""jaka_port10000_actual_feedback"",""mapping"":""port10000_joint_actual_position_deg_to_rad"",""error"":null}}","{""left"":{""values"":[-120.16989595300402,-10.271411003923276,3.082275390625,-6.386474609375,-0.0123291015625,0.64111328125],""received_at_ms"":1788495150177,""valid"":true,""status"":""STALE"",""error"":""Torque sample age 4627 ms exceeds 1500 ms"",""source"":""/left_jaka_driver/joint_torque_raw"",""age_ms"":4627,""fresh"":false},""right"":{""values"":[120.89955902978545,0.4490234318654984,-3.920654296875,8.359130859375,-0.2589111328125,0.2095947265625],""received_at_ms"":1788495149809,""valid"":true,""status"":""STALE"",""error"":""Torque sample age 4995 ms exceeds 1500 ms"",""source"":""/right_jaka_driver/joint_torque_raw"",""age_ms"":4995,""fresh"":false}}"
46,1788495154903,RUNNING,2.616,"{""left"":{""valid"":true,""status"":""VALID"",""sample_index"":109,""time_from_start_s"":2.616,""joints_rad"":[3.031802010749956,0.6254284572444948,-1.6027208579679257,1.4763095943948636,-0.06843197041069127,0.5957123339289349],""source"":""LATEST SUCCESSFUL PHASE5 SERVO_J COMMAND \u2014 DRIVER MEMORY"",""error"":null},""right"":{""valid"":true,""status"":""VALID"",""sample_index"":109,""time_from_start_s"":2.616,""joints_rad"":[0.10969541815451508,2.550393214116996,1.6130177773490193,-1.476839974624557,3.200581966602194,2.5700248431223325],""source"":""LATEST SUCCESSFUL PHASE5 SERVO_J COMMAND \u2014 DRIVER MEMORY"",""error"":null}}","{""left"":{""valid"":true,""fresh"":true,""status"":""FRESH"",""joints_rad"":[3.033183796030193,0.6255116922149013,-1.6031889395802106,1.4774000933292508,-0.06751020813176667,0.5953791062779948],""received_at_ms"":1788495154873,""age_ms"":30,""source"":""jaka_port10000_actual_feedback"",""mapping"":""port10000_joint_actual_position_deg_to_rad"",""error"":null},""right"":{""valid"":true,""fresh"":true,""status"":""FRESH"",""joints_rad"":[0.10780427550670935,2.5503585297523594,1.6137012321978976,-1.478456715658408,3.1995873266396866,2.5704586140829524],""received_at_ms"":1788495154876,""age_ms"":27,""source"":""jaka_port10000_actual_feedback"",""mapping"":""port10000_joint_actual_position_deg_to_rad"",""error"":null}}","{""left"":{""values"":[-120.16989595300402,-10.271411003923276,3.082275390625,-6.386474609375,-0.0123291015625,0.64111328125],""received_at_ms"":1788495150177,""valid"":true,""status"":""STALE"",""error"":""Torque sample age 4726 ms exceeds 1500 ms"",""source"":""/left_jaka_driver/joint_torque_raw"",""age_ms"":4726,""fresh"":false},""right"":{""values"":[120.89955902978545,0.4490234318654984,-3.920654296875,8.359130859375,-0.2589111328125,0.2095947265625],""received_at_ms"":1788495149809,""valid"":true,""status"":""STALE"",""error"":""Torque sample age 5094 ms exceeds 1500 ms"",""source"":""/right_jaka_driver/joint_torque_raw"",""age_ms"":5094,""fresh"":false}}"
47,1788495155003,RUNNING,2.712,"{""left"":{""valid"":true,""status"":""VALID"",""sample_index"":113,""time_from_start_s"":2.712,""joints_rad"":[3.030571716153468,0.625307283794664,-1.6023031016825136,1.4753061089308652,-0.06914948161157214,0.5959278813581022],""source"":""LATEST SUCCESSFUL PHASE5 SERVO_J COMMAND \u2014 DRIVER MEMORY"",""error"":null},""right"":{""valid"":true,""status"":""VALID"",""sample_index"":113,""time_from_start_s"":2.712,""joints_rad"":[0.11093202813808234,2.5505013226902666,1.6125911009679548,-1.475801308269584,3.2012600079283238,2.5697827613203934],""source"":""LATEST SUCCESSFUL PHASE5 SERVO_J COMMAND \u2014 DRIVER MEMORY"",""error"":null}}","{""left"":{""valid"":true,""fresh"":true,""status"":""FRESH"",""joints_rad"":[3.0324287665957805,0.6254277418778804,-1.6029372631020729,1.47676496801445,-0.06801356108804182,0.5955468324191115],""received_at_ms"":1788495154942,""age_ms"":61,""source"":""jaka_port10000_actual_feedback"",""mapping"":""port10000_joint_actual_position_deg_to_rad"",""error"":null},""right"":{""valid"":true,""fresh"":true,""status"":""FRESH"",""joints_rad"":[0.10923038403851393,2.550502344882724,1.6131860110027088,-1.4772941518436546,3.2003423560740996,2.570194894832976],""received_at_ms"":1788495154946,""age_ms"":57,""source"":""jaka_port10000_actual_feedback"",""mapping"":""port10000_joint_actual_position_deg_to_rad"",""error"":null}}","{""left"":{""values"":[-120.16989595300402,-10.271411003923276,3.082275390625,-6.386474609375,-0.0123291015625,0.64111328125],""received_at_ms"":1788495150177,""valid"":true,""status"":""STALE"",""error"":""Torque sample age 4826 ms exceeds 1500 ms"",""source"":""/left_jaka_driver/joint_torque_raw"",""age_ms"":4826,""fresh"":false},""right"":{""values"":[120.89955902978545,0.4490234318654984,-3.920654296875,8.359130859375,-0.2589111328125,0.2095947265625],""received_at_ms"":1788495149809,""valid"":true,""status"":""STALE"",""error"":""Torque sample age 5194 ms exceeds 1500 ms"",""source"":""/right_jaka_driver/joint_torque_raw"",""age_ms"":5194,""fresh"":false}}"
48,1788495155103,RUNNING,2.832,"{""left"":{""valid"":true,""status"":""VALID"",""sample_index"":118,""time_from_start_s"":2.832,""joints_rad"":[3.028960178802781,0.6251482864387705,-1.6017549918003895,1.4739919679571876,-0.07008973594878345,0.5962106461159294],""source"":""LATEST SUCCESSFUL PHASE5 SERVO_J COMMAND \u2014 DRIVER MEMORY"",""error"":null},""right"":{""valid"":true,""status"":""VALID"",""sample_index"":118,""time_from_start_s"":2.832,""joints_rad"":[0.11255182921304711,2.55064318502017,1.6120313007383262,-1.47444109163029,3.2021485866813615,2.569465213340884],""source"":""LATEST SUCCESSFUL PHASE5 SERVO_J COMMAND \u2014 DRIVER MEMORY"",""error"":null}}","{""left"":{""valid"":true,""fresh"":true,""status"":""FRESH"",""joints_rad"":[3.031565875813594,0.6253797453234506,-1.6026615010802578,1.4760338495907896,-0.06856473606582164,0.5957147330931534],""received_at_ms"":1788495155017,""age_ms"":86,""source"":""jaka_port10000_actual_feedback"",""mapping"":""port10000_joint_actual_position_deg_to_rad"",""error"":null},""right"":{""valid"":true,""fresh"":true,""status"":""FRESH"",""joints_rad"":[0.11010514305961347,2.5505382986653147,1.6128744697312278,-1.4765392969421671,3.200785669704106,2.5700390369307726],""received_at_ms"":1788495155018,""age_ms"":85,""source"":""jaka_port10000_actual_feedback"",""mapping"":""port10000_joint_actual_position_deg_to_rad"",""error"":null}}","{""left"":{""values"":[-120.16989595300402,-10.271411003923276,3.082275390625,-6.386474609375,-0.0123291015625,0.64111328125],""received_at_ms"":1788495150177,""valid"":true,""status"":""STALE"",""error"":""Torque sample age 4926 ms exceeds 1500 ms"",""source"":""/left_jaka_driver/joint_torque_raw"",""age_ms"":4926,""fresh"":false},""right"":{""values"":[120.89955902978545,0.4490234318654984,-3.920654296875,8.359130859375,-0.2589111328125,0.2095947265625],""received_at_ms"":1788495149809,""valid"":true,""status"":""STALE"",""error"":""Torque sample age 5294 ms exceeds 1500 ms"",""source"":""/right_jaka_driver/joint_torque_raw"",""age_ms"":5294,""fresh"":false}}"
49,1788495155205,RUNNING,2.928,"{""left"":{""valid"":true,""status"":""VALID"",""sample_index"":122,""time_from_start_s"":2.928,""joints_rad"":[3.027613859209375,0.6250152170573858,-1.6012963047346995,1.472894364333155,-0.07087559668744997,0.5964472431992525],""source"":""LATEST SUCCESSFUL PHASE5 SERVO_J COMMAND \u2014 DRIVER MEMORY"",""error"":null},""right"":{""valid"":true,""status"":""VALID"",""sample_index"":122,""time_from_start_s"":2.928,""joints_rad"":[0.1139050450144537,2.5507619206042427,1.6115628420019519,-1.4733050013307152,3.202891298185036,2.569199534591419],""source"":""LATEST SUCCESSFUL PHASE5 SERVO_J COMMAND \u2014 DRIVER MEMORY"",""error"":null}}","{""left"":{""valid"":true,""fresh"":true,""status"":""FRESH"",""joints_rad"":[3.0302116748469716,0.6252718839756773,-1.6021941019065737,1.4749552361130571,-0.06940371583725531,0.5959543667994522],""received_at_ms"":1788495155138,""age_ms"":67,""source"":""jaka_port10000_actual_feedback"",""mapping"":""port10000_joint_actual_position_deg_to_rad"",""error"":null},""right"":{""valid"":true,""fresh"":true,""status"":""FRESH"",""joints_rad"":[0.11251404649321604,2.5507060248064315,1.6120234471879553,-1.4744059809974546,3.2021878672251582,2.5695597695181753],""received_at_ms"":1788495155202,""age_ms"":3,""source"":""jaka_port10000_actual_feedback"",""mapping"":""port10000_joint_actual_position_deg_to_rad"",""error"":null}}","{""left"":{""values"":[-120.16989595300402,-10.271411003923276,3.082275390625,-6.386474609375,-0.0123291015625,0.64111328125],""received_at_ms"":1788495150177,""valid"":true,""status"":""STALE"",""error"":""Torque sample age 5028 ms exceeds 1500 ms"",""source"":""/left_jaka_driver/joint_torque_raw"",""age_ms"":5028,""fresh"":false},""right"":{""values"":[120.89955902978545,0.4490234318654984,-3.920654296875,8.359130859375,-0.2589111328125,0.2095947265625],""received_at_ms"":1788495149809,""valid"":true,""status"":""STALE"",""error"":""Torque sample age 5396 ms exceeds 1500 ms"",""source"":""/right_jaka_driver/joint_torque_raw"",""age_ms"":5396,""fresh"":false}}"
50,1788495155318,RUNNING,3.024,"{""left"":{""valid"":true,""status"":""VALID"",""sample_index"":126,""time_from_start_s"":3.024,""joints_rad"":[3.0262185937451958,0.6248770795646884,-1.6008201882096698,1.4717571102142806,-0.071690362555475,0.5966927965667858],""source"":""LATEST SUCCESSFUL PHASE5 SERVO_J COMMAND \u2014 DRIVER MEMORY"",""error"":null},""right"":{""valid"":true,""status"":""VALID"",""sample_index"":126,""time_from_start_s"":3.024,""joints_rad"":[0.11530745017083727,2.5508851851425685,1.6110765935352367,-1.4721278672212361,3.203661367174108,2.568923820314051],""source"":""LATEST SUCCESSFUL PHASE5 SERVO_J COMMAND \u2014 DRIVER MEMORY"",""error"":null}}","{""left"":{""valid"":true,""fresh"":true,""status"":""FRESH"",""joints_rad"":[3.027455276359297,0.6250202074975397,-1.6011516167443576,1.472582460994971,-0.07110541185794979,0.5965175845490708],""received_at_ms"":1788495155317,""age_ms"":1,""source"":""jaka_port10000_actual_feedback"",""mapping"":""port10000_joint_actual_position_deg_to_rad"",""error"":null},""right"":{""valid"":true,""fresh"":true,""status"":""FRESH"",""joints_rad"":[0.11349666686208885,2.5507660641327004,1.6116520411231312,-1.473531221976355,3.2027631277466155,2.5693201358118762],""received_at_ms"":1788495155274,""age_ms"":44,""source"":""jaka_port10000_actual_feedback"",""mapping"":""port10000_joint_actual_position_deg_to_rad"",""error"":null}}","{""left"":{""values"":[-120.16989595300402,-10.271411003923276,3.082275390625,-6.386474609375,-0.0123291015625,0.64111328125],""received_at_ms"":1788495150177,""valid"":true,""status"":""STALE"",""error"":""Torque sample age 5141 ms exceeds 1500 ms"",""source"":""/left_jaka_driver/joint_torque_raw"",""age_ms"":5141,""fresh"":false},""right"":{""values"":[120.89955902978545,0.4490234318654984,-3.920654296875,8.359130859375,-0.2589111328125,0.2095947265625],""received_at_ms"":1788495149809,""valid"":true,""status"":""STALE"",""error"":""Torque sample age 5509 ms exceeds 1500 ms"",""source"":""/right_jaka_driver/joint_torque_raw"",""age_ms"":5509,""fresh"":false}}"
51,1788495155410,RUNNING,3.12,"{""left"":{""valid"":true,""status"":""VALID"",""sample_index"":130,""time_from_start_s"":3.12,""joints_rad"":[3.024776182307878,0.624734026322445,-1.6003271720525583,1.4705817003404318,-0.07253301931651948,0.5969470290328851],""source"":""LATEST SUCCESSFUL PHASE5 SERVO_J COMMAND \u2014 DRIVER MEMORY"",""error"":null},""right"":{""valid"":true,""status"":""VALID"",""sample_index"":130,""time_from_start_s"":3.12,""joints_rad"":[0.11675723478273725,2.5510128434716326,1.6105730977201653,-1.4709112361303123,3.2044578394073215,2.5686383842172744],""source"":""LATEST SUCCESSFUL PHASE5 SERVO_J COMMAND \u2014 DRIVER MEMORY"",""error"":null}}","{""left"":{""valid"":true,""fresh"":true,""status"":""FRESH"",""joints_rad"":[3.0264845242293377,0.624936431693444,-1.6008399009399512,1.471863385343149,-0.07168067237940712,0.5966734424512738],""received_at_ms"":1788495155388,""age_ms"":22,""source"":""jaka_port10000_actual_feedback"",""mapping"":""port10000_joint_actual_position_deg_to_rad"",""error"":null},""right"":{""valid"":true,""fresh"":true,""status"":""FRESH"",""joints_rad"":[0.11530639876348177,2.5509097047301394,1.6110767806016737,-1.4720571168901204,3.2037097943328976,2.568900558659697],""received_at_ms"":1788495155385,""age_ms"":25,""source"":""jaka_port10000_actual_feedback"",""mapping"":""port10000_joint_actual_position_deg_to_rad"",""error"":null}}","{""left"":{""values"":[-120.16989595300402,-10.271411003923276,3.082275390625,-6.386474609375,-0.0123291015625,0.64111328125],""received_at_ms"":1788495150177,""valid"":true,""status"":""STALE"",""error"":""Torque sample age 5233 ms exceeds 1500 ms"",""source"":""/left_jaka_driver/joint_torque_raw"",""age_ms"":5233,""fresh"":false},""right"":{""values"":[120.89955902978545,0.4490234318654984,-3.920654296875,8.359130859375,-0.2589111328125,0.2095947265625],""received_at_ms"":1788495149809,""valid"":true,""status"":""STALE"",""error"":""Torque sample age 5601 ms exceeds 1500 ms"",""source"":""/right_jaka_driver/joint_torque_raw"",""age_ms"":5601,""fresh"":false}}"
52,1788495155506,RUNNING,3.216,"{""left"":{""valid"":true,""status"":""VALID"",""sample_index"":134,""time_from_start_s"":3.216,""joints_rad"":[3.0232885452633127,0.6245862210488522,-1.5998178253667674,1.4693697281316376,-0.07340248307292985,0.5972096430492341],""source"":""LATEST SUCCESSFUL PHASE5 SERVO_J COMMAND \u2014 DRIVER MEMORY"",""error"":null},""right"":{""valid"":true,""status"":""VALID"",""sample_index"":134,""time_from_start_s"":3.216,""joints_rad"":[0.11825246785176778,2.5511447503178717,1.6100529370862728,-1.4696567570212888,3.2052796948884135,2.5683435629371116],""source"":""LATEST SUCCESSFUL PHASE5 SERVO_J COMMAND \u2014 DRIVER MEMORY"",""error"":null}}","{""left"":{""valid"":true,""fresh"":true,""status"":""FRESH"",""joints_rad"":[3.0249625971215988,0.6248044848019932,-1.600384544538106,1.4706409567350525,-0.07247165559641093,0.5969251189294115],""received_at_ms"":1788495155498,""age_ms"":8,""source"":""jaka_port10000_actual_feedback"",""mapping"":""port10000_joint_actual_position_deg_to_rad"",""error"":null},""right"":{""valid"":true,""fresh"":true,""status"":""FRESH"",""joints_rad"":[0.11626510812160226,2.551005697838999,1.610741153786515,-1.4712781764449554,3.204273186615441,2.56878082907301],""received_at_ms"":1788495155497,""age_ms"":9,""source"":""jaka_port10000_actual_feedback"",""mapping"":""port10000_joint_actual_position_deg_to_rad"",""error"":null}}","{""left"":{""values"":[-120.16989595300402,-10.271411003923276,3.082275390625,-6.386474609375,-0.0123291015625,0.64111328125],""received_at_ms"":1788495150177,""valid"":true,""status"":""STALE"",""error"":""Torque sample age 5329 ms exceeds 1500 ms"",""source"":""/left_jaka_driver/joint_torque_raw"",""age_ms"":5329,""fresh"":false},""right"":{""values"":[120.89955902978545,0.4490234318654984,-3.920654296875,8.359130859375,-0.2589111328125,0.2095947265625],""received_at_ms"":1788495149809,""valid"":true,""status"":""STALE"",""error"":""Torque sample age 5697 ms exceeds 1500 ms"",""source"":""/right_jaka_driver/joint_torque_raw"",""age_ms"":5697,""fresh"":false}}"
53,1788495155606,RUNNING,3.3120000000000003,"{""left"":{""valid"":true,""status"":""VALID"",""sample_index"":138,""time_from_start_s"":3.3120000000000003,""joints_rad"":[3.0217577146052377,0.6244338379993902,-1.5992927537008625,1.4681228784122535,-0.07429760533771856,0.5974803221718294],""source"":""LATEST SUCCESSFUL PHASE5 SERVO_J COMMAND \u2014 DRIVER MEMORY"",""error"":null},""right"":{""valid"":true,""status"":""VALID"",""sample_index"":138,""time_from_start_s"":3.3120000000000003,""joints_rad"":[0.11979110616825352,2.5512807510274116,1.6095167314172423,-1.4683661734622617,3.2061258526494543,2.5680397143853106],""source"":""LATEST SUCCESSFUL PHASE5 SERVO_J COMMAND \u2014 DRIVER MEMORY"",""error"":null}}","{""left"":{""valid"":true,""fresh"":true,""status"":""FRESH"",""joints_rad"":[3.0249625971215988,0.6248044848019932,-1.600384544538106,1.4706409567350525,-0.07247165559641093,0.5969251189294115],""received_at_ms"":1788495155498,""age_ms"":108,""source"":""jaka_port10000_actual_feedback"",""mapping"":""port10000_joint_actual_position_deg_to_rad"",""error"":null},""right"":{""valid"":true,""fresh"":true,""status"":""FRESH"",""joints_rad"":[0.11806279725115643,2.5511254274256863,1.6101180712435532,-1.4698279823694733,3.205195942190971,2.568433159486013],""received_at_ms"":1788495155570,""age_ms"":36,""source"":""jaka_port10000_actual_feedback"",""mapping"":""port10000_joint_actual_position_deg_to_rad"",""error"":null}}","{""left"":{""values"":[-120.16989595300402,-10.271411003923276,3.082275390625,-6.386474609375,-0.0123291015625,0.64111328125],""received_at_ms"":1788495150177,""valid"":true,""status"":""STALE"",""error"":""Torque sample age 5429 ms exceeds 1500 ms"",""source"":""/left_jaka_driver/joint_torque_raw"",""age_ms"":5429,""fresh"":false},""right"":{""values"":[120.89955902978545,0.4490234318654984,-3.920654296875,8.359130859375,-0.2589111328125,0.2095947265625],""received_at_ms"":1788495149809,""valid"":true,""status"":""STALE"",""error"":""Torque sample age 5797 ms exceeds 1500 ms"",""source"":""/right_jaka_driver/joint_torque_raw"",""age_ms"":5797,""fresh"":false}}"
54,1788495155707,RUNNING,3.432,"{""left"":{""valid"":true,""status"":""VALID"",""sample_index"":143,""time_from_start_s"":3.432,""joints_rad"":[3.0197866965407445,0.624237202821566,-1.5986152775611355,1.4665179720742887,-0.07545074487055096,0.5978295024557846],""source"":""LATEST SUCCESSFUL PHASE5 SERVO_J COMMAND \u2014 DRIVER MEMORY"",""error"":null},""right"":{""valid"":true,""status"":""VALID"",""sample_index"":143,""time_from_start_s"":3.432,""joints_rad"":[0.12177216346508113,2.5514562593608723,1.6088249105859294,-1.466704968681769,3.207215987582624,2.567647785981635],""source"":""LATEST SUCCESSFUL PHASE5 SERVO_J COMMAND \u2014 DRIVER MEMORY"",""error"":null}}","{""left"":{""valid"":true,""fresh"":true,""status"":""FRESH"",""joints_rad"":[3.0217387994602403,0.6244690325197599,-1.5992699772777825,1.468064327160333,-0.0743292095193085,0.5974762939071913],""received_at_ms"":1788495155684,""age_ms"":23,""source"":""jaka_port10000_actual_feedback"",""mapping"":""port10000_joint_actual_position_deg_to_rad"",""error"":null},""right"":{""valid"":true,""fresh"":true,""status"":""FRESH"",""joints_rad"":[0.11917718997855481,2.5512214205345454,1.609734447873965,-1.4688574047724394,3.2058190247339327,2.5681814830078755],""received_at_ms"":1788495155637,""age_ms"":70,""source"":""jaka_port10000_actual_feedback"",""mapping"":""port10000_joint_actual_position_deg_to_rad"",""error"":null}}","{""left"":{""values"":[-120.16989595300402,-10.271411003923276,3.082275390625,-6.386474609375,-0.0123291015625,0.64111328125],""received_at_ms"":1788495150177,""valid"":true,""status"":""STALE"",""error"":""Torque sample age 5530 ms exceeds 1500 ms"",""source"":""/left_jaka_driver/joint_torque_raw"",""age_ms"":5530,""fresh"":false},""right"":{""values"":[120.89955902978545,0.4490234318654984,-3.920654296875,8.359130859375,-0.2589111328125,0.2095947265625],""received_at_ms"":1788495149809,""valid"":true,""status"":""STALE"",""error"":""Torque sample age 5898 ms exceeds 1500 ms"",""source"":""/right_jaka_driver/joint_torque_raw"",""age_ms"":5898,""fresh"":false}}"
55,1788495155808,RUNNING,3.528,"{""left"":{""valid"":true,""status"":""VALID"",""sample_index"":147,""time_from_start_s"":3.528,""joints_rad"":[3.0181666278266,0.6240752059089849,-1.5980572082554694,1.465199232077376,-0.07639909955212265,0.5981170831683426],""source"":""LATEST SUCCESSFUL PHASE5 SERVO_J COMMAND \u2014 DRIVER MEMORY"",""error"":null},""right"":{""valid"":true,""status"":""VALID"",""sample_index"":147,""time_from_start_s"":3.528,""joints_rad"":[0.12340047230472391,2.5516008621835073,1.6082550429664504,-1.4653399638616784,3.208112589889181,2.5673250336556106],""source"":""LATEST SUCCESSFUL PHASE5 SERVO_J COMMAND \u2014 DRIVER MEMORY"",""error"":null}}","{""left"":{""valid"":true,""fresh"":true,""status"":""FRESH"",""joints_rad"":[3.020576235645487,0.6243611711719868,-1.5988505746585282,1.4670935750303737,-0.07506032794296892,0.5976801483638241],""received_at_ms"":1788495155752,""age_ms"":56,""source"":""jaka_port10000_actual_feedback"",""mapping"":""port10000_joint_actual_position_deg_to_rad"",""error"":null},""right"":{""valid"":true,""fresh"":true,""status"":""FRESH"",""joints_rad"":[0.12114260524922561,2.5513771039038238,1.609063368776573,-1.4671675769906585,3.2068737272009127,2.567810076943051],""received_at_ms"":1788495155753,""age_ms"":55,""source"":""jaka_port10000_actual_feedback"",""mapping"":""port10000_joint_actual_position_deg_to_rad"",""error"":null}}","{""left"":{""values"":[-120.16989595300402,-10.271411003923276,3.082275390625,-6.386474609375,-0.0123291015625,0.64111328125],""received_at_ms"":1788495150177,""valid"":true,""status"":""STALE"",""error"":""Torque sample age 5631 ms exceeds 1500 ms"",""source"":""/left_jaka_driver/joint_torque_raw"",""age_ms"":5631,""fresh"":false},""right"":{""values"":[120.89955902978545,0.4490234318654984,-3.920654296875,8.359130859375,-0.2589111328125,0.2095947265625],""received_at_ms"":1788495149809,""valid"":true,""status"":""STALE"",""error"":""Torque sample age 5999 ms exceeds 1500 ms"",""source"":""/right_jaka_driver/joint_torque_raw"",""age_ms"":5999,""fresh"":false}}"
56,1788495155908,RUNNING,3.624,"{""left"":{""valid"":true,""status"":""VALID"",""sample_index"":151,""time_from_start_s"":3.624,""joints_rad"":[3.016510633563731,0.6239092604237856,-1.5974855994868271,1.4638516335748712,-0.07736899538891251,0.5984115877756666],""source"":""LATEST SUCCESSFUL PHASE5 SERVO_J COMMAND \u2014 DRIVER MEMORY"",""error"":null},""right"":{""valid"":true,""status"":""VALID"",""sample_index"":151,""time_from_start_s"":3.624,""joints_rad"":[0.12506487841657488,2.5517490002810974,1.6076713669257972,-1.4639450835431629,3.2090296180555415,2.566994544243079],""source"":""LATEST SUCCESSFUL PHASE5 SERVO_J COMMAND \u2014 DRIVER MEMORY"",""error"":null}}","{""left"":{""valid"":true,""fresh"":true,""status"":""FRESH"",""joints_rad"":[3.019473711157002,0.6242651780631271,-1.5984789940607786,1.4662188160092744,-0.07569545325776968,0.5978478745049408],""received_at_ms"":1788495155867,""age_ms"":41,""source"":""jaka_port10000_actual_feedback"",""mapping"":""port10000_joint_actual_position_deg_to_rad"",""error"":null},""right"":{""valid"":true,""fresh"":true,""status"":""FRESH"",""joints_rad"":[0.12222121872695811,2.551484965251597,1.6086919627117486,-1.4662687324258814,3.207484941504961,2.5676182652582566],""received_at_ms"":1788495155821,""age_ms"":87,""source"":""jaka_port10000_actual_feedback"",""mapping"":""port10000_joint_actual_position_deg_to_rad"",""error"":null}}","{""left"":{""values"":[-120.16989595300402,-10.271411003923276,3.082275390625,-6.386474609375,-0.0123291015625,0.64111328125],""received_at_ms"":1788495150177,""valid"":true,""status"":""STALE"",""error"":""Torque sample age 5731 ms exceeds 1500 ms"",""source"":""/left_jaka_driver/joint_torque_raw"",""age_ms"":5731,""fresh"":false},""right"":{""values"":[120.89955902978545,0.4490234318654984,-3.920654296875,8.359130859375,-0.2589111328125,0.2095947265625],""received_at_ms"":1788495149809,""valid"":true,""status"":""STALE"",""error"":""Torque sample age 6099 ms exceeds 1500 ms"",""source"":""/right_jaka_driver/joint_torque_raw"",""age_ms"":6099,""fresh"":false}}"
57,1788495156012,RUNNING,3.72,"{""left"":{""valid"":true,""status"":""VALID"",""sample_index"":155,""time_from_start_s"":3.72,""joints_rad"":[3.0148211215383722,0.623739576266283,-1.5969011801125457,1.462477168688483,-0.07835906597354426,0.5987126358931193],""source"":""LATEST SUCCESSFUL PHASE5 SERVO_J COMMAND \u2014 DRIVER MEMORY"",""error"":null},""right"":{""valid"":true,""status"":""VALID"",""sample_index"":155,""time_from_start_s"":3.72,""joints_rad"":[0.1267629608456696,2.5519004872745437,1.607074628298272,-1.4625223893563972,3.2099657853483743,2.566656747649738],""source"":""LATEST SUCCESSFUL PHASE5 SERVO_J COMMAND \u2014 DRIVER MEMORY"",""error"":null}}","{""left"":{""valid"":true,""fresh"":true,""status"":""FRESH"",""joints_rad"":[3.0174245200822356,0.624037587128667,-1.5978079149633868,1.4645528992382457,-0.0769178818658665,0.5981835013200993],""received_at_ms"":1788495155937,""age_ms"":75,""source"":""jaka_port10000_actual_feedback"",""mapping"":""port10000_joint_actual_position_deg_to_rad"",""error"":null},""right"":{""valid"":true,""fresh"":true,""status"":""FRESH"",""joints_rad"":[0.1252652474753614,2.551760727273412,1.607613349234016,-1.4637999641989354,3.209162726514903,2.5670430047367994],""received_at_ms"":1788495155998,""age_ms"":14,""source"":""jaka_port10000_actual_feedback"",""mapping"":""port10000_joint_actual_position_deg_to_rad"",""error"":null}}","{""left"":{""values"":[-120.16989595300402,-10.271411003923276,3.082275390625,-6.386474609375,-0.0123291015625,0.64111328125],""received_at_ms"":1788495150177,""valid"":true,""status"":""STALE"",""error"":""Torque sample age 5835 ms exceeds 1500 ms"",""source"":""/left_jaka_driver/joint_torque_raw"",""age_ms"":5835,""fresh"":false},""right"":{""values"":[120.89955902978545,0.4490234318654984,-3.920654296875,8.359130859375,-0.2589111328125,0.2095947265625],""received_at_ms"":1788495149809,""valid"":true,""status"":""STALE"",""error"":""Torque sample age 6203 ms exceeds 1500 ms"",""source"":""/right_jaka_driver/joint_torque_raw"",""age_ms"":6203,""fresh"":false}}"
58,1788495156113,RUNNING,3.84,"{""left"":{""valid"":true,""status"":""VALID"",""sample_index"":160,""time_from_start_s"":3.84,""joints_rad"":[3.012665870111058,0.6235225433603342,-1.5961537860545527,1.4607244271345512,-0.07962288227136873,0.599097550358328],""source"":""LATEST SUCCESSFUL PHASE5 SERVO_J COMMAND \u2014 DRIVER MEMORY"",""error"":null},""right"":{""valid"":true,""status"":""VALID"",""sample_index"":160,""time_from_start_s"":3.84,""joints_rad"":[0.12892912764427972,2.552094262541068,1.60631150746246,-1.460708137667651,3.2111608909468936,2.5662249013869576],""source"":""LATEST SUCCESSFUL PHASE5 SERVO_J COMMAND \u2014 DRIVER MEMORY"",""error"":null}}","{""left"":{""valid"":true,""fresh"":true,""status"":""FRESH"",""joints_rad"":[3.0158905502026574,0.6238937719983025,-1.5972686082245207,1.463330645163074,-0.07775668710437497,0.5984470460371505],""received_at_ms"":1788495156028,""age_ms"":85,""source"":""jaka_port10000_actual_feedback"",""mapping"":""port10000_joint_actual_position_deg_to_rad"",""error"":null},""right"":{""valid"":true,""fresh"":true,""status"":""FRESH"",""joints_rad"":[0.12640372574643732,2.551880456860099,1.6072058148536756,-1.4628412548408147,3.2098217628404564,2.5668272820412525],""received_at_ms"":1788495156107,""age_ms"":6,""source"":""jaka_port10000_actual_feedback"",""mapping"":""port10000_joint_actual_position_deg_to_rad"",""error"":null}}","{""left"":{""values"":[-120.16989595300402,-10.271411003923276,3.082275390625,-6.386474609375,-0.0123291015625,0.64111328125],""received_at_ms"":1788495150177,""valid"":true,""status"":""STALE"",""error"":""Torque sample age 5936 ms exceeds 1500 ms"",""source"":""/left_jaka_driver/joint_torque_raw"",""age_ms"":5936,""fresh"":false},""right"":{""values"":[120.89955902978545,0.4490234318654984,-3.920654296875,8.359130859375,-0.2589111328125,0.2095947265625],""received_at_ms"":1788495149809,""valid"":true,""status"":""STALE"",""error"":""Torque sample age 6304 ms exceeds 1500 ms"",""source"":""/right_jaka_driver/joint_torque_raw"",""age_ms"":6304,""fresh"":false}}"
59,1788495156212,RUNNING,3.936,"{""left"":{""valid"":true,""status"":""VALID"",""sample_index"":164,""time_from_start_s"":3.936,""joints_rad"":[3.010910070075831,0.6233452456167113,-1.5955433149104312,1.459297060393822,-0.0806531616930667,0.5994118749852372],""source"":""LATEST SUCCESSFUL PHASE5 SERVO_J COMMAND \u2014 DRIVER MEMORY"",""error"":null},""right"":{""valid"":true,""status"":""VALID"",""sample_index"":164,""time_from_start_s"":3.936,""joints_rad"":[0.13069380502184688,2.5522525755396535,1.6056882145712748,-1.4592306731772593,3.2121352386591076,2.5658722980894355],""source"":""LATEST SUCCESSFUL PHASE5 SERVO_J COMMAND \u2014 DRIVER MEMORY"",""error"":null}}","{""left"":{""valid"":true,""fresh"":true,""status"":""FRESH"",""joints_rad"":[3.014320626540489,0.623726045857186,-1.5966933477030631,1.4620722627723863,-0.07858362410396989,0.5987706300804702],""received_at_ms"":1788495156115,""age_ms"":97,""source"":""jaka_port10000_actual_feedback"",""mapping"":""port10000_joint_actual_position_deg_to_rad"",""error"":null},""right"":{""valid"":true,""fresh"":true,""status"":""FRESH"",""joints_rad"":[0.12842900581045155,2.5520602257730545,1.6065347357562836,-1.4610435657112608,3.2109124190900276,2.5663958366501602],""received_at_ms"":1788495156176,""age_ms"":36,""source"":""jaka_port10000_actual_feedback"",""mapping"":""port10000_joint_actual_position_deg_to_rad"",""error"":null}}","{""left"":{""values"":[-120.16989595300402,-10.271411003923276,3.082275390625,-6.386474609375,-0.0123291015625,0.64111328125],""received_at_ms"":1788495150177,""valid"":true,""status"":""STALE"",""error"":""Torque sample age 6035 ms exceeds 1500 ms"",""source"":""/left_jaka_driver/joint_torque_raw"",""age_ms"":6035,""fresh"":false},""right"":{""values"":[120.89955902978545,0.4490234318654984,-3.920654296875,8.359130859375,-0.2589111328125,0.2095947265625],""received_at_ms"":1788495149809,""valid"":true,""status"":""STALE"",""error"":""Torque sample age 6403 ms exceeds 1500 ms"",""source"":""/right_jaka_driver/joint_torque_raw"",""age_ms"":6403,""fresh"":false}}"
60,1788495156313,RUNNING,4.032,"{""left"":{""valid"":true,""status"":""VALID"",""sample_index"":168,""time_from_start_s"":4.032,""joints_rad"":[3.009128982188626,0.6231649302064808,-1.5949225363375215,1.4578496314334746,-0.08169893913873177,0.5997314371620034],""source"":""LATEST SUCCESSFUL PHASE5 SERVO_J COMMAND \u2014 DRIVER MEMORY"",""error"":null},""right"":{""valid"":true,""status"":""VALID"",""sample_index"":168,""time_from_start_s"":4.032,""joints_rad"":[0.1324838839352276,2.552413597157631,1.6050544204458412,-1.4577324364506368,3.213124320738684,2.565513863293643],""source"":""LATEST SUCCESSFUL PHASE5 SERVO_J COMMAND \u2014 DRIVER MEMORY"",""error"":null}}","{""left"":{""valid"":true,""fresh"":true,""status"":""FRESH"",""joints_rad"":[3.0109769247595177,0.6233904190420275,-1.5955548694319874,1.4593518180673026,-0.08053699660280193,0.5993818443845187],""received_at_ms"":1788495156297,""age_ms"":16,""source"":""jaka_port10000_actual_feedback"",""mapping"":""port10000_joint_actual_position_deg_to_rad"",""error"":null},""right"":{""valid"":true,""fresh"":true,""status"":""FRESH"",""joints_rad"":[0.12971147374481698,2.5521801298926663,1.6060673365825997,-1.4599530839946149,3.2116554057526012,2.566132291933109],""received_at_ms"":1788495156253,""age_ms"":60,""source"":""jaka_port10000_actual_feedback"",""mapping"":""port10000_joint_actual_position_deg_to_rad"",""error"":null}}","{""left"":{""values"":[-120.16989595300402,-10.271411003923276,3.082275390625,-6.386474609375,-0.0123291015625,0.64111328125],""received_at_ms"":1788495150177,""valid"":true,""status"":""STALE"",""error"":""Torque sample age 6136 ms exceeds 1500 ms"",""source"":""/left_jaka_driver/joint_torque_raw"",""age_ms"":6136,""fresh"":false},""right"":{""values"":[120.89955902978545,0.4490234318654984,-3.920654296875,8.359130859375,-0.2589111328125,0.2095947265625],""received_at_ms"":1788495149809,""valid"":true,""status"":""STALE"",""error"":""Torque sample age 6504 ms exceeds 1500 ms"",""source"":""/right_jaka_driver/joint_torque_raw"",""age_ms"":6504,""fresh"":false}}"
61,1788495156414,RUNNING,4.128,"{""left"":{""valid"":true,""status"":""VALID"",""sample_index"":172,""time_from_start_s"":4.128,""joints_rad"":[3.007325230348242,0.6229818278789347,-1.5942922513672884,1.456384308252798,-0.08275872189324443,0.6000558190607511],""source"":""LATEST SUCCESSFUL PHASE5 SERVO_J COMMAND \u2014 DRIVER MEMORY"",""error"":null},""right"":{""valid"":true,""status"":""VALID"",""sample_index"":172,""time_from_start_s"":4.128,""joints_rad"":[0.13429672621709549,2.552577122471512,1.6044109447090171,-1.4562156711669199,3.2141267310860235,2.5651500690635824],""source"":""LATEST SUCCESSFUL PHASE5 SERVO_J COMMAND \u2014 DRIVER MEMORY"",""error"":null}}","{""left"":{""valid"":true,""fresh"":true,""status"":""FRESH"",""joints_rad"":[3.009682588586239,0.6232466039116632,-1.5951234240408942,1.458285247361409,-0.08132797981980577,0.5996214780908176],""received_at_ms"":1788495156366,""age_ms"":48,""source"":""jaka_port10000_actual_feedback"",""mapping"":""port10000_joint_actual_position_deg_to_rad"",""error"":null},""right"":{""valid"":true,""fresh"":true,""status"":""FRESH"",""joints_rad"":[0.13165280347181027,2.552347856033783,1.6053723464744554,-1.4584309823539505,3.212698065447743,2.565712889313855],""received_at_ms"":1788495156360,""age_ms"":54,""source"":""jaka_port10000_actual_feedback"",""mapping"":""port10000_joint_actual_position_deg_to_rad"",""error"":null}}","{""left"":{""values"":[-120.16989595300402,-10.271411003923276,3.082275390625,-6.386474609375,-0.0123291015625,0.64111328125],""received_at_ms"":1788495150177,""valid"":true,""status"":""STALE"",""error"":""Torque sample age 6237 ms exceeds 1500 ms"",""source"":""/left_jaka_driver/joint_torque_raw"",""age_ms"":6237,""fresh"":false},""right"":{""values"":[120.89955902978545,0.4490234318654984,-3.920654296875,8.359130859375,-0.2589111328125,0.2095947265625],""received_at_ms"":1788495149809,""valid"":true,""status"":""STALE"",""error"":""Torque sample age 6605 ms exceeds 1500 ms"",""source"":""/right_jaka_driver/joint_torque_raw"",""age_ms"":6605,""fresh"":false}}"
62,1788495156515,RUNNING,4.224,"{""left"":{""valid"":true,""status"":""VALID"",""sample_index"":176,""time_from_start_s"":4.224,""joints_rad"":[3.0055014660974115,0.6227961721387442,-1.593653270582012,1.4549032811349758,-0.08383100083596445,0.6003845978942638],""source"":""LATEST SUCCESSFUL PHASE5 SERVO_J COMMAND \u2014 DRIVER MEMORY"",""error"":null},""right"":{""valid"":true,""status"":""VALID"",""sample_index"":176,""time_from_start_s"":4.224,""joints_rad"":[0.13612966592137787,2.552742944109979,1.6037586167504954,-1.4546826440736809,3.215141048071623,2.564781393046881],""source"":""LATEST SUCCESSFUL PHASE5 SERVO_J COMMAND \u2014 DRIVER MEMORY"",""error"":null}}","{""left"":{""valid"":true,""fresh"":true,""status"":""FRESH"",""joints_rad"":[3.0078850739896104,0.6230668349987077,-1.5944403021716638,1.4568111422751746,-0.08247850086272043,0.5999331938952237],""received_at_ms"":1788495156492,""age_ms"":23,""source"":""jaka_port10000_actual_feedback"",""mapping"":""port10000_joint_actual_position_deg_to_rad"",""error"":null},""right"":{""valid"":true,""fresh"":true,""status"":""FRESH"",""joints_rad"":[0.13388193799245743,2.552539667718577,1.6045813632574515,-1.4565135636377093,3.2139084512840013,2.5652095363575795],""received_at_ms"":1788495156472,""age_ms"":43,""source"":""jaka_port10000_actual_feedback"",""mapping"":""port10000_joint_actual_position_deg_to_rad"",""error"":null}}","{""left"":{""values"":[-120.16989595300402,-10.271411003923276,3.082275390625,-6.386474609375,-0.0123291015625,0.64111328125],""received_at_ms"":1788495150177,""valid"":true,""status"":""STALE"",""error"":""Torque sample age 6338 ms exceeds 1500 ms"",""source"":""/left_jaka_driver/joint_torque_raw"",""age_ms"":6338,""fresh"":false},""right"":{""values"":[120.89955902978545,0.4490234318654984,-3.920654296875,8.359130859375,-0.2589111328125,0.2095947265625],""received_at_ms"":1788495149809,""valid"":true,""status"":""STALE"",""error"":""Torque sample age 6706 ms exceeds 1500 ms"",""source"":""/right_jaka_driver/joint_torque_raw"",""age_ms"":6706,""fresh"":false}}"
63,1788495156615,RUNNING,4.344,"{""left"":{""valid"":true,""status"":""VALID"",""sample_index"":181,""time_from_start_s"":4.344,""joints_rad"":[3.003197687512204,0.6225608705245357,-1.5928435616299064,1.4530332740395988,-0.08518660529348311,0.6008011050015829],""source"":""LATEST SUCCESSFUL PHASE5 SERVO_J COMMAND \u2014 DRIVER MEMORY"",""error"":null},""right"":{""valid"":true,""status"":""VALID"",""sample_index"":181,""time_from_start_s"":4.344,""joints_rad"":[0.13844501129094114,2.552953131725328,1.6029320327804673,-1.4527469698274171,3.216423505242162,2.5643144169104186],""source"":""LATEST SUCCESSFUL PHASE5 SERVO_J COMMAND \u2014 DRIVER MEMORY"",""error"":null}}","{""left"":{""valid"":true,""fresh"":true,""status"":""FRESH"",""joints_rad"":[3.0059076159471005,0.6228750233139135,-1.5937453120635197,1.4552892151674355,-0.08365293291638741,0.600304599960048],""received_at_ms"":1788495156603,""age_ms"":12,""source"":""jaka_port10000_actual_feedback"",""mapping"":""port10000_joint_actual_position_deg_to_rad"",""error"":null},""right"":{""valid"":true,""fresh"":true,""status"":""FRESH"",""joints_rad"":[0.1352720927416709,2.5526714400771024,1.6040898785400899,-1.4553511743558813,3.214675348957327,2.564981770890194],""received_at_ms"":1788495156587,""age_ms"":28,""source"":""jaka_port10000_actual_feedback"",""mapping"":""port10000_joint_actual_position_deg_to_rad"",""error"":null}}","{""left"":{""values"":[-120.16989595300402,-10.271411003923276,3.082275390625,-6.386474609375,-0.0123291015625,0.64111328125],""received_at_ms"":1788495150177,""valid"":true,""status"":""STALE"",""error"":""Torque sample age 6438 ms exceeds 1500 ms"",""source"":""/left_jaka_driver/joint_torque_raw"",""age_ms"":6438,""fresh"":false},""right"":{""values"":[120.89955902978545,0.4490234318654984,-3.920654296875,8.359130859375,-0.2589111328125,0.2095947265625],""received_at_ms"":1788495149809,""valid"":true,""status"":""STALE"",""error"":""Torque sample age 6806 ms exceeds 1500 ms"",""source"":""/right_jaka_driver/joint_torque_raw"",""age_ms"":6806,""fresh"":false}}"
64,1788495156716,RUNNING,4.44,"{""left"":{""valid"":true,""status"":""VALID"",""sample_index"":185,""time_from_start_s"":4.44,""joints_rad"":[3.0013386731278042,0.6223703320605034,-1.5921880091764924,1.4515249872460882,-0.0862814324429057,0.6011382154077755],""source"":""LATEST SUCCESSFUL PHASE5 SERVO_J COMMAND \u2014 DRIVER MEMORY"",""error"":null},""right"":{""valid"":true,""status"":""VALID"",""sample_index"":185,""time_from_start_s"":4.44,""joints_rad"":[0.1403133393662741,2.553123354174714,1.6022628506980092,-1.4511857097534235,3.217459366409716,2.5639365209648446],""source"":""LATEST SUCCESSFUL PHASE5 SERVO_J COMMAND \u2014 DRIVER MEMORY"",""error"":null}}","{""left"":{""valid"":true,""fresh"":true,""status"":""FRESH"",""joints_rad"":[3.0039422006764296,0.622659300618367,-1.59309814397688,1.4536473839400843,-0.08476750017671099,0.600664137785959],""received_at_ms"":1788495156671,""age_ms"":45,""source"":""jaka_port10000_actual_feedback"",""mapping"":""port10000_joint_actual_position_deg_to_rad"",""error"":null},""right"":{""valid"":true,""fresh"":true,""status"":""FRESH"",""joints_rad"":[0.13741727692529715,2.552863251761897,1.6033350236386024,-1.4535894390089183,3.2158859093265106,2.564550325499101],""received_at_ms"":1788495156661,""age_ms"":55,""source"":""jaka_port10000_actual_feedback"",""mapping"":""port10000_joint_actual_position_deg_to_rad"",""error"":null}}","{""left"":{""values"":[-120.16989595300402,-10.271411003923276,3.082275390625,-6.386474609375,-0.0123291015625,0.64111328125],""received_at_ms"":1788495150177,""valid"":true,""status"":""STALE"",""error"":""Torque sample age 6539 ms exceeds 1500 ms"",""source"":""/left_jaka_driver/joint_torque_raw"",""age_ms"":6539,""fresh"":false},""right"":{""values"":[120.89955902978545,0.4490234318654984,-3.920654296875,8.359130859375,-0.2589111328125,0.2095947265625],""received_at_ms"":1788495149809,""valid"":true,""status"":""STALE"",""error"":""Torque sample age 6907 ms exceeds 1500 ms"",""source"":""/right_jaka_driver/joint_torque_raw"",""age_ms"":6907,""fresh"":false}}"
65,1788495156815,RUNNING,4.5120000000000005,"{""left"":{""valid"":true,""status"":""VALID"",""sample_index"":188,""time_from_start_s"":4.5120000000000005,""joints_rad"":[2.9999368433199396,0.6222262436175913,-1.5916923429702923,1.4503880604563215,-0.08710758401574678,0.6013930445477749],""source"":""LATEST SUCCESSFUL PHASE5 SERVO_J COMMAND \u2014 DRIVER MEMORY"",""error"":null},""right"":{""valid"":true,""status"":""VALID"",""sample_index"":189,""time_from_start_s"":4.5360000000000005,""joints_rad"":[0.1421930161077339,2.5532951909060935,1.6015875443930805,-1.4496156231071335,3.218502464477432,2.5635553141857734],""source"":""LATEST SUCCESSFUL PHASE5 SERVO_J COMMAND \u2014 DRIVER MEMORY"",""error"":null}}","{""left"":{""valid"":true,""fresh"":true,""status"":""FRESH"",""joints_rad"":[3.0026719500468277,0.6225514392705938,-1.5926666985857871,1.4526286352556952,-0.08543857927410281,0.6008919032533442],""received_at_ms"":1788495156742,""age_ms"":73,""source"":""jaka_port10000_actual_feedback"",""mapping"":""port10000_joint_actual_position_deg_to_rad"",""error"":null},""right"":{""valid"":true,""fresh"":true,""status"":""FRESH"",""joints_rad"":[0.13880743167451062,2.55297111310967,1.6028316706823271,-1.452498782759347,3.2166288959890847,2.5642866062491247],""received_at_ms"":1788495156731,""age_ms"":84,""source"":""jaka_port10000_actual_feedback"",""mapping"":""port10000_joint_actual_position_deg_to_rad"",""error"":null}}","{""left"":{""values"":[-120.16989595300402,-10.271411003923276,3.082275390625,-6.386474609375,-0.0123291015625,0.64111328125],""received_at_ms"":1788495150177,""valid"":true,""status"":""STALE"",""error"":""Torque sample age 6638 ms exceeds 1500 ms"",""source"":""/left_jaka_driver/joint_torque_raw"",""age_ms"":6638,""fresh"":false},""right"":{""values"":[120.89955902978545,0.4490234318654984,-3.920654296875,8.359130859375,-0.2589111328125,0.2095947265625],""received_at_ms"":1788495149809,""valid"":true,""status"":""STALE"",""error"":""Torque sample age 7006 ms exceeds 1500 ms"",""source"":""/right_jaka_driver/joint_torque_raw"",""age_ms"":7006,""fresh"":false}}"
66,1788495156915,RUNNING,4.632,"{""left"":{""valid"":true,""status"":""VALID"",""sample_index"":193,""time_from_start_s"":4.632,""joints_rad"":[2.997589382286695,0.6219841350289546,-1.5908596348275175,1.4484850588159022,-0.0884921831173445,0.6018210277889994],""source"":""LATEST SUCCESSFUL PHASE5 SERVO_J COMMAND \u2014 DRIVER MEMORY"",""error"":null},""right"":{""valid"":true,""status"":""VALID"",""sample_index"":193,""time_from_start_s"":4.632,""joints_rad"":[0.14408135666226687,2.553468432285969,1.600906952484907,-1.4480389906688744,3.219551365177885,2.563171279523343],""source"":""LATEST SUCCESSFUL PHASE5 SERVO_J COMMAND \u2014 DRIVER MEMORY"",""error"":null}}","{""left"":{""valid"":true,""fresh"":true,""status"":""FRESH"",""joints_rad"":[3.000790310580253,0.622347759346886,-1.5919956194883953,1.4511306191587086,-0.08656518930626515,0.6012393983074162],""received_at_ms"":1788495156861,""age_ms"":54,""source"":""jaka_port10000_actual_feedback"",""mapping"":""port10000_joint_actual_position_deg_to_rad"",""error"":null},""right"":{""valid"":true,""fresh"":true,""status"":""FRESH"",""joints_rad"":[0.1410964309885012,2.5531868358052168,1.601980648139055,-1.4504855454671715,3.2179351004012773,2.563843292619118],""received_at_ms"":1788495156845,""age_ms"":70,""source"":""jaka_port10000_actual_feedback"",""mapping"":""port10000_joint_actual_position_deg_to_rad"",""error"":null}}","{""left"":{""values"":[-120.16989595300402,-10.271411003923276,3.082275390625,-6.386474609375,-0.0123291015625,0.64111328125],""received_at_ms"":1788495150177,""valid"":true,""status"":""STALE"",""error"":""Torque sample age 6738 ms exceeds 1500 ms"",""source"":""/left_jaka_driver/joint_torque_raw"",""age_ms"":6738,""fresh"":false},""right"":{""values"":[120.89955902978545,0.4490234318654984,-3.920654296875,8.359130859375,-0.2589111328125,0.2095947265625],""received_at_ms"":1788495149809,""valid"":true,""status"":""STALE"",""error"":""Torque sample age 7106 ms exceeds 1500 ms"",""source"":""/right_jaka_driver/joint_torque_raw"",""age_ms"":7106,""fresh"":false}}"
67,1788495157017,RUNNING,4.728,"{""left"":{""valid"":true,""status"":""VALID"",""sample_index"":197,""time_from_start_s"":4.728,""joints_rad"":[2.9957044278689784,0.6217889470691164,-1.5901884468002687,1.4469578089023727,-0.08960507234509418,0.6021658775096018],""source"":""LATEST SUCCESSFUL PHASE5 SERVO_J COMMAND \u2014 DRIVER MEMORY"",""error"":null},""right"":{""valid"":true,""status"":""VALID"",""sample_index"":197,""time_from_start_s"":4.728,""joints_rad"":[0.1459756950581627,2.553642870064117,1.6002219081691906,-1.4464580767541844,3.220604643826301,2.5627848968393634],""source"":""LATEST SUCCESSFUL PHASE5 SERVO_J COMMAND \u2014 DRIVER MEMORY"",""error"":null}}","{""left"":{""valid"":true,""fresh"":true,""status"":""FRESH"",""joints_rad"":[2.998908845646603,0.6221800332057694,-1.5913124976191646,1.4496924678550653,-0.08773962135993214,0.6015509395788972],""received_at_ms"":1788495156975,""age_ms"":42,""source"":""jaka_port10000_actual_feedback"",""mapping"":""port10000_joint_actual_position_deg_to_rad"",""error"":null},""right"":{""valid"":true,""fresh"":true,""status"":""FRESH"",""joints_rad"":[0.14233072783551157,2.553330650935581,1.6015134234982962,-1.4493830209786867,3.218582268487917,2.5635197085757984],""received_at_ms"":1788495156961,""age_ms"":56,""source"":""jaka_port10000_actual_feedback"",""mapping"":""port10000_joint_actual_position_deg_to_rad"",""error"":null}}","{""left"":{""values"":[-120.16989595300402,-10.271411003923276,3.082275390625,-6.386474609375,-0.0123291015625,0.64111328125],""received_at_ms"":1788495150177,""valid"":true,""status"":""STALE"",""error"":""Torque sample age 6840 ms exceeds 1500 ms"",""source"":""/left_jaka_driver/joint_torque_raw"",""age_ms"":6840,""fresh"":false},""right"":{""values"":[120.89955902978545,0.4490234318654984,-3.920654296875,8.359130859375,-0.2589111328125,0.2095947265625],""received_at_ms"":1788495149809,""valid"":true,""status"":""STALE"",""error"":""Torque sample age 7208 ms exceeds 1500 ms"",""source"":""/right_jaka_driver/joint_torque_raw"",""age_ms"":7208,""fresh"":false}}"
68,1788495157116,RUNNING,4.824,"{""left"":{""valid"":true,""status"":""VALID"",""sample_index"":201,""time_from_start_s"":4.824,""joints_rad"":[2.993816108691694,0.6215926764906279,-1.5895136690993206,1.4454285958724125,-0.0907209700776274,0.6025124607847696],""source"":""LATEST SUCCESSFUL PHASE5 SERVO_J COMMAND \u2014 DRIVER MEMORY"",""error"":null},""right"":{""valid"":true,""status"":""VALID"",""sample_index"":201,""time_from_start_s"":4.824,""joints_rad"":[0.14787339309269065,2.5538182981033275,1.5995332363247077,-1.444875121683676,3.221660890103895,2.562396641255519],""source"":""LATEST SUCCESSFUL PHASE5 SERVO_J COMMAND \u2014 DRIVER MEMORY"",""error"":null}}","{""left"":{""valid"":true,""fresh"":true,""status"":""FRESH"",""joints_rad"":[2.9967037966696335,0.6219403994994706,-1.5905454254129132,1.4478349139321678,-0.0891056905654681,0.6019104774048081],""received_at_ms"":1788495157045,""age_ms"":71,""source"":""jaka_port10000_actual_feedback"",""mapping"":""port10000_joint_actual_position_deg_to_rad"",""error"":null},""right"":{""valid"":true,""fresh"":true,""status"":""FRESH"",""joints_rad"":[0.1460219246705544,2.553630149435223,1.6002070445531782,-1.4463389922302832,3.2206316340956085,2.562872540489159],""received_at_ms"":1788495157100,""age_ms"":16,""source"":""jaka_port10000_actual_feedback"",""mapping"":""port10000_joint_actual_position_deg_to_rad"",""error"":null}}","{""left"":{""values"":[-120.16989595300402,-10.271411003923276,3.082275390625,-6.386474609375,-0.0123291015625,0.64111328125],""received_at_ms"":1788495150177,""valid"":true,""status"":""STALE"",""error"":""Torque sample age 6939 ms exceeds 1500 ms"",""source"":""/left_jaka_driver/joint_torque_raw"",""age_ms"":6939,""fresh"":false},""right"":{""values"":[120.89955902978545,0.4490234318654984,-3.920654296875,8.359130859375,-0.2589111328125,0.2095947265625],""received_at_ms"":1788495149809,""valid"":true,""status"":""STALE"",""error"":""Torque sample age 7307 ms exceeds 1500 ms"",""source"":""/right_jaka_driver/joint_torque_raw"",""age_ms"":7307,""fresh"":false}}"
69,1788495157214,RUNNING,4.944,"{""left"":{""valid"":true,""status"":""VALID"",""sample_index"":206,""time_from_start_s"":4.944,""joints_rad"":[2.9914549158538715,0.6213461643077262,-1.5886663590994743,1.4435175668569686,-0.09211782613510518,0.6029474963198268],""source"":""LATEST SUCCESSFUL PHASE5 SERVO_J COMMAND \u2014 DRIVER MEMORY"",""error"":null},""right"":{""valid"":true,""status"":""VALID"",""sample_index"":206,""time_from_start_s"":4.944,""joints_rad"":[0.15024628104432058,2.554038666330277,1.5986685335782431,-1.4428969188210514,3.222983254030142,2.561909401348476],""source"":""LATEST SUCCESSFUL PHASE5 SERVO_J COMMAND \u2014 DRIVER MEMORY"",""error"":null}}","{""left"":{""valid"":true,""fresh"":true,""status"":""FRESH"",""joints_rad"":[2.994822157203058,0.6217485878146763,-1.5898984318591989,1.4462649902699989,-0.0901843040432006,0.6022820580025576],""received_at_ms"":1788495157136,""age_ms"":78,""source"":""jaka_port10000_actual_feedback"",""mapping"":""port10000_joint_actual_position_deg_to_rad"",""error"":null},""right"":{""valid"":true,""fresh"":true,""status"":""FRESH"",""joints_rad"":[0.1484187853323182,2.5538699576744475,1.5993441537709923,-1.4443856197314513,3.2219619240514783,2.5623093227395404],""received_at_ms"":1788495157209,""age_ms"":5,""source"":""jaka_port10000_actual_feedback"",""mapping"":""port10000_joint_actual_position_deg_to_rad"",""error"":null}}","{""left"":{""values"":[-120.16989595300402,-10.271411003923276,3.082275390625,-6.386474609375,-0.0123291015625,0.64111328125],""received_at_ms"":1788495150177,""valid"":true,""status"":""STALE"",""error"":""Torque sample age 7037 ms exceeds 1500 ms"",""source"":""/left_jaka_driver/joint_torque_raw"",""age_ms"":7037,""fresh"":false},""right"":{""values"":[120.89955902978545,0.4490234318654984,-3.920654296875,8.359130859375,-0.2589111328125,0.2095947265625],""received_at_ms"":1788495149809,""valid"":true,""status"":""STALE"",""error"":""Torque sample age 7405 ms exceeds 1500 ms"",""source"":""/right_jaka_driver/joint_torque_raw"",""age_ms"":7405,""fresh"":false}}"
70,1788495157316,RUNNING,5.016,"{""left"":{""valid"":true,""status"":""VALID"",""sample_index"":209,""time_from_start_s"":5.016,""joints_rad"":[2.9900396810797356,0.6211977994092195,-1.588156511517842,1.4423727797153152,-0.09295591098835727,0.6032091756602693],""source"":""LATEST SUCCESSFUL PHASE5 SERVO_J COMMAND \u2014 DRIVER MEMORY"",""error"":null},""right"":{""valid"":true,""status"":""VALID"",""sample_index"":209,""time_from_start_s"":5.016,""joints_rad"":[0.15166850743743357,2.5541713153595516,1.5981482506195088,-1.441711884202195,3.223776744801501,2.5616163782635346],""source"":""LATEST SUCCESSFUL PHASE5 SERVO_J COMMAND \u2014 DRIVER MEMORY"",""error"":null}}","{""left"":{""valid"":true,""fresh"":true,""status"":""FRESH"",""joints_rad"":[2.9931204611823636,0.621568818901721,-1.589263132011473,1.4448509245100332,-0.09113114516240751,0.6026176848177162],""received_at_ms"":1788495157223,""age_ms"":93,""source"":""jaka_port10000_actual_feedback"",""mapping"":""port10000_joint_actual_position_deg_to_rad"",""error"":null},""right"":{""valid"":true,""fresh"":true,""status"":""FRESH"",""joints_rad"":[0.1497131215055972,2.5539537334785427,1.5989127083798993,-1.4432949634818801,3.2226689569314613,2.5620695145003163],""received_at_ms"":1788495157278,""age_ms"":38,""source"":""jaka_port10000_actual_feedback"",""mapping"":""port10000_joint_actual_position_deg_to_rad"",""error"":null}}","{""left"":{""values"":[-120.16989595300402,-10.271411003923276,3.082275390625,-6.386474609375,-0.0123291015625,0.64111328125],""received_at_ms"":1788495150177,""valid"":true,""status"":""STALE"",""error"":""Torque sample age 7139 ms exceeds 1500 ms"",""source"":""/left_jaka_driver/joint_torque_raw"",""age_ms"":7139,""fresh"":false},""right"":{""values"":[120.89955902978545,0.4490234318654984,-3.920654296875,8.359130859375,-0.2589111328125,0.2095947265625],""received_at_ms"":1788495149809,""valid"":true,""status"":""STALE"",""error"":""Torque sample age 7507 ms exceeds 1500 ms"",""source"":""/right_jaka_driver/joint_torque_raw"",""age_ms"":7507,""fresh"":false}}"
71,1788495157416,RUNNING,5.136,"{""left"":{""valid"":true,""status"":""VALID"",""sample_index"":214,""time_from_start_s"":5.136,""joints_rad"":[2.9876867838788557,0.620950059152906,-1.5873053619991748,1.4404706211986362,-0.0943507533559696,0.60364586574761],""source"":""LATEST SUCCESSFUL PHASE5 SERVO_J COMMAND \u2014 DRIVER MEMORY"",""error"":null},""right"":{""valid"":true,""status"":""VALID"",""sample_index"":214,""time_from_start_s"":5.136,""joints_rad"":[0.15403299681605134,2.554392846744198,1.5972797333560915,-1.439742838028452,3.2250975429402517,2.561127483440509],""source"":""LATEST SUCCESSFUL PHASE5 SERVO_J COMMAND \u2014 DRIVER MEMORY"",""error"":null}}","{""left"":{""valid"":true,""fresh"":true,""status"":""FRESH"",""joints_rad"":[2.989537125695094,0.6211853700650578,-1.5879448848274418,1.4419027143375642,-0.09321629001976516,0.603288763915108],""received_at_ms"":1788495157408,""age_ms"":8,""source"":""jaka_port10000_actual_feedback"",""mapping"":""port10000_joint_actual_position_deg_to_rad"",""error"":null},""right"":{""valid"":true,""fresh"":true,""status"":""FRESH"",""joints_rad"":[0.15095946112444636,2.5540975486089073,1.598421398195463,-1.4422523037867385,3.223352078800692,2.561841923565856],""received_at_ms"":1788495157346,""age_ms"":70,""source"":""jaka_port10000_actual_feedback"",""mapping"":""port10000_joint_actual_position_deg_to_rad"",""error"":null}}","{""left"":{""values"":[-120.16989595300402,-10.271411003923276,3.082275390625,-6.386474609375,-0.0123291015625,0.64111328125],""received_at_ms"":1788495150177,""valid"":true,""status"":""STALE"",""error"":""Torque sample age 7239 ms exceeds 1500 ms"",""source"":""/left_jaka_driver/joint_torque_raw"",""age_ms"":7239,""fresh"":false},""right"":{""values"":[120.89955902978545,0.4490234318654984,-3.920654296875,8.359130859375,-0.2589111328125,0.2095947265625],""received_at_ms"":1788495149809,""valid"":true,""status"":""STALE"",""error"":""Torque sample age 7607 ms exceeds 1500 ms"",""source"":""/right_jaka_driver/joint_torque_raw"",""age_ms"":7607,""fresh"":false}}"
72,1788495157520,RUNNING,5.232,"{""left"":{""valid"":true,""status"":""VALID"",""sample_index"":218,""time_from_start_s"":5.232,""joints_rad"":[2.985812424671327,0.6207516880987269,-1.586624013116419,1.4389563695252992,-0.09546330833266434,0.6039952845374422],""source"":""LATEST SUCCESSFUL PHASE5 SERVO_J COMMAND \u2014 DRIVER MEMORY"",""error"":null},""right"":{""valid"":true,""status"":""VALID"",""sample_index"":218,""time_from_start_s"":5.232,""joints_rad"":[0.1559165606820686,2.554570263526803,1.5965845318758753,-1.4381753267098778,3.2261512031753274,2.5607363888531016],""source"":""LATEST SUCCESSFUL PHASE5 SERVO_J COMMAND \u2014 DRIVER MEMORY"",""error"":null}}","{""left"":{""valid"":true,""fresh"":true,""status"":""FRESH"",""joints_rad"":[2.9875238884029187,0.6209696473695113,-1.5872139409367063,1.4402369720994606,-0.09447467241045306,0.6036483017410188],""received_at_ms"":1788495157517,""age_ms"":3,""source"":""jaka_port10000_actual_feedback"",""mapping"":""port10000_joint_actual_position_deg_to_rad"",""error"":null},""right"":{""valid"":true,""fresh"":true,""status"":""FRESH"",""joints_rad"":[0.15314059909066366,2.5543132713044536,1.5976065039677065,-1.4404547891901098,3.22456246463695,2.56135061338142],""received_at_ms"":1788495157453,""age_ms"":67,""source"":""jaka_port10000_actual_feedback"",""mapping"":""port10000_joint_actual_position_deg_to_rad"",""error"":null}}","{""left"":{""values"":[-120.16989595300402,-10.271411003923276,3.082275390625,-6.386474609375,-0.0123291015625,0.64111328125],""received_at_ms"":1788495150177,""valid"":true,""status"":""STALE"",""error"":""Torque sample age 7342 ms exceeds 1500 ms"",""source"":""/left_jaka_driver/joint_torque_raw"",""age_ms"":7342,""fresh"":false},""right"":{""values"":[120.89955902978545,0.4490234318654984,-3.920654296875,8.359130859375,-0.2589111328125,0.2095947265625],""received_at_ms"":1788495149809,""valid"":true,""status"":""STALE"",""error"":""Torque sample age 7710 ms exceeds 1500 ms"",""source"":""/right_jaka_driver/joint_torque_raw"",""age_ms"":7710,""fresh"":false}}"
73,1788495157617,RUNNING,5.328,"{""left"":{""valid"":true,""status"":""VALID"",""sample_index"":222,""time_from_start_s"":5.328,""joints_rad"":[2.9839476733819,0.6205533820353456,-1.5859430609333476,1.4374508505483288,-0.09657146593206642,0.6043443562340146],""source"":""LATEST SUCCESSFUL PHASE5 SERVO_J COMMAND \u2014 DRIVER MEMORY"",""error"":null},""right"":{""valid"":true,""status"":""VALID"",""sample_index"":222,""time_from_start_s"":5.328,""joints_rad"":[0.15779044158808633,2.554747651949543,1.5958897823120577,-1.4366168436937325,3.227200852210098,2.560345772495664],""source"":""LATEST SUCCESSFUL PHASE5 SERVO_J COMMAND \u2014 DRIVER MEMORY"",""error"":null}}","{""left"":{""valid"":true,""fresh"":true,""status"":""FRESH"",""joints_rad"":[2.9861096481100278,0.6208137894673083,-1.5866865024367536,1.4391224048391373,-0.0953855597470689,0.6038879354473177],""received_at_ms"":1788495157585,""age_ms"":32,""source"":""jaka_port10000_actual_feedback"",""mapping"":""port10000_joint_actual_position_deg_to_rad"",""error"":null},""right"":{""valid"":true,""fresh"":true,""status"":""FRESH"",""joints_rad"":[0.15616054229538945,2.55457699055443,1.596491936707383,-1.4379860209631636,3.226228206875053,2.560727356305533],""received_at_ms"":1788495157613,""age_ms"":4,""source"":""jaka_port10000_actual_feedback"",""mapping"":""port10000_joint_actual_position_deg_to_rad"",""error"":null}}","{""left"":{""values"":[-120.16989595300402,-10.271411003923276,3.082275390625,-6.386474609375,-0.0123291015625,0.64111328125],""received_at_ms"":1788495150177,""valid"":true,""status"":""STALE"",""error"":""Torque sample age 7440 ms exceeds 1500 ms"",""source"":""/left_jaka_driver/joint_torque_raw"",""age_ms"":7440,""fresh"":false},""right"":{""values"":[120.89955902978545,0.4490234318654984,-3.920654296875,8.359130859375,-0.2589111328125,0.2095947265625],""received_at_ms"":1788495149809,""valid"":true,""status"":""STALE"",""error"":""Torque sample age 7808 ms exceeds 1500 ms"",""source"":""/right_jaka_driver/joint_torque_raw"",""age_ms"":7808,""fresh"":false}}"
74,1788495157719,RUNNING,5.448,"{""left"":{""valid"":true,""status"":""VALID"",""sample_index"":227,""time_from_start_s"":5.448,""joints_rad"":[2.9816336663351986,0.6203058929776192,-1.5850934787268478,1.4355840509295827,-0.09794852449630304,0.6047796591830292],""source"":""LATEST SUCCESSFUL PHASE5 SERVO_J COMMAND \u2014 DRIVER MEMORY"",""error"":null},""right"":{""valid"":true,""status"":""VALID"",""sample_index"":227,""time_from_start_s"":5.448,""joints_rad"":[0.16011573673547286,2.554969079560335,1.5950230557117413,-1.4346843532141387,3.2285054307066003,2.5598587946644034],""source"":""LATEST SUCCESSFUL PHASE5 SERVO_J COMMAND \u2014 DRIVER MEMORY"",""error"":null}}","{""left"":{""valid"":true,""fresh"":true,""status"":""FRESH"",""joints_rad"":[2.984743404371567,0.6206699743369439,-1.5861473702308126,1.4379839265680614,-0.0961884112029863,0.6041275691536164],""received_at_ms"":1788495157694,""age_ms"":25,""source"":""jaka_port10000_actual_feedback"",""mapping"":""port10000_joint_actual_position_deg_to_rad"",""error"":null},""right"":{""valid"":true,""fresh"":true,""status"":""FRESH"",""joints_rad"":[0.15801809621828702,2.554744716695547,1.5958208576099915,-1.4363801435184036,3.227282909342034,2.560355775707783],""received_at_ms"":1788495157703,""age_ms"":16,""source"":""jaka_port10000_actual_feedback"",""mapping"":""port10000_joint_actual_position_deg_to_rad"",""error"":null}}","{""left"":{""values"":[-120.16989595300402,-10.271411003923276,3.082275390625,-6.386474609375,-0.0123291015625,0.64111328125],""received_at_ms"":1788495150177,""valid"":true,""status"":""STALE"",""error"":""Torque sample age 7542 ms exceeds 1500 ms"",""source"":""/left_jaka_driver/joint_torque_raw"",""age_ms"":7542,""fresh"":false},""right"":{""values"":[120.89955902978545,0.4490234318654984,-3.920654296875,8.359130859375,-0.2589111328125,0.2095947265625],""received_at_ms"":1788495149809,""valid"":true,""status"":""STALE"",""error"":""Torque sample age 7910 ms exceeds 1500 ms"",""source"":""/right_jaka_driver/joint_torque_raw"",""age_ms"":7910,""fresh"":false}}"
75,1788495157818,RUNNING,5.5200000000000005,"{""left"":{""valid"":true,""status"":""VALID"",""sample_index"":230,""time_from_start_s"":5.5200000000000005,""joints_rad"":[2.9802559075844326,0.620157751903094,-1.5845850824116257,1.434473354476653,-0.0987694960999939,0.6050400291834631],""source"":""LATEST SUCCESSFUL PHASE5 SERVO_J COMMAND \u2014 DRIVER MEMORY"",""error"":null},""right"":{""valid"":true,""status"":""VALID"",""sample_index"":230,""time_from_start_s"":5.5200000000000005,""joints_rad"":[0.16150019358005155,2.5551016455276634,1.5945044390169834,-1.4335345629708331,3.2292833170890782,2.559567590044183],""source"":""LATEST SUCCESSFUL PHASE5 SERVO_J COMMAND \u2014 DRIVER MEMORY"",""error"":null}}","{""left"":{""valid"":true,""fresh"":true,""status"":""FRESH"",""joints_rad"":[2.982754078090144,0.6204422088695587,-1.5854401628179045,1.436354138112549,-0.09736284325665327,0.6045111925232047],""received_at_ms"":1788495157767,""age_ms"":51,""source"":""jaka_port10000_actual_feedback"",""mapping"":""port10000_joint_actual_position_deg_to_rad"",""error"":null},""right"":{""valid"":true,""fresh"":true,""status"":""FRESH"",""joints_rad"":[0.15928852138081367,2.5548764890540725,1.5953534584363072,-1.4353254410514236,3.2280138532327687,2.5601400530122365],""received_at_ms"":1788495157815,""age_ms"":3,""source"":""jaka_port10000_actual_feedback"",""mapping"":""port10000_joint_actual_position_deg_to_rad"",""error"":null}}","{""left"":{""values"":[-120.16989595300402,-10.271411003923276,3.082275390625,-6.386474609375,-0.0123291015625,0.64111328125],""received_at_ms"":1788495150177,""valid"":true,""status"":""STALE"",""error"":""Torque sample age 7641 ms exceeds 1500 ms"",""source"":""/left_jaka_driver/joint_torque_raw"",""age_ms"":7641,""fresh"":false},""right"":{""values"":[120.89955902978545,0.4490234318654984,-3.920654296875,8.359130859375,-0.2589111328125,0.2095947265625],""received_at_ms"":1788495149809,""valid"":true,""status"":""STALE"",""error"":""Torque sample age 8009 ms exceeds 1500 ms"",""source"":""/right_jaka_driver/joint_torque_raw"",""age_ms"":8009,""fresh"":false}}"
76,1788495157918,RUNNING,5.64,"{""left"":{""valid"":true,""status"":""VALID"",""sample_index"":235,""time_from_start_s"":5.64,""joints_rad"":[2.9779801555789014,0.6199116813952023,-1.5837408589730697,1.4326401140339067,-0.10012742589527615,0.6054721824990671],""source"":""LATEST SUCCESSFUL PHASE5 SERVO_J COMMAND \u2014 DRIVER MEMORY"",""error"":null},""right"":{""valid"":true,""status"":""VALID"",""sample_index"":235,""time_from_start_s"":5.64,""joints_rad"":[0.16378696959749933,2.5553218881022395,1.5936433121283016,-1.4316367804858685,3.230570200702323,2.5590843875996847],""source"":""LATEST SUCCESSFUL PHASE5 SERVO_J COMMAND \u2014 DRIVER MEMORY"",""error"":null}}","{""left"":{""valid"":true,""fresh"":true,""status"":""FRESH"",""joints_rad"":[2.9807408407979685,0.6202385289458509,-1.5847092189271694,1.434712306885198,-0.09850132152772917,0.6048705558161903],""received_at_ms"":1788495157864,""age_ms"":54,""source"":""jaka_port10000_actual_feedback"",""mapping"":""port10000_joint_actual_position_deg_to_rad"",""error"":null},""right"":{""valid"":true,""fresh"":true,""status"":""FRESH"",""joints_rad"":[0.16158938893371783,2.5550683007388666,1.5944785248822826,-1.4334678871285258,3.229308189406048,2.559624831817048],""received_at_ms"":1788495157909,""age_ms"":9,""source"":""jaka_port10000_actual_feedback"",""mapping"":""port10000_joint_actual_position_deg_to_rad"",""error"":null}}","{""left"":{""values"":[-120.16989595300402,-10.271411003923276,3.082275390625,-6.386474609375,-0.0123291015625,0.64111328125],""received_at_ms"":1788495150177,""valid"":true,""status"":""STALE"",""error"":""Torque sample age 7740 ms exceeds 1500 ms"",""source"":""/left_jaka_driver/joint_torque_raw"",""age_ms"":7740,""fresh"":false},""right"":{""values"":[120.89955902978545,0.4490234318654984,-3.920654296875,8.359130859375,-0.2589111328125,0.2095947265625],""received_at_ms"":1788495149809,""valid"":true,""status"":""STALE"",""error"":""Torque sample age 8108 ms exceeds 1500 ms"",""source"":""/right_jaka_driver/joint_torque_raw"",""age_ms"":8108,""fresh"":false}}"
77,1788495158025,RUNNING,5.736,"{""left"":{""valid"":true,""status"":""VALID"",""sample_index"":239,""time_from_start_s"":5.736,""joints_rad"":[2.9761801842923434,0.619715763834704,-1.5830689371646314,1.431191435847445,-0.10120320876170474,0.6058159410064173],""source"":""LATEST SUCCESSFUL PHASE5 SERVO_J COMMAND \u2014 DRIVER MEMORY"",""error"":null},""right"":{""valid"":true,""status"":""VALID"",""sample_index"":239,""time_from_start_s"":5.736,""joints_rad"":[0.16559562293500787,2.5554972824974636,1.5929580008029003,-1.4301370839323115,3.2315899042664733,2.5587001430219636],""source"":""LATEST SUCCESSFUL PHASE5 SERVO_J COMMAND \u2014 DRIVER MEMORY"",""error"":null}}","{""left"":{""valid"":true,""fresh"":true,""status"":""FRESH"",""joints_rad"":[2.979374597059507,0.6201067565873253,-1.5842058659708942,1.4335617858422833,-0.09936421230991517,0.6051822716205967],""received_at_ms"":1788495157961,""age_ms"":64,""source"":""jaka_port10000_actual_feedback"",""mapping"":""port10000_joint_actual_position_deg_to_rad"",""error"":null},""right"":{""valid"":true,""fresh"":true,""status"":""FRESH"",""joints_rad"":[0.16375865866102157,2.555284023434413,1.5937116272089562,-1.431742105564154,3.2304946642315535,2.559109436088934],""received_at_ms"":1788495158001,""age_ms"":24,""source"":""jaka_port10000_actual_feedback"",""mapping"":""port10000_joint_actual_position_deg_to_rad"",""error"":null}}","{""left"":{""values"":[-120.16989595300402,-10.271411003923276,3.082275390625,-6.386474609375,-0.0123291015625,0.64111328125],""received_at_ms"":1788495150177,""valid"":true,""status"":""STALE"",""error"":""Torque sample age 7848 ms exceeds 1500 ms"",""source"":""/left_jaka_driver/joint_torque_raw"",""age_ms"":7848,""fresh"":false},""right"":{""values"":[120.89955902978545,0.4490234318654984,-3.920654296875,8.359130859375,-0.2589111328125,0.2095947265625],""received_at_ms"":1788495149809,""valid"":true,""status"":""STALE"",""error"":""Torque sample age 8216 ms exceeds 1500 ms"",""source"":""/right_jaka_driver/joint_torque_raw"",""age_ms"":8216,""fresh"":false}}"
78,1788495158125,RUNNING,5.832,"{""left"":{""valid"":true,""status"":""VALID"",""sample_index"":243,""time_from_start_s"":5.832,""joints_rad"":[2.9744005097394117,0.6195208525975591,-1.582400686311207,1.4297602936173925,-0.10226848364734117,0.6061576405026334],""source"":""LATEST SUCCESSFUL PHASE5 SERVO_J COMMAND \u2014 DRIVER MEMORY"",""error"":null},""right"":{""valid"":true,""status"":""VALID"",""sample_index"":243,""time_from_start_s"":5.832,""joints_rad"":[0.16738384713057314,2.5556718138599863,1.592276493170179,-1.4286555265953318,3.232599837769084,2.5583183126058913],""source"":""LATEST SUCCESSFUL PHASE5 SERVO_J COMMAND \u2014 DRIVER MEMORY"",""error"":null}}","{""left"":{""valid"":true,""fresh"":true,""status"":""FRESH"",""joints_rad"":[2.9775170431366096,0.6199030766636175,-1.5835227441016635,1.4320997235278876,-0.10049082234207751,0.6055297666746686],""received_at_ms"":1788495158073,""age_ms"":52,""source"":""jaka_port10000_actual_feedback"",""mapping"":""port10000_joint_actual_position_deg_to_rad"",""error"":null},""right"":{""valid"":true,""fresh"":true,""status"":""FRESH"",""joints_rad"":[0.16514881341023505,2.555415795792938,1.5931723204700898,-1.430567673510487,3.231249693665966,2.5588458913718832],""received_at_ms"":1788495158076,""age_ms"":49,""source"":""jaka_port10000_actual_feedback"",""mapping"":""port10000_joint_actual_position_deg_to_rad"",""error"":null}}","{""left"":{""values"":[-120.16989595300402,-10.271411003923276,3.082275390625,-6.386474609375,-0.0123291015625,0.64111328125],""received_at_ms"":1788495150177,""valid"":true,""status"":""STALE"",""error"":""Torque sample age 7948 ms exceeds 1500 ms"",""source"":""/left_jaka_driver/joint_torque_raw"",""age_ms"":7948,""fresh"":false},""right"":{""values"":[120.89955902978545,0.4490234318654984,-3.920654296875,8.359130859375,-0.2589111328125,0.2095947265625],""received_at_ms"":1788495149809,""valid"":true,""status"":""STALE"",""error"":""Torque sample age 8316 ms exceeds 1500 ms"",""source"":""/right_jaka_driver/joint_torque_raw"",""age_ms"":8316,""fresh"":false}}"
79,1788495158226,RUNNING,5.952,"{""left"":{""valid"":true,""status"":""VALID"",""sample_index"":248,""time_from_start_s"":5.952,""joints_rad"":[2.972206991656841,0.6192788500812315,-1.5815713063744614,1.427998109849979,-0.10358385094921,0.606581465213178],""source"":""LATEST SUCCESSFUL PHASE5 SERVO_J COMMAND \u2014 DRIVER MEMORY"",""error"":null},""right"":{""valid"":true,""status"":""VALID"",""sample_index"":248,""time_from_start_s"":5.952,""joints_rad"":[0.16958785252183994,2.5558885683683195,1.5914307475014866,-1.426831245138543,3.233847149405895,2.557844877013029],""source"":""LATEST SUCCESSFUL PHASE5 SERVO_J COMMAND \u2014 DRIVER MEMORY"",""error"":null}}","{""left"":{""valid"":true,""fresh"":true,""status"":""FRESH"",""joints_rad"":[2.9741974268993165,0.6195435388377067,-1.5822764044828144,1.4295710905075982,-0.10245623761274833,0.6061170699679648],""received_at_ms"":1788495158211,""age_ms"":15,""source"":""jaka_port10000_actual_feedback"",""mapping"":""port10000_joint_actual_position_deg_to_rad"",""error"":null},""right"":{""valid"":true,""fresh"":true,""status"":""FRESH"",""joints_rad"":[0.16664682950722176,2.5555716536951416,1.5926091027204714,-1.4292974228808855,3.232076456132636,2.5585462183393153],""received_at_ms"":1788495158192,""age_ms"":34,""source"":""jaka_port10000_actual_feedback"",""mapping"":""port10000_joint_actual_position_deg_to_rad"",""error"":null}}","{""left"":{""values"":[-120.16989595300402,-10.271411003923276,3.082275390625,-6.386474609375,-0.0123291015625,0.64111328125],""received_at_ms"":1788495150177,""valid"":true,""status"":""STALE"",""error"":""Torque sample age 8049 ms exceeds 1500 ms"",""source"":""/left_jaka_driver/joint_torque_raw"",""age_ms"":8049,""fresh"":false},""right"":{""values"":[120.89955902978545,0.4490234318654984,-3.920654296875,8.359130859375,-0.2589111328125,0.2095947265625],""received_at_ms"":1788495149809,""valid"":true,""status"":""STALE"",""error"":""Torque sample age 8417 ms exceeds 1500 ms"",""source"":""/right_jaka_driver/joint_torque_raw"",""age_ms"":8417,""fresh"":false}}"
80,1788495158325,RUNNING,6.024,"{""left"":{""valid"":true,""status"":""VALID"",""sample_index"":251,""time_from_start_s"":6.024,""joints_rad"":[2.9709085972118787,0.6191346208950002,-1.581077190002654,1.4269560031999189,-0.10436376293276328,0.6068338182073333],""source"":""LATEST SUCCESSFUL PHASE5 SERVO_J COMMAND \u2014 DRIVER MEMORY"",""error"":null},""right"":{""valid"":true,""status"":""VALID"",""sample_index"":252,""time_from_start_s"":6.048,""joints_rad"":[0.17132418082390488,2.556060702017613,1.5907596360292489,-1.4253955237641545,3.234831918296193,2.557469543401555],""source"":""LATEST SUCCESSFUL PHASE5 SERVO_J COMMAND \u2014 DRIVER MEMORY"",""error"":null}}","{""left"":{""valid"":true,""fresh"":true,""status"":""FRESH"",""joints_rad"":[2.9741974268993165,0.6195435388377067,-1.5822764044828144,1.4295710905075982,-0.10245623761274833,0.6061170699679648],""received_at_ms"":1788495158211,""age_ms"":114,""source"":""jaka_port10000_actual_feedback"",""mapping"":""port10000_joint_actual_position_deg_to_rad"",""error"":null},""right"":{""valid"":true,""fresh"":true,""status"":""FRESH"",""joints_rad"":[0.16870806335382707,2.5557634653799357,1.5917701229490377,-1.4277035882079643,3.2332629309581415,2.558102904709309],""received_at_ms"":1788495158309,""age_ms"":16,""source"":""jaka_port10000_actual_feedback"",""mapping"":""port10000_joint_actual_position_deg_to_rad"",""error"":null}}","{""left"":{""values"":[-120.16989595300402,-10.271411003923276,3.082275390625,-6.386474609375,-0.0123291015625,0.64111328125],""received_at_ms"":1788495150177,""valid"":true,""status"":""STALE"",""error"":""Torque sample age 8148 ms exceeds 1500 ms"",""source"":""/left_jaka_driver/joint_torque_raw"",""age_ms"":8148,""fresh"":false},""right"":{""values"":[120.89955902978545,0.4490234318654984,-3.920654296875,8.359130859375,-0.2589111328125,0.2095947265625],""received_at_ms"":1788495149809,""valid"":true,""status"":""STALE"",""error"":""Torque sample age 8516 ms exceeds 1500 ms"",""source"":""/right_jaka_driver/joint_torque_raw"",""age_ms"":8516,""fresh"":false}}"
81,1788495158427,RUNNING,6.144,"{""left"":{""valid"":true,""status"":""VALID"",""sample_index"":256,""time_from_start_s"":6.144,""joints_rad"":[2.9687759848753426,0.6188960196929627,-1.580260074760223,1.4252460198587646,-0.10564704199729247,0.6072508762700878],""source"":""LATEST SUCCESSFUL PHASE5 SERVO_J COMMAND \u2014 DRIVER MEMORY"",""error"":null},""right"":{""valid"":true,""status"":""VALID"",""sample_index"":256,""time_from_start_s"":6.144,""joints_rad"":[0.1730351410498433,2.556231594312111,1.59009385532594,-1.423982123490782,3.235804266303432,2.557097509744797],""source"":""LATEST SUCCESSFUL PHASE5 SERVO_J COMMAND \u2014 DRIVER MEMORY"",""error"":null}}","{""left"":{""valid"":true,""fresh"":true,""status"":""FRESH"",""joints_rad"":[2.970781817553163,0.6191719582399572,-1.5809820683095355,1.4269225533676968,-0.10432565977455946,0.6068120600761089],""received_at_ms"":1788495158397,""age_ms"":30,""source"":""jaka_port10000_actual_feedback"",""mapping"":""port10000_joint_actual_position_deg_to_rad"",""error"":null},""right"":{""valid"":true,""fresh"":true,""status"":""FRESH"",""joints_rad"":[0.17075742896151883,2.555979188075482,1.5910032252757114,-1.4260017176543447,3.2344733167944,2.557695370328968],""received_at_ms"":1788495158378,""age_ms"":49,""source"":""jaka_port10000_actual_feedback"",""mapping"":""port10000_joint_actual_position_deg_to_rad"",""error"":null}}","{""left"":{""values"":[-120.16989595300402,-10.271411003923276,3.082275390625,-6.386474609375,-0.0123291015625,0.64111328125],""received_at_ms"":1788495150177,""valid"":true,""status"":""STALE"",""error"":""Torque sample age 8250 ms exceeds 1500 ms"",""source"":""/left_jaka_driver/joint_torque_raw"",""age_ms"":8250,""fresh"":false},""right"":{""values"":[120.89955902978545,0.4490234318654984,-3.920654296875,8.359130859375,-0.2589111328125,0.2095947265625],""received_at_ms"":1788495149809,""valid"":true,""status"":""STALE"",""error"":""Torque sample age 8618 ms exceeds 1500 ms"",""source"":""/right_jaka_driver/joint_torque_raw"",""age_ms"":8618,""fresh"":false}}"
82,1788495158528,RUNNING,6.24,"{""left"":{""valid"":true,""status"":""VALID"",""sample_index"":260,""time_from_start_s"":6.24,""joints_rad"":[2.9670994855694754,0.6187068573773304,-1.579612558825204,1.423903317227248,-0.1066579747110165,0.6075811320644304],""source"":""LATEST SUCCESSFUL PHASE5 SERVO_J COMMAND \u2014 DRIVER MEMORY"",""error"":null},""right"":{""valid"":true,""status"":""VALID"",""sample_index"":260,""time_from_start_s"":6.24,""joints_rad"":[0.17471953694385473,2.5564011550447736,1.5894337715090143,-1.4225920560412721,3.236763550622415,2.5567289893806406],""source"":""LATEST SUCCESSFUL PHASE5 SERVO_J COMMAND \u2014 DRIVER MEMORY"",""error"":null}}","{""left"":{""valid"":true,""fresh"":true,""status"":""FRESH"",""joints_rad"":[2.9694756131409705,0.6190161003377541,-1.5805146691358514,1.4259278902269854,-0.10510477475264972,0.6070516937824078],""received_at_ms"":1788495158465,""age_ms"":63,""source"":""jaka_port10000_actual_feedback"",""mapping"":""port10000_joint_actual_position_deg_to_rad"",""error"":null},""right"":{""valid"":true,""fresh"":true,""status"":""FRESH"",""joints_rad"":[0.1720515906018726,2.556098917662169,1.590511915091275,-1.4248752821551076,3.2352403890006514,2.5573358325030573],""received_at_ms"":1788495158459,""age_ms"":69,""source"":""jaka_port10000_actual_feedback"",""mapping"":""port10000_joint_actual_position_deg_to_rad"",""error"":null}}","{""left"":{""values"":[-120.16989595300402,-10.271411003923276,3.082275390625,-6.386474609375,-0.0123291015625,0.64111328125],""received_at_ms"":1788495150177,""valid"":true,""status"":""STALE"",""error"":""Torque sample age 8351 ms exceeds 1500 ms"",""source"":""/left_jaka_driver/joint_torque_raw"",""age_ms"":8351,""fresh"":false},""right"":{""values"":[120.89955902978545,0.4490234318654984,-3.920654296875,8.359130859375,-0.2589111328125,0.2095947265625],""received_at_ms"":1788495149809,""valid"":true,""status"":""STALE"",""error"":""Torque sample age 8719 ms exceeds 1500 ms"",""source"":""/right_jaka_driver/joint_torque_raw"",""age_ms"":8719,""fresh"":false}}"
83,1788495158628,RUNNING,6.336,"{""left"":{""valid"":true,""status"":""VALID"",""sample_index"":264,""time_from_start_s"":6.336,""joints_rad"":[2.965450408715414,0.6185193179074671,-1.5789708663302682,1.4225840084233579,-0.10765431805043509,0.6079081979368655],""source"":""LATEST SUCCESSFUL PHASE5 SERVO_J COMMAND \u2014 DRIVER MEMORY"",""error"":null},""right"":{""valid"":true,""status"":""VALID"",""sample_index"":264,""time_from_start_s"":6.336,""joints_rad"":[0.176376339999387,2.556569307614898,1.588779696807924,-1.4212261905438706,3.237709218151594,2.5563641648909887],""source"":""LATEST SUCCESSFUL PHASE5 SERVO_J COMMAND \u2014 DRIVER MEMORY"",""error"":null}}","{""left"":{""valid"":true,""fresh"":true,""status"":""FRESH"",""joints_rad"":[2.9683490031088082,0.6188963707510672,-1.5800832237447584,1.4250649994447993,-0.1057877220889551,0.6073033702605454],""received_at_ms"":1788495158576,""age_ms"":52,""source"":""jaka_port10000_actual_feedback"",""mapping"":""port10000_joint_actual_position_deg_to_rad"",""error"":null},""right"":{""valid"":true,""fresh"":true,""status"":""FRESH"",""joints_rad"":[0.17429276789435855,2.556338725901393,1.5896010277546593,-1.42296973167778,3.2364867286195005,2.5568563905575346],""received_at_ms"":1788495158569,""age_ms"":59,""source"":""jaka_port10000_actual_feedback"",""mapping"":""port10000_joint_actual_position_deg_to_rad"",""error"":null}}","{""left"":{""values"":[-120.16989595300402,-10.271411003923276,3.082275390625,-6.386474609375,-0.0123291015625,0.64111328125],""received_at_ms"":1788495150177,""valid"":true,""status"":""STALE"",""error"":""Torque sample age 8451 ms exceeds 1500 ms"",""source"":""/left_jaka_driver/joint_torque_raw"",""age_ms"":8451,""fresh"":false},""right"":{""values"":[120.89955902978545,0.4490234318654984,-3.920654296875,8.359130859375,-0.2589111328125,0.2095947265625],""received_at_ms"":1788495149809,""valid"":true,""status"":""STALE"",""error"":""Torque sample age 8819 ms exceeds 1500 ms"",""source"":""/right_jaka_driver/joint_torque_raw"",""age_ms"":8819,""fresh"":false}}"
84,1788495158734,RUNNING,6.456,"{""left"":{""valid"":true,""status"":""VALID"",""sample_index"":269,""time_from_start_s"":6.456,""joints_rad"":[2.9634288989876647,0.6182872819487758,-1.5781773135876072,1.4209688138928238,-0.10887849959708179,0.6083123462691747],""source"":""LATEST SUCCESSFUL PHASE5 SERVO_J COMMAND \u2014 DRIVER MEMORY"",""error"":null},""right"":{""valid"":true,""status"":""VALID"",""sample_index"":269,""time_from_start_s"":6.456,""joints_rad"":[0.1784072611572472,2.5567774246667683,1.5879709372692448,-1.4195539731206366,3.23887146466548,2.5559135571639473],""source"":""LATEST SUCCESSFUL PHASE5 SERVO_J COMMAND \u2014 DRIVER MEMORY"",""error"":null}}","{""left"":{""valid"":true,""fresh"":true,""status"":""FRESH"",""joints_rad"":[2.9651372482192886,0.6185247901533176,-1.5788848806803393,1.4225482346634235,-0.1078491304684856,0.6079266273364324],""received_at_ms"":1788495158718,""age_ms"":16,""source"":""jaka_port10000_actual_feedback"",""mapping"":""port10000_joint_actual_position_deg_to_rad"",""error"":null},""right"":{""valid"":true,""fresh"":true,""status"":""FRESH"",""joints_rad"":[0.17540716062175693,2.5564345444773275,1.5891816251354047,-1.4221188836674328,3.237121853934301,2.556652710633827],""received_at_ms"":1788495158682,""age_ms"":52,""source"":""jaka_port10000_actual_feedback"",""mapping"":""port10000_joint_actual_position_deg_to_rad"",""error"":null}}","{""left"":{""values"":[-120.16989595300402,-10.271411003923276,3.082275390625,-6.386474609375,-0.0123291015625,0.64111328125],""received_at_ms"":1788495150177,""valid"":true,""status"":""STALE"",""error"":""Torque sample age 8557 ms exceeds 1500 ms"",""source"":""/left_jaka_driver/joint_torque_raw"",""age_ms"":8557,""fresh"":false},""right"":{""values"":[120.89955902978545,0.4490234318654984,-3.920654296875,8.359130859375,-0.2589111328125,0.2095947265625],""received_at_ms"":1788495149809,""valid"":true,""status"":""STALE"",""error"":""Torque sample age 8925 ms exceeds 1500 ms"",""source"":""/right_jaka_driver/joint_torque_raw"",""age_ms"":8925,""fresh"":false}}"
85,1788495158832,RUNNING,6.5520000000000005,"{""left"":{""valid"":true,""status"":""VALID"",""sample_index"":273,""time_from_start_s"":6.5520000000000005,""joints_rad"":[2.9618443389994606,0.6181036268905031,-1.5775495446442989,1.419704448365667,-0.10984039871684464,0.6086317985431055],""source"":""LATEST SUCCESSFUL PHASE5 SERVO_J COMMAND \u2014 DRIVER MEMORY"",""error"":null},""right"":{""valid"":true,""status"":""VALID"",""sample_index"":273,""time_from_start_s"":6.5520000000000005,""joints_rad"":[0.1799991491589758,2.5569422042374006,1.5873312258743992,-1.4182449499777128,3.2397849692957137,2.5555575454211397],""source"":""LATEST SUCCESSFUL PHASE5 SERVO_J COMMAND \u2014 DRIVER MEMORY"",""error"":null}}","{""left"":{""valid"":true,""fresh"":true,""status"":""FRESH"",""joints_rad"":[2.9636992714485704,0.618357064012201,-1.5782857091481293,1.4213258060553267,-0.10873593226142392,0.6082142575971611],""received_at_ms"":1788495158829,""age_ms"":3,""source"":""jaka_port10000_actual_feedback"",""mapping"":""port10000_joint_actual_position_deg_to_rad"",""error"":null},""right"":{""valid"":true,""fresh"":true,""status"":""FRESH"",""joints_rad"":[0.1773006683272456,2.5566502671728744,1.5884386384728308,-1.4205489600052639,3.238200467412034,2.556257219025325],""received_at_ms"":1788495158757,""age_ms"":75,""source"":""jaka_port10000_actual_feedback"",""mapping"":""port10000_joint_actual_position_deg_to_rad"",""error"":null}}","{""left"":{""values"":[-120.16989595300402,-10.271411003923276,3.082275390625,-6.386474609375,-0.0123291015625,0.64111328125],""received_at_ms"":1788495150177,""valid"":true,""status"":""STALE"",""error"":""Torque sample age 8655 ms exceeds 1500 ms"",""source"":""/left_jaka_driver/joint_torque_raw"",""age_ms"":8655,""fresh"":false},""right"":{""values"":[120.89955902978545,0.4490234318654984,-3.920654296875,8.359130859375,-0.2589111328125,0.2095947265625],""received_at_ms"":1788495149809,""valid"":true,""status"":""STALE"",""error"":""Torque sample age 9023 ms exceeds 1500 ms"",""source"":""/right_jaka_driver/joint_torque_raw"",""age_ms"":9023,""fresh"":false}}"
86,1788495158931,RUNNING,6.648000000000001,"{""left"":{""valid"":true,""status"":""VALID"",""sample_index"":277,""time_from_start_s"":6.648000000000001,""joints_rad"":[2.9602892673709507,0.6179217617033675,-1.5769281902529333,1.4184651663200942,-0.11078651988439052,0.6089477448405708],""source"":""LATEST SUCCESSFUL PHASE5 SERVO_J COMMAND \u2014 DRIVER MEMORY"",""error"":null},""right"":{""valid"":true,""status"":""VALID"",""sample_index"":277,""time_from_start_s"":6.648000000000001,""joints_rad"":[0.18156136760959185,2.5571054294814797,1.5866981312076454,-1.41696187765095,3.240683736883113,2.5552055905719677],""source"":""LATEST SUCCESSFUL PHASE5 SERVO_J COMMAND \u2014 DRIVER MEMORY"",""error"":null}}","{""left"":{""valid"":true,""fresh"":true,""status"":""FRESH"",""joints_rad"":[2.9636992714485704,0.618357064012201,-1.5782857091481293,1.4213258060553267,-0.10873593226142392,0.6082142575971611],""received_at_ms"":1788495158829,""age_ms"":102,""source"":""jaka_port10000_actual_feedback"",""mapping"":""port10000_joint_actual_position_deg_to_rad"",""error"":null},""right"":{""valid"":true,""fresh"":true,""status"":""FRESH"",""joints_rad"":[0.1789185885438443,2.556805950542152,1.5877914703861913,-1.4191947590386413,3.2391473085312406,2.5558498591779095],""received_at_ms"":1788495158853,""age_ms"":78,""source"":""jaka_port10000_actual_feedback"",""mapping"":""port10000_joint_actual_position_deg_to_rad"",""error"":null}}","{""left"":{""values"":[-120.16989595300402,-10.271411003923276,3.082275390625,-6.386474609375,-0.0123291015625,0.64111328125],""received_at_ms"":1788495150177,""valid"":true,""status"":""STALE"",""error"":""Torque sample age 8754 ms exceeds 1500 ms"",""source"":""/left_jaka_driver/joint_torque_raw"",""age_ms"":8754,""fresh"":false},""right"":{""values"":[120.89955902978545,0.4490234318654984,-3.920654296875,8.359130859375,-0.2589111328125,0.2095947265625],""received_at_ms"":1788495149809,""valid"":true,""status"":""STALE"",""error"":""Torque sample age 9122 ms exceeds 1500 ms"",""source"":""/right_jaka_driver/joint_torque_raw"",""age_ms"":9122,""fresh"":false}}"
87,1788495159033,RUNNING,6.744,"{""left"":{""valid"":true,""status"":""VALID"",""sample_index"":281,""time_from_start_s"":6.744,""joints_rad"":[2.958763899469653,0.6177416992473981,-1.5763132991856292,1.4172511407435908,-0.11171673735964405,0.6092601568676038],""source"":""LATEST SUCCESSFUL PHASE5 SERVO_J COMMAND \u2014 DRIVER MEMORY"",""error"":null},""right"":{""valid"":true,""status"":""VALID"",""sample_index"":281,""time_from_start_s"":6.744,""joints_rad"":[0.18309370008953912,2.557267089766328,1.586071704194928,-1.4157049352334345,3.241567648930804,2.5548577260575156],""source"":""LATEST SUCCESSFUL PHASE5 SERVO_J COMMAND \u2014 DRIVER MEMORY"",""error"":null}}","{""left"":{""valid"":true,""fresh"":true,""status"":""FRESH"",""joints_rad"":[2.9617097706342217,0.6181533840884933,-1.5775186369418779,1.4197679251649964,-0.10988645330433859,0.608609749205663],""received_at_ms"":1788495158944,""age_ms"":89,""source"":""jaka_port10000_actual_feedback"",""mapping"":""port10000_joint_actual_position_deg_to_rad"",""error"":null},""right"":{""valid"":true,""fresh"":true,""status"":""FRESH"",""joints_rad"":[0.18038065085823998,2.556961808444355,1.5871921243210565,-1.4179484194197922,3.2399740709979103,2.5555262751345897],""received_at_ms"":1788495158936,""age_ms"":97,""source"":""jaka_port10000_actual_feedback"",""mapping"":""port10000_joint_actual_position_deg_to_rad"",""error"":null}}","{""left"":{""values"":[-120.16989595300402,-10.271411003923276,3.082275390625,-6.386474609375,-0.0123291015625,0.64111328125],""received_at_ms"":1788495150177,""valid"":true,""status"":""STALE"",""error"":""Torque sample age 8856 ms exceeds 1500 ms"",""source"":""/left_jaka_driver/joint_torque_raw"",""age_ms"":8856,""fresh"":false},""right"":{""values"":[120.89955902978545,0.4490234318654984,-3.920654296875,8.359130859375,-0.2589111328125,0.2095947265625],""received_at_ms"":1788495149809,""valid"":true,""status"":""STALE"",""error"":""Torque sample age 9224 ms exceeds 1500 ms"",""source"":""/right_jaka_driver/joint_torque_raw"",""age_ms"":9224,""fresh"":false}}"
88,1788495159132,RUNNING,6.84,"{""left"":{""valid"":true,""status"":""VALID"",""sample_index"":285,""time_from_start_s"":6.84,""joints_rad"":[2.957268237405802,0.6175634328162248,-1.575704852621011,1.4160623686410279,-0.11263104720847433,0.6095690413462066],""source"":""LATEST SUCCESSFUL PHASE5 SERVO_J COMMAND \u2014 DRIVER MEMORY"",""error"":null},""right"":{""valid"":true,""status"":""VALID"",""sample_index"":285,""time_from_start_s"":6.84,""joints_rad"":[0.18459614458859935,2.557427191896709,1.585451926683833,-1.414474119690426,3.242436701758113,2.554513945890933],""source"":""LATEST SUCCESSFUL PHASE5 SERVO_J COMMAND \u2014 DRIVER MEMORY"",""error"":null}}","{""left"":{""valid"":true,""fresh"":true,""status"":""FRESH"",""joints_rad"":[2.96030757311317,0.6179736151755378,-1.5769554191922595,1.4186533579046727,-0.11068930476025599,0.6088973794663918],""received_at_ms"":1788495159061,""age_ms"":71,""source"":""jaka_port10000_actual_feedback"",""mapping"":""port10000_joint_actual_position_deg_to_rad"",""error"":null},""right"":{""valid"":true,""fresh"":true,""status"":""FRESH"",""joints_rad"":[0.18328086447627892,2.5572853924876746,1.5859817384847983,-1.4155875125406197,3.2417358063448733,2.5548909752868636],""received_at_ms"":1788495159122,""age_ms"":10,""source"":""jaka_port10000_actual_feedback"",""mapping"":""port10000_joint_actual_position_deg_to_rad"",""error"":null}}","{""left"":{""values"":[-120.16989595300402,-10.271411003923276,3.082275390625,-6.386474609375,-0.0123291015625,0.64111328125],""received_at_ms"":1788495150177,""valid"":true,""status"":""STALE"",""error"":""Torque sample age 8955 ms exceeds 1500 ms"",""source"":""/left_jaka_driver/joint_torque_raw"",""age_ms"":8955,""fresh"":false},""right"":{""values"":[120.89955902978545,0.4490234318654984,-3.920654296875,8.359130859375,-0.2589111328125,0.2095947265625],""received_at_ms"":1788495149809,""valid"":true,""status"":""STALE"",""error"":""Torque sample age 9323 ms exceeds 1500 ms"",""source"":""/right_jaka_driver/joint_torque_raw"",""age_ms"":9323,""fresh"":false}}"
89,1788495159237,RUNNING,6.96,"{""left"":{""valid"":true,""status"":""VALID"",""sample_index"":290,""time_from_start_s"":6.96,""joints_rad"":[2.9554400766602757,0.617343082156983,-1.5749532141020843,1.4146116144270928,-0.11375176420819127,0.6099502557419747],""source"":""LATEST SUCCESSFUL PHASE5 SERVO_J COMMAND \u2014 DRIVER MEMORY"",""error"":null},""right"":{""valid"":true,""status"":""VALID"",""sample_index"":290,""time_from_start_s"":6.96,""joints_rad"":[0.1864325293363305,2.557625168236998,1.5846864112711274,-1.4129720289559613,3.2435023103835223,2.5540898885488157],""source"":""LATEST SUCCESSFUL PHASE5 SERVO_J COMMAND \u2014 DRIVER MEMORY"",""error"":null}}","{""left"":{""valid"":true,""fresh"":true,""status"":""FRESH"",""joints_rad"":[2.95842610817952,0.6177338069363139,-1.5761644359752556,1.4170834342425038,-0.11183982580317063,0.6092569172923026],""received_at_ms"":1788495159178,""age_ms"":59,""source"":""jaka_port10000_actual_feedback"",""mapping"":""port10000_joint_actual_position_deg_to_rad"",""error"":null},""right"":{""valid"":true,""fresh"":true,""status"":""FRESH"",""joints_rad"":[0.18440747450844128,2.5574052966072864,1.5855143393111142,-1.4146527141932514,3.242334977877083,2.554663384352404],""received_at_ms"":1788495159190,""age_ms"":47,""source"":""jaka_port10000_actual_feedback"",""mapping"":""port10000_joint_actual_position_deg_to_rad"",""error"":null}}","{""left"":{""values"":[-120.16989595300402,-10.271411003923276,3.082275390625,-6.386474609375,-0.0123291015625,0.64111328125],""received_at_ms"":1788495150177,""valid"":true,""status"":""STALE"",""error"":""Torque sample age 9060 ms exceeds 1500 ms"",""source"":""/left_jaka_driver/joint_torque_raw"",""age_ms"":9060,""fresh"":false},""right"":{""values"":[120.89955902978545,0.4490234318654984,-3.920654296875,8.359130859375,-0.2589111328125,0.2095947265625],""received_at_ms"":1788495149809,""valid"":true,""status"":""STALE"",""error"":""Torque sample age 9428 ms exceeds 1500 ms"",""source"":""/right_jaka_driver/joint_torque_raw"",""age_ms"":9428,""fresh"":false}}"
90,1788495159336,RUNNING,7.056,"{""left"":{""valid"":true,""status"":""VALID"",""sample_index"":294,""time_from_start_s"":7.056,""joints_rad"":[2.9540100957400157,0.6171687253447571,-1.5743588294936866,1.413478690691417,-0.1146309329111781,0.6102514191587638],""source"":""LATEST SUCCESSFUL PHASE5 SERVO_J COMMAND \u2014 DRIVER MEMORY"",""error"":null},""right"":{""valid"":true,""status"":""VALID"",""sample_index"":294,""time_from_start_s"":7.056,""joints_rad"":[0.18786888952307276,2.557781884681227,1.58408115129429,-1.4117989932271608,3.2443385437383405,2.55375506082165],""source"":""LATEST SUCCESSFUL PHASE5 SERVO_J COMMAND \u2014 DRIVER MEMORY"",""error"":null}}","{""left"":{""valid"":true,""fresh"":true,""status"":""FRESH"",""joints_rad"":[2.955501983550729,0.6173863118822417,-1.574942007367159,1.41473457013517,-0.11372129073682052,0.6099279963896944],""received_at_ms"":1788495159324,""age_ms"":12,""source"":""jaka_port10000_actual_feedback"",""mapping"":""port10000_joint_actual_position_deg_to_rad"",""error"":null},""right"":{""valid"":true,""fresh"":true,""status"":""FRESH"",""joints_rad"":[0.1853900948773141,2.55751315795506,1.5850828939200214,-1.4138137344218178,3.242862416377036,2.5544117078742663],""received_at_ms"":1788495159309,""age_ms"":27,""source"":""jaka_port10000_actual_feedback"",""mapping"":""port10000_joint_actual_position_deg_to_rad"",""error"":null}}","{""left"":{""values"":[-120.16989595300402,-10.271411003923276,3.082275390625,-6.386474609375,-0.0123291015625,0.64111328125],""received_at_ms"":1788495150177,""valid"":true,""status"":""STALE"",""error"":""Torque sample age 9158 ms exceeds 1500 ms"",""source"":""/left_jaka_driver/joint_torque_raw"",""age_ms"":9158,""fresh"":false},""right"":{""values"":[120.89955902978545,0.4490234318654984,-3.920654296875,8.359130859375,-0.2589111328125,0.2095947265625],""received_at_ms"":1788495149809,""valid"":true,""status"":""STALE"",""error"":""Torque sample age 9526 ms exceeds 1500 ms"",""source"":""/right_jaka_driver/joint_torque_raw"",""age_ms"":9526,""fresh"":false}}"
91,1788495159437,RUNNING,7.152,"{""left"":{""valid"":true,""status"":""VALID"",""sample_index"":298,""time_from_start_s"":7.152,""joints_rad"":[2.9526082478626847,0.6169959977310113,-1.5737703271858408,1.4123697073803043,-0.11549508372375865,0.6105493364325439],""source"":""LATEST SUCCESSFUL PHASE5 SERVO_J COMMAND \u2014 DRIVER MEMORY"",""error"":null},""right"":{""valid"":true,""status"":""VALID"",""sample_index"":298,""time_from_start_s"":7.152,""joints_rad"":[0.1892769433756234,2.5579371943333316,1.5834819697818552,-1.4106507256808813,3.245160756671157,2.553424005722375],""source"":""LATEST SUCCESSFUL PHASE5 SERVO_J COMMAND \u2014 DRIVER MEMORY"",""error"":null}}","{""left"":{""valid"":true,""fresh"":true,""status"":""FRESH"",""joints_rad"":[2.95388406333413,0.6171826319585341,-1.5742829710416057,1.4134163229511385,-0.11470408563861853,0.610263623204853],""received_at_ms"":1788495159435,""age_ms"":2,""source"":""jaka_port10000_actual_feedback"",""mapping"":""port10000_joint_actual_position_deg_to_rad"",""error"":null},""right"":{""valid"":true,""fresh"":true,""status"":""FRESH"",""joints_rad"":[0.1871996522457818,2.557704795106929,1.5843399072574473,-1.4123038500859175,3.2439408553218434,2.553980262483173],""received_at_ms"":1788495159378,""age_ms"":59,""source"":""jaka_port10000_actual_feedback"",""mapping"":""port10000_joint_actual_position_deg_to_rad"",""error"":null}}","{""left"":{""values"":[-120.16989595300402,-10.271411003923276,3.082275390625,-6.386474609375,-0.0123291015625,0.64111328125],""received_at_ms"":1788495150177,""valid"":true,""status"":""STALE"",""error"":""Torque sample age 9260 ms exceeds 1500 ms"",""source"":""/left_jaka_driver/joint_torque_raw"",""age_ms"":9260,""fresh"":false},""right"":{""values"":[120.89955902978545,0.4490234318654984,-3.920654296875,8.359130859375,-0.2589111328125,0.2095947265625],""received_at_ms"":1788495149809,""valid"":true,""status"":""STALE"",""error"":""Torque sample age 9628 ms exceeds 1500 ms"",""source"":""/right_jaka_driver/joint_torque_raw"",""age_ms"":9628,""fresh"":false}}"
92,1788495159536,RUNNING,7.248,"{""left"":{""valid"":true,""status"":""VALID"",""sample_index"":302,""time_from_start_s"":7.248,""joints_rad"":[2.951233530169218,0.6168248003135618,-1.573187369501658,1.411283832401486,-0.11634478697134731,0.6108441794692264],""source"":""LATEST SUCCESSFUL PHASE5 SERVO_J COMMAND \u2014 DRIVER MEMORY"",""error"":null},""right"":{""valid"":true,""status"":""VALID"",""sample_index"":302,""time_from_start_s"":7.248,""joints_rad"":[0.19065769927614087,2.5580911862483102,1.582888522718878,-1.4095263652310173,3.245969486834322,2.553096531267527],""source"":""LATEST SUCCESSFUL PHASE5 SERVO_J COMMAND \u2014 DRIVER MEMORY"",""error"":null}}","{""left"":{""valid"":true,""fresh"":true,""status"":""FRESH"",""joints_rad"":[2.95388406333413,0.6171826319585341,-1.5742829710416057,1.4134163229511385,-0.11470408563861853,0.610263623204853],""received_at_ms"":1788495159435,""age_ms"":101,""source"":""jaka_port10000_actual_feedback"",""mapping"":""port10000_joint_actual_position_deg_to_rad"",""error"":null},""right"":{""valid"":true,""fresh"":true,""status"":""FRESH"",""joints_rad"":[0.18825435471276197,2.557824699226541,1.583920504638193,-1.4114289165318927,3.2446000661803214,2.5537165432331967],""received_at_ms"":1788495159449,""age_ms"":87,""source"":""jaka_port10000_actual_feedback"",""mapping"":""port10000_joint_actual_position_deg_to_rad"",""error"":null}}","{""left"":{""values"":[-120.16989595300402,-10.271411003923276,3.082275390625,-6.386474609375,-0.0123291015625,0.64111328125],""received_at_ms"":1788495150177,""valid"":true,""status"":""STALE"",""error"":""Torque sample age 9359 ms exceeds 1500 ms"",""source"":""/left_jaka_driver/joint_torque_raw"",""age_ms"":9359,""fresh"":false},""right"":{""values"":[120.89955902978545,0.4490234318654984,-3.920654296875,8.359130859375,-0.2589111328125,0.2095947265625],""received_at_ms"":1788495149809,""valid"":true,""status"":""STALE"",""error"":""Torque sample age 9727 ms exceeds 1500 ms"",""source"":""/right_jaka_driver/joint_torque_raw"",""age_ms"":9727,""fresh"":false}}"
93,1788495159641,RUNNING,7.368,"{""left"":{""valid"":true,""status"":""VALID"",""sample_index"":307,""time_from_start_s"":7.368,""joints_rad"":[2.9495513360503045,0.6166127658581018,-1.5724658213968459,1.4099573698566639,-0.11738770867096097,0.6112087412707989],""source"":""LATEST SUCCESSFUL PHASE5 SERVO_J COMMAND \u2014 DRIVER MEMORY"",""error"":null},""right"":{""valid"":true,""status"":""VALID"",""sample_index"":307,""time_from_start_s"":7.368,""joints_rad"":[0.19234721591387627,2.558281993229367,1.5821541172385165,-1.4081528628105424,3.2469624853563372,2.5526918530147094],""source"":""LATEST SUCCESSFUL PHASE5 SERVO_J COMMAND \u2014 DRIVER MEMORY"",""error"":null}}","{""left"":{""valid"":true,""fresh"":true,""status"":""FRESH"",""joints_rad"":[2.951259611737906,0.6168470051433755,-1.5731563610094434,1.4112590959956737,-0.11622601274635759,0.6108147981826327],""received_at_ms"":1788495159615,""age_ms"":26,""source"":""jaka_port10000_actual_feedback"",""mapping"":""port10000_joint_actual_position_deg_to_rad"",""error"":null},""right"":{""valid"":true,""fresh"":true,""status"":""FRESH"",""joints_rad"":[0.1908309842874812,2.558136240498022,1.5827820263671173,-1.4092957751201054,3.2461699898424903,2.553045464135805],""received_at_ms"":1788495159636,""age_ms"":5,""source"":""jaka_port10000_actual_feedback"",""mapping"":""port10000_joint_actual_position_deg_to_rad"",""error"":null}}","{""left"":{""values"":[-120.16989595300402,-10.271411003923276,3.082275390625,-6.386474609375,-0.0123291015625,0.64111328125],""received_at_ms"":1788495150177,""valid"":true,""status"":""STALE"",""error"":""Torque sample age 9464 ms exceeds 1500 ms"",""source"":""/left_jaka_driver/joint_torque_raw"",""age_ms"":9464,""fresh"":false},""right"":{""values"":[120.89955902978545,0.4490234318654984,-3.920654296875,8.359130859375,-0.2589111328125,0.2095947265625],""received_at_ms"":1788495149809,""valid"":true,""status"":""STALE"",""error"":""Torque sample age 9832 ms exceeds 1500 ms"",""source"":""/right_jaka_driver/joint_torque_raw"",""age_ms"":9832,""fresh"":false}}"
94,1788495159742,RUNNING,7.464,"{""left"":{""valid"":true,""status"":""VALID"",""sample_index"":311,""time_from_start_s"":7.464,""joints_rad"":[2.948232635250946,0.6164445244564545,-1.571893672805264,1.408919325121761,-0.11820776720030067,0.6114975194435346],""source"":""LATEST SUCCESSFUL PHASE5 SERVO_J COMMAND \u2014 DRIVER MEMORY"",""error"":null},""right"":{""valid"":true,""status"":""VALID"",""sample_index"":311,""time_from_start_s"":7.464,""joints_rad"":[0.19367160496362967,2.55843345718877,1.581571873713157,-1.4070779846578843,3.247743577608965,2.552371481254222],""source"":""LATEST SUCCESSFUL PHASE5 SERVO_J COMMAND \u2014 DRIVER MEMORY"",""error"":null}}","{""left"":{""valid"":true,""fresh"":true,""status"":""FRESH"",""joints_rad"":[2.9503728099449678,0.6167391437956024,-1.5727608694009414,1.4105281521049386,-0.11680127326781492,0.6110066098674268],""received_at_ms"":1788495159684,""age_ms"":58,""source"":""jaka_port10000_actual_feedback"",""mapping"":""port10000_joint_actual_position_deg_to_rad"",""error"":null},""right"":{""valid"":true,""fresh"":true,""status"":""FRESH"",""joints_rad"":[0.19183769020003155,2.5582322336068817,1.582326669965272,-1.4084567953486715,3.246793072385452,2.5527817448858285],""received_at_ms"":1788495159706,""age_ms"":36,""source"":""jaka_port10000_actual_feedback"",""mapping"":""port10000_joint_actual_position_deg_to_rad"",""error"":null}}","{""left"":{""values"":[-120.16989595300402,-10.271411003923276,3.082275390625,-6.386474609375,-0.0123291015625,0.64111328125],""received_at_ms"":1788495150177,""valid"":true,""status"":""STALE"",""error"":""Torque sample age 9565 ms exceeds 1500 ms"",""source"":""/left_jaka_driver/joint_torque_raw"",""age_ms"":9565,""fresh"":false},""right"":{""values"":[120.89955902978545,0.4490234318654984,-3.920654296875,8.359130859375,-0.2589111328125,0.2095947265625],""received_at_ms"":1788495149809,""valid"":true,""status"":""STALE"",""error"":""Torque sample age 9933 ms exceeds 1500 ms"",""source"":""/right_jaka_driver/joint_torque_raw"",""age_ms"":9933,""fresh"":false}}"
95,1788495159842,RUNNING,7.5600000000000005,"{""left"":{""valid"":true,""status"":""VALID"",""sample_index"":315,""time_from_start_s"":7.5600000000000005,""joints_rad"":[2.946935966210816,0.6162773224201246,-1.5713253872609945,1.4079001675469394,-0.11901628311473628,0.6117840846905669],""source"":""LATEST SUCCESSFUL PHASE5 SERVO_J COMMAND \u2014 DRIVER MEMORY"",""error"":null},""right"":{""valid"":true,""status"":""VALID"",""sample_index"":315,""time_from_start_s"":7.5600000000000005,""joints_rad"":[0.1949738223492768,2.558584043505505,1.580993649620955,-1.4060226452213982,3.248513925621243,2.5520537254462674],""source"":""LATEST SUCCESSFUL PHASE5 SERVO_J COMMAND \u2014 DRIVER MEMORY"",""error"":null}}","{""left"":{""valid"":true,""fresh"":true,""status"":""FRESH"",""joints_rad"":[2.9494020578150084,0.6166073714370767,-1.5723414667816873,1.4097012151053436,-0.11744844135445442,0.6111982470192959],""received_at_ms"":1788495159797,""age_ms"":45,""source"":""jaka_port10000_actual_feedback"",""mapping"":""port10000_joint_actual_position_deg_to_rad"",""error"":null},""right"":{""valid"":true,""fresh"":true,""status"":""FRESH"",""joints_rad"":[0.19283235334074308,2.5583519631935685,1.5818711390305014,-1.4076658121316679,3.247356464667996,2.55259010773396],""received_at_ms"":1788495159830,""age_ms"":12,""source"":""jaka_port10000_actual_feedback"",""mapping"":""port10000_joint_actual_position_deg_to_rad"",""error"":null}}","{""left"":{""values"":[-120.16989595300402,-10.271411003923276,3.082275390625,-6.386474609375,-0.0123291015625,0.64111328125],""received_at_ms"":1788495150177,""valid"":true,""status"":""STALE"",""error"":""Torque sample age 9665 ms exceeds 1500 ms"",""source"":""/left_jaka_driver/joint_torque_raw"",""age_ms"":9665,""fresh"":false},""right"":{""values"":[120.89955902978545,0.4490234318654984,-3.920654296875,8.359130859375,-0.2589111328125,0.2095947265625],""received_at_ms"":1788495149809,""valid"":true,""status"":""STALE"",""error"":""Torque sample age 10033 ms exceeds 1500 ms"",""source"":""/right_jaka_driver/joint_torque_raw"",""age_ms"":10033,""fresh"":false}}"
96,1788495159943,RUNNING,7.656000000000001,"{""left"":{""valid"":true,""status"":""VALID"",""sample_index"":319,""time_from_start_s"":7.656000000000001,""joints_rad"":[2.9456591614216157,0.6161109536552567,-1.57076025709699,1.4068981045230176,-0.11981449261187302,0.6120688005991121],""source"":""LATEST SUCCESSFUL PHASE5 SERVO_J COMMAND \u2014 DRIVER MEMORY"",""error"":null},""right"":{""valid"":true,""status"":""VALID"",""sample_index"":319,""time_from_start_s"":7.656000000000001,""joints_rad"":[0.19625604737828023,2.55873393666564,1.5804187228223703,-1.4049849893504924,3.2492746947776823,2.5517381777751256],""source"":""LATEST SUCCESSFUL PHASE5 SERVO_J COMMAND \u2014 DRIVER MEMORY"",""error"":null}}","{""left"":{""valid"":true,""fresh"":true,""status"":""FRESH"",""joints_rad"":[2.9479040417180213,0.6164155597522826,-1.5716583449124566,1.4085147402798377,-0.11844310449516599,0.6115218310626156],""received_at_ms"":1788495159868,""age_ms"":75,""source"":""jaka_port10000_actual_feedback"",""mapping"":""port10000_joint_actual_position_deg_to_rad"",""error"":null},""right"":{""valid"":true,""fresh"":true,""status"":""FRESH"",""joints_rad"":[0.19283235334074308,2.5583519631935685,1.5818711390305014,-1.4076658121316679,3.247356464667996,2.55259010773396],""received_at_ms"":1788495159830,""age_ms"":113,""source"":""jaka_port10000_actual_feedback"",""mapping"":""port10000_joint_actual_position_deg_to_rad"",""error"":null}}","{""left"":{""values"":[-120.16989595300402,-10.271411003923276,3.082275390625,-6.386474609375,-0.0123291015625,0.64111328125],""received_at_ms"":1788495150177,""valid"":true,""status"":""STALE"",""error"":""Torque sample age 9766 ms exceeds 1500 ms"",""source"":""/left_jaka_driver/joint_torque_raw"",""age_ms"":9766,""fresh"":false},""right"":{""values"":[120.89955902978545,0.4490234318654984,-3.920654296875,8.359130859375,-0.2589111328125,0.2095947265625],""received_at_ms"":1788495149809,""valid"":true,""status"":""STALE"",""error"":""Torque sample age 10134 ms exceeds 1500 ms"",""source"":""/right_jaka_driver/joint_torque_raw"",""age_ms"":10134,""fresh"":false}}"
97,1788495160057,RUNNING,7.776,"{""left"":{""valid"":true,""status"":""VALID"",""sample_index"":324,""time_from_start_s"":7.776,""joints_rad"":[2.944087305628924,0.6159038061823671,-1.5700570503868818,1.4056664367017961,-0.12079991991856512,0.6124227281104535],""source"":""LATEST SUCCESSFUL PHASE5 SERVO_J COMMAND \u2014 DRIVER MEMORY"",""error"":null},""right"":{""valid"":true,""status"":""VALID"",""sample_index"":324,""time_from_start_s"":7.776,""joints_rad"":[0.19783451889212728,2.558920648922819,1.5797034444684126,-1.403709549616493,3.2502142211367233,2.5513461377429705],""source"":""LATEST SUCCESSFUL PHASE5 SERVO_J COMMAND \u2014 DRIVER MEMORY"",""error"":null}}","{""left"":{""valid"":true,""fresh"":true,""status"":""FRESH"",""joints_rad"":[2.9457468147625567,0.6161160612526402,-1.5707235465650884,1.406824912498057,-0.11989329857064807,0.6120133157799772],""received_at_ms"":1788495160044,""age_ms"":13,""source"":""jaka_port10000_actual_feedback"",""mapping"":""port10000_joint_actual_position_deg_to_rad"",""error"":null},""right"":{""valid"":true,""fresh"":true,""status"":""FRESH"",""joints_rad"":[0.1960320654584243,2.5587354120302317,1.5804331622597831,-1.4049694529702617,3.2492258868298074,2.5518111672887946],""received_at_ms"":1788495160018,""age_ms"":39,""source"":""jaka_port10000_actual_feedback"",""mapping"":""port10000_joint_actual_position_deg_to_rad"",""error"":null}}","{""left"":{""values"":[-120.16989595300402,-10.271411003923276,3.082275390625,-6.386474609375,-0.0123291015625,0.64111328125],""received_at_ms"":1788495150177,""valid"":true,""status"":""STALE"",""error"":""Torque sample age 9880 ms exceeds 1500 ms"",""source"":""/left_jaka_driver/joint_torque_raw"",""age_ms"":9880,""fresh"":false},""right"":{""values"":[120.89955902978545,0.4490234318654984,-3.920654296875,8.359130859375,-0.2589111328125,0.2095947265625],""received_at_ms"":1788495149809,""valid"":true,""status"":""STALE"",""error"":""Torque sample age 10248 ms exceeds 1500 ms"",""source"":""/right_jaka_driver/joint_torque_raw"",""age_ms"":10248,""fresh"":false}}"
98,1788495160143,RUNNING,7.872,"{""left"":{""valid"":true,""status"":""VALID"",""sample_index"":328,""time_from_start_s"":7.872,""joints_rad"":[2.9428457165260378,0.6157384157660509,-1.5694959384209666,1.4046950008558468,-0.12158034852787053,0.6127048683053987],""source"":""LATEST SUCCESSFUL PHASE5 SERVO_J COMMAND \u2014 DRIVER MEMORY"",""error"":null},""right"":{""valid"":true,""status"":""VALID"",""sample_index"":328,""time_from_start_s"":7.872,""joints_rad"":[0.19908129150514076,2.559069784417547,1.5791327913943596,-1.4027035727841515,3.250958536633364,2.551033779125179],""source"":""LATEST SUCCESSFUL PHASE5 SERVO_J COMMAND \u2014 DRIVER MEMORY"",""error"":null}}","{""left"":{""valid"":true,""fresh"":true,""status"":""FRESH"",""joints_rad"":[2.9457468147625567,0.6161160612526402,-1.5707235465650884,1.406824912498057,-0.11989329857064807,0.6120133157799772],""received_at_ms"":1788495160044,""age_ms"":99,""source"":""jaka_port10000_actual_feedback"",""mapping"":""port10000_joint_actual_position_deg_to_rad"",""error"":null},""right"":{""valid"":true,""fresh"":true,""status"":""FRESH"",""joints_rad"":[0.19700281758838356,2.558855316149844,1.5800256278794427,-1.4042264663076878,3.2498011473512647,2.5515834018214094],""received_at_ms"":1788495160087,""age_ms"":56,""source"":""jaka_port10000_actual_feedback"",""mapping"":""port10000_joint_actual_position_deg_to_rad"",""error"":null}}","{""left"":{""values"":[-120.16989595300402,-10.271411003923276,3.082275390625,-6.386474609375,-0.0123291015625,0.64111328125],""received_at_ms"":1788495150177,""valid"":true,""status"":""STALE"",""error"":""Torque sample age 9966 ms exceeds 1500 ms"",""source"":""/left_jaka_driver/joint_torque_raw"",""age_ms"":9966,""fresh"":false},""right"":{""values"":[120.89955902978545,0.4490234318654984,-3.920654296875,8.359130859375,-0.2589111328125,0.2095947265625],""received_at_ms"":1788495149809,""valid"":true,""status"":""STALE"",""error"":""Torque sample age 10334 ms exceeds 1500 ms"",""source"":""/right_jaka_driver/joint_torque_raw"",""age_ms"":10334,""fresh"":false}}"
99,1788495160246,RUNNING,7.968,"{""left"":{""valid"":true,""status"":""VALID"",""sample_index"":332,""time_from_start_s"":7.968,""joints_rad"":[2.9416148486595355,0.6155729956990187,-1.5689350146971521,1.4037331031514921,-0.1223556886251333,0.612986686495761],""source"":""LATEST SUCCESSFUL PHASE5 SERVO_J COMMAND \u2014 DRIVER MEMORY"",""error"":null},""right"":{""valid"":true,""status"":""VALID"",""sample_index"":332,""time_from_start_s"":7.968,""joints_rad"":[0.20031726442268272,2.5592189984199645,1.5785624067668318,-1.4017074594062504,3.2516981923315886,2.550721914014551],""source"":""LATEST SUCCESSFUL PHASE5 SERVO_J COMMAND \u2014 DRIVER MEMORY"",""error"":null}}","{""left"":{""valid"":true,""fresh"":true,""status"":""FRESH"",""joints_rad"":[2.944596293719642,0.6159481605785984,-1.570184239826222,1.4059021569225276,-0.12061237422246975,0.6122649922581147],""received_at_ms"":1788495160160,""age_ms"":86,""source"":""jaka_port10000_actual_feedback"",""mapping"":""port10000_joint_actual_position_deg_to_rad"",""error"":null},""right"":{""valid"":true,""fresh"":true,""status"":""FRESH"",""joints_rad"":[0.1979135303920742,2.558951134725778,1.5795702714775972,-1.4034833051121884,3.250376407872722,2.5513556363540237],""received_at_ms"":1788495160200,""age_ms"":46,""source"":""jaka_port10000_actual_feedback"",""mapping"":""port10000_joint_actual_position_deg_to_rad"",""error"":null}}","{""left"":{""values"":[-120.16989595300402,-10.271411003923276,3.082275390625,-6.386474609375,-0.0123291015625,0.64111328125],""received_at_ms"":1788495150177,""valid"":true,""status"":""STALE"",""error"":""Torque sample age 10069 ms exceeds 1500 ms"",""source"":""/left_jaka_driver/joint_torque_raw"",""age_ms"":10069,""fresh"":false},""right"":{""values"":[120.89955902978545,0.4490234318654984,-3.920654296875,8.359130859375,-0.2589111328125,0.2095947265625],""received_at_ms"":1788495149809,""valid"":true,""status"":""STALE"",""error"":""Torque sample age 10437 ms exceeds 1500 ms"",""source"":""/right_jaka_driver/joint_torque_raw"",""age_ms"":10437,""fresh"":false}}"
100,1788495160346,RUNNING,8.040000000000001,"{""left"":{""valid"":true,""status"":""VALID"",""sample_index"":336,""time_from_start_s"":8.064,""joints_rad"":[2.940391210191946,0.6154072179998863,-1.5683731504235865,1.402777859042867,-0.12312793389279461,0.613268764447458],""source"":""LATEST SUCCESSFUL PHASE5 SERVO_J COMMAND \u2014 DRIVER MEMORY"",""error"":null},""right"":{""valid"":true,""status"":""VALID"",""sample_index"":335,""time_from_start_s"":8.040000000000001,""joints_rad"":[0.2012392561833023,2.5593311357331974,1.5781341052134588,-1.4009650621331038,3.252251000014081,2.550487948255216],""source"":""LATEST SUCCESSFUL PHASE5 SERVO_J COMMAND \u2014 DRIVER MEMORY"",""error"":null}}","{""left"":{""valid"":true,""fresh"":true,""status"":""FRESH"",""joints_rad"":[2.9432300499811808,0.6157804344374818,-1.5695252035006693,1.4047636786514517,-0.12147509047173052,0.6126243555511005],""received_at_ms"":1788495160275,""age_ms"":71,""source"":""jaka_port10000_actual_feedback"",""mapping"":""port10000_joint_actual_position_deg_to_rad"",""error"":null},""right"":{""valid"":true,""fresh"":true,""status"":""FRESH"",""joints_rad"":[0.1993637244675563,2.55911903539982,1.578911060619119,-1.4023568696129516,3.2512392986549075,2.551008141299952],""received_at_ms"":1788495160316,""age_ms"":30,""source"":""jaka_port10000_actual_feedback"",""mapping"":""port10000_joint_actual_position_deg_to_rad"",""error"":null}}","{""left"":{""values"":[-120.16989595300402,-10.271411003923276,3.082275390625,-6.386474609375,-0.0123291015625,0.64111328125],""received_at_ms"":1788495150177,""valid"":true,""status"":""STALE"",""error"":""Torque sample age 10168 ms exceeds 1500 ms"",""source"":""/left_jaka_driver/joint_torque_raw"",""age_ms"":10168,""fresh"":false},""right"":{""values"":[120.89955902978545,0.4490234318654984,-3.920654296875,8.359130859375,-0.2589111328125,0.2095947265625],""received_at_ms"":1788495149809,""valid"":true,""status"":""STALE"",""error"":""Torque sample age 10536 ms exceeds 1500 ms"",""source"":""/right_jaka_driver/joint_torque_raw"",""age_ms"":10536,""fresh"":false}}"
101,1788495160445,RUNNING,8.16,"{""left"":{""valid"":true,""status"":""VALID"",""sample_index"":340,""time_from_start_s"":8.16,""joints_rad"":[2.93917097623625,0.6152407214486606,-1.567809102718053,1.4018261111124721,-0.12389927112179834,0.6135517424572912],""source"":""LATEST SUCCESSFUL PHASE5 SERVO_J COMMAND \u2014 DRIVER MEMORY"",""error"":null},""right"":{""valid"":true,""status"":""VALID"",""sample_index"":340,""time_from_start_s"":8.16,""joints_rad"":[0.20277118902486854,2.5595188640926985,1.5774177163429772,-1.3997325996786012,3.2531712247979927,2.5500969848110233],""source"":""LATEST SUCCESSFUL PHASE5 SERVO_J COMMAND \u2014 DRIVER MEMORY"",""error"":null}}","{""left"":{""valid"":true,""fresh"":true,""status"":""FRESH"",""joints_rad"":[2.940725502504569,0.6154329393834097,-1.5684106362403456,1.4028342171633719,-0.12297310656871727,0.6132355698551488],""received_at_ms"":1788495160417,""age_ms"":28,""source"":""jaka_port10000_actual_feedback"",""mapping"":""port10000_joint_actual_position_deg_to_rad"",""error"":null},""right"":{""valid"":true,""fresh"":true,""status"":""FRESH"",""joints_rad"":[0.2008378295537907,2.559310672551689,1.5782638925324795,-1.4012063485700368,3.2521142322089327,2.550648603474041],""received_at_ms"":1788495160386,""age_ms"":59,""source"":""jaka_port10000_actual_feedback"",""mapping"":""port10000_joint_actual_position_deg_to_rad"",""error"":null}}","{""left"":{""values"":[-120.16989595300402,-10.271411003923276,3.082275390625,-6.386474609375,-0.0123291015625,0.64111328125],""received_at_ms"":1788495150177,""valid"":true,""status"":""STALE"",""error"":""Torque sample age 10268 ms exceeds 1500 ms"",""source"":""/left_jaka_driver/joint_torque_raw"",""age_ms"":10268,""fresh"":false},""right"":{""values"":[120.89955902978545,0.4490234318654984,-3.920654296875,8.359130859375,-0.2589111328125,0.2095947265625],""received_at_ms"":1788495149809,""valid"":true,""status"":""STALE"",""error"":""Torque sample age 10636 ms exceeds 1500 ms"",""source"":""/right_jaka_driver/joint_torque_raw"",""age_ms"":10636,""fresh"":false}}"
102,1788495160560,RUNNING,8.256,"{""left"":{""valid"":true,""status"":""VALID"",""sample_index"":345,""time_from_start_s"":8.28,""joints_rad"":[2.937644434193849,0.6150307181825345,-1.5670980570891664,1.4006365589587715,-0.12486591952252933,0.6139081677134712],""source"":""LATEST SUCCESSFUL PHASE5 SERVO_J COMMAND \u2014 DRIVER MEMORY"",""error"":null},""right"":{""valid"":true,""status"":""VALID"",""sample_index"":344,""time_from_start_s"":8.256,""joints_rad"":[0.2039969848797492,2.5596703417662496,1.576840261809476,-1.3987473053268873,3.2539090003692785,2.549782194353253],""source"":""LATEST SUCCESSFUL PHASE5 SERVO_J COMMAND \u2014 DRIVER MEMORY"",""error"":null}}","{""left"":{""valid"":true,""fresh"":true,""status"":""FRESH"",""joints_rad"":[2.9394910311246334,0.6152650387093679,-1.567847418490727,1.401887376044165,-0.12375222154680754,0.6135232001158775],""received_at_ms"":1788495160528,""age_ms"":32,""source"":""jaka_port10000_actual_feedback"",""mapping"":""port10000_joint_actual_position_deg_to_rad"",""error"":null},""right"":{""valid"":true,""fresh"":true,""status"":""FRESH"",""joints_rad"":[0.20178449614007243,2.559418533899462,1.5778324471413865,-1.400415365353033,3.252689318197465,2.550373015985151],""received_at_ms"":1788495160461,""age_ms"":99,""source"":""jaka_port10000_actual_feedback"",""mapping"":""port10000_joint_actual_position_deg_to_rad"",""error"":null}}","{""left"":{""values"":[-120.16989595300402,-10.271411003923276,3.082275390625,-6.386474609375,-0.0123291015625,0.64111328125],""received_at_ms"":1788495150177,""valid"":true,""status"":""STALE"",""error"":""Torque sample age 10383 ms exceeds 1500 ms"",""source"":""/left_jaka_driver/joint_torque_raw"",""age_ms"":10383,""fresh"":false},""right"":{""values"":[120.89955902978545,0.4490234318654984,-3.920654296875,8.359130859375,-0.2589111328125,0.2095947265625],""received_at_ms"":1788495149809,""valid"":true,""status"":""STALE"",""error"":""Torque sample age 10751 ms exceeds 1500 ms"",""source"":""/right_jaka_driver/joint_torque_raw"",""age_ms"":10751,""fresh"":false}}"
103,1788495160647,RUNNING,8.376,"{""left"":{""valid"":true,""status"":""VALID"",""sample_index"":349,""time_from_start_s"":8.376,""joints_rad"":[2.9364177574754513,0.6148602423361689,-1.5665212564460491,1.3996817168604112,-0.12564430717440717,0.6141969877360933],""source"":""LATEST SUCCESSFUL PHASE5 SERVO_J COMMAND \u2014 DRIVER MEMORY"",""error"":null},""right"":{""valid"":true,""status"":""VALID"",""sample_index"":349,""time_from_start_s"":8.376,""joints_rad"":[0.20553561323221592,2.5598624897712448,1.576108761658948,-1.3975118417168235,3.254837242048534,2.549384004796594],""source"":""LATEST SUCCESSFUL PHASE5 SERVO_J COMMAND \u2014 DRIVER MEMORY"",""error"":null}}","{""left"":{""valid"":true,""fresh"":true,""status"":""FRESH"",""joints_rad"":[2.9384724569731695,0.6151212235790036,-1.567367976545204,1.4010965673600864,-0.1244112578723606,0.6137150118006717],""received_at_ms"":1788495160626,""age_ms"":21,""source"":""jaka_port10000_actual_feedback"",""mapping"":""port10000_joint_actual_position_deg_to_rad"",""error"":null},""right"":{""valid"":true,""fresh"":true,""status"":""FRESH"",""joints_rad"":[0.2039776768781285,2.5596942959212776,1.5767540081965794,-1.3985578114301354,3.254079647479603,2.5497857126918553],""received_at_ms"":1788495160632,""age_ms"":15,""source"":""jaka_port10000_actual_feedback"",""mapping"":""port10000_joint_actual_position_deg_to_rad"",""error"":null}}","{""left"":{""values"":[-120.16989595300402,-10.271411003923276,3.082275390625,-6.386474609375,-0.0123291015625,0.64111328125],""received_at_ms"":1788495150177,""valid"":true,""status"":""STALE"",""error"":""Torque sample age 10470 ms exceeds 1500 ms"",""source"":""/left_jaka_driver/joint_torque_raw"",""age_ms"":10470,""fresh"":false},""right"":{""values"":[120.89955902978545,0.4490234318654984,-3.920654296875,8.359130859375,-0.2589111328125,0.2095947265625],""received_at_ms"":1788495149809,""valid"":true,""status"":""STALE"",""error"":""Torque sample age 10838 ms exceeds 1500 ms"",""source"":""/right_jaka_driver/joint_torque_raw"",""age_ms"":10838,""fresh"":false}}"
104,1788495160746,RUNNING,8.472,"{""left"":{""valid"":true,""status"":""VALID"",""sample_index"":353,""time_from_start_s"":8.472,""joints_rad"":[2.935182662510071,0.6146867633529193,-1.5659347379451156,1.3987213817670257,-0.12642971244365342,0.6144903371403443],""source"":""LATEST SUCCESSFUL PHASE5 SERVO_J COMMAND \u2014 DRIVER MEMORY"",""error"":null},""right"":{""valid"":true,""status"":""VALID"",""sample_index"":353,""time_from_start_s"":8.472,""joints_rad"":[0.2067756853473115,2.560019289078706,1.575512806557175,-1.3965172890508806,3.2555874031616066,2.5490601598135285],""source"":""LATEST SUCCESSFUL PHASE5 SERVO_J COMMAND \u2014 DRIVER MEMORY"",""error"":null}}","{""left"":{""valid"":true,""fresh"":true,""status"":""FRESH"",""joints_rad"":[2.9371660780280515,0.6149534974378869,-1.5667808477848333,1.400077818675697,-0.12532214520897644,0.6140265530721527],""received_at_ms"":1788495160710,""age_ms"":36,""source"":""jaka_port10000_actual_feedback"",""mapping"":""port10000_joint_actual_position_deg_to_rad"",""error"":null},""right"":{""valid"":true,""fresh"":true,""status"":""FRESH"",""joints_rad"":[0.20482852488847575,2.5598021572690506,1.5763464738162385,-1.3978987751045824,3.254510918337771,2.5496059437788996],""received_at_ms"":1788495160700,""age_ms"":46,""source"":""jaka_port10000_actual_feedback"",""mapping"":""port10000_joint_actual_position_deg_to_rad"",""error"":null}}","{""left"":{""values"":[-120.16989595300402,-10.271411003923276,3.082275390625,-6.386474609375,-0.0123291015625,0.64111328125],""received_at_ms"":1788495150177,""valid"":true,""status"":""STALE"",""error"":""Torque sample age 10569 ms exceeds 1500 ms"",""source"":""/left_jaka_driver/joint_torque_raw"",""age_ms"":10569,""fresh"":false},""right"":{""values"":[120.89955902978545,0.4490234318654984,-3.920654296875,8.359130859375,-0.2589111328125,0.2095947265625],""received_at_ms"":1788495149809,""valid"":true,""status"":""STALE"",""error"":""Torque sample age 10937 ms exceeds 1500 ms"",""source"":""/right_jaka_driver/joint_torque_raw"",""age_ms"":10937,""fresh"":false}}"
105,1788495160848,RUNNING,8.568,"{""left"":{""valid"":true,""status"":""VALID"",""sample_index"":357,""time_from_start_s"":8.568,""joints_rad"":[2.933936168769952,0.6145096096581127,-1.5653362999364067,1.3977533489568332,-0.1272242272326598,0.6147892656362962],""source"":""LATEST SUCCESSFUL PHASE5 SERVO_J COMMAND \u2014 DRIVER MEMORY"",""error"":null},""right"":{""valid"":true,""status"":""VALID"",""sample_index"":357,""time_from_start_s"":8.568,""joints_rad"":[0.20802716674970953,2.5601795025736735,1.5749048724470835,-1.395514750795208,3.2563464977322703,2.5487303785655273],""source"":""LATEST SUCCESSFUL PHASE5 SERVO_J COMMAND \u2014 DRIVER MEMORY"",""error"":null}}","{""left"":{""valid"":true,""fresh"":true,""status"":""FRESH"",""joints_rad"":[2.9360155569851374,0.6147857712967701,-1.5662654520567192,1.3992149278935113,-0.1260651318715504,0.6142543185395379],""received_at_ms"":1788495160792,""age_ms"":56,""source"":""jaka_port10000_actual_feedback"",""mapping"":""port10000_joint_actual_position_deg_to_rad"",""error"":null},""right"":{""valid"":true,""fresh"":true,""status"":""FRESH"",""joints_rad"":[0.20577519147475745,2.5598979758449847,1.5759270711969844,-1.397203610463513,3.255026314065885,2.5493902210833532],""received_at_ms"":1788495160817,""age_ms"":31,""source"":""jaka_port10000_actual_feedback"",""mapping"":""port10000_joint_actual_position_deg_to_rad"",""error"":null}}","{""left"":{""values"":[-120.16989595300402,-10.271411003923276,3.082275390625,-6.386474609375,-0.0123291015625,0.64111328125],""received_at_ms"":1788495150177,""valid"":true,""status"":""STALE"",""error"":""Torque sample age 10671 ms exceeds 1500 ms"",""source"":""/left_jaka_driver/joint_torque_raw"",""age_ms"":10671,""fresh"":false},""right"":{""values"":[120.89955902978545,0.4490234318654984,-3.920654296875,8.359130859375,-0.2589111328125,0.2095947265625],""received_at_ms"":1788495149809,""valid"":true,""status"":""STALE"",""error"":""Torque sample age 11039 ms exceeds 1500 ms"",""source"":""/right_jaka_driver/joint_torque_raw"",""age_ms"":11039,""fresh"":false}}"
106,1788495160949,RUNNING,8.664,"{""left"":{""valid"":true,""status"":""VALID"",""sample_index"":361,""time_from_start_s"":8.664,""joints_rad"":[2.93267559204578,0.6143281748432498,-1.5647239548390788,1.3967756329705903,-0.12802973605157972,0.6150947205517991],""source"":""LATEST SUCCESSFUL PHASE5 SERVO_J COMMAND \u2014 DRIVER MEMORY"",""error"":null},""right"":{""valid"":true,""status"":""VALID"",""sample_index"":361,""time_from_start_s"":8.664,""joints_rad"":[0.20929274927332475,2.5603436899926946,1.5742829560731169,-1.3945021696026534,3.2571163491918735,2.5483936420606894],""source"":""LATEST SUCCESSFUL PHASE5 SERVO_J COMMAND \u2014 DRIVER MEMORY"",""error"":null}}","{""left"":{""valid"":true,""fresh"":true,""status"":""FRESH"",""joints_rad"":[2.9351168869532853,0.6146658671771582,-1.565810095654874,1.3984719412309374,-0.12661630684933023,0.6144700412350844],""received_at_ms"":1788495160901,""age_ms"":48,""source"":""jaka_port10000_actual_feedback"",""mapping"":""port10000_joint_actual_position_deg_to_rad"",""error"":null},""right"":{""valid"":true,""fresh"":true,""status"":""FRESH"",""joints_rad"":[0.2072972931154217,2.5601016557686926,1.5751840845344105,-1.3960171356380071,3.2559372014025008,2.548970818464099],""received_at_ms"":1788495160889,""age_ms"":60,""source"":""jaka_port10000_actual_feedback"",""mapping"":""port10000_joint_actual_position_deg_to_rad"",""error"":null}}","{""left"":{""values"":[-120.16989595300402,-10.271411003923276,3.082275390625,-6.386474609375,-0.0123291015625,0.64111328125],""received_at_ms"":1788495150177,""valid"":true,""status"":""STALE"",""error"":""Torque sample age 10772 ms exceeds 1500 ms"",""source"":""/left_jaka_driver/joint_torque_raw"",""age_ms"":10772,""fresh"":false},""right"":{""values"":[120.89955902978545,0.4490234318654984,-3.920654296875,8.359130859375,-0.2589111328125,0.2095947265625],""received_at_ms"":1788495149809,""valid"":true,""status"":""STALE"",""error"":""Torque sample age 11140 ms exceeds 1500 ms"",""source"":""/right_jaka_driver/joint_torque_raw"",""age_ms"":11140,""fresh"":false}}"
107,1788495161055,RUNNING,8.76,"{""left"":{""valid"":true,""status"":""VALID"",""sample_index"":365,""time_from_start_s"":8.76,""joints_rad"":[2.931398536197663,0.614141915879688,-1.5640959232676417,1.3957864614987234,-0.12884792177374865,0.6154075496460557],""source"":""LATEST SUCCESSFUL PHASE5 SERVO_J COMMAND \u2014 DRIVER MEMORY"",""error"":null},""right"":{""valid"":true,""status"":""VALID"",""sample_index"":365,""time_from_start_s"":8.76,""joints_rad"":[0.2105748358589042,2.560512352658309,1.573645264137696,-1.3934777089937704,3.257898585980162,2.5480490386016155],""source"":""LATEST SUCCESSFUL PHASE5 SERVO_J COMMAND \u2014 DRIVER MEMORY"",""error"":null}}","{""left"":{""valid"":true,""fresh"":true,""status"":""FRESH"",""joints_rad"":[2.932731894530435,0.6143063293512473,-1.5646475318401205,1.3965904762972872,-0.12803054714222123,0.6150931237780465],""received_at_ms"":1788495161040,""age_ms"":15,""source"":""jaka_port10000_actual_feedback"",""mapping"":""port10000_joint_actual_position_deg_to_rad"",""error"":null},""right"":{""valid"":true,""fresh"":true,""status"":""FRESH"",""joints_rad"":[0.20823209146278987,2.5602215598883045,1.5747285535996398,-1.3952622807365196,3.256512287391033,2.548695230975209],""received_at_ms"":1788495160961,""age_ms"":94,""source"":""jaka_port10000_actual_feedback"",""mapping"":""port10000_joint_actual_position_deg_to_rad"",""error"":null}}","{""left"":{""values"":[-120.16989595300402,-10.271411003923276,3.082275390625,-6.386474609375,-0.0123291015625,0.64111328125],""received_at_ms"":1788495150177,""valid"":true,""status"":""STALE"",""error"":""Torque sample age 10878 ms exceeds 1500 ms"",""source"":""/left_jaka_driver/joint_torque_raw"",""age_ms"":10878,""fresh"":false},""right"":{""values"":[120.89955902978545,0.4490234318654984,-3.920654296875,8.359130859375,-0.2589111328125,0.2095947265625],""received_at_ms"":1788495149809,""valid"":true,""status"":""STALE"",""error"":""Torque sample age 11246 ms exceeds 1500 ms"",""source"":""/right_jaka_driver/joint_torque_raw"",""age_ms"":11246,""fresh"":false}}"
108,1788495161154,RUNNING,8.88,"{""left"":{""valid"":true,""status"":""VALID"",""sample_index"":370,""time_from_start_s"":8.88,""joints_rad"":[2.929775844514411,0.6139015804998942,-1.5632864409294802,1.3945315225052346,-0.12989072797591877,0.6158100910757902],""source"":""LATEST SUCCESSFUL PHASE5 SERVO_J COMMAND \u2014 DRIVER MEMORY"",""error"":null},""right"":{""valid"":true,""status"":""VALID"",""sample_index"":370,""time_from_start_s"":8.88,""joints_rad"":[0.2122038601009908,2.560730146283654,1.5728235626371636,-1.3921779767844693,3.258895973491894,2.5476060009744605],""source"":""LATEST SUCCESSFUL PHASE5 SERVO_J COMMAND \u2014 DRIVER MEMORY"",""error"":null}}","{""left"":{""valid"":true,""fresh"":true,""status"":""FRESH"",""joints_rad"":[2.9312459212052873,0.6140906066557009,-1.5639404989601378,1.395463866265125,-0.1289892565003417,0.6154526616039572],""received_at_ms"":1788495161148,""age_ms"":6,""source"":""jaka_port10000_actual_feedback"",""mapping"":""port10000_joint_actual_position_deg_to_rad"",""error"":null},""right"":{""valid"":true,""fresh"":true,""status"":""FRESH"",""joints_rad"":[0.20962224621200334,2.5603892860294213,1.5740454317304093,-1.3941236279325184,3.2573992637168967,2.548359604160051],""received_at_ms"":1788495161072,""age_ms"":82,""source"":""jaka_port10000_actual_feedback"",""mapping"":""port10000_joint_actual_position_deg_to_rad"",""error"":null}}","{""left"":{""values"":[-120.16989595300402,-10.271411003923276,3.082275390625,-6.386474609375,-0.0123291015625,0.64111328125],""received_at_ms"":1788495150177,""valid"":true,""status"":""STALE"",""error"":""Torque sample age 10977 ms exceeds 1500 ms"",""source"":""/left_jaka_driver/joint_torque_raw"",""age_ms"":10977,""fresh"":false},""right"":{""values"":[120.89955902978545,0.4490234318654984,-3.920654296875,8.359130859375,-0.2589111328125,0.2095947265625],""received_at_ms"":1788495149809,""valid"":true,""status"":""STALE"",""error"":""Torque sample age 11345 ms exceeds 1500 ms"",""source"":""/right_jaka_driver/joint_torque_raw"",""age_ms"":11345,""fresh"":false}}"
109,1788495161260,RUNNING,8.976,"{""left"":{""valid"":true,""status"":""VALID"",""sample_index"":374,""time_from_start_s"":8.976,""joints_rad"":[2.9284543857807916,0.6137027978971742,-1.5626176473681213,1.393511158675146,-0.1307425844476289,0.6161421150849737],""source"":""LATEST SUCCESSFUL PHASE5 SERVO_J COMMAND \u2014 DRIVER MEMORY"",""error"":null},""right"":{""valid"":true,""status"":""VALID"",""sample_index"":374,""time_from_start_s"":8.976,""joints_rad"":[0.2135304264439017,2.5609104198332218,1.572144866180297,-1.3911211738251308,3.2597110590783442,2.547240898597088],""source"":""LATEST SUCCESSFUL PHASE5 SERVO_J COMMAND \u2014 DRIVER MEMORY"",""error"":null}}","{""left"":{""valid"":true,""fresh"":true,""status"":""FRESH"",""joints_rad"":[2.9312459212052873,0.6140906066557009,-1.5639404989601378,1.395463866265125,-0.1289892565003417,0.6154526616039572],""received_at_ms"":1788495161148,""age_ms"":112,""source"":""jaka_port10000_actual_feedback"",""mapping"":""port10000_joint_actual_position_deg_to_rad"",""error"":null},""right"":{""valid"":true,""fresh"":true,""status"":""FRESH"",""joints_rad"":[0.21101240096121684,2.5605929659531292,1.5733383988504264,-1.3929612386506904,3.2582501117272438,2.547964112551549],""received_at_ms"":1788495161186,""age_ms"":74,""source"":""jaka_port10000_actual_feedback"",""mapping"":""port10000_joint_actual_position_deg_to_rad"",""error"":null}}","{""left"":{""values"":[-120.16989595300402,-10.271411003923276,3.082275390625,-6.386474609375,-0.0123291015625,0.64111328125],""received_at_ms"":1788495150177,""valid"":true,""status"":""STALE"",""error"":""Torque sample age 11083 ms exceeds 1500 ms"",""source"":""/left_jaka_driver/joint_torque_raw"",""age_ms"":11083,""fresh"":false},""right"":{""values"":[120.89955902978545,0.4490234318654984,-3.920654296875,8.359130859375,-0.2589111328125,0.2095947265625],""received_at_ms"":1788495149809,""valid"":true,""status"":""STALE"",""error"":""Torque sample age 11451 ms exceeds 1500 ms"",""source"":""/right_jaka_driver/joint_torque_raw"",""age_ms"":11451,""fresh"":false}}"
110,1788495161352,RUNNING,9.072000000000001,"{""left"":{""valid"":true,""status"":""VALID"",""sample_index"":378,""time_from_start_s"":9.072000000000001,""joints_rad"":[2.927110550250751,0.6134978424305293,-1.5619287511890245,1.392474977538462,-0.13161126416630514,0.6164836148490176],""source"":""LATEST SUCCESSFUL PHASE5 SERVO_J COMMAND \u2014 DRIVER MEMORY"",""error"":null},""right"":{""valid"":true,""status"":""VALID"",""sample_index"":378,""time_from_start_s"":9.072000000000001,""joints_rad"":[0.2148794112237833,2.5610964143901533,1.5714459443571505,-1.3900479717051901,3.2605425429998647,2.546865670576651],""source"":""LATEST SUCCESSFUL PHASE5 SERVO_J COMMAND \u2014 DRIVER MEMORY"",""error"":null}}","{""left"":{""valid"":true,""fresh"":true,""status"":""FRESH"",""joints_rad"":[2.928849060543523,0.6137431116016288,-1.5627421558957182,1.3936543088966573,-0.13060717671694047,0.6160399648972533],""received_at_ms"":1788495161330,""age_ms"":22,""source"":""jaka_port10000_actual_feedback"",""mapping"":""port10000_joint_actual_position_deg_to_rad"",""error"":null},""right"":{""valid"":true,""fresh"":true,""status"":""FRESH"",""joints_rad"":[0.21217479024304506,2.560748823855332,1.5727512700900554,-1.3920264403033222,3.258993098389818,2.547640528508229],""received_at_ms"":1788495161312,""age_ms"":40,""source"":""jaka_port10000_actual_feedback"",""mapping"":""port10000_joint_actual_position_deg_to_rad"",""error"":null}}","{""left"":{""values"":[-120.16989595300402,-10.271411003923276,3.082275390625,-6.386474609375,-0.0123291015625,0.64111328125],""received_at_ms"":1788495150177,""valid"":true,""status"":""STALE"",""error"":""Torque sample age 11175 ms exceeds 1500 ms"",""source"":""/left_jaka_driver/joint_torque_raw"",""age_ms"":11175,""fresh"":false},""right"":{""values"":[120.89955902978545,0.4490234318654984,-3.920654296875,8.359130859375,-0.2589111328125,0.2095947265625],""received_at_ms"":1788495149809,""valid"":true,""status"":""STALE"",""error"":""Torque sample age 11543 ms exceeds 1500 ms"",""source"":""/right_jaka_driver/joint_torque_raw"",""age_ms"":11543,""fresh"":false}}"
111,1788495161453,RUNNING,9.168000000000001,"{""left"":{""valid"":true,""status"":""VALID"",""sample_index"":382,""time_from_start_s"":9.168000000000001,""joints_rad"":[2.9257430740512045,0.6132864205071438,-1.5612187923077763,1.3914220444750007,-0.13249765725771462,0.6168350463493003],""source"":""LATEST SUCCESSFUL PHASE5 SERVO_J COMMAND \u2014 DRIVER MEMORY"",""error"":null},""right"":{""valid"":true,""status"":""VALID"",""sample_index"":382,""time_from_start_s"":9.168000000000001,""joints_rad"":[0.21625208188020584,2.561288401372162,1.5707258300900349,-1.388957401968027,3.261391287047701,2.546479827363591],""source"":""LATEST SUCCESSFUL PHASE5 SERVO_J COMMAND \u2014 DRIVER MEMORY"",""error"":null}}","{""left"":{""valid"":true,""fresh"":true,""status"":""FRESH"",""joints_rad"":[2.927818443620221,0.6135992964712644,-1.5621908063850134,1.3928512829078148,-0.1312782558143323,0.6162795986035522],""received_at_ms"":1788495161405,""age_ms"":48,""source"":""jaka_port10000_actual_feedback"",""mapping"":""port10000_joint_actual_position_deg_to_rad"",""error"":null},""right"":{""valid"":true,""fresh"":true,""status"":""FRESH"",""joints_rad"":[0.21387666079666473,2.5609884575616313,1.5718763365360306,-1.3907921434563117,3.2600476263238725,2.5471492183237925],""received_at_ms"":1788495161384,""age_ms"":69,""source"":""jaka_port10000_actual_feedback"",""mapping"":""port10000_joint_actual_position_deg_to_rad"",""error"":null}}","{""left"":{""values"":[-120.16989595300402,-10.271411003923276,3.082275390625,-6.386474609375,-0.0123291015625,0.64111328125],""received_at_ms"":1788495150177,""valid"":true,""status"":""STALE"",""error"":""Torque sample age 11276 ms exceeds 1500 ms"",""source"":""/left_jaka_driver/joint_torque_raw"",""age_ms"":11276,""fresh"":false},""right"":{""values"":[120.89955902978545,0.4490234318654984,-3.920654296875,8.359130859375,-0.2589111328125,0.2095947265625],""received_at_ms"":1788495149809,""valid"":true,""status"":""STALE"",""error"":""Torque sample age 11644 ms exceeds 1500 ms"",""source"":""/right_jaka_driver/joint_torque_raw"",""age_ms"":11644,""fresh"":false}}"
112,1788495161559,RUNNING,9.264,"{""left"":{""valid"":true,""status"":""VALID"",""sample_index"":386,""time_from_start_s"":9.264,""joints_rad"":[2.9243509380710893,0.6130682925359096,-1.5604869879980585,1.3903516059216854,-0.1334024824267637,0.6171967807698138],""source"":""LATEST SUCCESSFUL PHASE5 SERVO_J COMMAND \u2014 DRIVER MEMORY"",""error"":null},""right"":{""valid"":true,""status"":""VALID"",""sample_index"":387,""time_from_start_s"":9.288,""joints_rad"":[0.21800276268420515,2.5615371449976707,1.5697947011180688,-1.387568594370316,3.2624775341485535,2.545981997574311],""source"":""LATEST SUCCESSFUL PHASE5 SERVO_J COMMAND \u2014 DRIVER MEMORY"",""error"":null}}","{""left"":{""valid"":true,""fresh"":true,""status"":""FRESH"",""joints_rad"":[2.9268117377076703,0.6134434385690614,-1.5616755851898245,1.3920843852344884,-0.1319734204554016,0.6165192323098511],""received_at_ms"":1788495161513,""age_ms"":46,""source"":""jaka_port10000_actual_feedback"",""mapping"":""port10000_joint_actual_position_deg_to_rad"",""error"":null},""right"":{""valid"":true,""fresh"":true,""status"":""FRESH"",""joints_rad"":[0.21506296108924527,2.561120404453082,1.5713010760145734,-1.389881256119696,3.260694794410512,2.5468017232697204],""received_at_ms"":1788495161455,""age_ms"":104,""source"":""jaka_port10000_actual_feedback"",""mapping"":""port10000_joint_actual_position_deg_to_rad"",""error"":null}}","{""left"":{""values"":[-120.16989595300402,-10.271411003923276,3.082275390625,-6.386474609375,-0.0123291015625,0.64111328125],""received_at_ms"":1788495150177,""valid"":true,""status"":""STALE"",""error"":""Torque sample age 11382 ms exceeds 1500 ms"",""source"":""/left_jaka_driver/joint_torque_raw"",""age_ms"":11382,""fresh"":false},""right"":{""values"":[120.89955902978545,0.4490234318654984,-3.920654296875,8.359130859375,-0.2589111328125,0.2095947265625],""received_at_ms"":1788495149809,""valid"":true,""status"":""STALE"",""error"":""Torque sample age 11750 ms exceeds 1500 ms"",""source"":""/right_jaka_driver/joint_torque_raw"",""age_ms"":11750,""fresh"":false}}"
113,1788495161654,RUNNING,9.36,"{""left"":{""valid"":true,""status"":""VALID"",""sample_index"":391,""time_from_start_s"":9.384,""joints_rad"":[2.9225749198922144,0.6127859215639959,-1.5595405971406375,1.3889880753078483,-0.13456026121030812,0.6176638702770615],""source"":""LATEST SUCCESSFUL PHASE5 SERVO_J COMMAND \u2014 DRIVER MEMORY"",""error"":null},""right"":{""valid"":true,""status"":""VALID"",""sample_index"":390,""time_from_start_s"":9.36,""joints_rad"":[0.21907233155224026,2.5616911910450213,1.5692190442449845,-1.3867212175495558,3.263143179329795,2.5456747909433504],""source"":""LATEST SUCCESSFUL PHASE5 SERVO_J COMMAND \u2014 DRIVER MEMORY"",""error"":null}}","{""left"":{""valid"":true,""fresh"":true,""status"":""FRESH"",""joints_rad"":[2.924163200567769,0.6130599897323982,-1.5603452952339545,1.3900950589530652,-0.13362711992166626,0.6171904859401679],""received_at_ms"":1788495161650,""age_ms"":4,""source"":""jaka_port10000_actual_feedback"",""mapping"":""port10000_joint_actual_position_deg_to_rad"",""error"":null},""right"":{""valid"":true,""fresh"":true,""status"":""FRESH"",""joints_rad"":[0.2177594947835765,2.561467899507154,1.5699229640371988,-1.3877001181534787,3.262360711181541,2.5460587366071463],""received_at_ms"":1788495161638,""age_ms"":16,""source"":""jaka_port10000_actual_feedback"",""mapping"":""port10000_joint_actual_position_deg_to_rad"",""error"":null}}","{""left"":{""values"":[-120.16989595300402,-10.271411003923276,3.082275390625,-6.386474609375,-0.0123291015625,0.64111328125],""received_at_ms"":1788495150177,""valid"":true,""status"":""STALE"",""error"":""Torque sample age 11477 ms exceeds 1500 ms"",""source"":""/left_jaka_driver/joint_torque_raw"",""age_ms"":11477,""fresh"":false},""right"":{""values"":[120.89955902978545,0.4490234318654984,-3.920654296875,8.359130859375,-0.2589111328125,0.2095947265625],""received_at_ms"":1788495149809,""valid"":true,""status"":""STALE"",""error"":""Torque sample age 11845 ms exceeds 1500 ms"",""source"":""/right_jaka_driver/joint_torque_raw"",""age_ms"":11845,""fresh"":false}}"
114,1788495161754,RUNNING,9.48,"{""left"":{""valid"":true,""status"":""VALID"",""sample_index"":395,""time_from_start_s"":9.48,""joints_rad"":[2.921124784992102,0.6125520965481053,-1.5587576575014341,1.3878763904492128,-0.13550833753967056,0.6180497233132304],""source"":""LATEST SUCCESSFUL PHASE5 SERVO_J COMMAND \u2014 DRIVER MEMORY"",""error"":null},""right"":{""valid"":true,""status"":""VALID"",""sample_index"":395,""time_from_start_s"":9.48,""joints_rad"":[0.22088759525564258,2.5619560985748655,1.568230737493583,-1.3852848896305117,3.2642762400681953,2.5451483086245412],""source"":""LATEST SUCCESSFUL PHASE5 SERVO_J COMMAND \u2014 DRIVER MEMORY"",""error"":null}}","{""left"":{""valid"":true,""fresh"":true,""status"":""FRESH"",""joints_rad"":[2.924163200567769,0.6130599897323982,-1.5603452952339545,1.3900950589530652,-0.13362711992166626,0.6171904859401679],""received_at_ms"":1788495161650,""age_ms"":104,""source"":""jaka_port10000_actual_feedback"",""mapping"":""port10000_joint_actual_position_deg_to_rad"",""error"":null},""right"":{""valid"":true,""fresh"":true,""status"":""FRESH"",""joints_rad"":[0.21870616136985824,2.5615996718656793,1.5694196110809235,-1.3869211777083137,3.2629598827137505,2.5457711063464177],""received_at_ms"":1788495161708,""age_ms"":46,""source"":""jaka_port10000_actual_feedback"",""mapping"":""port10000_joint_actual_position_deg_to_rad"",""error"":null}}","{""left"":{""values"":[-120.16989595300402,-10.271411003923276,3.082275390625,-6.386474609375,-0.0123291015625,0.64111328125],""received_at_ms"":1788495150177,""valid"":true,""status"":""STALE"",""error"":""Torque sample age 11577 ms exceeds 1500 ms"",""source"":""/left_jaka_driver/joint_torque_raw"",""age_ms"":11577,""fresh"":false},""right"":{""values"":[120.89955902978545,0.4490234318654984,-3.920654296875,8.359130859375,-0.2589111328125,0.2095947265625],""received_at_ms"":1788495149809,""valid"":true,""status"":""STALE"",""error"":""Torque sample age 11945 ms exceeds 1500 ms"",""source"":""/right_jaka_driver/joint_torque_raw"",""age_ms"":11945,""fresh"":false}}"
115,1788495161854,RUNNING,9.552,"{""left"":{""valid"":true,""status"":""VALID"",""sample_index"":399,""time_from_start_s"":9.576,""joints_rad"":[2.919648268890961,0.6123111381732679,-1.5579514824626397,1.3867459275665854,-0.13647606742194532,0.618446533990326],""source"":""LATEST SUCCESSFUL PHASE5 SERVO_J COMMAND \u2014 DRIVER MEMORY"",""error"":null},""right"":{""valid"":true,""status"":""VALID"",""sample_index"":398,""time_from_start_s"":9.552,""joints_rad"":[0.22199655468261711,2.562119994277913,1.5676202424001027,-1.3844085111752202,3.2649704147110783,2.544823645584643],""source"":""LATEST SUCCESSFUL PHASE5 SERVO_J COMMAND \u2014 DRIVER MEMORY"",""error"":null}}","{""left"":{""valid"":true,""fresh"":true,""status"":""FRESH"",""joints_rad"":[2.921502795188954,0.6126524553520576,-1.5589430977129022,1.388153554693147,-0.13526895114901732,0.6179214298309033],""received_at_ms"":1788495161828,""age_ms"":26,""source"":""jaka_port10000_actual_feedback"",""mapping"":""port10000_joint_actual_position_deg_to_rad"",""error"":null},""right"":{""valid"":true,""fresh"":true,""status"":""FRESH"",""joints_rad"":[0.22053980428200348,2.561863391115656,1.5684488589509642,-1.3855310229591002,3.264074449974074,2.5452677533901427],""received_at_ms"":1788495161822,""age_ms"":32,""source"":""jaka_port10000_actual_feedback"",""mapping"":""port10000_joint_actual_position_deg_to_rad"",""error"":null}}","{""left"":{""values"":[-120.16989595300402,-10.271411003923276,3.082275390625,-6.386474609375,-0.0123291015625,0.64111328125],""received_at_ms"":1788495150177,""valid"":true,""status"":""STALE"",""error"":""Torque sample age 11677 ms exceeds 1500 ms"",""source"":""/left_jaka_driver/joint_torque_raw"",""age_ms"":11677,""fresh"":false},""right"":{""values"":[120.89955902978545,0.4490234318654984,-3.920654296875,8.359130859375,-0.2589111328125,0.2095947265625],""received_at_ms"":1788495149809,""valid"":true,""status"":""STALE"",""error"":""Torque sample age 12045 ms exceeds 1500 ms"",""source"":""/right_jaka_driver/joint_torque_raw"",""age_ms"":12045,""fresh"":false}}"
116,1788495161957,RUNNING,9.672,"{""left"":{""valid"":true,""status"":""VALID"",""sample_index"":403,""time_from_start_s"":9.672,""joints_rad"":[2.9181453006881157,0.61206301642706,-1.557121977540671,1.3855966343928785,-0.13746350523228645,0.6188543444923779],""source"":""LATEST SUCCESSFUL PHASE5 SERVO_J COMMAND \u2014 DRIVER MEMORY"",""error"":null},""right"":{""valid"":true,""status"":""VALID"",""sample_index"":403,""time_from_start_s"":9.672,""joints_rad"":[0.22387795378249672,2.5624014514302282,1.5665734122454125,-1.382923477396179,3.2661513656376924,2.544267845415861],""source"":""LATEST SUCCESSFUL PHASE5 SERVO_J COMMAND \u2014 DRIVER MEMORY"",""error"":null}}","{""left"":{""valid"":true,""fresh"":true,""status"":""FRESH"",""joints_rad"":[2.9201005976679015,0.6124128216457587,-1.558176200039576,1.3871588915524353,-0.13615575294195564,0.6182329711023842],""received_at_ms"":1788495161916,""age_ms"":41,""source"":""jaka_port10000_actual_feedback"",""mapping"":""port10000_joint_actual_position_deg_to_rad"",""error"":null},""right"":{""valid"":true,""fresh"":true,""status"":""FRESH"",""joints_rad"":[0.22152259918380152,2.562019249017859,1.5678856412013455,-1.384752082513935,3.2647095752888746,2.544980123129414],""received_at_ms"":1788495161935,""age_ms"":22,""source"":""jaka_port10000_actual_feedback"",""mapping"":""port10000_joint_actual_position_deg_to_rad"",""error"":null}}","{""left"":{""values"":[-120.16989595300402,-10.271411003923276,3.082275390625,-6.386474609375,-0.0123291015625,0.64111328125],""received_at_ms"":1788495150177,""valid"":true,""status"":""STALE"",""error"":""Torque sample age 11780 ms exceeds 1500 ms"",""source"":""/left_jaka_driver/joint_torque_raw"",""age_ms"":11780,""fresh"":false},""right"":{""values"":[120.89955902978545,0.4490234318654984,-3.920654296875,8.359130859375,-0.2589111328125,0.2095947265625],""received_at_ms"":1788495149809,""valid"":true,""status"":""STALE"",""error"":""Torque sample age 12148 ms exceeds 1500 ms"",""source"":""/right_jaka_driver/joint_torque_raw"",""age_ms"":12148,""fresh"":false}}"
117,1788495162054,RUNNING,9.768,"{""left"":{""valid"":true,""status"":""VALID"",""sample_index"":407,""time_from_start_s"":9.768,""joints_rad"":[2.9166160109375143,0.6118077459206135,-1.5562691947727856,1.3844286076255412,-0.1384705641409436,0.619273126977289],""source"":""LATEST SUCCESSFUL PHASE5 SERVO_J COMMAND \u2014 DRIVER MEMORY"",""error"":null},""right"":{""valid"":true,""status"":""VALID"",""sample_index"":407,""time_from_start_s"":9.768,""joints_rad"":[0.22541275978346645,2.5626340736068847,1.5657095936074292,-1.381713589692925,3.267117636242395,2.5438100101064594],""source"":""LATEST SUCCESSFUL PHASE5 SERVO_J COMMAND \u2014 DRIVER MEMORY"",""error"":null}}","{""left"":{""valid"":true,""fresh"":true,""status"":""FRESH"",""joints_rad"":[2.918590538799076,0.6121970989502122,-1.5573372202681421,1.3859724167269294,-0.13719841263709706,0.6186644164934773],""received_at_ms"":1788495162005,""age_ms"":49,""source"":""jaka_port10000_actual_feedback"",""mapping"":""port10000_joint_actual_position_deg_to_rad"",""error"":null},""right"":{""valid"":true,""fresh"":true,""status"":""FRESH"",""joints_rad"":[0.2232722917589258,2.562270750963071,1.5669028462995478,-1.3833858387754738,3.2658120997773596,2.5444528591623863],""received_at_ms"":1788495162005,""age_ms"":49,""source"":""jaka_port10000_actual_feedback"",""mapping"":""port10000_joint_actual_position_deg_to_rad"",""error"":null}}","{""left"":{""values"":[-120.16989595300402,-10.271411003923276,3.082275390625,-6.386474609375,-0.0123291015625,0.64111328125],""received_at_ms"":1788495150177,""valid"":true,""status"":""STALE"",""error"":""Torque sample age 11877 ms exceeds 1500 ms"",""source"":""/left_jaka_driver/joint_torque_raw"",""age_ms"":11877,""fresh"":false},""right"":{""values"":[120.89955902978545,0.4490234318654984,-3.920654296875,8.359130859375,-0.2589111328125,0.2095947265625],""received_at_ms"":1788495149809,""valid"":true,""status"":""STALE"",""error"":""Torque sample age 12245 ms exceeds 1500 ms"",""source"":""/right_jaka_driver/joint_torque_raw"",""age_ms"":12245,""fresh"":false}}"
118,1788495162156,RUNNING,9.864,"{""left"":{""valid"":true,""status"":""VALID"",""sample_index"":411,""time_from_start_s"":9.864,""joints_rad"":[2.9150607233987107,0.6115453841023027,-1.555393326843315,1.3832420868136943,-0.13949702186868235,0.6197027863904111],""source"":""LATEST SUCCESSFUL PHASE5 SERVO_J COMMAND \u2014 DRIVER MEMORY"",""error"":null},""right"":{""valid"":true,""status"":""VALID"",""sample_index"":411,""time_from_start_s"":9.864,""joints_rad"":[0.22697361524176796,2.5628732698649044,1.5648225508270301,-1.3804845292370642,3.2681028035982784,2.543340553639353],""source"":""LATEST SUCCESSFUL PHASE5 SERVO_J COMMAND \u2014 DRIVER MEMORY"",""error"":null}}","{""left"":{""valid"":true,""fresh"":true,""status"":""FRESH"",""joints_rad"":[2.917536010865021,0.6120293728090955,-1.5568099563011149,1.3851693907380869,-0.13792953106075748,0.6189640895260446],""received_at_ms"":1788495162115,""age_ms"":41,""source"":""jaka_port10000_actual_feedback"",""mapping"":""port10000_joint_actual_position_deg_to_rad"",""error"":null},""right"":{""valid"":true,""fresh"":true,""status"":""FRESH"",""joints_rad"":[0.224434681040754,2.562450519876027,1.566231767202156,-1.3824630831999445,3.266531175429181,2.5441411433579804],""received_at_ms"":1788495162081,""age_ms"":75,""source"":""jaka_port10000_actual_feedback"",""mapping"":""port10000_joint_actual_position_deg_to_rad"",""error"":null}}","{""left"":{""values"":[-120.16989595300402,-10.271411003923276,3.082275390625,-6.386474609375,-0.0123291015625,0.64111328125],""received_at_ms"":1788495150177,""valid"":true,""status"":""STALE"",""error"":""Torque sample age 11979 ms exceeds 1500 ms"",""source"":""/left_jaka_driver/joint_torque_raw"",""age_ms"":11979,""fresh"":false},""right"":{""values"":[120.89955902978545,0.4490234318654984,-3.920654296875,8.359130859375,-0.2589111328125,0.2095947265625],""received_at_ms"":1788495149809,""valid"":true,""status"":""STALE"",""error"":""Torque sample age 12347 ms exceeds 1500 ms"",""source"":""/right_jaka_driver/joint_torque_raw"",""age_ms"":12347,""fresh"":false}}"
119,1788495162255,RUNNING,9.984,"{""left"":{""valid"":true,""status"":""VALID"",""sample_index"":416,""time_from_start_s"":9.984,""joints_rad"":[2.913080846525764,0.6112076134937209,-1.5542665396412938,1.381733514324751,-0.14080682552536852,0.6202549075154475],""source"":""LATEST SUCCESSFUL PHASE5 SERVO_J COMMAND \u2014 DRIVER MEMORY"",""error"":null},""right"":{""valid"":true,""status"":""VALID"",""sample_index"":416,""time_from_start_s"":9.984,""joints_rad"":[0.22896052237115638,2.563181369355453,1.5636816054991671,-1.3789218489906572,3.269360307571777,2.542737661396478],""source"":""LATEST SUCCESSFUL PHASE5 SERVO_J COMMAND \u2014 DRIVER MEMORY"",""error"":null}}","{""left"":{""valid"":true,""fresh"":true,""status"":""FRESH"",""joints_rad"":[2.9157503645073057,0.6117296997765281,-1.5558152931604032,1.383755324978121,-0.13911600588626322,0.619491353493072],""received_at_ms"":1788495162187,""age_ms"":68,""source"":""jaka_port10000_actual_feedback"",""mapping"":""port10000_joint_actual_position_deg_to_rad"",""error"":null},""right"":{""valid"":true,""fresh"":true,""status"":""FRESH"",""joints_rad"":[0.22596865092033186,2.562690328115251,1.5653929619636473,-1.3812406545918474,3.267489884787302,2.543625922162792],""received_at_ms"":1788495162190,""age_ms"":65,""source"":""jaka_port10000_actual_feedback"",""mapping"":""port10000_joint_actual_position_deg_to_rad"",""error"":null}}","{""left"":{""values"":[-120.16989595300402,-10.271411003923276,3.082275390625,-6.386474609375,-0.0123291015625,0.64111328125],""received_at_ms"":1788495150177,""valid"":true,""status"":""STALE"",""error"":""Torque sample age 12077 ms exceeds 1500 ms"",""source"":""/left_jaka_driver/joint_torque_raw"",""age_ms"":12077,""fresh"":false},""right"":{""values"":[120.89955902978545,0.4490234318654984,-3.920654296875,8.359130859375,-0.2589111328125,0.2095947265625],""received_at_ms"":1788495149809,""valid"":true,""status"":""STALE"",""error"":""Torque sample age 12445 ms exceeds 1500 ms"",""source"":""/right_jaka_driver/joint_torque_raw"",""age_ms"":12445,""fresh"":false}}"
120,1788495162355,RUNNING,10.08,"{""left"":{""valid"":true,""status"":""VALID"",""sample_index"":420,""time_from_start_s"":10.08,""joints_rad"":[2.9114691923743083,0.6109297160088855,-1.5533401231764072,1.38050695613386,-0.14187545542889282,0.6207083634611014],""source"":""LATEST SUCCESSFUL PHASE5 SERVO_J COMMAND \u2014 DRIVER MEMORY"",""error"":null},""right"":{""valid"":true,""status"":""VALID"",""sample_index"":420,""time_from_start_s"":10.08,""joints_rad"":[0.23057785452541696,2.5634349731078494,1.5627437169665315,-1.3776512811144774,3.2703865690277483,2.5422427922475612],""source"":""LATEST SUCCESSFUL PHASE5 SERVO_J COMMAND \u2014 DRIVER MEMORY"",""error"":null}}","{""left"":{""valid"":true,""fresh"":true,""status"":""FRESH"",""joints_rad"":[2.9138928105844077,0.611430201276886,-1.5547605906934232,1.3824011240114986,-0.14025448415733913,0.6200186174600997],""received_at_ms"":1788495162299,""age_ms"":56,""source"":""jaka_port10000_actual_feedback"",""mapping"":""port10000_joint_actual_position_deg_to_rad"",""error"":null},""right"":{""valid"":true,""fresh"":true,""status"":""FRESH"",""joints_rad"":[0.22744275600656627,2.5629060508107977,1.5645660249640523,-1.3801260873315242,3.2684126403628313,2.5431944767716987],""received_at_ms"":1788495162304,""age_ms"":51,""source"":""jaka_port10000_actual_feedback"",""mapping"":""port10000_joint_actual_position_deg_to_rad"",""error"":null}}","{""left"":{""values"":[-120.16989595300402,-10.271411003923276,3.082275390625,-6.386474609375,-0.0123291015625,0.64111328125],""received_at_ms"":1788495150177,""valid"":true,""status"":""STALE"",""error"":""Torque sample age 12178 ms exceeds 1500 ms"",""source"":""/left_jaka_driver/joint_torque_raw"",""age_ms"":12178,""fresh"":false},""right"":{""values"":[120.89955902978545,0.4490234318654984,-3.920654296875,8.359130859375,-0.2589111328125,0.2095947265625],""received_at_ms"":1788495149809,""valid"":true,""status"":""STALE"",""error"":""Torque sample age 12546 ms exceeds 1500 ms"",""source"":""/right_jaka_driver/joint_torque_raw"",""age_ms"":12546,""fresh"":false}}"
121,1788495162455,RUNNING,10.176,"{""left"":{""valid"":true,""status"":""VALID"",""sample_index"":424,""time_from_start_s"":10.176,""joints_rad"":[2.9098338272821436,0.6106451881748165,-1.5523921481279466,1.3792635951226724,-0.1429618958556369,0.6211719572253483],""source"":""LATEST SUCCESSFUL PHASE5 SERVO_J COMMAND \u2014 DRIVER MEMORY"",""error"":null},""right"":{""valid"":true,""status"":""VALID"",""sample_index"":424,""time_from_start_s"":10.176,""joints_rad"":[0.23221894268371948,2.5636947284648044,1.5617841470279359,-1.376363292996216,3.2714301938367116,2.541737103533644],""source"":""LATEST SUCCESSFUL PHASE5 SERVO_J COMMAND \u2014 DRIVER MEMORY"",""error"":null}}","{""left"":{""valid"":true,""fresh"":true,""status"":""FRESH"",""joints_rad"":[2.9126942929870636,0.6112024358095006,-1.5540774688241925,1.3815143222185602,-0.14100951359175187,0.6203662870470968],""received_at_ms"":1788495162368,""age_ms"":87,""source"":""jaka_port10000_actual_feedback"",""mapping"":""port10000_joint_actual_position_deg_to_rad"",""error"":null},""right"":{""valid"":true,""fresh"":true,""status"":""FRESH"",""joints_rad"":[0.22924044513612044,2.563181638299687,1.56348741148632,-1.3787238898104717,3.2695752041775847,2.5426192162502415],""received_at_ms"":1788495162374,""age_ms"":81,""source"":""jaka_port10000_actual_feedback"",""mapping"":""port10000_joint_actual_position_deg_to_rad"",""error"":null}}","{""left"":{""values"":[-120.16989595300402,-10.271411003923276,3.082275390625,-6.386474609375,-0.0123291015625,0.64111328125],""received_at_ms"":1788495150177,""valid"":true,""status"":""STALE"",""error"":""Torque sample age 12278 ms exceeds 1500 ms"",""source"":""/left_jaka_driver/joint_torque_raw"",""age_ms"":12278,""fresh"":false},""right"":{""values"":[120.89955902978545,0.4490234318654984,-3.920654296875,8.359130859375,-0.2589111328125,0.2095947265625],""received_at_ms"":1788495149809,""valid"":true,""status"":""STALE"",""error"":""Torque sample age 12646 ms exceeds 1500 ms"",""source"":""/right_jaka_driver/joint_torque_raw"",""age_ms"":12646,""fresh"":false}}"
122,1788495162558,RUNNING,10.272,"{""left"":{""valid"":true,""status"":""VALID"",""sample_index"":428,""time_from_start_s"":10.272,""joints_rad"":[2.9081758041044132,0.6103542495695944,-1.5514233394011447,1.3780042097631966,-0.14406541307496673,0.6216453394891247],""source"":""LATEST SUCCESSFUL PHASE5 SERVO_J COMMAND \u2014 DRIVER MEMORY"",""error"":null},""right"":{""valid"":true,""status"":""VALID"",""sample_index"":428,""time_from_start_s"":10.272,""joints_rad"":[0.23388273096953555,2.5639604337457302,1.5608036276707555,-1.3750586913139682,3.272490473157555,2.541220973174295],""source"":""LATEST SUCCESSFUL PHASE5 SERVO_J COMMAND \u2014 DRIVER MEMORY"",""error"":null}}","{""left"":{""valid"":true,""fresh"":true,""status"":""FRESH"",""joints_rad"":[2.9116397650530086,0.6110347096683839,-1.553466254520144,1.3806873852189656,-0.14168059268914368,0.6206778283185779],""received_at_ms"":1788495162478,""age_ms"":80,""source"":""jaka_port10000_actual_feedback"",""mapping"":""port10000_joint_actual_position_deg_to_rad"",""error"":null},""right"":{""valid"":true,""fresh"":true,""status"":""FRESH"",""joints_rad"":[0.23239216069937177,2.5636490374733714,1.5616658113460136,-1.3762312105727734,3.2716125270134375,2.5416964606747117],""received_at_ms"":1788495162552,""age_ms"":6,""source"":""jaka_port10000_actual_feedback"",""mapping"":""port10000_joint_actual_position_deg_to_rad"",""error"":null}}","{""left"":{""values"":[-120.16989595300402,-10.271411003923276,3.082275390625,-6.386474609375,-0.0123291015625,0.64111328125],""received_at_ms"":1788495150177,""valid"":true,""status"":""STALE"",""error"":""Torque sample age 12381 ms exceeds 1500 ms"",""source"":""/left_jaka_driver/joint_torque_raw"",""age_ms"":12381,""fresh"":false},""right"":{""values"":[120.89955902978545,0.4490234318654984,-3.920654296875,8.359130859375,-0.2589111328125,0.2095947265625],""received_at_ms"":1788495149809,""valid"":true,""status"":""STALE"",""error"":""Torque sample age 12749 ms exceeds 1500 ms"",""source"":""/right_jaka_driver/joint_torque_raw"",""age_ms"":12749,""fresh"":false}}"
123,1788495162660,RUNNING,10.368,"{""left"":{""valid"":true,""status"":""VALID"",""sample_index"":432,""time_from_start_s"":10.368,""joints_rad"":[2.906496325594464,0.6100571532303904,-1.5504345317110537,1.376729689286545,-0.14518516812272073,0.6221281084920772],""source"":""LATEST SUCCESSFUL PHASE5 SERVO_J COMMAND \u2014 DRIVER MEMORY"",""error"":null},""right"":{""valid"":true,""status"":""VALID"",""sample_index"":432,""time_from_start_s"":10.368,""joints_rad"":[0.2355680131846124,2.5642318564138114,1.5598030015954945,-1.3737383975171749,3.2735665963432052,2.5406948355554646],""source"":""LATEST SUCCESSFUL PHASE5 SERVO_J COMMAND \u2014 DRIVER MEMORY"",""error"":null}}","{""left"":{""valid"":true,""fresh"":true,""status"":""FRESH"",""joints_rad"":[2.907792710315763,0.6103875415817446,-1.5512372945324222,1.377727306807583,-0.1443291298290451,0.6217204880137193],""received_at_ms"":1788495162658,""age_ms"":2,""source"":""jaka_port10000_actual_feedback"",""mapping"":""port10000_joint_actual_position_deg_to_rad"",""error"":null},""right"":{""valid"":true,""fresh"":true,""status"":""FRESH"",""joints_rad"":[0.23239216069937177,2.5636490374733714,1.5616658113460136,-1.3762312105727734,3.2716125270134375,2.5416964606747117],""received_at_ms"":1788495162552,""age_ms"":108,""source"":""jaka_port10000_actual_feedback"",""mapping"":""port10000_joint_actual_position_deg_to_rad"",""error"":null}}","{""left"":{""values"":[-120.16989595300402,-10.271411003923276,3.082275390625,-6.386474609375,-0.0123291015625,0.64111328125],""received_at_ms"":1788495150177,""valid"":true,""status"":""STALE"",""error"":""Torque sample age 12483 ms exceeds 1500 ms"",""source"":""/left_jaka_driver/joint_torque_raw"",""age_ms"":12483,""fresh"":false},""right"":{""values"":[120.89955902978545,0.4490234318654984,-3.920654296875,8.359130859375,-0.2589111328125,0.2095947265625],""received_at_ms"":1788495149809,""valid"":true,""status"":""STALE"",""error"":""Torque sample age 12851 ms exceeds 1500 ms"",""source"":""/right_jaka_driver/joint_torque_raw"",""age_ms"":12851,""fresh"":false}}"
124,1788495162761,RUNNING,10.488,"{""left"":{""valid"":true,""status"":""VALID"",""sample_index"":437,""time_from_start_s"":10.488,""joints_rad"":[2.9043688668288117,0.6096775601019313,-1.5491718379534882,1.3751167785113656,-0.14660625771449992,0.6227440776886356],""source"":""LATEST SUCCESSFUL PHASE5 SERVO_J COMMAND \u2014 DRIVER MEMORY"",""error"":null},""right"":{""valid"":true,""status"":""VALID"",""sample_index"":437,""time_from_start_s"":10.488,""joints_rad"":[0.23770277496575298,2.564578773420015,1.5585253968665793,-1.3720675420152864,3.274932640456867,2.5400238388251495],""source"":""LATEST SUCCESSFUL PHASE5 SERVO_J COMMAND \u2014 DRIVER MEMORY"",""error"":null}}","{""left"":{""valid"":true,""fresh"":true,""status"":""FRESH"",""joints_rad"":[2.906582324479505,0.610135865103607,-1.5504583540872572,1.3767685974494626,-0.14525188540457448,0.6221039368503823],""received_at_ms"":1788495162729,""age_ms"":32,""source"":""jaka_port10000_actual_feedback"",""mapping"":""port10000_joint_actual_position_deg_to_rad"",""error"":null},""right"":{""valid"":true,""fresh"":true,""status"":""FRESH"",""joints_rad"":[0.23559204734997818,2.56416425866856,1.5597363498579337,-1.3736186272154634,3.273673760860043,2.5406298899688182],""received_at_ms"":1788495162742,""age_ms"":19,""source"":""jaka_port10000_actual_feedback"",""mapping"":""port10000_joint_actual_position_deg_to_rad"",""error"":null}}","{""left"":{""values"":[-120.16989595300402,-10.271411003923276,3.082275390625,-6.386474609375,-0.0123291015625,0.64111328125],""received_at_ms"":1788495150177,""valid"":true,""status"":""STALE"",""error"":""Torque sample age 12584 ms exceeds 1500 ms"",""source"":""/left_jaka_driver/joint_torque_raw"",""age_ms"":12584,""fresh"":false},""right"":{""values"":[120.89955902978545,0.4490234318654984,-3.920654296875,8.359130859375,-0.2589111328125,0.2095947265625],""received_at_ms"":1788495149809,""valid"":true,""status"":""STALE"",""error"":""Torque sample age 12952 ms exceeds 1500 ms"",""source"":""/right_jaka_driver/joint_torque_raw"",""age_ms"":12952,""fresh"":false}}"
125,1788495162871,RUNNING,10.584,"{""left"":{""valid"":true,""status"":""VALID"",""sample_index"":441,""time_from_start_s"":10.584,""joints_rad"":[2.9026462317344794,0.6093676951920861,-1.5481416133716146,1.3738119874124999,-0.1477589744640095,0.6232462454165748],""source"":""LATEST SUCCESSFUL PHASE5 SERVO_J COMMAND \u2014 DRIVER MEMORY"",""error"":null},""right"":{""valid"":true,""status"":""VALID"",""sample_index"":441,""time_from_start_s"":10.584,""joints_rad"":[0.2394312859818832,2.5648620613557496,1.5574831449781525,-1.3707158614285555,3.2760409589082156,2.5394770449446558],""source"":""LATEST SUCCESSFUL PHASE5 SERVO_J COMMAND \u2014 DRIVER MEMORY"",""error"":null}}","{""left"":{""valid"":true,""fresh"":true,""status"":""FRESH"",""joints_rad"":[2.9053000310780646,0.6099080996362217,-1.5496912818810056,1.3758337991020944,-0.14609069064308297,0.622475517448132],""received_at_ms"":1788495162844,""age_ms"":27,""source"":""jaka_port10000_actual_feedback"",""mapping"":""port10000_joint_actual_position_deg_to_rad"",""error"":null},""right"":{""valid"":true,""fresh"":true,""status"":""FRESH"",""joints_rad"":[0.23729374337067263,2.5644279779185366,1.5587176011735446,-1.372300380031432,3.274740331565937,2.540054629447361],""received_at_ms"":1788495162832,""age_ms"":39,""source"":""jaka_port10000_actual_feedback"",""mapping"":""port10000_joint_actual_position_deg_to_rad"",""error"":null}}","{""left"":{""values"":[-120.16989595300402,-10.271411003923276,3.082275390625,-6.386474609375,-0.0123291015625,0.64111328125],""received_at_ms"":1788495150177,""valid"":true,""status"":""STALE"",""error"":""Torque sample age 12694 ms exceeds 1500 ms"",""source"":""/left_jaka_driver/joint_torque_raw"",""age_ms"":12694,""fresh"":false},""right"":{""values"":[120.89955902978545,0.4490234318654984,-3.920654296875,8.359130859375,-0.2589111328125,0.2095947265625],""received_at_ms"":1788495149809,""valid"":true,""status"":""STALE"",""error"":""Torque sample age 13062 ms exceeds 1500 ms"",""source"":""/right_jaka_driver/joint_torque_raw"",""age_ms"":13062,""fresh"":false}}"
126,1788495162960,RUNNING,10.68,"{""left"":{""valid"":true,""status"":""VALID"",""sample_index"":445,""time_from_start_s"":10.68,""joints_rad"":[2.90090698579357,0.6090527044066254,-1.547094790034498,1.3724956422478682,-0.14892454519902,0.6237561659945536],""source"":""LATEST SUCCESSFUL PHASE5 SERVO_J COMMAND \u2014 DRIVER MEMORY"",""error"":null},""right"":{""valid"":true,""status"":""VALID"",""sample_index"":445,""time_from_start_s"":10.68,""joints_rad"":[0.24117643260956156,2.565150117717438,1.5564242181508523,-1.3693521995239064,3.2771618507618703,2.538922008854998],""source"":""LATEST SUCCESSFUL PHASE5 SERVO_J COMMAND \u2014 DRIVER MEMORY"",""error"":null}}","{""left"":{""valid"":true,""fresh"":true,""status"":""FRESH"",""joints_rad"":[2.9032986620248025,0.6095606045821496,-1.548540760838091,1.3743237402332689,-0.1473370302619321,0.6230867317521804],""received_at_ms"":1788495162915,""age_ms"":45,""source"":""jaka_port10000_actual_feedback"",""mapping"":""port10000_joint_actual_position_deg_to_rad"",""error"":null},""right"":{""valid"":true,""fresh"":true,""status"":""FRESH"",""joints_rad"":[0.23882771325025048,2.564703565407426,1.5577948455980153,-1.3710899941951737,3.275734994706648,2.5395872302736766],""received_at_ms"":1788495162927,""age_ms"":33,""source"":""jaka_port10000_actual_feedback"",""mapping"":""port10000_joint_actual_position_deg_to_rad"",""error"":null}}","{""left"":{""values"":[-120.16989595300402,-10.271411003923276,3.082275390625,-6.386474609375,-0.0123291015625,0.64111328125],""received_at_ms"":1788495150177,""valid"":true,""status"":""STALE"",""error"":""Torque sample age 12783 ms exceeds 1500 ms"",""source"":""/left_jaka_driver/joint_torque_raw"",""age_ms"":12783,""fresh"":false},""right"":{""values"":[120.89955902978545,0.4490234318654984,-3.920654296875,8.359130859375,-0.2589111328125,0.2095947265625],""received_at_ms"":1788495149809,""valid"":true,""status"":""STALE"",""error"":""Torque sample age 13151 ms exceeds 1500 ms"",""source"":""/right_jaka_driver/joint_torque_raw"",""age_ms"":13151,""fresh"":false}}"
127,1788495163061,RUNNING,10.776,"{""left"":{""valid"":true,""status"":""VALID"",""sample_index"":449,""time_from_start_s"":10.776,""joints_rad"":[2.899152876798598,0.6087329630552853,-1.546032603819751,1.3711690347780703,-0.15010174792178618,0.6242732461756648],""source"":""LATEST SUCCESSFUL PHASE5 SERVO_J COMMAND \u2014 DRIVER MEMORY"",""error"":null},""right"":{""valid"":true,""status"":""VALID"",""sample_index"":449,""time_from_start_s"":10.776,""joints_rad"":[0.24293646207799258,2.565442597184011,1.5553498635144656,-1.3679778948640764,3.278294134761203,2.5383593710704364],""source"":""LATEST SUCCESSFUL PHASE5 SERVO_J COMMAND \u2014 DRIVER MEMORY"",""error"":null}}","{""left"":{""valid"":true,""fresh"":true,""status"":""FRESH"",""joints_rad"":[2.9017767349170636,0.6092609315495822,-1.5475700087081317,1.3731372654077632,-0.14835577894632118,0.6235420881540257],""received_at_ms"":1788495163009,""age_ms"":52,""source"":""jaka_port10000_actual_feedback"",""mapping"":""port10000_joint_actual_position_deg_to_rad"",""error"":null},""right"":{""valid"":true,""fresh"":true,""status"":""FRESH"",""joints_rad"":[0.2409969829775542,2.5650512349944234,1.556476598413984,-1.3693762554026405,3.2771371922277006,2.538952104958876],""received_at_ms"":1788495163040,""age_ms"":21,""source"":""jaka_port10000_actual_feedback"",""mapping"":""port10000_joint_actual_position_deg_to_rad"",""error"":null}}","{""left"":{""values"":[-120.16989595300402,-10.271411003923276,3.082275390625,-6.386474609375,-0.0123291015625,0.64111328125],""received_at_ms"":1788495150177,""valid"":true,""status"":""STALE"",""error"":""Torque sample age 12884 ms exceeds 1500 ms"",""source"":""/left_jaka_driver/joint_torque_raw"",""age_ms"":12884,""fresh"":false},""right"":{""values"":[120.89955902978545,0.4490234318654984,-3.920654296875,8.359130859375,-0.2589111328125,0.2095947265625],""received_at_ms"":1788495149809,""valid"":true,""status"":""STALE"",""error"":""Torque sample age 13252 ms exceeds 1500 ms"",""source"":""/right_jaka_driver/joint_torque_raw"",""age_ms"":13252,""fresh"":false}}"
128,1788495163165,RUNNING,10.872,"{""left"":{""valid"":true,""status"":""VALID"",""sample_index"":453,""time_from_start_s"":10.872,""joints_rad"":[2.897385759132888,0.6084088705287409,-1.5449563695775472,1.3698335354302413,-0.15128928561699242,0.6247968550429716],""source"":""LATEST SUCCESSFUL PHASE5 SERVO_J COMMAND \u2014 DRIVER MEMORY"",""error"":null},""right"":{""valid"":true,""status"":""VALID"",""sample_index"":453,""time_from_start_s"":10.872,""joints_rad"":[0.24470951472749664,2.5657391322156835,1.5542614078053119,-1.3665943675290673,3.279436557051054,2.537789812640406],""source"":""LATEST SUCCESSFUL PHASE5 SERVO_J COMMAND \u2014 DRIVER MEMORY"",""error"":null}}","{""left"":{""valid"":true,""fresh"":true,""status"":""FRESH"",""joints_rad"":[2.9000509533526917,0.6089134364955101,-1.5465275235459155,1.3717591534303886,-0.1496141613370091,0.6240573093492146],""received_at_ms"":1788495163099,""age_ms"":66,""source"":""jaka_port10000_actual_feedback"",""mapping"":""port10000_joint_actual_position_deg_to_rad"",""error"":null},""right"":{""valid"":true,""fresh"":true,""status"":""FRESH"",""joints_rad"":[0.24233914117233785,2.5652669576899703,1.5556257504036368,-1.3683335957074991,3.2780000830098865,2.5385206595677827],""received_at_ms"":1788495163152,""age_ms"":13,""source"":""jaka_port10000_actual_feedback"",""mapping"":""port10000_joint_actual_position_deg_to_rad"",""error"":null}}","{""left"":{""values"":[-120.16989595300402,-10.271411003923276,3.082275390625,-6.386474609375,-0.0123291015625,0.64111328125],""received_at_ms"":1788495150177,""valid"":true,""status"":""STALE"",""error"":""Torque sample age 12988 ms exceeds 1500 ms"",""source"":""/left_jaka_driver/joint_torque_raw"",""age_ms"":12988,""fresh"":false},""right"":{""values"":[120.89955902978545,0.4490234318654984,-3.920654296875,8.359130859375,-0.2589111328125,0.2095947265625],""received_at_ms"":1788495149809,""valid"":true,""status"":""STALE"",""error"":""Torque sample age 13356 ms exceeds 1500 ms"",""source"":""/right_jaka_driver/joint_torque_raw"",""age_ms"":13356,""fresh"":false}}"
129,1788495163265,RUNNING,10.992,"{""left"":{""valid"":true,""status"":""VALID"",""sample_index"":458,""time_from_start_s"":10.992,""joints_rad"":[2.8951615521581675,0.6079982804198388,-1.5435934426744078,1.3681538617464992,-0.15278615372368318,0.6254595297367729],""source"":""LATEST SUCCESSFUL PHASE5 SERVO_J COMMAND \u2014 DRIVER MEMORY"",""error"":null},""right"":{""valid"":true,""status"":""VALID"",""sample_index"":458,""time_from_start_s"":10.992,""joints_rad"":[0.24694115235705874,2.566114911051658,1.5528831485203043,-1.3648542735592137,3.280876823658,2.5370692304363742],""source"":""LATEST SUCCESSFUL PHASE5 SERVO_J COMMAND \u2014 DRIVER MEMORY"",""error"":null}}","{""left"":{""valid"":true,""fresh"":true,""status"":""FRESH"",""joints_rad"":[2.898097580853859,0.6085779842132767,-1.5453410487204098,1.3703089593549063,-0.15096836230363153,0.6245727050773284],""received_at_ms"":1788495163213,""age_ms"":52,""source"":""jaka_port10000_actual_feedback"",""mapping"":""port10000_joint_actual_position_deg_to_rad"",""error"":null},""right"":{""valid"":true,""fresh"":true,""status"":""FRESH"",""joints_rad"":[0.244448371573373,2.565638363754794,1.5543554997740352,-1.3667277182627393,3.279306287422079,2.537885359720057],""received_at_ms"":1788495163224,""age_ms"":41,""source"":""jaka_port10000_actual_feedback"",""mapping"":""port10000_joint_actual_position_deg_to_rad"",""error"":null}}","{""left"":{""values"":[-120.16989595300402,-10.271411003923276,3.082275390625,-6.386474609375,-0.0123291015625,0.64111328125],""received_at_ms"":1788495150177,""valid"":true,""status"":""STALE"",""error"":""Torque sample age 13088 ms exceeds 1500 ms"",""source"":""/left_jaka_driver/joint_torque_raw"",""age_ms"":13088,""fresh"":false},""right"":{""values"":[120.89955902978545,0.4490234318654984,-3.920654296875,8.359130859375,-0.2589111328125,0.2095947265625],""received_at_ms"":1788495149809,""valid"":true,""status"":""STALE"",""error"":""Torque sample age 13456 ms exceeds 1500 ms"",""source"":""/right_jaka_driver/joint_torque_raw"",""age_ms"":13456,""fresh"":false}}"
130,1788495163365,RUNNING,11.088000000000001,"{""left"":{""valid"":true,""status"":""VALID"",""sample_index"":462,""time_from_start_s"":11.088000000000001,""joints_rad"":[2.8933724410997357,0.6076659706090128,-1.542490776912731,1.3668037322080344,-0.1539918534543614,0.6259953453666202],""source"":""LATEST SUCCESSFUL PHASE5 SERVO_J COMMAND \u2014 DRIVER MEMORY"",""error"":null},""right"":{""valid"":true,""status"":""VALID"",""sample_index"":462,""time_from_start_s"":11.088000000000001,""joints_rad"":[0.2487362103743927,2.5664191233863756,1.5517681883334546,-1.3634555665450716,3.2820371344772528,2.5364867799709296],""source"":""LATEST SUCCESSFUL PHASE5 SERVO_J COMMAND \u2014 DRIVER MEMORY"",""error"":null}}","{""left"":{""valid"":true,""fresh"":true,""status"":""FRESH"",""joints_rad"":[2.895293185811755,0.6080864994959151,-1.543603224384199,1.3681758179431187,-0.152789962443938,0.6254476386313531],""received_at_ms"":1788495163358,""age_ms"":7,""source"":""jaka_port10000_actual_feedback"",""mapping"":""port10000_joint_actual_position_deg_to_rad"",""error"":null},""right"":{""valid"":true,""fresh"":true,""status"":""FRESH"",""joints_rad"":[0.2456467146377923,2.5658301754395882,1.553648292361127,-1.3658170054590486,3.2800494486175777,2.5375139536552322],""received_at_ms"":1788495163292,""age_ms"":73,""source"":""jaka_port10000_actual_feedback"",""mapping"":""port10000_joint_actual_position_deg_to_rad"",""error"":null}}","{""left"":{""values"":[-120.16989595300402,-10.271411003923276,3.082275390625,-6.386474609375,-0.0123291015625,0.64111328125],""received_at_ms"":1788495150177,""valid"":true,""status"":""STALE"",""error"":""Torque sample age 13188 ms exceeds 1500 ms"",""source"":""/left_jaka_driver/joint_torque_raw"",""age_ms"":13188,""fresh"":false},""right"":{""values"":[120.89955902978545,0.4490234318654984,-3.920654296875,8.359130859375,-0.2589111328125,0.2095947265625],""received_at_ms"":1788495149809,""valid"":true,""status"":""STALE"",""error"":""Torque sample age 13556 ms exceeds 1500 ms"",""source"":""/right_jaka_driver/joint_torque_raw"",""age_ms"":13556,""fresh"":false}}"
131,1788495163465,RUNNING,11.184000000000001,"{""left"":{""valid"":true,""status"":""VALID"",""sample_index"":466,""time_from_start_s"":11.184000000000001,""joints_rad"":[2.8915769845619366,0.6073307523623835,-1.5413788108009867,1.3654496340907472,-0.1552032243272563,0.6265354130486546],""source"":""LATEST SUCCESSFUL PHASE5 SERVO_J COMMAND \u2014 DRIVER MEMORY"",""error"":null},""right"":{""valid"":true,""status"":""VALID"",""sample_index"":466,""time_from_start_s"":11.184000000000001,""joints_rad"":[0.25053760946350423,2.566726063218171,1.5506439171395299,-1.3620527385406889,3.283203074412124,2.5358998655417953],""source"":""LATEST SUCCESSFUL PHASE5 SERVO_J COMMAND \u2014 DRIVER MEMORY"",""error"":null}}","{""left"":{""valid"":true,""fresh"":true,""status"":""FRESH"",""joints_rad"":[2.893195998182559,0.6076791396484997,-1.5423090627438452,1.3666179370527887,-0.15413212063872164,0.6261426287394972],""received_at_ms"":1788495163465,""age_ms"":0,""source"":""jaka_port10000_actual_feedback"",""mapping"":""port10000_joint_actual_position_deg_to_rad"",""error"":null},""right"":{""valid"":true,""fresh"":true,""status"":""FRESH"",""joints_rad"":[0.2474683147780988,2.566117805700317,1.552557810644481,-1.364462804492426,3.281223880671245,2.5369027393511843],""received_at_ms"":1788495163405,""age_ms"":60,""source"":""jaka_port10000_actual_feedback"",""mapping"":""port10000_joint_actual_position_deg_to_rad"",""error"":null}}","{""left"":{""values"":[-120.16989595300402,-10.271411003923276,3.082275390625,-6.386474609375,-0.0123291015625,0.64111328125],""received_at_ms"":1788495150177,""valid"":true,""status"":""STALE"",""error"":""Torque sample age 13288 ms exceeds 1500 ms"",""source"":""/left_jaka_driver/joint_torque_raw"",""age_ms"":13288,""fresh"":false},""right"":{""values"":[120.89955902978545,0.4490234318654984,-3.920654296875,8.359130859375,-0.2589111328125,0.2095947265625],""received_at_ms"":1788495149809,""valid"":true,""status"":""STALE"",""error"":""Torque sample age 13656 ms exceeds 1500 ms"",""source"":""/right_jaka_driver/joint_torque_raw"",""age_ms"":13656,""fresh"":false}}"
132,1788495163567,RUNNING,11.28,"{""left"":{""valid"":true,""status"":""VALID"",""sample_index"":470,""time_from_start_s"":11.28,""joints_rad"":[2.8897773979108354,0.60699310748605,-1.5402591292935672,1.3640932039578553,-0.1564187147112845,0.6270789731572463],""source"":""LATEST SUCCESSFUL PHASE5 SERVO_J COMMAND \u2014 DRIVER MEMORY"",""error"":null},""right"":{""valid"":true,""status"":""VALID"",""sample_index"":470,""time_from_start_s"":11.28,""joints_rad"":[0.2523431279817429,2.5670352869324398,1.5495119339011065,-1.3606474854095114,3.2843731431295136,2.535309306619103],""source"":""LATEST SUCCESSFUL PHASE5 SERVO_J COMMAND \u2014 DRIVER MEMORY"",""error"":null}}","{""left"":{""valid"":true,""fresh"":true,""status"":""FRESH"",""joints_rad"":[2.893195998182559,0.6076791396484997,-1.5423090627438452,1.3666179370527887,-0.15413212063872164,0.6261426287394972],""received_at_ms"":1788495163465,""age_ms"":102,""source"":""jaka_port10000_actual_feedback"",""mapping"":""port10000_joint_actual_position_deg_to_rad"",""error"":null},""right"":{""valid"":true,""fresh"":true,""status"":""FRESH"",""joints_rad"":[0.24911014600544984,2.5664054359610455,1.5515151509493397,-1.3631204717647174,3.282314362387891,2.536339521601566],""received_at_ms"":1788495163519,""age_ms"":48,""source"":""jaka_port10000_actual_feedback"",""mapping"":""port10000_joint_actual_position_deg_to_rad"",""error"":null}}","{""left"":{""values"":[-120.16989595300402,-10.271411003923276,3.082275390625,-6.386474609375,-0.0123291015625,0.64111328125],""received_at_ms"":1788495150177,""valid"":true,""status"":""STALE"",""error"":""Torque sample age 13390 ms exceeds 1500 ms"",""source"":""/left_jaka_driver/joint_torque_raw"",""age_ms"":13390,""fresh"":false},""right"":{""values"":[120.89955902978545,0.4490234318654984,-3.920654296875,8.359130859375,-0.2589111328125,0.2095947265625],""received_at_ms"":1788495149809,""valid"":true,""status"":""STALE"",""error"":""Torque sample age 13758 ms exceeds 1500 ms"",""source"":""/right_jaka_driver/joint_torque_raw"",""age_ms"":13758,""fresh"":false}}"
133,1788495163668,RUNNING,11.376,"{""left"":{""valid"":true,""status"":""VALID"",""sample_index"":474,""time_from_start_s"":11.376,""joints_rad"":[2.8879759597959125,0.606653532488899,-1.5391333654801709,1.3627361249465513,-0.157636728173749,0.6276252431679973],""source"":""LATEST SUCCESSFUL PHASE5 SERVO_J COMMAND \u2014 DRIVER MEMORY"",""error"":null},""right"":{""valid"":true,""status"":""VALID"",""sample_index"":474,""time_from_start_s"":11.376,""joints_rad"":[0.25415048083041464,2.5673463373333743,1.5483738860807,-1.359241551278167,3.2855457969052284,2.534715947276959],""source"":""LATEST SUCCESSFUL PHASE5 SERVO_J COMMAND \u2014 DRIVER MEMORY"",""error"":null}}","{""left"":{""valid"":true,""fresh"":true,""status"":""FRESH"",""joints_rad"":[2.891841797215936,0.6074274631703621,-1.5414821257442501,1.365623099379152,-0.15500705419274638,0.6264901237935694],""received_at_ms"":1788495163583,""age_ms"":85,""source"":""jaka_port10000_actual_feedback"",""mapping"":""port10000_joint_actual_position_deg_to_rad"",""error"":null},""right"":{""valid"":true,""fresh"":true,""status"":""FRESH"",""joints_rad"":[0.2525856201449462,2.5669806964825033,1.5493340129831223,-1.3603881588207203,3.284591318930043,2.535260908123833],""received_at_ms"":1788495163660,""age_ms"":8,""source"":""jaka_port10000_actual_feedback"",""mapping"":""port10000_joint_actual_position_deg_to_rad"",""error"":null}}","{""left"":{""values"":[-120.16989595300402,-10.271411003923276,3.082275390625,-6.386474609375,-0.0123291015625,0.64111328125],""received_at_ms"":1788495150177,""valid"":true,""status"":""STALE"",""error"":""Torque sample age 13491 ms exceeds 1500 ms"",""source"":""/left_jaka_driver/joint_torque_raw"",""age_ms"":13491,""fresh"":false},""right"":{""values"":[120.89955902978545,0.4490234318654984,-3.920654296875,8.359130859375,-0.2589111328125,0.2095947265625],""received_at_ms"":1788495149809,""valid"":true,""status"":""STALE"",""error"":""Torque sample age 13859 ms exceeds 1500 ms"",""source"":""/right_jaka_driver/joint_torque_raw"",""age_ms"":13859,""fresh"":false}}"
134,1788495163768,RUNNING,11.496,"{""left"":{""valid"":true,""status"":""VALID"",""sample_index"":479,""time_from_start_s"":11.496,""joints_rad"":[2.885725118325255,0.6062271266730298,-1.5377201633120987,1.3610414928491952,-0.15916029827903191,0.6283106670710985],""source"":""LATEST SUCCESSFUL PHASE5 SERVO_J COMMAND \u2014 DRIVER MEMORY"",""error"":null},""right"":{""valid"":true,""status"":""VALID"",""sample_index"":479,""time_from_start_s"":11.496,""joints_rad"":[0.2564086815606443,2.5677370034164126,1.546945376227342,-1.3574859003813606,3.2870128368160665,2.533971630571437],""source"":""LATEST SUCCESSFUL PHASE5 SERVO_J COMMAND \u2014 DRIVER MEMORY"",""error"":null}}","{""left"":{""valid"":true,""fresh"":true,""status"":""FRESH"",""joints_rad"":[2.8897086558041485,0.6070199287900214,-1.5401877895709712,1.364053175716983,-0.1564211199527122,0.6271133808694566],""received_at_ms"":1788495163703,""age_ms"":65,""source"":""jaka_port10000_actual_feedback"",""mapping"":""port10000_joint_actual_position_deg_to_rad"",""error"":null},""right"":{""valid"":true,""fresh"":true,""status"":""FRESH"",""joints_rad"":[0.2525856201449462,2.5669806964825033,1.5493340129831223,-1.3603881588207203,3.284591318930043,2.535260908123833],""received_at_ms"":1788495163660,""age_ms"":108,""source"":""jaka_port10000_actual_feedback"",""mapping"":""port10000_joint_actual_position_deg_to_rad"",""error"":null}}","{""left"":{""values"":[-120.16989595300402,-10.271411003923276,3.082275390625,-6.386474609375,-0.0123291015625,0.64111328125],""received_at_ms"":1788495150177,""valid"":true,""status"":""STALE"",""error"":""Torque sample age 13591 ms exceeds 1500 ms"",""source"":""/left_jaka_driver/joint_torque_raw"",""age_ms"":13591,""fresh"":false},""right"":{""values"":[120.89955902978545,0.4490234318654984,-3.920654296875,8.359130859375,-0.2589111328125,0.2095947265625],""received_at_ms"":1788495149809,""valid"":true,""status"":""STALE"",""error"":""Torque sample age 13959 ms exceeds 1500 ms"",""source"":""/right_jaka_driver/joint_torque_raw"",""age_ms"":13959,""fresh"":false}}"
135,1788495163871,RUNNING,11.592,"{""left"":{""valid"":true,""status"":""VALID"",""sample_index"":483,""time_from_start_s"":11.592,""joints_rad"":[2.88392811743753,0.6058850882765383,-1.5365868946884655,1.3596893075130734,-0.16037795877987235,0.6288600737760466],""source"":""LATEST SUCCESSFUL PHASE5 SERVO_J COMMAND \u2014 DRIVER MEMORY"",""error"":null},""right"":{""valid"":true,""status"":""VALID"",""sample_index"":483,""time_from_start_s"":11.592,""joints_rad"":[0.25821153432034993,2.568050433078705,1.5457999175662156,-1.356085017889375,3.288185475800496,2.533375163242713],""source"":""LATEST SUCCESSFUL PHASE5 SERVO_J COMMAND \u2014 DRIVER MEMORY"",""error"":null}}","{""left"":{""valid"":true,""fresh"":true,""status"":""FRESH"",""joints_rad"":[2.8861373630887184,0.6063608924644683,-1.5379347440395719,1.361392770338168,-0.15887784540781943,0.6281799515753503],""received_at_ms"":1788495163842,""age_ms"":29,""source"":""jaka_port10000_actual_feedback"",""mapping"":""port10000_joint_actual_position_deg_to_rad"",""error"":null},""right"":{""valid"":true,""fresh"":true,""status"":""FRESH"",""joints_rad"":[0.2548507084481844,2.5674000991017576,1.547943858233909,-1.3587222420496916,3.286041513005525,2.53450587868942],""received_at_ms"":1788495163774,""age_ms"":97,""source"":""jaka_port10000_actual_feedback"",""mapping"":""port10000_joint_actual_position_deg_to_rad"",""error"":null}}","{""left"":{""values"":[-120.16989595300402,-10.271411003923276,3.082275390625,-6.386474609375,-0.0123291015625,0.64111328125],""received_at_ms"":1788495150177,""valid"":true,""status"":""STALE"",""error"":""Torque sample age 13694 ms exceeds 1500 ms"",""source"":""/left_jaka_driver/joint_torque_raw"",""age_ms"":13694,""fresh"":false},""right"":{""values"":[120.89955902978545,0.4490234318654984,-3.920654296875,8.359130859375,-0.2589111328125,0.2095947265625],""received_at_ms"":1788495149809,""valid"":true,""status"":""STALE"",""error"":""Torque sample age 14062 ms exceeds 1500 ms"",""source"":""/right_jaka_driver/joint_torque_raw"",""age_ms"":14062,""fresh"":false}}"
136,1788495163971,RUNNING,11.688,"{""left"":{""valid"":true,""status"":""VALID"",""sample_index"":487,""time_from_start_s"":11.688,""joints_rad"":[2.8821370080506674,0.6055428133649635,-1.5354531127448934,1.3583421912661442,-0.16159271410138712,0.6294095230389205],""source"":""LATEST SUCCESSFUL PHASE5 SERVO_J COMMAND \u2014 DRIVER MEMORY"",""error"":null},""right"":{""valid"":true,""status"":""VALID"",""sample_index"":487,""time_from_start_s"":11.688,""joints_rad"":[0.2600084565824505,2.568364129630396,1.5446540119190157,-1.3546893795726829,3.2893554503078617,2.532778771981622],""source"":""LATEST SUCCESSFUL PHASE5 SERVO_J COMMAND \u2014 DRIVER MEMORY"",""error"":null}}","{""left"":{""valid"":true,""fresh"":true,""status"":""FRESH"",""joints_rad"":[2.8843276311873254,0.6060013546385575,-1.536796265768496,1.3600026155889546,-0.1600524519944116,0.6287431693249689],""received_at_ms"":1788495163956,""age_ms"":15,""source"":""jaka_port10000_actual_feedback"",""mapping"":""port10000_joint_actual_position_deg_to_rad"",""error"":null},""right"":{""valid"":true,""fresh"":true,""status"":""FRESH"",""joints_rad"":[0.2583020970440032,2.568011313405806,1.5457506774958527,-1.3560019718775334,3.2882346937435813,2.5333314466357537],""received_at_ms"":1788495163962,""age_ms"":9,""source"":""jaka_port10000_actual_feedback"",""mapping"":""port10000_joint_actual_position_deg_to_rad"",""error"":null}}","{""left"":{""values"":[-120.16989595300402,-10.271411003923276,3.082275390625,-6.386474609375,-0.0123291015625,0.64111328125],""received_at_ms"":1788495150177,""valid"":true,""status"":""STALE"",""error"":""Torque sample age 13794 ms exceeds 1500 ms"",""source"":""/left_jaka_driver/joint_torque_raw"",""age_ms"":13794,""fresh"":false},""right"":{""values"":[120.89955902978545,0.4490234318654984,-3.920654296875,8.359130859375,-0.2589111328125,0.2095947265625],""received_at_ms"":1788495149809,""valid"":true,""status"":""STALE"",""error"":""Torque sample age 14162 ms exceeds 1500 ms"",""source"":""/right_jaka_driver/joint_torque_raw"",""age_ms"":14162,""fresh"":false}}"
137,1788495164080,RUNNING,11.784,"{""left"":{""valid"":true,""status"":""VALID"",""sample_index"":491,""time_from_start_s"":11.784,""joints_rad"":[2.8803542457404583,0.6052008410054744,-1.5343205896169574,1.357001956988279,-0.16280284161292766,0.6299581664044898],""source"":""LATEST SUCCESSFUL PHASE5 SERVO_J COMMAND \u2014 DRIVER MEMORY"",""error"":null},""right"":{""valid"":true,""status"":""VALID"",""sample_index"":491,""time_from_start_s"":11.784,""joints_rad"":[0.26179698585485256,2.5686775965102924,1.5435094467714876,-1.3533008640115036,3.290521094267638,2.532183371575353],""source"":""LATEST SUCCESSFUL PHASE5 SERVO_J COMMAND \u2014 DRIVER MEMORY"",""error"":null}}","{""left"":{""valid"":true,""fresh"":true,""status"":""FRESH"",""joints_rad"":[2.8826618889492215,0.605665727823399,-1.5357895598559455,1.3587442331982666,-0.16116684472180998,0.629210568498653],""received_at_ms"":1788495164069,""age_ms"":11,""source"":""jaka_port10000_actual_feedback"",""mapping"":""port10000_joint_actual_position_deg_to_rad"",""error"":null},""right"":{""valid"":true,""fresh"":true,""status"":""FRESH"",""joints_rad"":[0.25966834078246437,2.568238904340266,1.5448998294855054,-1.3549593121823917,3.2891574493191102,2.5329000012446605],""received_at_ms"":1788495164041,""age_ms"":39,""source"":""jaka_port10000_actual_feedback"",""mapping"":""port10000_joint_actual_position_deg_to_rad"",""error"":null}}","{""left"":{""values"":[-120.16989595300402,-10.271411003923276,3.082275390625,-6.386474609375,-0.0123291015625,0.64111328125],""received_at_ms"":1788495150177,""valid"":true,""status"":""STALE"",""error"":""Torque sample age 13903 ms exceeds 1500 ms"",""source"":""/left_jaka_driver/joint_torque_raw"",""age_ms"":13903,""fresh"":false},""right"":{""values"":[120.89955902978545,0.4490234318654984,-3.920654296875,8.359130859375,-0.2589111328125,0.2095947265625],""received_at_ms"":1788495149809,""valid"":true,""status"":""STALE"",""error"":""Torque sample age 14271 ms exceeds 1500 ms"",""source"":""/right_jaka_driver/joint_torque_raw"",""age_ms"":14271,""fresh"":false}}"
138,1788495164171,RUNNING,11.88,"{""left"":{""valid"":true,""status"":""VALID"",""sample_index"":495,""time_from_start_s"":11.88,""joints_rad"":[2.8785823060587186,0.6048597155898772,-1.5331911147382828,1.3556704320407538,-0.16400660409818815,0.6305051472900172],""source"":""LATEST SUCCESSFUL PHASE5 SERVO_J COMMAND \u2014 DRIVER MEMORY"",""error"":null},""right"":{""valid"":true,""status"":""VALID"",""sample_index"":495,""time_from_start_s"":11.88,""joints_rad"":[0.2635746396222601,2.56899033221351,1.542368027002721,-1.351921364795154,3.2916807274256517,2.5315898854838674],""source"":""LATEST SUCCESSFUL PHASE5 SERVO_J COMMAND \u2014 DRIVER MEMORY"",""error"":null}}","{""left"":{""valid"":true,""fresh"":true,""status"":""FRESH"",""joints_rad"":[2.8806245661133687,0.6052822789867359,-1.5344233161174845,1.35724621710128,-0.16262890703620564,0.6297978717919491],""received_at_ms"":1788495164143,""age_ms"":28,""source"":""jaka_port10000_actual_feedback"",""mapping"":""port10000_joint_actual_position_deg_to_rad"",""error"":null},""right"":{""valid"":true,""fresh"":true,""status"":""FRESH"",""joints_rad"":[0.2617416174009084,2.5686104849380156,1.5435695395296356,-1.3533653029765453,3.290475696503142,2.53221687937543],""received_at_ms"":1788495164145,""age_ms"":26,""source"":""jaka_port10000_actual_feedback"",""mapping"":""port10000_joint_actual_position_deg_to_rad"",""error"":null}}","{""left"":{""values"":[-120.16989595300402,-10.271411003923276,3.082275390625,-6.386474609375,-0.0123291015625,0.64111328125],""received_at_ms"":1788495150177,""valid"":true,""status"":""STALE"",""error"":""Torque sample age 13994 ms exceeds 1500 ms"",""source"":""/left_jaka_driver/joint_torque_raw"",""age_ms"":13994,""fresh"":false},""right"":{""values"":[120.89955902978545,0.4490234318654984,-3.920654296875,8.359130859375,-0.2589111328125,0.2095947265625],""received_at_ms"":1788495149809,""valid"":true,""status"":""STALE"",""error"":""Torque sample age 14362 ms exceeds 1500 ms"",""source"":""/right_jaka_driver/joint_torque_raw"",""age_ms"":14362,""fresh"":false}}"
139,1788495164270,RUNNING,11.976,"{""left"":{""valid"":true,""status"":""VALID"",""sample_index"":500,""time_from_start_s"":12.0,""joints_rad"":[2.876386390440613,0.6044353347648664,-1.5317863018473175,1.3540210702738558,-0.16549969601880915,0.6311852222104044],""source"":""LATEST SUCCESSFUL PHASE5 SERVO_J COMMAND \u2014 DRIVER MEMORY"",""error"":null},""right"":{""valid"":true,""status"":""VALID"",""sample_index"":499,""time_from_start_s"":11.976,""joints_rad"":[0.2653389236190956,2.5693018319367193,1.5412315689600862,-1.350552784187939,3.2928326609073926,2.5309992428053802],""source"":""LATEST SUCCESSFUL PHASE5 SERVO_J COMMAND \u2014 DRIVER MEMORY"",""error"":null}}","{""left"":{""valid"":true,""fresh"":true,""status"":""FRESH"",""joints_rad"":[2.878815008744901,0.6048988301500727,-1.533272969607495,1.3559279699172488,-0.16383946740538888,0.6304209543349111],""received_at_ms"":1788495164237,""age_ms"":33,""source"":""jaka_port10000_actual_feedback"",""mapping"":""port10000_joint_actual_position_deg_to_rad"",""error"":null},""right"":{""valid"":true,""fresh"":true,""status"":""FRESH"",""joints_rad"":[0.2636949898997405,2.568970022763926,1.5423591536933774,-1.3518672868795587,3.291757989904582,2.531533757506199],""received_at_ms"":1788495164264,""age_ms"":6,""source"":""jaka_port10000_actual_feedback"",""mapping"":""port10000_joint_actual_position_deg_to_rad"",""error"":null}}","{""left"":{""values"":[-120.16989595300402,-10.271411003923276,3.082275390625,-6.386474609375,-0.0123291015625,0.64111328125],""received_at_ms"":1788495150177,""valid"":true,""status"":""STALE"",""error"":""Torque sample age 14093 ms exceeds 1500 ms"",""source"":""/left_jaka_driver/joint_torque_raw"",""age_ms"":14093,""fresh"":false},""right"":{""values"":[120.89955902978545,0.4490234318654984,-3.920654296875,8.359130859375,-0.2589111328125,0.2095947265625],""received_at_ms"":1788495149809,""valid"":true,""status"":""STALE"",""error"":""Torque sample age 14461 ms exceeds 1500 ms"",""source"":""/right_jaka_driver/joint_torque_raw"",""age_ms"":14461,""fresh"":false}}"
140,1788495164377,RUNNING,12.096,"{""left"":{""valid"":true,""status"":""VALID"",""sample_index"":504,""time_from_start_s"":12.096,""joints_rad"":[2.8746479002991188,0.6040981208415563,-1.5306702778128178,1.352715856061062,-0.16668274907597835,0.6317253076648912],""source"":""LATEST SUCCESSFUL PHASE5 SERVO_J COMMAND \u2014 DRIVER MEMORY"",""error"":null},""right"":{""valid"":true,""status"":""VALID"",""sample_index"":504,""time_from_start_s"":12.096,""joints_rad"":[0.2675216725584714,2.5696886969147106,1.5398207494188665,-1.3488603139802189,3.294259172697069,2.530266357398826],""source"":""LATEST SUCCESSFUL PHASE5 SERVO_J COMMAND \u2014 DRIVER MEMORY"",""error"":null}}","{""left"":{""valid"":true,""fresh"":true,""status"":""FRESH"",""joints_rad"":[2.8771970885283022,0.6045871143456666,-1.532278131933858,1.3546816302983997,-0.16492994912203496,0.630936350063025],""received_at_ms"":1788495164323,""age_ms"":54,""source"":""jaka_port10000_actual_feedback"",""mapping"":""port10000_joint_actual_position_deg_to_rad"",""error"":null},""right"":{""valid"":true,""fresh"":true,""status"":""FRESH"",""joints_rad"":[0.2652889991055869,2.5692456102528163,1.5412925829874837,-1.3505849934781184,3.2928006495997235,2.530994450767333],""received_at_ms"":1788495164333,""age_ms"":44,""source"":""jaka_port10000_actual_feedback"",""mapping"":""port10000_joint_actual_position_deg_to_rad"",""error"":null}}","{""left"":{""values"":[-120.16989595300402,-10.271411003923276,3.082275390625,-6.386474609375,-0.0123291015625,0.64111328125],""received_at_ms"":1788495150177,""valid"":true,""status"":""STALE"",""error"":""Torque sample age 14200 ms exceeds 1500 ms"",""source"":""/left_jaka_driver/joint_torque_raw"",""age_ms"":14200,""fresh"":false},""right"":{""values"":[120.89955902978545,0.4490234318654984,-3.920654296875,8.359130859375,-0.2589111328125,0.2095947265625],""received_at_ms"":1788495149809,""valid"":true,""status"":""STALE"",""error"":""Torque sample age 14568 ms exceeds 1500 ms"",""source"":""/right_jaka_driver/joint_torque_raw"",""age_ms"":14568,""fresh"":false}}"
141,1788495164471,RUNNING,12.192,"{""left"":{""valid"":true,""status"":""VALID"",""sample_index"":508,""time_from_start_s"":12.192,""joints_rad"":[2.872928316591674,0.6037635383195046,-1.5295631661615723,1.3514253162352126,-0.16785375998132868,0.6322609246195241],""source"":""LATEST SUCCESSFUL PHASE5 SERVO_J COMMAND \u2014 DRIVER MEMORY"",""error"":null},""right"":{""valid"":true,""status"":""VALID"",""sample_index"":508,""time_from_start_s"":12.192,""joints_rad"":[0.26924675029235373,2.56999556409571,1.5387021154015927,-1.3475232572697,3.2953876001305034,2.5296855179896807],""source"":""LATEST SUCCESSFUL PHASE5 SERVO_J COMMAND \u2014 DRIVER MEMORY"",""error"":null}}","{""left"":{""valid"":true,""fresh"":true,""status"":""FRESH"",""joints_rad"":[2.875914795126862,0.6043474806393677,-1.531463237706102,1.3536628816140104,-0.16576892889346861,0.6313796636930314],""received_at_ms"":1788495164434,""age_ms"":37,""source"":""jaka_port10000_actual_feedback"",""mapping"":""port10000_joint_actual_position_deg_to_rad"",""error"":null},""right"":{""valid"":true,""fresh"":true,""status"":""FRESH"",""joints_rad"":[0.26647529939816744,2.5694613329483627,1.5405495963249098,-1.3496622379025889,3.2935795900448888,2.530634912941422],""received_at_ms"":1788495164402,""age_ms"":69,""source"":""jaka_port10000_actual_feedback"",""mapping"":""port10000_joint_actual_position_deg_to_rad"",""error"":null}}","{""left"":{""values"":[-120.16989595300402,-10.271411003923276,3.082275390625,-6.386474609375,-0.0123291015625,0.64111328125],""received_at_ms"":1788495150177,""valid"":true,""status"":""STALE"",""error"":""Torque sample age 14294 ms exceeds 1500 ms"",""source"":""/left_jaka_driver/joint_torque_raw"",""age_ms"":14294,""fresh"":false},""right"":{""values"":[120.89955902978545,0.4490234318654984,-3.920654296875,8.359130859375,-0.2589111328125,0.2095947265625],""received_at_ms"":1788495149809,""valid"":true,""status"":""STALE"",""error"":""Torque sample age 14662 ms exceeds 1500 ms"",""source"":""/right_jaka_driver/joint_torque_raw"",""age_ms"":14662,""fresh"":false}}"
142,1788495164571,RUNNING,12.288,"{""left"":{""valid"":true,""status"":""VALID"",""sample_index"":512,""time_from_start_s"":12.288,""joints_rad"":[2.8712301077399784,0.6034321342916572,-1.5284667643147416,1.350151271506861,-0.16901099373841896,0.6327912133385938],""source"":""LATEST SUCCESSFUL PHASE5 SERVO_J COMMAND \u2014 DRIVER MEMORY"",""error"":null},""right"":{""valid"":true,""status"":""VALID"",""sample_index"":512,""time_from_start_s"":12.288,""joints_rad"":[0.27095037072817674,2.5702995517902574,1.5375943538322354,-1.3462032848852616,3.2965028467493043,2.5291105438269854],""source"":""LATEST SUCCESSFUL PHASE5 SERVO_J COMMAND \u2014 DRIVER MEMORY"",""error"":null}}","{""left"":{""valid"":true,""fresh"":true,""status"":""FRESH"",""joints_rad"":[2.8738893405299226,0.6039640318027046,-1.5301570332939094,1.3521769082888624,-0.16711108708825226,0.6319790097581663],""received_at_ms"":1788495164504,""age_ms"":67,""source"":""jaka_port10000_actual_feedback"",""mapping"":""port10000_joint_actual_position_deg_to_rad"",""error"":null},""right"":{""valid"":true,""fresh"":true,""status"":""FRESH"",""joints_rad"":[0.26865643736438477,2.5698329135461124,1.5391594415756962,-1.3479484991100557,3.2949577020222636,2.529939922833278],""received_at_ms"":1788495164517,""age_ms"":54,""source"":""jaka_port10000_actual_feedback"",""mapping"":""port10000_joint_actual_position_deg_to_rad"",""error"":null}}","{""left"":{""values"":[-120.16989595300402,-10.271411003923276,3.082275390625,-6.386474609375,-0.0123291015625,0.64111328125],""received_at_ms"":1788495150177,""valid"":true,""status"":""STALE"",""error"":""Torque sample age 14394 ms exceeds 1500 ms"",""source"":""/left_jaka_driver/joint_torque_raw"",""age_ms"":14394,""fresh"":false},""right"":{""values"":[120.89955902978545,0.4490234318654984,-3.920654296875,8.359130859375,-0.2589111328125,0.2095947265625],""received_at_ms"":1788495149809,""valid"":true,""status"":""STALE"",""error"":""Torque sample age 14762 ms exceeds 1500 ms"",""source"":""/right_jaka_driver/joint_torque_raw"",""age_ms"":14762,""fresh"":false}}"
143,1788495164672,RUNNING,12.384,"{""left"":{""valid"":true,""status"":""VALID"",""sample_index"":516,""time_from_start_s"":12.384,""joints_rad"":[2.869555718834361,0.6031044517974474,-1.5273828561542786,1.3488955249754015,-0.17015273098110775,0.6333153207301458],""source"":""LATEST SUCCESSFUL PHASE5 SERVO_J COMMAND \u2014 DRIVER MEMORY"",""error"":null},""right"":{""valid"":true,""status"":""VALID"",""sample_index"":516,""time_from_start_s"":12.384,""joints_rad"":[0.2726300819564543,2.5706001595313417,1.536499263696839,-1.344902265294977,3.2976032491083616,2.5285423541177385],""source"":""LATEST SUCCESSFUL PHASE5 SERVO_J COMMAND \u2014 DRIVER MEMORY"",""error"":null}}","{""left"":{""valid"":true,""fresh"":true,""status"":""FRESH"",""joints_rad"":[2.872703040237342,0.6037601773460717,-1.5294020038594967,1.351337928517429,-0.16792598131600842,0.6323385475840773],""received_at_ms"":1788495164576,""age_ms"":96,""source"":""jaka_port10000_actual_feedback"",""mapping"":""port10000_joint_actual_position_deg_to_rad"",""error"":null},""right"":{""valid"":true,""fresh"":true,""status"":""FRESH"",""joints_rad"":[0.2698190011791382,2.5700245506979815,1.5384283231520357,-1.3471095193386222,3.295688820445924,2.5295323884529375],""received_at_ms"":1788495164587,""age_ms"":85,""source"":""jaka_port10000_actual_feedback"",""mapping"":""port10000_joint_actual_position_deg_to_rad"",""error"":null}}","{""left"":{""values"":[-120.16989595300402,-10.271411003923276,3.082275390625,-6.386474609375,-0.0123291015625,0.64111328125],""received_at_ms"":1788495150177,""valid"":true,""status"":""STALE"",""error"":""Torque sample age 14495 ms exceeds 1500 ms"",""source"":""/left_jaka_driver/joint_torque_raw"",""age_ms"":14495,""fresh"":false},""right"":{""values"":[120.89955902978545,0.4490234318654984,-3.920654296875,8.359130859375,-0.2589111328125,0.2095947265625],""received_at_ms"":1788495149809,""valid"":true,""status"":""STALE"",""error"":""Torque sample age 14863 ms exceeds 1500 ms"",""source"":""/right_jaka_driver/joint_torque_raw"",""age_ms"":14863,""fresh"":false}}"
144,1788495164774,RUNNING,12.48,"{""left"":{""valid"":true,""status"":""VALID"",""sample_index"":521,""time_from_start_s"":12.504,""joints_rad"":[2.867499902658508,0.6027008997757772,-1.526048225934586,1.3473542816640034,-0.1715555262960818,0.6339604783813273],""source"":""LATEST SUCCESSFUL PHASE5 SERVO_J COMMAND \u2014 DRIVER MEMORY"",""error"":null},""right"":{""valid"":true,""status"":""VALID"",""sample_index"":520,""time_from_start_s"":12.48,""joints_rad"":[0.2742834637502595,2.5708968921910165,1.5354186243431323,-1.343622042387822,3.2986871643496687,2.52798185777599],""source"":""LATEST SUCCESSFUL PHASE5 SERVO_J COMMAND \u2014 DRIVER MEMORY"",""error"":null}}","{""left"":{""valid"":true,""fresh"":true,""status"":""FRESH"",""joints_rad"":[2.870425909162265,0.6032688671616352,-1.5279519843169398,1.3496002787141435,-0.16954390153260718,0.6330576232358988],""received_at_ms"":1788495164693,""age_ms"":81,""source"":""jaka_port10000_actual_feedback"",""mapping"":""port10000_joint_actual_position_deg_to_rad"",""error"":null},""right"":{""valid"":true,""fresh"":true,""status"":""FRESH"",""joints_rad"":[0.27305466707941045,2.5706118539912777,1.5363311355228393,-1.3446288828727626,3.2978579156403023,2.5284537749752047],""received_at_ms"":1788495164773,""age_ms"":1,""source"":""jaka_port10000_actual_feedback"",""mapping"":""port10000_joint_actual_position_deg_to_rad"",""error"":null}}","{""left"":{""values"":[-120.16989595300402,-10.271411003923276,3.082275390625,-6.386474609375,-0.0123291015625,0.64111328125],""received_at_ms"":1788495150177,""valid"":true,""status"":""STALE"",""error"":""Torque sample age 14597 ms exceeds 1500 ms"",""source"":""/left_jaka_driver/joint_torque_raw"",""age_ms"":14597,""fresh"":false},""right"":{""values"":[120.89955902978545,0.4490234318654984,-3.920654296875,8.359130859375,-0.2589111328125,0.2095947265625],""received_at_ms"":1788495149809,""valid"":true,""status"":""STALE"",""error"":""Torque sample age 14965 ms exceeds 1500 ms"",""source"":""/right_jaka_driver/joint_torque_raw"",""age_ms"":14965,""fresh"":false}}"
145,1788495164873,RUNNING,12.6,"{""left"":{""valid"":true,""status"":""VALID"",""sample_index"":525,""time_from_start_s"":12.6,""joints_rad"":[2.8658878715641767,0.6023835430802743,-1.5249988408261346,1.3461461658800442,-0.17265623003628183,0.6344676122087108],""source"":""LATEST SUCCESSFUL PHASE5 SERVO_J COMMAND \u2014 DRIVER MEMORY"",""error"":null},""right"":{""valid"":true,""status"":""VALID"",""sample_index"":525,""time_from_start_s"":12.6,""joints_rad"":[0.2763095435044133,2.571261615824217,1.5340908154300512,-1.342053767588771,3.30001641337918,2.527293419002479],""source"":""LATEST SUCCESSFUL PHASE5 SERVO_J COMMAND \u2014 DRIVER MEMORY"",""error"":null}}","{""left"":{""valid"":true,""fresh"":true,""status"":""FRESH"",""joints_rad"":[2.8693115164348666,0.6031011410205185,-1.5272329086651182,1.3487972527253007,-0.17025093441259007,0.6334290293007233],""received_at_ms"":1788495164814,""age_ms"":59,""source"":""jaka_port10000_actual_feedback"",""mapping"":""port10000_joint_actual_position_deg_to_rad"",""error"":null},""right"":{""valid"":true,""fresh"":true,""status"":""FRESH"",""joints_rad"":[0.27305466707941045,2.5706118539912777,1.5363311355228393,-1.3446288828727626,3.2978579156403023,2.5284537749752047],""received_at_ms"":1788495164773,""age_ms"":100,""source"":""jaka_port10000_actual_feedback"",""mapping"":""port10000_joint_actual_position_deg_to_rad"",""error"":null}}","{""left"":{""values"":[-120.16989595300402,-10.271411003923276,3.082275390625,-6.386474609375,-0.0123291015625,0.64111328125],""received_at_ms"":1788495150177,""valid"":true,""status"":""STALE"",""error"":""Torque sample age 14696 ms exceeds 1500 ms"",""source"":""/left_jaka_driver/joint_torque_raw"",""age_ms"":14696,""fresh"":false},""right"":{""values"":[120.89955902978545,0.4490234318654984,-3.920654296875,8.359130859375,-0.2589111328125,0.2095947265625],""received_at_ms"":1788495149809,""valid"":true,""status"":""STALE"",""error"":""Torque sample age 15064 ms exceeds 1500 ms"",""source"":""/right_jaka_driver/joint_torque_raw"",""age_ms"":15064,""fresh"":false}}"
146,1788495164973,RUNNING,12.696,"{""left"":{""valid"":true,""status"":""VALID"",""sample_index"":529,""time_from_start_s"":12.696,""joints_rad"":[2.86430734612998,0.6020716232127056,-1.5239675825253058,1.3449620128591802,-0.17373602682852612,0.6349658720478323],""source"":""LATEST SUCCESSFUL PHASE5 SERVO_J COMMAND \u2014 DRIVER MEMORY"",""error"":null},""right"":{""valid"":true,""status"":""VALID"",""sample_index"":529,""time_from_start_s"":12.696,""joints_rad"":[0.2778950554638462,2.571547858078772,1.5330490540743407,-1.3408269085642515,3.301057370362096,2.526753482010687],""source"":""LATEST SUCCESSFUL PHASE5 SERVO_J COMMAND \u2014 DRIVER MEMORY"",""error"":null}}","{""left"":{""valid"":true,""fresh"":true,""status"":""FRESH"",""joints_rad"":[2.865955771882057,0.6024660157057178,-1.525123678264083,1.346268619705011,-0.17252789095474189,0.6344837317677035],""received_at_ms"":1788495164960,""age_ms"":13,""source"":""jaka_port10000_actual_feedback"",""mapping"":""port10000_joint_actual_position_deg_to_rad"",""error"":null},""right"":{""valid"":true,""fresh"":true,""status"":""FRESH"",""joints_rad"":[0.27632646129519906,2.571187114512735,1.5341379547847833,-1.342064296069882,3.299979188813176,2.5272674746826245],""received_at_ms"":1788495164963,""age_ms"":10,""source"":""jaka_port10000_actual_feedback"",""mapping"":""port10000_joint_actual_position_deg_to_rad"",""error"":null}}","{""left"":{""values"":[-120.16989595300402,-10.271411003923276,3.082275390625,-6.386474609375,-0.0123291015625,0.64111328125],""received_at_ms"":1788495150177,""valid"":true,""status"":""STALE"",""error"":""Torque sample age 14796 ms exceeds 1500 ms"",""source"":""/left_jaka_driver/joint_torque_raw"",""age_ms"":14796,""fresh"":false},""right"":{""values"":[120.89955902978545,0.4490234318654984,-3.920654296875,8.359130859375,-0.2589111328125,0.2095947265625],""received_at_ms"":1788495149809,""valid"":true,""status"":""STALE"",""error"":""Torque sample age 15164 ms exceeds 1500 ms"",""source"":""/right_jaka_driver/joint_torque_raw"",""age_ms"":15164,""fresh"":false}}"
147,1788495165073,RUNNING,12.768,"{""left"":{""valid"":true,""status"":""VALID"",""sample_index"":532,""time_from_start_s"":12.768,""joints_rad"":[2.863143985935718,0.6018415560390714,-1.5232070352121343,1.3440906240950954,-0.17453119684903443,0.635333265273636],""source"":""LATEST SUCCESSFUL PHASE5 SERVO_J COMMAND \u2014 DRIVER MEMORY"",""error"":null},""right"":{""valid"":true,""status"":""VALID"",""sample_index"":533,""time_from_start_s"":12.792,""joints_rad"":[0.2794466910449879,2.5718286728433006,1.5320273191433569,-1.339626592558984,3.3020767103564026,2.526224084596436],""source"":""LATEST SUCCESSFUL PHASE5 SERVO_J COMMAND \u2014 DRIVER MEMORY"",""error"":null}}","{""left"":{""valid"":true,""fresh"":true,""status"":""FRESH"",""joints_rad"":[2.8641341717417506,0.6020944351079682,-1.523913292427825,1.3449264615102277,-0.17376236233467746,0.6349989529628921],""received_at_ms"":1788495165069,""age_ms"":4,""source"":""jaka_port10000_actual_feedback"",""mapping"":""port10000_joint_actual_position_deg_to_rad"",""error"":null},""right"":{""valid"":true,""fresh"":true,""status"":""FRESH"",""joints_rad"":[0.2779082531962815,2.5714627020016247,1.5330954696225672,-1.3408778212443764,3.3010098057364785,2.5267520789545106],""received_at_ms"":1788495165053,""age_ms"":20,""source"":""jaka_port10000_actual_feedback"",""mapping"":""port10000_joint_actual_position_deg_to_rad"",""error"":null}}","{""left"":{""values"":[-120.16989595300402,-10.271411003923276,3.082275390625,-6.386474609375,-0.0123291015625,0.64111328125],""received_at_ms"":1788495150177,""valid"":true,""status"":""STALE"",""error"":""Torque sample age 14895 ms exceeds 1500 ms"",""source"":""/left_jaka_driver/joint_torque_raw"",""age_ms"":14895,""fresh"":false},""right"":{""values"":[120.89955902978545,0.4490234318654984,-3.920654296875,8.359130859375,-0.2589111328125,0.2095947265625],""received_at_ms"":1788495149809,""valid"":true,""status"":""STALE"",""error"":""Torque sample age 15263 ms exceeds 1500 ms"",""source"":""/right_jaka_driver/joint_torque_raw"",""age_ms"":15263,""fresh"":false}}"
148,1788495165176,RUNNING,12.888,"{""left"":{""valid"":true,""status"":""VALID"",""sample_index"":537,""time_from_start_s"":12.888,""joints_rad"":[2.8612497612183745,0.6014661040634315,-1.5219660452146446,1.342672185624078,-0.17582659050156024,0.6359326173080417],""source"":""LATEST SUCCESSFUL PHASE5 SERVO_J COMMAND \u2014 DRIVER MEMORY"",""error"":null},""right"":{""valid"":true,""status"":""VALID"",""sample_index"":537,""time_from_start_s"":12.888,""joints_rad"":[0.28096225696657473,2.572103606035606,1.5310272404204779,-1.3384544883358598,3.3030729400651047,2.5257060580749426],""source"":""LATEST SUCCESSFUL PHASE5 SERVO_J COMMAND \u2014 DRIVER MEMORY"",""error"":null}}","{""left"":{""valid"":true,""fresh"":true,""status"":""FRESH"",""joints_rad"":[2.8641341717417506,0.6020944351079682,-1.523913292427825,1.3449264615102277,-0.17376236233467746,0.6349989529628921],""received_at_ms"":1788495165069,""age_ms"":107,""source"":""jaka_port10000_actual_feedback"",""mapping"":""port10000_joint_actual_position_deg_to_rad"",""error"":null},""right"":{""valid"":true,""fresh"":true,""status"":""FRESH"",""joints_rad"":[0.2789388701195841,2.57164247091458,1.53242421599225,-1.3400988807992114,3.3017288813883003,2.526464448693782],""received_at_ms"":1788495165141,""age_ms"":35,""source"":""jaka_port10000_actual_feedback"",""mapping"":""port10000_joint_actual_position_deg_to_rad"",""error"":null}}","{""left"":{""values"":[-120.16989595300402,-10.271411003923276,3.082275390625,-6.386474609375,-0.0123291015625,0.64111328125],""received_at_ms"":1788495150177,""valid"":true,""status"":""STALE"",""error"":""Torque sample age 14999 ms exceeds 1500 ms"",""source"":""/left_jaka_driver/joint_torque_raw"",""age_ms"":14999,""fresh"":false},""right"":{""values"":[120.89955902978545,0.4490234318654984,-3.920654296875,8.359130859375,-0.2589111328125,0.2095947265625],""received_at_ms"":1788495149809,""valid"":true,""status"":""STALE"",""error"":""Torque sample age 15367 ms exceeds 1500 ms"",""source"":""/right_jaka_driver/joint_torque_raw"",""age_ms"":15367,""fresh"":false}}"
149,1788495165272,RUNNING,12.984,"{""left"":{""valid"":true,""status"":""VALID"",""sample_index"":541,""time_from_start_s"":12.984,""joints_rad"":[2.859777001383217,0.6011734744672813,-1.5209989488239495,1.3415696762963298,-0.17683432321961728,0.6363995828536207],""source"":""LATEST SUCCESSFUL PHASE5 SERVO_J COMMAND \u2014 DRIVER MEMORY"",""error"":null},""right"":{""valid"":true,""status"":""VALID"",""sample_index"":541,""time_from_start_s"":12.984,""joints_rad"":[0.2824396350627426,2.5723722175500754,1.5300503969441728,-1.337312206824592,3.3040446159857457,2.525200207537277],""source"":""LATEST SUCCESSFUL PHASE5 SERVO_J COMMAND \u2014 DRIVER MEMORY"",""error"":null}}","{""left"":{""valid"":true,""fresh"":true,""status"":""FRESH"",""joints_rad"":[2.8629597396880833,0.6018907551842605,-1.5231462202215735,1.3440635707280415,-0.1745772565624336,0.6353705335606417],""received_at_ms"":1788495165180,""age_ms"":92,""source"":""jaka_port10000_actual_feedback"",""mapping"":""port10000_joint_actual_position_deg_to_rad"",""error"":null},""right"":{""valid"":true,""fresh"":true,""status"":""FRESH"",""joints_rad"":[0.2803291994017228,2.571906190164557,1.5315135031885596,-1.3390202673214788,3.3026875907464213,2.5259731385093454],""received_at_ms"":1788495165250,""age_ms"":22,""source"":""jaka_port10000_actual_feedback"",""mapping"":""port10000_joint_actual_position_deg_to_rad"",""error"":null}}","{""left"":{""values"":[-120.16989595300402,-10.271411003923276,3.082275390625,-6.386474609375,-0.0123291015625,0.64111328125],""received_at_ms"":1788495150177,""valid"":true,""status"":""STALE"",""error"":""Torque sample age 15095 ms exceeds 1500 ms"",""source"":""/left_jaka_driver/joint_torque_raw"",""age_ms"":15095,""fresh"":false},""right"":{""values"":[120.89955902978545,0.4490234318654984,-3.920654296875,8.359130859375,-0.2589111328125,0.2095947265625],""received_at_ms"":1788495149809,""valid"":true,""status"":""STALE"",""error"":""Torque sample age 15463 ms exceeds 1500 ms"",""source"":""/right_jaka_driver/joint_torque_raw"",""age_ms"":15463,""fresh"":false}}"
150,1788495165374,RUNNING,13.08,"{""left"":{""valid"":true,""status"":""VALID"",""sample_index"":546,""time_from_start_s"":13.104000000000001,""joints_rad"":[2.8579926551854102,0.6008181073975021,-1.5198246748961615,1.340234289846423,-0.1780559092152057,0.636966462338874],""source"":""LATEST SUCCESSFUL PHASE5 SERVO_J COMMAND \u2014 DRIVER MEMORY"",""error"":null},""right"":{""valid"":true,""status"":""VALID"",""sample_index"":545,""time_from_start_s"":13.08,""joints_rad"":[0.28387679055594905,2.5726340829029133,1.5290983110829357,-1.3362012947876045,3.3049903499737403,2.5247073088158416],""source"":""LATEST SUCCESSFUL PHASE5 SERVO_J COMMAND \u2014 DRIVER MEMORY"",""error"":null}}","{""left"":{""valid"":true,""fresh"":true,""status"":""FRESH"",""joints_rad"":[2.8594364435270827,0.6012196760868687,-1.5207614023316485,1.341307172240367,-0.17709402134380942,0.6365570083861474],""received_at_ms"":1788495165371,""age_ms"":3,""source"":""jaka_port10000_actual_feedback"",""mapping"":""port10000_joint_actual_position_deg_to_rad"",""error"":null},""right"":{""valid"":true,""fresh"":true,""status"":""FRESH"",""joints_rad"":[0.2820429381942561,2.5722177314360373,1.5303390711348925,-1.3376060270285877,3.303826069017497,2.5254217889986403],""received_at_ms"":1788495165326,""age_ms"":48,""source"":""jaka_port10000_actual_feedback"",""mapping"":""port10000_joint_actual_position_deg_to_rad"",""error"":null}}","{""left"":{""values"":[-120.16989595300402,-10.271411003923276,3.082275390625,-6.386474609375,-0.0123291015625,0.64111328125],""received_at_ms"":1788495150177,""valid"":true,""status"":""STALE"",""error"":""Torque sample age 15197 ms exceeds 1500 ms"",""source"":""/left_jaka_driver/joint_torque_raw"",""age_ms"":15197,""fresh"":false},""right"":{""values"":[120.89955902978545,0.4490234318654984,-3.920654296875,8.359130859375,-0.2589111328125,0.2095947265625],""received_at_ms"":1788495149809,""valid"":true,""status"":""STALE"",""error"":""Torque sample age 15565 ms exceeds 1500 ms"",""source"":""/right_jaka_driver/joint_torque_raw"",""age_ms"":15565,""fresh"":false}}"
151,1788495165474,RUNNING,13.200000000000001,"{""left"":{""valid"":true,""status"":""VALID"",""sample_index"":550,""time_from_start_s"":13.200000000000001,""joints_rad"":[2.8566128079683257,0.6005426846121147,-1.5189146876903583,1.339201905953112,-0.17900105370860786,0.6374056667846983],""source"":""LATEST SUCCESSFUL PHASE5 SERVO_J COMMAND \u2014 DRIVER MEMORY"",""error"":null},""right"":{""valid"":true,""status"":""VALID"",""sample_index"":550,""time_from_start_s"":13.200000000000001,""joints_rad"":[0.285613721067867,2.5729513092121596,1.5279452365866915,-1.3348590098305624,3.306134020924904,2.524110528320777],""source"":""LATEST SUCCESSFUL PHASE5 SERVO_J COMMAND \u2014 DRIVER MEMORY"",""error"":null}}","{""left"":{""valid"":true,""fresh"":true,""status"":""FRESH"",""joints_rad"":[2.858369872821189,0.6010158216302358,-1.5200543694516653,1.3405161890233632,-0.1777769686801148,0.6368565068857898],""received_at_ms"":1788495165442,""age_ms"":32,""source"":""jaka_port10000_actual_feedback"",""mapping"":""port10000_joint_actual_position_deg_to_rad"",""error"":null},""right"":{""valid"":true,""fresh"":true,""status"":""FRESH"",""joints_rad"":[0.28348091496497424,2.5724814506860136,1.5293562762330943,-1.3364795915293508,3.304688959799683,2.5248346602382696],""received_at_ms"":1788495165418,""age_ms"":56,""source"":""jaka_port10000_actual_feedback"",""mapping"":""port10000_joint_actual_position_deg_to_rad"",""error"":null}}","{""left"":{""values"":[-120.16989595300402,-10.271411003923276,3.082275390625,-6.386474609375,-0.0123291015625,0.64111328125],""received_at_ms"":1788495150177,""valid"":true,""status"":""STALE"",""error"":""Torque sample age 15297 ms exceeds 1500 ms"",""source"":""/left_jaka_driver/joint_torque_raw"",""age_ms"":15297,""fresh"":false},""right"":{""values"":[120.89955902978545,0.4490234318654984,-3.920654296875,8.359130859375,-0.2589111328125,0.2095947265625],""received_at_ms"":1788495149809,""valid"":true,""status"":""STALE"",""error"":""Torque sample age 15665 ms exceeds 1500 ms"",""source"":""/right_jaka_driver/joint_torque_raw"",""age_ms"":15665,""fresh"":false}}"
152,1788495165576,RUNNING,13.296000000000001,"{""left"":{""valid"":true,""status"":""VALID"",""sample_index"":554,""time_from_start_s"":13.296000000000001,""joints_rad"":[2.8552772682923555,0.6002755985450093,-1.51803234279137,1.3382029026401174,-0.17991624763487313,0.6378314548068144],""source"":""LATEST SUCCESSFUL PHASE5 SERVO_J COMMAND \u2014 DRIVER MEMORY"",""error"":null},""right"":{""valid"":true,""status"":""VALID"",""sample_index"":554,""time_from_start_s"":13.296000000000001,""joints_rad"":[0.2869534242166045,2.573196535783511,1.5270540877057932,-1.3338239590328675,3.307016634718588,2.5236494356426817],""source"":""LATEST SUCCESSFUL PHASE5 SERVO_J COMMAND \u2014 DRIVER MEMORY"",""error"":null}}","{""left"":{""valid"":true,""fresh"":true,""status"":""FRESH"",""joints_rad"":[2.85679994915902,0.6006683265761636,-1.518975755973933,1.339281892176353,-0.1787957173645039,0.6373239060594739],""received_at_ms"":1788495165558,""age_ms"":18,""source"":""jaka_port10000_actual_feedback"",""mapping"":""port10000_joint_actual_position_deg_to_rad"",""error"":null},""right"":{""valid"":true,""fresh"":true,""status"":""FRESH"",""joints_rad"":[0.2847392973556621,2.5727210843923127,1.5285054282227473,-1.3354728856168003,3.3056117153752127,2.524451036868681],""received_at_ms"":1788495165514,""age_ms"":62,""source"":""jaka_port10000_actual_feedback"",""mapping"":""port10000_joint_actual_position_deg_to_rad"",""error"":null}}","{""left"":{""values"":[-120.16989595300402,-10.271411003923276,3.082275390625,-6.386474609375,-0.0123291015625,0.64111328125],""received_at_ms"":1788495150177,""valid"":true,""status"":""STALE"",""error"":""Torque sample age 15399 ms exceeds 1500 ms"",""source"":""/left_jaka_driver/joint_torque_raw"",""age_ms"":15399,""fresh"":false},""right"":{""values"":[120.89955902978545,0.4490234318654984,-3.920654296875,8.359130859375,-0.2589111328125,0.2095947265625],""received_at_ms"":1788495149809,""valid"":true,""status"":""STALE"",""error"":""Torque sample age 15767 ms exceeds 1500 ms"",""source"":""/right_jaka_driver/joint_torque_raw"",""age_ms"":15767,""fresh"":false}}"
153,1788495165676,RUNNING,13.392,"{""left"":{""valid"":true,""status"":""VALID"",""sample_index"":558,""time_from_start_s"":13.392,""joints_rad"":[2.8539877382333936,0.6000172418249939,-1.5171789272910123,1.3372385290251612,-0.18080028322950648,0.6382432129421993],""source"":""LATEST SUCCESSFUL PHASE5 SERVO_J COMMAND \u2014 DRIVER MEMORY"",""error"":null},""right"":{""valid"":true,""status"":""VALID"",""sample_index"":558,""time_from_start_s"":13.392,""joints_rad"":[0.2882469676219834,2.573433764393378,1.5261921811505816,-1.3328247849783128,3.3078692446629305,2.5232035774935153],""source"":""LATEST SUCCESSFUL PHASE5 SERVO_J COMMAND \u2014 DRIVER MEMORY"",""error"":null}}","{""left"":{""valid"":true,""fresh"":true,""status"":""FRESH"",""joints_rad"":[2.855817154257222,0.6004646466524559,-1.5183165451154546,1.3385389055137786,-0.17947883923373448,0.6376714011135458],""received_at_ms"":1788495165671,""age_ms"":5,""source"":""jaka_port10000_actual_feedback"",""mapping"":""port10000_joint_actual_position_deg_to_rad"",""error"":null},""right"":{""valid"":true,""fresh"":true,""status"":""FRESH"",""joints_rad"":[0.2864650789200341,2.5730446684356325,1.527307085158328,-1.334154638432769,3.3067262826355357,2.5238159115538807],""received_at_ms"":1788495165634,""age_ms"":42,""source"":""jaka_port10000_actual_feedback"",""mapping"":""port10000_joint_actual_position_deg_to_rad"",""error"":null}}","{""left"":{""values"":[-120.16989595300402,-10.271411003923276,3.082275390625,-6.386474609375,-0.0123291015625,0.64111328125],""received_at_ms"":1788495150177,""valid"":true,""status"":""STALE"",""error"":""Torque sample age 15499 ms exceeds 1500 ms"",""source"":""/left_jaka_driver/joint_torque_raw"",""age_ms"":15499,""fresh"":false},""right"":{""values"":[120.89955902978545,0.4490234318654984,-3.920654296875,8.359130859375,-0.2589111328125,0.2095947265625],""received_at_ms"":1788495149809,""valid"":true,""status"":""STALE"",""error"":""Torque sample age 15867 ms exceeds 1500 ms"",""source"":""/right_jaka_driver/joint_torque_raw"",""age_ms"":15867,""fresh"":false}}"
154,1788495165777,RUNNING,13.488,"{""left"":{""valid"":true,""status"":""VALID"",""sample_index"":562,""time_from_start_s"":13.488,""joints_rad"":[2.852745801672146,0.5997679824847473,-1.5163556471936157,1.336309946316804,-0.18165203454564638,0.6386403667276817],""source"":""LATEST SUCCESSFUL PHASE5 SERVO_J COMMAND \u2014 DRIVER MEMORY"",""error"":null},""right"":{""valid"":true,""status"":""VALID"",""sample_index"":562,""time_from_start_s"":13.488,""joints_rad"":[0.28949276320161466,2.5736626553054234,1.5253607323406446,-1.3318626910534144,3.3086907599500788,2.522773571502548],""source"":""LATEST SUCCESSFUL PHASE5 SERVO_J COMMAND \u2014 DRIVER MEMORY"",""error"":null}}","{""left"":{""valid"":true,""fresh"":true,""status"":""FRESH"",""joints_rad"":[2.855817154257222,0.6004646466524559,-1.5183165451154546,1.3385389055137786,-0.17947883923373448,0.6376714011135458],""received_at_ms"":1788495165671,""age_ms"":106,""source"":""jaka_port10000_actual_feedback"",""mapping"":""port10000_joint_actual_position_deg_to_rad"",""error"":null},""right"":{""valid"":true,""fresh"":true,""status"":""FRESH"",""joints_rad"":[0.28741174550631576,2.57324834835934,1.5266478742998495,-1.3334355627809473,3.3074094045047664,2.523444505489056],""received_at_ms"":1788495165757,""age_ms"":20,""source"":""jaka_port10000_actual_feedback"",""mapping"":""port10000_joint_actual_position_deg_to_rad"",""error"":null}}","{""left"":{""values"":[-120.16989595300402,-10.271411003923276,3.082275390625,-6.386474609375,-0.0123291015625,0.64111328125],""received_at_ms"":1788495150177,""valid"":true,""status"":""STALE"",""error"":""Torque sample age 15600 ms exceeds 1500 ms"",""source"":""/left_jaka_driver/joint_torque_raw"",""age_ms"":15600,""fresh"":false},""right"":{""values"":[120.89955902978545,0.4490234318654984,-3.920654296875,8.359130859375,-0.2589111328125,0.2095947265625],""received_at_ms"":1788495149809,""valid"":true,""status"":""STALE"",""error"":""Torque sample age 15968 ms exceeds 1500 ms"",""source"":""/right_jaka_driver/joint_torque_raw"",""age_ms"":15968,""fresh"":false}}"
155,1788495165880,RUNNING,13.608,"{""left"":{""valid"":true,""status"":""VALID"",""sample_index"":567,""time_from_start_s"":13.608,""joints_rad"":[2.851262516933172,0.5994697193259462,-1.5153706210190991,1.3352011652387195,-0.18266975083064746,0.6391154643428539],""source"":""LATEST SUCCESSFUL PHASE5 SERVO_J COMMAND \u2014 DRIVER MEMORY"",""error"":null},""right"":{""valid"":true,""status"":""VALID"",""sample_index"":567,""time_from_start_s"":13.608,""joints_rad"":[0.29098064890085257,2.5739365658914215,1.5243659615890126,-1.3307138926597943,3.3096724027518283,2.52225922363862],""source"":""LATEST SUCCESSFUL PHASE5 SERVO_J COMMAND \u2014 DRIVER MEMORY"",""error"":null}}","{""left"":{""valid"":true,""fresh"":true,""status"":""FRESH"",""joints_rad"":[2.8528331648350873,0.5998653005873211,-1.5163272188340315,1.336261774438702,-0.18174375300404752,0.6386541960153439],""received_at_ms"":1788495165856,""age_ms"":24,""source"":""jaka_port10000_actual_feedback"",""mapping"":""port10000_joint_actual_position_deg_to_rad"",""error"":null},""right"":{""valid"":true,""fresh"":true,""status"":""FRESH"",""joints_rad"":[0.28893384714698006,2.573535978620069,1.5255813035939558,-1.332153269379507,3.308440021428069,2.5229771063153716],""received_at_ms"":1788495165827,""age_ms"":53,""source"":""jaka_port10000_actual_feedback"",""mapping"":""port10000_joint_actual_position_deg_to_rad"",""error"":null}}","{""left"":{""values"":[-120.16989595300402,-10.271411003923276,3.082275390625,-6.386474609375,-0.0123291015625,0.64111328125],""received_at_ms"":1788495150177,""valid"":true,""status"":""STALE"",""error"":""Torque sample age 15703 ms exceeds 1500 ms"",""source"":""/left_jaka_driver/joint_torque_raw"",""age_ms"":15703,""fresh"":false},""right"":{""values"":[120.89955902978545,0.4490234318654984,-3.920654296875,8.359130859375,-0.2589111328125,0.2095947265625],""received_at_ms"":1788495149809,""valid"":true,""status"":""STALE"",""error"":""Torque sample age 16071 ms exceeds 1500 ms"",""source"":""/right_jaka_driver/joint_torque_raw"",""age_ms"":16071,""fresh"":false}}"
156,1788495165979,RUNNING,13.704,"{""left"":{""valid"":true,""status"":""VALID"",""sample_index"":571,""time_from_start_s"":13.704,""joints_rad"":[2.850132788511788,0.5992421351654211,-1.5146190950920286,1.3343568608396692,-0.18344520869403966,0.6394778790947551],""source"":""LATEST SUCCESSFUL PHASE5 SERVO_J COMMAND \u2014 DRIVER MEMORY"",""error"":null},""right"":{""valid"":true,""status"":""VALID"",""sample_index"":571,""time_from_start_s"":13.704,""joints_rad"":[0.29211387573129044,2.5741455831412234,1.5236070223379898,-1.329839114043577,3.3104204138210087,2.5218669042294004],""source"":""LATEST SUCCESSFUL PHASE5 SERVO_J COMMAND \u2014 DRIVER MEMORY"",""error"":null}}","{""left"":{""valid"":true,""fresh"":true,""status"":""FRESH"",""joints_rad"":[2.8520182706073314,0.5996855316743657,-1.515764001084413,1.335662602906492,-0.18228305974291378,0.6389058724934815],""received_at_ms"":1788495165929,""age_ms"":50,""source"":""jaka_port10000_actual_feedback"",""mapping"":""port10000_joint_actual_position_deg_to_rad"",""error"":null},""right"":{""valid"":true,""fresh"":true,""status"":""FRESH"",""joints_rad"":[0.2898445599506707,2.5737157475330243,1.5249580465180688,-1.331446236499524,3.3090512357321176,2.522653522272052],""received_at_ms"":1788495165896,""age_ms"":83,""source"":""jaka_port10000_actual_feedback"",""mapping"":""port10000_joint_actual_position_deg_to_rad"",""error"":null}}","{""left"":{""values"":[-120.16989595300402,-10.271411003923276,3.082275390625,-6.386474609375,-0.0123291015625,0.64111328125],""received_at_ms"":1788495150177,""valid"":true,""status"":""STALE"",""error"":""Torque sample age 15802 ms exceeds 1500 ms"",""source"":""/left_jaka_driver/joint_torque_raw"",""age_ms"":15802,""fresh"":false},""right"":{""values"":[120.89955902978545,0.4490234318654984,-3.920654296875,8.359130859375,-0.2589111328125,0.2095947265625],""received_at_ms"":1788495149809,""valid"":true,""status"":""STALE"",""error"":""Torque sample age 16170 ms exceeds 1500 ms"",""source"":""/right_jaka_driver/joint_torque_raw"",""age_ms"":16170,""fresh"":false}}"
157,1788495166087,RUNNING,13.8,"{""left"":{""valid"":true,""status"":""VALID"",""sample_index"":575,""time_from_start_s"":13.8,""joints_rad"":[2.8490548852176696,0.5990246530345642,-1.5139009930816167,1.3335514402726463,-0.18418535756431806,0.6398241258388422],""source"":""LATEST SUCCESSFUL PHASE5 SERVO_J COMMAND \u2014 DRIVER MEMORY"",""error"":null},""right"":{""valid"":true,""status"":""VALID"",""sample_index"":575,""time_from_start_s"":13.8,""joints_rad"":[0.2931951121780186,2.5743453346129668,1.522881854048981,-1.329004620938118,3.3111343979528693,2.5214921164631416],""source"":""LATEST SUCCESSFUL PHASE5 SERVO_J COMMAND \u2014 DRIVER MEMORY"",""error"":null}}","{""left"":{""valid"":true,""fresh"":true,""status"":""FRESH"",""joints_rad"":[2.8508796178033298,0.5994458979680668,-1.5149969288781615,1.3347637583417151,-0.18308608573175636,0.6392533675475535],""received_at_ms"":1788495166035,""age_ms"":52,""source"":""jaka_port10000_actual_feedback"",""mapping"":""port10000_joint_actual_position_deg_to_rad"",""error"":null},""right"":{""valid"":true,""fresh"":true,""status"":""FRESH"",""joints_rad"":[0.29101899200433773,2.5739314702285707,1.5241551950621512,-1.3305353491629084,3.3098900409706262,2.5222819416743025],""received_at_ms"":1788495166011,""age_ms"":76,""source"":""jaka_port10000_actual_feedback"",""mapping"":""port10000_joint_actual_position_deg_to_rad"",""error"":null}}","{""left"":{""values"":[-120.16989595300402,-10.271411003923276,3.082275390625,-6.386474609375,-0.0123291015625,0.64111328125],""received_at_ms"":1788495150177,""valid"":true,""status"":""STALE"",""error"":""Torque sample age 15910 ms exceeds 1500 ms"",""source"":""/left_jaka_driver/joint_torque_raw"",""age_ms"":15910,""fresh"":false},""right"":{""values"":[120.89955902978545,0.4490234318654984,-3.920654296875,8.359130859375,-0.2589111328125,0.2095947265625],""received_at_ms"":1788495149809,""valid"":true,""status"":""STALE"",""error"":""Torque sample age 16278 ms exceeds 1500 ms"",""source"":""/right_jaka_driver/joint_torque_raw"",""age_ms"":16278,""fresh"":false}}"
158,1788495166178,RUNNING,13.896,"{""left"":{""valid"":true,""status"":""VALID"",""sample_index"":579,""time_from_start_s"":13.896,""joints_rad"":[2.848029796573762,0.598817516503932,-1.5132171108412134,1.3327856229355808,-0.18488948342847028,0.6401538272502416],""source"":""LATEST SUCCESSFUL PHASE5 SERVO_J COMMAND \u2014 DRIVER MEMORY"",""error"":null},""right"":{""valid"":true,""status"":""VALID"",""sample_index"":579,""time_from_start_s"":13.896,""joints_rad"":[0.2942233662834548,2.5745355950349285,1.5221912581711703,-1.3282111589441448,3.311813662163788,2.521135264955056],""source"":""LATEST SUCCESSFUL PHASE5 SERVO_J COMMAND \u2014 DRIVER MEMORY"",""error"":null}}","{""left"":{""valid"":true,""fresh"":true,""status"":""FRESH"",""joints_rad"":[2.8498610436518663,0.5992422180443591,-1.5143618035633608,1.3340087289073024,-0.18367321449212726,0.6395769515908732],""received_at_ms"":1788495166145,""age_ms"":33,""source"":""jaka_port10000_actual_feedback"",""mapping"":""port10000_joint_actual_position_deg_to_rad"",""error"":null},""right"":{""valid"":true,""fresh"":true,""status"":""FRESH"",""joints_rad"":[0.29207369447131787,2.5741471929241175,1.523460030421082,-1.3297803197284956,3.310549251829104,2.521874581826887],""received_at_ms"":1788495166125,""age_ms"":53,""source"":""jaka_port10000_actual_feedback"",""mapping"":""port10000_joint_actual_position_deg_to_rad"",""error"":null}}","{""left"":{""values"":[-120.16989595300402,-10.271411003923276,3.082275390625,-6.386474609375,-0.0123291015625,0.64111328125],""received_at_ms"":1788495150177,""valid"":true,""status"":""STALE"",""error"":""Torque sample age 16001 ms exceeds 1500 ms"",""source"":""/left_jaka_driver/joint_torque_raw"",""age_ms"":16001,""fresh"":false},""right"":{""values"":[120.89955902978545,0.4490234318654984,-3.920654296875,8.359130859375,-0.2589111328125,0.2095947265625],""received_at_ms"":1788495149809,""valid"":true,""status"":""STALE"",""error"":""Torque sample age 16369 ms exceeds 1500 ms"",""source"":""/right_jaka_driver/joint_torque_raw"",""age_ms"":16369,""fresh"":false}}"
159,1788495166278,RUNNING,13.992,"{""left"":{""valid"":true,""status"":""VALID"",""sample_index"":583,""time_from_start_s"":13.992,""joints_rad"":[2.8470583506004297,0.5986209351698001,-1.5125681322994262,1.3320600082246783,-0.18555698430707396,0.6404666597751912],""source"":""LATEST SUCCESSFUL PHASE5 SERVO_J COMMAND \u2014 DRIVER MEMORY"",""error"":null},""right"":{""valid"":true,""status"":""VALID"",""sample_index"":583,""time_from_start_s"":13.992,""joints_rad"":[0.2951978080710976,2.5747161703869934,1.5215359231956431,-1.3274593493210387,3.312457621679562,2.5207966962337984],""source"":""LATEST SUCCESSFUL PHASE5 SERVO_J COMMAND \u2014 DRIVER MEMORY"",""error"":null}}","{""left"":{""valid"":true,""fresh"":true,""status"":""FRESH"",""joints_rad"":[2.848614704033017,0.5989905415662214,-1.5135109555530133,1.3331100588754503,-0.184548148046152,0.6399364894167842],""received_at_ms"":1788495166215,""age_ms"":63,""source"":""jaka_port10000_actual_feedback"",""mapping"":""port10000_joint_actual_position_deg_to_rad"",""error"":null},""right"":{""valid"":true,""fresh"":true,""status"":""FRESH"",""joints_rad"":[0.2942188786549441,2.574518773521867,1.5221417832370507,-1.3282943464033476,3.3117835486761145,2.52120332819657],""received_at_ms"":1788495166264,""age_ms"":14,""source"":""jaka_port10000_actual_feedback"",""mapping"":""port10000_joint_actual_position_deg_to_rad"",""error"":null}}","{""left"":{""values"":[-120.16989595300402,-10.271411003923276,3.082275390625,-6.386474609375,-0.0123291015625,0.64111328125],""received_at_ms"":1788495150177,""valid"":true,""status"":""STALE"",""error"":""Torque sample age 16101 ms exceeds 1500 ms"",""source"":""/left_jaka_driver/joint_torque_raw"",""age_ms"":16101,""fresh"":false},""right"":{""values"":[120.89955902978545,0.4490234318654984,-3.920654296875,8.359130859375,-0.2589111328125,0.2095947265625],""received_at_ms"":1788495149809,""valid"":true,""status"":""STALE"",""error"":""Torque sample age 16469 ms exceeds 1500 ms"",""source"":""/right_jaka_driver/joint_torque_raw"",""age_ms"":16469,""fresh"":false}}"
160,1788495166380,RUNNING,14.088000000000001,"{""left"":{""valid"":true,""status"":""VALID"",""sample_index"":587,""time_from_start_s"":14.088000000000001,""joints_rad"":[2.8461412055664255,0.5984350828678496,-1.5119546235863592,1.3313750694215492,-0.18618737600971702,0.640762356444616],""source"":""LATEST SUCCESSFUL PHASE5 SERVO_J COMMAND \u2014 DRIVER MEMORY"",""error"":null},""right"":{""valid"":true,""status"":""VALID"",""sample_index"":587,""time_from_start_s"":14.088000000000001,""joints_rad"":[0.29611777781844806,2.5748868995458944,1.5209164187303212,-1.326749682652726,3.31306580549873,2.520476695706954],""source"":""LATEST SUCCESSFUL PHASE5 SERVO_J COMMAND \u2014 DRIVER MEMORY"",""error"":null}}","{""left"":{""valid"":true,""fresh"":true,""status"":""FRESH"",""joints_rad"":[2.8478956283811954,0.5988706374466095,-1.5130554246182428,1.3326426597017662,-0.18500350444799732,0.6401401693404918],""received_at_ms"":1788495166289,""age_ms"":91,""source"":""jaka_port10000_actual_feedback"",""mapping"":""port10000_joint_actual_position_deg_to_rad"",""error"":null},""right"":{""valid"":true,""fresh"":true,""status"":""FRESH"",""joints_rad"":[0.29487791498049715,2.5746385031085537,1.5217223806177964,-1.3277550396644813,3.312250947849799,2.5209636944902716],""received_at_ms"":1788495166374,""age_ms"":6,""source"":""jaka_port10000_actual_feedback"",""mapping"":""port10000_joint_actual_position_deg_to_rad"",""error"":null}}","{""left"":{""values"":[-120.16989595300402,-10.271411003923276,3.082275390625,-6.386474609375,-0.0123291015625,0.64111328125],""received_at_ms"":1788495150177,""valid"":true,""status"":""STALE"",""error"":""Torque sample age 16203 ms exceeds 1500 ms"",""source"":""/left_jaka_driver/joint_torque_raw"",""age_ms"":16203,""fresh"":false},""right"":{""values"":[120.89955902978545,0.4490234318654984,-3.920654296875,8.359130859375,-0.2589111328125,0.2095947265625],""received_at_ms"":1788495149809,""valid"":true,""status"":""STALE"",""error"":""Torque sample age 16571 ms exceeds 1500 ms"",""source"":""/right_jaka_driver/joint_torque_raw"",""age_ms"":16571,""fresh"":false}}"
161,1788495166480,RUNNING,14.208,"{""left"":{""valid"":true,""status"":""VALID"",""sample_index"":592,""time_from_start_s"":14.208,""joints_rad"":[2.8450718490123923,0.5982180590997475,-1.5112382789477068,1.3305766029028703,-0.1869226436667788,0.6411075696467061],""source"":""LATEST SUCCESSFUL PHASE5 SERVO_J COMMAND \u2014 DRIVER MEMORY"",""error"":null},""right"":{""valid"":true,""status"":""VALID"",""sample_index"":592,""time_from_start_s"":14.208,""joints_rad"":[0.2971904232925546,2.5750862753689456,1.5201930900650509,-1.3259223879379716,3.313775201771901,2.5201031372812253],""source"":""LATEST SUCCESSFUL PHASE5 SERVO_J COMMAND \u2014 DRIVER MEMORY"",""error"":null}}","{""left"":{""valid"":true,""fresh"":true,""status"":""FRESH"",""joints_rad"":[2.846924876251236,0.598654914751063,-1.5124084310645285,1.3319354522888582,-0.18568662631722793,0.6404637533838116],""received_at_ms"":1788495166400,""age_ms"":80,""source"":""jaka_port10000_actual_feedback"",""mapping"":""port10000_joint_actual_position_deg_to_rad"",""error"":null},""right"":{""valid"":true,""fresh"":true,""status"":""FRESH"",""joints_rad"":[0.2959924822408207,2.5748662685759385,1.5210033049659748,-1.326880280643382,3.312993934512373,2.5205921138925214],""received_at_ms"":1788495166446,""age_ms"":34,""source"":""jaka_port10000_actual_feedback"",""mapping"":""port10000_joint_actual_position_deg_to_rad"",""error"":null}}","{""left"":{""values"":[-120.16989595300402,-10.271411003923276,3.082275390625,-6.386474609375,-0.0123291015625,0.64111328125],""received_at_ms"":1788495150177,""valid"":true,""status"":""STALE"",""error"":""Torque sample age 16303 ms exceeds 1500 ms"",""source"":""/left_jaka_driver/joint_torque_raw"",""age_ms"":16303,""fresh"":false},""right"":{""values"":[120.89955902978545,0.4490234318654984,-3.920654296875,8.359130859375,-0.2589111328125,0.2095947265625],""received_at_ms"":1788495149809,""valid"":true,""status"":""STALE"",""error"":""Torque sample age 16671 ms exceeds 1500 ms"",""source"":""/right_jaka_driver/joint_torque_raw"",""age_ms"":16671,""fresh"":false}}"
162,1788495166581,RUNNING,14.304,"{""left"":{""valid"":true,""status"":""VALID"",""sample_index"":596,""time_from_start_s"":14.304,""joints_rad"":[2.844278352547026,0.5980567853342328,-1.5107059971711698,1.3299842205365624,-0.18746841863988403,0.6413640467541378],""source"":""LATEST SUCCESSFUL PHASE5 SERVO_J COMMAND \u2014 DRIVER MEMORY"",""error"":null},""right"":{""valid"":true,""status"":""VALID"",""sample_index"":596,""time_from_start_s"":14.304,""joints_rad"":[0.29798635694352493,2.5752344430665848,1.5196556308184102,-1.3253086166959616,3.3143017953032112,2.519825621495576],""source"":""LATEST SUCCESSFUL PHASE5 SERVO_J COMMAND \u2014 DRIVER MEMORY"",""error"":null}}","{""left"":{""valid"":true,""fresh"":true,""status"":""FRESH"",""joints_rad"":[2.846074028240889,0.5984871886099464,-1.511880992564576,1.3313483235284875,-0.18626188683868525,0.6407393408727016],""received_at_ms"":1788495166521,""age_ms"":60,""source"":""jaka_port10000_actual_feedback"",""mapping"":""port10000_joint_actual_position_deg_to_rad"",""error"":null},""right"":{""valid"":true,""fresh"":true,""status"":""FRESH"",""joints_rad"":[0.29686741579484555,2.575010083706303,1.5203920906619264,-1.3261971587741512,3.3135812378056686,2.5203285691754704],""received_at_ms"":1788495166539,""age_ms"":42,""source"":""jaka_port10000_actual_feedback"",""mapping"":""port10000_joint_actual_position_deg_to_rad"",""error"":null}}","{""left"":{""values"":[-120.16989595300402,-10.271411003923276,3.082275390625,-6.386474609375,-0.0123291015625,0.64111328125],""received_at_ms"":1788495150177,""valid"":true,""status"":""STALE"",""error"":""Torque sample age 16404 ms exceeds 1500 ms"",""source"":""/left_jaka_driver/joint_torque_raw"",""age_ms"":16404,""fresh"":false},""right"":{""values"":[120.89955902978545,0.4490234318654984,-3.920654296875,8.359130859375,-0.2589111328125,0.2095947265625],""received_at_ms"":1788495149809,""valid"":true,""status"":""STALE"",""error"":""Torque sample age 16772 ms exceeds 1500 ms"",""source"":""/right_jaka_driver/joint_torque_raw"",""age_ms"":16772,""fresh"":false}}"
163,1788495166681,RUNNING,14.4,"{""left"":{""valid"":true,""status"":""VALID"",""sample_index"":600,""time_from_start_s"":14.4,""joints_rad"":[2.843540024350153,0.5979065370059671,-1.5102101406103312,1.32943310738458,-0.1879763938581922,0.6416029451492118],""source"":""LATEST SUCCESSFUL PHASE5 SERVO_J COMMAND \u2014 DRIVER MEMORY"",""error"":null},""right"":{""valid"":true,""status"":""VALID"",""sample_index"":600,""time_from_start_s"":14.4,""joints_rad"":[0.2987269502588048,2.5753724879985778,1.5191549606608996,-1.3247376037754695,3.314791935364121,2.519567142686631],""source"":""LATEST SUCCESSFUL PHASE5 SERVO_J COMMAND \u2014 DRIVER MEMORY"",""error"":null}}","{""left"":{""valid"":true,""fresh"":true,""status"":""FRESH"",""joints_rad"":[2.844468150796129,0.5981276507840355,-1.5107306460545866,1.3300539873552084,-0.1874124078815999,0.6412547366008154],""received_at_ms"":1788495166662,""age_ms"":19,""source"":""jaka_port10000_actual_feedback"",""mapping"":""port10000_joint_actual_position_deg_to_rad"",""error"":null},""right"":{""valid"":true,""fresh"":true,""status"":""FRESH"",""joints_rad"":[0.2975025411096462,2.5751299878259153,1.519984730814511,-1.325657852035285,3.3140006404249234,2.5201367574906763],""received_at_ms"":1788495166633,""age_ms"":48,""source"":""jaka_port10000_actual_feedback"",""mapping"":""port10000_joint_actual_position_deg_to_rad"",""error"":null}}","{""left"":{""values"":[-120.16989595300402,-10.271411003923276,3.082275390625,-6.386474609375,-0.0123291015625,0.64111328125],""received_at_ms"":1788495150177,""valid"":true,""status"":""STALE"",""error"":""Torque sample age 16504 ms exceeds 1500 ms"",""source"":""/left_jaka_driver/joint_torque_raw"",""age_ms"":16504,""fresh"":false},""right"":{""values"":[120.89955902978545,0.4490234318654984,-3.920654296875,8.359130859375,-0.2589111328125,0.2095947265625],""received_at_ms"":1788495149809,""valid"":true,""status"":""STALE"",""error"":""Torque sample age 16872 ms exceeds 1500 ms"",""source"":""/right_jaka_driver/joint_torque_raw"",""age_ms"":16872,""fresh"":false}}"
164,1788495166781,RUNNING,14.496,"{""left"":{""valid"":true,""status"":""VALID"",""sample_index"":604,""time_from_start_s"":14.496,""joints_rad"":[2.842856709217973,0.5977673160395314,-1.5097507092224784,1.328923132544803,-0.18844664994349297,0.6418242697366986],""source"":""LATEST SUCCESSFUL PHASE5 SERVO_J COMMAND \u2014 DRIVER MEMORY"",""error"":null},""right"":{""valid"":true,""status"":""VALID"",""sample_index"":604,""time_from_start_s"":14.496,""joints_rad"":[0.29941235939019273,2.57550040720798,1.5186910778454827,-1.3242092137248094,3.315245696553125,2.519327692643614],""source"":""LATEST SUCCESSFUL PHASE5 SERVO_J COMMAND \u2014 DRIVER MEMORY"",""error"":null}}","{""left"":{""valid"":true,""fresh"":true,""status"":""FRESH"",""joints_rad"":[2.843485355894331,0.5979358390992413,-1.5101433427612905,1.3293829082578166,-0.18808348697899172,0.641590363415974],""received_at_ms"":1788495166779,""age_ms"":2,""source"":""jaka_port10000_actual_feedback"",""mapping"":""port10000_joint_actual_position_deg_to_rad"",""error"":null},""right"":{""valid"":true,""fresh"":true,""status"":""FRESH"",""joints_rad"":[0.2982814815548113,2.5752856711951932,1.519433381303806,-1.3250466377312367,3.3145280789248757,2.5198252162191954],""received_at_ms"":1788495166745,""age_ms"":36,""source"":""jaka_port10000_actual_feedback"",""mapping"":""port10000_joint_actual_position_deg_to_rad"",""error"":null}}","{""left"":{""values"":[-120.16989595300402,-10.271411003923276,3.082275390625,-6.386474609375,-0.0123291015625,0.64111328125],""received_at_ms"":1788495150177,""valid"":true,""status"":""STALE"",""error"":""Torque sample age 16604 ms exceeds 1500 ms"",""source"":""/left_jaka_driver/joint_torque_raw"",""age_ms"":16604,""fresh"":false},""right"":{""values"":[120.89955902978545,0.4490234318654984,-3.920654296875,8.359130859375,-0.2589111328125,0.2095947265625],""received_at_ms"":1788495149809,""valid"":true,""status"":""STALE"",""error"":""Torque sample age 16972 ms exceeds 1500 ms"",""source"":""/right_jaka_driver/joint_torque_raw"",""age_ms"":16972,""fresh"":false}}"
165,1788495166881,RUNNING,14.592,"{""left"":{""valid"":true,""status"":""VALID"",""sample_index"":608,""time_from_start_s"":14.592,""joints_rad"":[2.8422280388876815,0.5976390792207603,-1.5093275543291382,1.3284540069079525,-0.1888794155225431,0.6420280967773158],""source"":""LATEST SUCCESSFUL PHASE5 SERVO_J COMMAND \u2014 DRIVER MEMORY"",""error"":null},""right"":{""valid"":true,""status"":""VALID"",""sample_index"":608,""time_from_start_s"":14.592,""joints_rad"":[0.3000429541763296,2.575618239272208,1.5182638306353642,-1.3237231471627555,3.3156632964489012,2.519107186103477],""source"":""LATEST SUCCESSFUL PHASE5 SERVO_J COMMAND \u2014 DRIVER MEMORY"",""error"":null}}","{""left"":{""valid"":true,""fresh"":true,""status"":""FRESH"",""joints_rad"":[2.843485355894331,0.5979358390992413,-1.5101433427612905,1.3293829082578166,-0.18808348697899172,0.641590363415974],""received_at_ms"":1788495166779,""age_ms"":102,""source"":""jaka_port10000_actual_feedback"",""mapping"":""port10000_joint_actual_position_deg_to_rad"",""error"":null},""right"":{""valid"":true,""fresh"":true,""status"":""FRESH"",""joints_rad"":[0.299551906717338,2.5755373476733308,1.5185945760652975,-1.3241118393838684,3.3153309303807927,2.5193457742736727],""received_at_ms"":1788495166881,""age_ms"":0,""source"":""jaka_port10000_actual_feedback"",""mapping"":""port10000_joint_actual_position_deg_to_rad"",""error"":null}}","{""left"":{""values"":[-120.16989595300402,-10.271411003923276,3.082275390625,-6.386474609375,-0.0123291015625,0.64111328125],""received_at_ms"":1788495150177,""valid"":true,""status"":""STALE"",""error"":""Torque sample age 16704 ms exceeds 1500 ms"",""source"":""/left_jaka_driver/joint_torque_raw"",""age_ms"":16704,""fresh"":false},""right"":{""values"":[120.89955902978545,0.4490234318654984,-3.920654296875,8.359130859375,-0.2589111328125,0.2095947265625],""received_at_ms"":1788495149809,""valid"":true,""status"":""STALE"",""error"":""Torque sample age 17072 ms exceeds 1500 ms"",""source"":""/right_jaka_driver/joint_torque_raw"",""age_ms"":17072,""fresh"":false}}"
166,1788495166981,RUNNING,14.688,"{""left"":{""valid"":true,""status"":""VALID"",""sample_index"":612,""time_from_start_s"":14.688,""joints_rad"":[2.841653423788443,0.5975217364104279,-1.5089403727423125,1.3280252770447165,-0.18927507298248672,0.6422145767013026],""source"":""LATEST SUCCESSFUL PHASE5 SERVO_J COMMAND \u2014 DRIVER MEMORY"",""error"":null},""right"":{""valid"":true,""status"":""VALID"",""sample_index"":612,""time_from_start_s"":14.688,""joints_rad"":[0.3006193264156216,2.5757260659482806,1.5178729113789255,-1.323278934444435,3.3160451011736263,2.518905457716379],""source"":""LATEST SUCCESSFUL PHASE5 SERVO_J COMMAND \u2014 DRIVER MEMORY"",""error"":null}}","{""left"":{""valid"":true,""fresh"":true,""status"":""FRESH"",""joints_rad"":[2.842934180916551,0.5978040667407157,-1.5097958477072184,1.3289874166493145,-0.1884309820330638,0.6417580895570906],""received_at_ms"":1788495166892,""age_ms"":89,""source"":""jaka_port10000_actual_feedback"",""mapping"":""port10000_joint_actual_position_deg_to_rad"",""error"":null},""right"":{""valid"":true,""fresh"":true,""status"":""FRESH"",""joints_rad"":[0.299551906717338,2.5755373476733308,1.5185945760652975,-1.3241118393838684,3.3153309303807927,2.5193457742736727],""received_at_ms"":1788495166881,""age_ms"":100,""source"":""jaka_port10000_actual_feedback"",""mapping"":""port10000_joint_actual_position_deg_to_rad"",""error"":null}}","{""left"":{""values"":[-120.16989595300402,-10.271411003923276,3.082275390625,-6.386474609375,-0.0123291015625,0.64111328125],""received_at_ms"":1788495150177,""valid"":true,""status"":""STALE"",""error"":""Torque sample age 16804 ms exceeds 1500 ms"",""source"":""/left_jaka_driver/joint_torque_raw"",""age_ms"":16804,""fresh"":false},""right"":{""values"":[120.89955902978545,0.4490234318654984,-3.920654296875,8.359130859375,-0.2589111328125,0.2095947265625],""received_at_ms"":1788495149809,""valid"":true,""status"":""STALE"",""error"":""Torque sample age 17172 ms exceeds 1500 ms"",""source"":""/right_jaka_driver/joint_torque_raw"",""age_ms"":17172,""fresh"":false}}"
167,1788495167092,RUNNING,14.808,"{""left"":{""valid"":true,""status"":""VALID"",""sample_index"":617,""time_from_start_s"":14.808,""joints_rad"":[2.841009899668054,0.5973901612840499,-1.508506261252936,1.3275452041347613,-0.18971830272427465,0.6424236362311677],""source"":""LATEST SUCCESSFUL PHASE5 SERVO_J COMMAND \u2014 DRIVER MEMORY"",""error"":null},""right"":{""valid"":true,""status"":""VALID"",""sample_index"":617,""time_from_start_s"":14.808,""joints_rad"":[0.30126481616234857,2.575846976456978,1.51743461736318,-1.3227815236766522,3.31647282778012,2.5186793173199864],""source"":""LATEST SUCCESSFUL PHASE5 SERVO_J COMMAND \u2014 DRIVER MEMORY"",""error"":null}}","{""left"":{""valid"":true,""fresh"":true,""status"":""FRESH"",""joints_rad"":[2.841555894406251,0.5974925254692348,-1.5088849603706027,1.327956799726012,-0.18930591558708856,0.6422493997415271],""received_at_ms"":1788495167081,""age_ms"":11,""source"":""jaka_port10000_actual_feedback"",""mapping"":""port10000_joint_actual_position_deg_to_rad"",""error"":null},""right"":{""valid"":true,""fresh"":true,""status"":""FRESH"",""joints_rad"":[0.3001870320321387,2.5756452090211037,1.5181990844567956,-1.323632571971271,3.3157503330000475,2.5191061405673736],""received_at_ms"":1788495166999,""age_ms"":93,""source"":""jaka_port10000_actual_feedback"",""mapping"":""port10000_joint_actual_position_deg_to_rad"",""error"":null}}","{""left"":{""values"":[-120.16989595300402,-10.271411003923276,3.082275390625,-6.386474609375,-0.0123291015625,0.64111328125],""received_at_ms"":1788495150177,""valid"":true,""status"":""STALE"",""error"":""Torque sample age 16915 ms exceeds 1500 ms"",""source"":""/left_jaka_driver/joint_torque_raw"",""age_ms"":16915,""fresh"":false},""right"":{""values"":[120.89955902978545,0.4490234318654984,-3.920654296875,8.359130859375,-0.2589111328125,0.2095947265625],""received_at_ms"":1788495149809,""valid"":true,""status"":""STALE"",""error"":""Torque sample age 17283 ms exceeds 1500 ms"",""source"":""/right_jaka_driver/joint_torque_raw"",""age_ms"":17283,""fresh"":false}}"
168,1788495167182,RUNNING,14.904,"{""left"":{""valid"":true,""status"":""VALID"",""sample_index"":621,""time_from_start_s"":14.904,""joints_rad"":[2.8405535508341764,0.5972967452200374,-1.5081980708317575,1.327204814227475,-0.19003270057728383,0.6425720384558665],""source"":""LATEST SUCCESSFUL PHASE5 SERVO_J COMMAND \u2014 DRIVER MEMORY"",""error"":null},""right"":{""valid"":true,""status"":""VALID"",""sample_index"":621,""time_from_start_s"":14.904,""joints_rad"":[0.30172255735851855,2.575932824775556,1.5171234632806183,-1.322428839993719,3.316776239234456,2.518518799762671],""source"":""LATEST SUCCESSFUL PHASE5 SERVO_J COMMAND \u2014 DRIVER MEMORY"",""error"":null}}","{""left"":{""valid"":true,""fresh"":true,""status"":""FRESH"",""joints_rad"":[2.8411125807762447,0.5974206179040527,-1.508561376327283,1.327645258454531,-0.18955759206522613,0.642333350078548],""received_at_ms"":1788495167157,""age_ms"":25,""source"":""jaka_port10000_actual_feedback"",""mapping"":""port10000_joint_actual_position_deg_to_rad"",""error"":null},""right"":{""valid"":true,""fresh"":true,""status"":""FRESH"",""joints_rad"":[0.30072633877100496,2.5757410275970387,1.517863457641637,-1.3232609913735212,3.316062048804454,2.518902460643666],""received_at_ms"":1788495167114,""age_ms"":68,""source"":""jaka_port10000_actual_feedback"",""mapping"":""port10000_joint_actual_position_deg_to_rad"",""error"":null}}","{""left"":{""values"":[-120.16989595300402,-10.271411003923276,3.082275390625,-6.386474609375,-0.0123291015625,0.64111328125],""received_at_ms"":1788495150177,""valid"":true,""status"":""STALE"",""error"":""Torque sample age 17005 ms exceeds 1500 ms"",""source"":""/left_jaka_driver/joint_torque_raw"",""age_ms"":17005,""fresh"":false},""right"":{""values"":[120.89955902978545,0.4490234318654984,-3.920654296875,8.359130859375,-0.2589111328125,0.2095947265625],""received_at_ms"":1788495149809,""valid"":true,""status"":""STALE"",""error"":""Torque sample age 17373 ms exceeds 1500 ms"",""source"":""/right_jaka_driver/joint_torque_raw"",""age_ms"":17373,""fresh"":false}}"
169,1788495167283,RUNNING,15.0,"{""left"":{""valid"":true,""status"":""VALID"",""sample_index"":625,""time_from_start_s"":15.0,""joints_rad"":[2.8401477130203094,0.597213584546495,-1.5079237302847588,1.326902137733579,-0.19031236453673017,0.64270412870014],""source"":""LATEST SUCCESSFUL PHASE5 SERVO_J COMMAND \u2014 DRIVER MEMORY"",""error"":null},""right"":{""valid"":true,""status"":""VALID"",""sample_index"":625,""time_from_start_s"":15.0,""joints_rad"":[0.30212963224830935,2.5760092515096957,1.5168464888872526,-1.3221152313716755,3.317046138531328,2.51837593319707],""source"":""LATEST SUCCESSFUL PHASE5 SERVO_J COMMAND \u2014 DRIVER MEMORY"",""error"":null}}","{""left"":{""valid"":true,""fresh"":true,""status"":""FRESH"",""joints_rad"":[2.8406092278199693,0.5974206179040527,-1.508273746066554,1.3273096316393724,-0.18983317955411605,0.6425131189915033],""received_at_ms"":1788495167266,""age_ms"":17,""source"":""jaka_port10000_actual_feedback"",""mapping"":""port10000_joint_actual_position_deg_to_rad"",""error"":null},""right"":{""valid"":true,""fresh"":true,""status"":""FRESH"",""joints_rad"":[0.3017569556943076,2.575837020705898,1.517156424761654,-1.3224579653846786,3.3166851313474157,2.5185547910566686],""received_at_ms"":1788495167275,""age_ms"":8,""source"":""jaka_port10000_actual_feedback"",""mapping"":""port10000_joint_actual_position_deg_to_rad"",""error"":null}}","{""left"":{""values"":[-120.16989595300402,-10.271411003923276,3.082275390625,-6.386474609375,-0.0123291015625,0.64111328125],""received_at_ms"":1788495150177,""valid"":true,""status"":""STALE"",""error"":""Torque sample age 17106 ms exceeds 1500 ms"",""source"":""/left_jaka_driver/joint_torque_raw"",""age_ms"":17106,""fresh"":false},""right"":{""values"":[120.89955902978545,0.4490234318654984,-3.920654296875,8.359130859375,-0.2589111328125,0.2095947265625],""received_at_ms"":1788495149809,""valid"":true,""status"":""STALE"",""error"":""Torque sample age 17474 ms exceeds 1500 ms"",""source"":""/right_jaka_driver/joint_torque_raw"",""age_ms"":17474,""fresh"":false}}"
170,1788495167383,RUNNING,15.096,"{""left"":{""valid"":true,""status"":""VALID"",""sample_index"":629,""time_from_start_s"":15.096,""joints_rad"":[2.8397907640682694,0.5971403697641189,-1.5076822142292927,1.3266359546669335,-0.1905583946803121,0.642820404003621],""source"":""LATEST SUCCESSFUL PHASE5 SERVO_J COMMAND \u2014 DRIVER MEMORY"",""error"":null},""right"":{""valid"":true,""status"":""VALID"",""sample_index"":629,""time_from_start_s"":15.096,""joints_rad"":[0.3024876682539146,2.5760765402844465,1.5166026577919505,-1.32183943388021,3.317283585168598,2.5182501780506836],""source"":""LATEST SUCCESSFUL PHASE5 SERVO_J COMMAND \u2014 DRIVER MEMORY"",""error"":null}}","{""left"":{""valid"":true,""fresh"":true,""status"":""FRESH"",""joints_rad"":[2.8402137362114677,0.5974085751322139,-1.508010201349503,1.3270340441504827,-0.19014472082559702,0.6426448913500289],""received_at_ms"":1788495167378,""age_ms"":5,""source"":""jaka_port10000_actual_feedback"",""mapping"":""port10000_joint_actual_position_deg_to_rad"",""error"":null},""right"":{""valid"":true,""fresh"":true,""status"":""FRESH"",""joints_rad"":[0.30212836175913205,2.5758968854992417,1.5169047482835165,-1.3221584668850364,3.3169488505973916,2.5184350614699818],""received_at_ms"":1788495167360,""age_ms"":23,""source"":""jaka_port10000_actual_feedback"",""mapping"":""port10000_joint_actual_position_deg_to_rad"",""error"":null}}","{""left"":{""values"":[-120.16989595300402,-10.271411003923276,3.082275390625,-6.386474609375,-0.0123291015625,0.64111328125],""received_at_ms"":1788495150177,""valid"":true,""status"":""STALE"",""error"":""Torque sample age 17206 ms exceeds 1500 ms"",""source"":""/left_jaka_driver/joint_torque_raw"",""age_ms"":17206,""fresh"":false},""right"":{""values"":[120.89955902978545,0.4490234318654984,-3.920654296875,8.359130859375,-0.2589111328125,0.2095947265625],""received_at_ms"":1788495149809,""valid"":true,""status"":""STALE"",""error"":""Torque sample age 17574 ms exceeds 1500 ms"",""source"":""/right_jaka_driver/joint_torque_raw"",""age_ms"":17574,""fresh"":false}}"
171,1788495167489,RUNNING,15.216000000000001,"{""left"":{""valid"":true,""status"":""VALID"",""sample_index"":634,""time_from_start_s"":15.216000000000001,""joints_rad"":[2.8394104275955607,0.5970622749128581,-1.5074246160074172,1.3263523677246245,-0.1908206089653905,0.6429444097732151],""source"":""LATEST SUCCESSFUL PHASE5 SERVO_J COMMAND \u2014 DRIVER MEMORY"",""error"":null},""right"":{""valid"":true,""status"":""VALID"",""sample_index"":634,""time_from_start_s"":15.216000000000001,""joints_rad"":[0.30286916185394547,2.576148317089574,1.5163425946064215,-1.321545603462329,3.317536659158621,2.5181160693806484],""source"":""LATEST SUCCESSFUL PHASE5 SERVO_J COMMAND \u2014 DRIVER MEMORY"",""error"":null}}","{""left"":{""valid"":true,""fresh"":true,""status"":""FRESH"",""joints_rad"":[2.839866241157395,0.5973487103388705,-1.5077464820995268,1.3267104601071629,-0.19044439385816445,0.6428007492522321],""received_at_ms"":1788495167448,""age_ms"":41,""source"":""jaka_port10000_actual_feedback"",""mapping"":""port10000_joint_actual_position_deg_to_rad"",""error"":null},""right"":{""valid"":true,""fresh"":true,""status"":""FRESH"",""joints_rad"":[0.30239208100910836,2.575992704075176,1.5167129365987224,-1.3219547869613286,3.3171645732929385,2.518327200122209],""received_at_ms"":1788495167478,""age_ms"":11,""source"":""jaka_port10000_actual_feedback"",""mapping"":""port10000_joint_actual_position_deg_to_rad"",""error"":null}}","{""left"":{""values"":[-120.16989595300402,-10.271411003923276,3.082275390625,-6.386474609375,-0.0123291015625,0.64111328125],""received_at_ms"":1788495150177,""valid"":true,""status"":""STALE"",""error"":""Torque sample age 17312 ms exceeds 1500 ms"",""source"":""/left_jaka_driver/joint_torque_raw"",""age_ms"":17312,""fresh"":false},""right"":{""values"":[120.89955902978545,0.4490234318654984,-3.920654296875,8.359130859375,-0.2589111328125,0.2095947265625],""received_at_ms"":1788495149809,""valid"":true,""status"":""STALE"",""error"":""Torque sample age 17680 ms exceeds 1500 ms"",""source"":""/right_jaka_driver/joint_torque_raw"",""age_ms"":17680,""fresh"":false}}"
172,1788495167590,RUNNING,15.312000000000001,"{""left"":{""valid"":true,""status"":""VALID"",""sample_index"":638,""time_from_start_s"":15.312000000000001,""joints_rad"":[2.83915616358925,0.5970100122543116,-1.507252236456602,1.326162807044493,-0.1909959474383563,0.6430273840007285],""source"":""LATEST SUCCESSFUL PHASE5 SERVO_J COMMAND \u2014 DRIVER MEMORY"",""error"":null},""right"":{""valid"":true,""status"":""VALID"",""sample_index"":638,""time_from_start_s"":15.312000000000001,""joints_rad"":[0.3031241986742744,2.5761963535193133,1.5161685683235617,-1.3213491953584857,3.317705890800245,2.5180263398605183],""source"":""LATEST SUCCESSFUL PHASE5 SERVO_J COMMAND \u2014 DRIVER MEMORY"",""error"":null}}","{""left"":{""valid"":true,""fresh"":true,""status"":""FRESH"",""joints_rad"":[2.8396623867007627,0.5972768027736883,-1.5076026669691625,1.3265666449767985,-0.19062416277111988,0.6428726568174141],""received_at_ms"":1788495167518,""age_ms"":72,""source"":""jaka_port10000_actual_feedback"",""mapping"":""port10000_joint_actual_position_deg_to_rad"",""error"":null},""right"":{""valid"":true,""fresh"":true,""status"":""FRESH"",""joints_rad"":[0.3027755298457715,2.5760646116403585,1.5164733028924233,-1.3216790249395136,3.31742811800999,2.518159473981092],""received_at_ms"":1788495167547,""age_ms"":43,""source"":""jaka_port10000_actual_feedback"",""mapping"":""port10000_joint_actual_position_deg_to_rad"",""error"":null}}","{""left"":{""values"":[-120.16989595300402,-10.271411003923276,3.082275390625,-6.386474609375,-0.0123291015625,0.64111328125],""received_at_ms"":1788495150177,""valid"":true,""status"":""STALE"",""error"":""Torque sample age 17413 ms exceeds 1500 ms"",""source"":""/left_jaka_driver/joint_torque_raw"",""age_ms"":17413,""fresh"":false},""right"":{""values"":[120.89955902978545,0.4490234318654984,-3.920654296875,8.359130859375,-0.2589111328125,0.2095947265625],""received_at_ms"":1788495149809,""valid"":true,""status"":""STALE"",""error"":""Torque sample age 17781 ms exceeds 1500 ms"",""source"":""/right_jaka_driver/joint_torque_raw"",""age_ms"":17781,""fresh"":false}}"
173,1788495167690,RUNNING,15.408,"{""left"":{""valid"":true,""status"":""VALID"",""sample_index"":642,""time_from_start_s"":15.408,""joints_rad"":[2.8389436462029987,0.5969662915175875,-1.5071080384282438,1.326004386699417,-0.19114252774588214,0.6430967874869672],""source"":""LATEST SUCCESSFUL PHASE5 SERVO_J COMMAND \u2014 DRIVER MEMORY"",""error"":null},""right"":{""valid"":true,""status"":""VALID"",""sample_index"":642,""time_from_start_s"":15.408,""joints_rad"":[0.303337361451379,2.576236540154853,1.5160229947609287,-1.3211850522586521,3.3178473695590087,2.517951289306876],""source"":""LATEST SUCCESSFUL PHASE5 SERVO_J COMMAND \u2014 DRIVER MEMORY"",""error"":null}}","{""left"":{""valid"":true,""fresh"":true,""status"":""FRESH"",""joints_rad"":[2.839410710222625,0.5972169379803449,-1.507422898056207,1.326386876063843,-0.19080393168407528,0.6427887064803932],""received_at_ms"":1788495167631,""age_ms"":59,""source"":""jaka_port10000_actual_feedback"",""mapping"":""port10000_joint_actual_position_deg_to_rad"",""error"":null},""right"":{""valid"":true,""fresh"":true,""status"":""FRESH"",""joints_rad"":[0.30297938430240445,2.5761246509666265,1.5162935339794679,-1.3215233415702357,3.3175480221296016,2.5182193387744354],""received_at_ms"":1788495167619,""age_ms"":71,""source"":""jaka_port10000_actual_feedback"",""mapping"":""port10000_joint_actual_position_deg_to_rad"",""error"":null}}","{""left"":{""values"":[-120.16989595300402,-10.271411003923276,3.082275390625,-6.386474609375,-0.0123291015625,0.64111328125],""received_at_ms"":1788495150177,""valid"":true,""status"":""STALE"",""error"":""Torque sample age 17513 ms exceeds 1500 ms"",""source"":""/left_jaka_driver/joint_torque_raw"",""age_ms"":17513,""fresh"":false},""right"":{""values"":[120.89955902978545,0.4490234318654984,-3.920654296875,8.359130859375,-0.2589111328125,0.2095947265625],""received_at_ms"":1788495149809,""valid"":true,""status"":""STALE"",""error"":""Torque sample age 17881 ms exceeds 1500 ms"",""source"":""/right_jaka_driver/joint_torque_raw"",""age_ms"":17881,""fresh"":false}}"
174,1788495167791,RUNNING,15.504,"{""left"":{""valid"":true,""status"":""VALID"",""sample_index"":646,""time_from_start_s"":15.504,""joints_rad"":[2.838770071693215,0.5969305515779981,-1.506990168250197,1.3258750097327185,-0.1912622716135004,0.643153514701132],""source"":""LATEST SUCCESSFUL PHASE5 SERVO_J COMMAND \u2014 DRIVER MEMORY"",""error"":null},""right"":{""valid"":true,""status"":""VALID"",""sample_index"":646,""time_from_start_s"":15.504,""joints_rad"":[0.3035114626608937,2.5762693922064286,1.5159040017663787,-1.3210510015372001,3.3179629487959548,2.5178899491136324],""source"":""LATEST SUCCESSFUL PHASE5 SERVO_J COMMAND \u2014 DRIVER MEMORY"",""error"":null}}","{""left"":{""valid"":true,""fresh"":true,""status"":""FRESH"",""joints_rad"":[2.839171076516326,0.5970970338607329,-1.5072431291432515,1.3261830216072101,-0.1909837005970307,0.6428007492522321],""received_at_ms"":1788495167741,""age_ms"":50,""source"":""jaka_port10000_actual_feedback"",""mapping"":""port10000_joint_actual_position_deg_to_rad"",""error"":null},""right"":{""valid"":true,""fresh"":true,""status"":""FRESH"",""joints_rad"":[0.30319510699795094,2.5761965585318087,1.5161137650665126,-1.3212596223202593,3.3177398338143957,2.5182072960025965],""received_at_ms"":1788495167732,""age_ms"":59,""source"":""jaka_port10000_actual_feedback"",""mapping"":""port10000_joint_actual_position_deg_to_rad"",""error"":null}}","{""left"":{""values"":[-120.16989595300402,-10.271411003923276,3.082275390625,-6.386474609375,-0.0123291015625,0.64111328125],""received_at_ms"":1788495150177,""valid"":true,""status"":""STALE"",""error"":""Torque sample age 17614 ms exceeds 1500 ms"",""source"":""/left_jaka_driver/joint_torque_raw"",""age_ms"":17614,""fresh"":false},""right"":{""values"":[120.89955902978545,0.4490234318654984,-3.920654296875,8.359130859375,-0.2589111328125,0.2095947265625],""received_at_ms"":1788495149809,""valid"":true,""status"":""STALE"",""error"":""Torque sample age 17982 ms exceeds 1500 ms"",""source"":""/right_jaka_driver/joint_torque_raw"",""age_ms"":17982,""fresh"":false}}"
175,1788495167894,RUNNING,15.6,"{""left"":{""valid"":true,""status"":""VALID"",""sample_index"":650,""time_from_start_s"":15.6,""joints_rad"":[2.838632336642517,0.5969021674158078,-1.5068965619400392,1.3257723567954307,-0.19135730920362384,0.6431985610108935],""source"":""LATEST SUCCESSFUL PHASE5 SERVO_J COMMAND \u2014 DRIVER MEMORY"",""error"":null},""right"":{""valid"":true,""status"":""VALID"",""sample_index"":650,""time_from_start_s"":15.6,""joints_rad"":[0.3036496153309769,2.5762954836936616,1.5158095049848215,-1.3209446401307974,3.318054683267181,2.5178412417600224],""source"":""LATEST SUCCESSFUL PHASE5 SERVO_J COMMAND \u2014 DRIVER MEMORY"",""error"":null}}","{""left"":{""valid"":true,""fresh"":true,""status"":""FRESH"",""joints_rad"":[2.8389434855818663,0.5970371690673895,-1.507063360230296,1.3259793416835024,-0.19115142673814736,0.6428485712737366],""received_at_ms"":1788495167814,""age_ms"":80,""source"":""jaka_port10000_actual_feedback"",""mapping"":""port10000_joint_actual_position_deg_to_rad"",""error"":null},""right"":{""valid"":true,""fresh"":true,""status"":""FRESH"",""joints_rad"":[0.3033748759109064,2.5762443805533137,1.5159938609469006,-1.3211278499617336,3.3178955171836733,2.518195427763683],""received_at_ms"":1788495167846,""age_ms"":48,""source"":""jaka_port10000_actual_feedback"",""mapping"":""port10000_joint_actual_position_deg_to_rad"",""error"":null}}","{""left"":{""values"":[-120.16989595300402,-10.271411003923276,3.082275390625,-6.386474609375,-0.0123291015625,0.64111328125],""received_at_ms"":1788495150177,""valid"":true,""status"":""STALE"",""error"":""Torque sample age 17717 ms exceeds 1500 ms"",""source"":""/left_jaka_driver/joint_torque_raw"",""age_ms"":17717,""fresh"":false},""right"":{""values"":[120.89955902978545,0.4490234318654984,-3.920654296875,8.359130859375,-0.2589111328125,0.2095947265625],""received_at_ms"":1788495149809,""valid"":true,""status"":""STALE"",""error"":""Torque sample age 18085 ms exceeds 1500 ms"",""source"":""/right_jaka_driver/joint_torque_raw"",""age_ms"":18085,""fresh"":false}}"
176,1788495167992,RUNNING,15.72,"{""left"":{""valid"":true,""status"":""VALID"",""sample_index"":655,""time_from_start_s"":15.72,""joints_rad"":[2.8385053401184503,0.5968759726366719,-1.5068101803661624,1.3256777175418406,-0.1914449553265225,0.6432401271081664],""source"":""LATEST SUCCESSFUL PHASE5 SERVO_J COMMAND \u2014 DRIVER MEMORY"",""error"":null},""right"":{""valid"":true,""status"":""VALID"",""sample_index"":655,""time_from_start_s"":15.72,""joints_rad"":[0.30377699658942114,2.576319563480296,1.515722302869737,-1.3208465817913952,3.3181392853908296,2.5177962995107785],""source"":""LATEST SUCCESSFUL PHASE5 SERVO_J COMMAND \u2014 DRIVER MEMORY"",""error"":null}}","{""left"":{""valid"":true,""fresh"":true,""status"":""FRESH"",""joints_rad"":[2.8387637166689106,0.5969891725129596,-1.506955498882523,1.3258596120968156,-0.19127133085775938,0.6429086106000051],""received_at_ms"":1788495167895,""age_ms"":97,""source"":""jaka_port10000_actual_feedback"",""mapping"":""port10000_joint_actual_position_deg_to_rad"",""error"":null},""right"":{""valid"":true,""fresh"":true,""status"":""FRESH"",""joints_rad"":[0.3035665130627754,2.576268466096991,1.5158741313602138,-1.320995903070283,3.3179435137381037,2.5181713422200054],""received_at_ms"":1788495167919,""age_ms"":73,""source"":""jaka_port10000_actual_feedback"",""mapping"":""port10000_joint_actual_position_deg_to_rad"",""error"":null}}","{""left"":{""values"":[-120.16989595300402,-10.271411003923276,3.082275390625,-6.386474609375,-0.0123291015625,0.64111328125],""received_at_ms"":1788495150177,""valid"":true,""status"":""STALE"",""error"":""Torque sample age 17815 ms exceeds 1500 ms"",""source"":""/left_jaka_driver/joint_torque_raw"",""age_ms"":17815,""fresh"":false},""right"":{""values"":[120.89955902978545,0.4490234318654984,-3.920654296875,8.359130859375,-0.2589111328125,0.2095947265625],""received_at_ms"":1788495149809,""valid"":true,""status"":""STALE"",""error"":""Torque sample age 18183 ms exceeds 1500 ms"",""source"":""/right_jaka_driver/joint_torque_raw"",""age_ms"":18183,""fresh"":false}}"
177,1788495168093,RUNNING,15.792,"{""left"":{""valid"":true,""status"":""VALID"",""sample_index"":659,""time_from_start_s"":15.816,""joints_rad"":[2.8384352886845905,0.5968615106448673,-1.506762492049686,1.3256255200711249,-0.19149331096381167,0.6432630724462394],""source"":""LATEST SUCCESSFUL PHASE5 SERVO_J COMMAND \u2014 DRIVER MEMORY"",""error"":null},""right"":{""valid"":true,""status"":""VALID"",""sample_index"":658,""time_from_start_s"":15.792,""joints_rad"":[0.3038320795656332,2.576329984971977,1.515684566075194,-1.3208041828166184,3.318175877292071,2.5177768527081352],""source"":""LATEST SUCCESSFUL PHASE5 SERVO_J COMMAND \u2014 DRIVER MEMORY"",""error"":null}}","{""left"":{""valid"":true,""fresh"":true,""status"":""FRESH"",""joints_rad"":[2.8386199015385465,0.5969652615022073,-1.507027406447705,1.3258835231075679,-0.19127133085775938,0.6430164719477784],""received_at_ms"":1788495168000,""age_ms"":93,""source"":""jaka_port10000_actual_feedback"",""mapping"":""port10000_joint_actual_position_deg_to_rad"",""error"":null},""right"":{""valid"":true,""fresh"":true,""status"":""FRESH"",""joints_rad"":[0.30368641718238737,2.576304419879582,1.5158980423709663,-1.3209840348313693,3.317919602727351,2.5181353884374142],""received_at_ms"":1788495168012,""age_ms"":81,""source"":""jaka_port10000_actual_feedback"",""mapping"":""port10000_joint_actual_position_deg_to_rad"",""error"":null}}","{""left"":{""values"":[-120.16989595300402,-10.271411003923276,3.082275390625,-6.386474609375,-0.0123291015625,0.64111328125],""received_at_ms"":1788495150177,""valid"":true,""status"":""STALE"",""error"":""Torque sample age 17916 ms exceeds 1500 ms"",""source"":""/left_jaka_driver/joint_torque_raw"",""age_ms"":17916,""fresh"":false},""right"":{""values"":[120.89955902978545,0.4490234318654984,-3.920654296875,8.359130859375,-0.2589111328125,0.2095947265625],""received_at_ms"":1788495149809,""valid"":true,""status"":""STALE"",""error"":""Torque sample age 18284 ms exceeds 1500 ms"",""source"":""/right_jaka_driver/joint_torque_raw"",""age_ms"":18284,""fresh"":false}}"
178,1788495168192,RUNNING,15.912,"{""left"":{""valid"":true,""status"":""VALID"",""sample_index"":663,""time_from_start_s"":15.912,""joints_rad"":[2.8383888212839543,0.5968519102518608,-1.5067308362129586,1.3255908989691492,-0.1915253924283034,0.6432783026595722],""source"":""LATEST SUCCESSFUL PHASE5 SERVO_J COMMAND \u2014 DRIVER MEMORY"",""error"":null},""right"":{""valid"":true,""status"":""VALID"",""sample_index"":663,""time_from_start_s"":15.912,""joints_rad"":[0.303893868020095,2.5763416840680824,1.5156422064897421,-1.3207566265273647,3.3182169315752663,2.5177550256941097],""source"":""LATEST SUCCESSFUL PHASE5 SERVO_J COMMAND \u2014 DRIVER MEMORY"",""error"":null}}","{""left"":{""valid"":true,""fresh"":true,""status"":""FRESH"",""joints_rad"":[2.8385719049841165,0.5969411759585298,-1.507027406447705,1.3258714803357292,-0.19128319909667293,0.6430883795129606],""received_at_ms"":1788495168116,""age_ms"":76,""source"":""jaka_port10000_actual_feedback"",""mapping"":""port10000_joint_actual_position_deg_to_rad"",""error"":null},""right"":{""valid"":true,""fresh"":true,""status"":""FRESH"",""joints_rad"":[0.3037462819757307,2.576304419879582,1.5158859995991274,-1.3209719920595306,3.3179075599555126,2.5180156588507274],""received_at_ms"":1788495168097,""age_ms"":95,""source"":""jaka_port10000_actual_feedback"",""mapping"":""port10000_joint_actual_position_deg_to_rad"",""error"":null}}","{""left"":{""values"":[-120.16989595300402,-10.271411003923276,3.082275390625,-6.386474609375,-0.0123291015625,0.64111328125],""received_at_ms"":1788495150177,""valid"":true,""status"":""STALE"",""error"":""Torque sample age 18015 ms exceeds 1500 ms"",""source"":""/left_jaka_driver/joint_torque_raw"",""age_ms"":18015,""fresh"":false},""right"":{""values"":[120.89955902978545,0.4490234318654984,-3.920654296875,8.359130859375,-0.2589111328125,0.2095947265625],""received_at_ms"":1788495149809,""valid"":true,""status"":""STALE"",""error"":""Torque sample age 18383 ms exceeds 1500 ms"",""source"":""/right_jaka_driver/joint_torque_raw"",""age_ms"":18383,""fresh"":false}}"
179,1788495168293,RUNNING,16.008,"{""left"":{""valid"":true,""status"":""VALID"",""sample_index"":667,""time_from_start_s"":16.008,""joints_rad"":[2.838361468857324,0.5968462549553916,-1.5067121895257185,1.325570521523007,-0.19154427994806042,0.643287273323263],""source"":""LATEST SUCCESSFUL PHASE5 SERVO_J COMMAND \u2014 DRIVER MEMORY"",""error"":null},""right"":{""valid"":true,""status"":""VALID"",""sample_index"":667,""time_from_start_s"":16.008,""joints_rad"":[0.30392130312505655,2.5763468832302943,1.5156233833641781,-1.3207355128245741,3.3182351643896077,2.5177453275690587],""source"":""LATEST SUCCESSFUL PHASE5 SERVO_J COMMAND \u2014 DRIVER MEMORY"",""error"":null}}","{""left"":{""valid"":true,""fresh"":true,""status"":""FRESH"",""joints_rad"":[2.838547993973364,0.5968933539370251,-1.5069795844262004,1.3257877045316335,-0.19129524186851168,0.6432081090996474],""received_at_ms"":1788495168231,""age_ms"":62,""source"":""jaka_port10000_actual_feedback"",""mapping"":""port10000_joint_actual_position_deg_to_rad"",""error"":null},""right"":{""valid"":true,""fresh"":true,""status"":""FRESH"",""joints_rad"":[0.3037462819757307,2.576316288118496,1.5158741313602138,-1.3209599492876918,3.3179435137381037,2.5179317085137067],""received_at_ms"":1788495168212,""age_ms"":81,""source"":""jaka_port10000_actual_feedback"",""mapping"":""port10000_joint_actual_position_deg_to_rad"",""error"":null}}","{""left"":{""values"":[-120.16989595300402,-10.271411003923276,3.082275390625,-6.386474609375,-0.0123291015625,0.64111328125],""received_at_ms"":1788495150177,""valid"":true,""status"":""STALE"",""error"":""Torque sample age 18116 ms exceeds 1500 ms"",""source"":""/left_jaka_driver/joint_torque_raw"",""age_ms"":18116,""fresh"":false},""right"":{""values"":[120.89955902978545,0.4490234318654984,-3.920654296875,8.359130859375,-0.2589111328125,0.2095947265625],""received_at_ms"":1788495149809,""valid"":true,""status"":""STALE"",""error"":""Torque sample age 18484 ms exceeds 1500 ms"",""source"":""/right_jaka_driver/joint_torque_raw"",""age_ms"":18484,""fresh"":false}}"
180,1788495168394,RUNNING,16.104,"{""left"":{""valid"":true,""status"":""VALID"",""sample_index"":671,""time_from_start_s"":16.104,""joints_rad"":[2.8383484193642965,0.5968435549800002,-1.5067032875101738,1.3255608005349322,-0.1915532924039828,0.6432915556821415],""source"":""LATEST SUCCESSFUL PHASE5 SERVO_J COMMAND \u2014 DRIVER MEMORY"",""error"":null},""right"":{""valid"":true,""status"":""VALID"",""sample_index"":671,""time_from_start_s"":16.104,""joints_rad"":[0.3039343920366937,2.5763493655039427,1.515614397213191,-1.3207254405981412,3.318243864622376,2.5177406981043546],""source"":""LATEST SUCCESSFUL PHASE5 SERVO_J COMMAND \u2014 DRIVER MEMORY"",""error"":null}}","{""left"":{""valid"":true,""fresh"":true,""status"":""FRESH"",""joints_rad"":[2.838476086408182,0.5969052221759387,-1.5068835913173406,1.3257037541946124,-0.19129524186851168,0.6432681484259161],""received_at_ms"":1788495168305,""age_ms"":89,""source"":""jaka_port10000_actual_feedback"",""mapping"":""port10000_joint_actual_position_deg_to_rad"",""error"":null},""right"":{""valid"":true,""fresh"":true,""status"":""FRESH"",""joints_rad"":[0.30389009710609505,2.5763403736621733,1.515742184468763,-1.3209360382769395,3.317979467520695,2.5178238471659333],""received_at_ms"":1788495168381,""age_ms"":13,""source"":""jaka_port10000_actual_feedback"",""mapping"":""port10000_joint_actual_position_deg_to_rad"",""error"":null}}","{""left"":{""values"":[-120.16989595300402,-10.271411003923276,3.082275390625,-6.386474609375,-0.0123291015625,0.64111328125],""received_at_ms"":1788495150177,""valid"":true,""status"":""STALE"",""error"":""Torque sample age 18217 ms exceeds 1500 ms"",""source"":""/left_jaka_driver/joint_torque_raw"",""age_ms"":18217,""fresh"":false},""right"":{""values"":[120.89955902978545,0.4490234318654984,-3.920654296875,8.359130859375,-0.2589111328125,0.2095947265625],""received_at_ms"":1788495149809,""valid"":true,""status"":""STALE"",""error"":""Torque sample age 18585 ms exceeds 1500 ms"",""source"":""/right_jaka_driver/joint_torque_raw"",""age_ms"":18585,""fresh"":false}}"
181,1788495168493,RUNNING,16.2,"{""left"":{""valid"":true,""status"":""VALID"",""sample_index"":675,""time_from_start_s"":16.2,""joints_rad"":[2.8383445095342505,0.5968427454907133,-1.5067006186672367,1.325557888209432,-0.19155599308522778,0.643292839464343],""source"":""LATEST SUCCESSFUL PHASE5 SERVO_J COMMAND \u2014 DRIVER MEMORY"",""error"":null},""right"":{""valid"":true,""status"":""VALID"",""sample_index"":675,""time_from_start_s"":16.2,""joints_rad"":[0.3039383136698276,2.576350109742316,1.515611703173506,-1.3207224230418793,3.318246471792768,2.51773931031175],""source"":""LATEST SUCCESSFUL PHASE5 SERVO_J COMMAND \u2014 DRIVER MEMORY"",""error"":null}}","{""left"":{""valid"":true,""fresh"":true,""status"":""FRESH"",""joints_rad"":[2.8384280898537524,0.5968692683933476,-1.5067518189588152,1.3256557576401826,-0.19129524186851168,0.6432800166648297],""received_at_ms"":1788495168401,""age_ms"":92,""source"":""jaka_port10000_actual_feedback"",""mapping"":""port10000_joint_actual_position_deg_to_rad"",""error"":null},""right"":{""valid"":true,""fresh"":true,""status"":""FRESH"",""joints_rad"":[0.30390213987793385,2.5763403736621733,1.5156823196754197,-1.3209239955051006,3.3180154213032855,2.5177878933833426],""received_at_ms"":1788495168476,""age_ms"":17,""source"":""jaka_port10000_actual_feedback"",""mapping"":""port10000_joint_actual_position_deg_to_rad"",""error"":null}}","{""left"":{""values"":[-120.16989595300402,-10.271411003923276,3.082275390625,-6.386474609375,-0.0123291015625,0.64111328125],""received_at_ms"":1788495150177,""valid"":true,""status"":""STALE"",""error"":""Torque sample age 18316 ms exceeds 1500 ms"",""source"":""/left_jaka_driver/joint_torque_raw"",""age_ms"":18316,""fresh"":false},""right"":{""values"":[120.89955902978545,0.4490234318654984,-3.920654296875,8.359130859375,-0.2589111328125,0.2095947265625],""received_at_ms"":1788495149809,""valid"":true,""status"":""STALE"",""error"":""Torque sample age 18684 ms exceeds 1500 ms"",""source"":""/right_jaka_driver/joint_torque_raw"",""age_ms"":18684,""fresh"":false}}"
182,1788495168597,COMPLETED,16.260162601626014,"{""left"":{""valid"":true,""status"":""VALID"",""sample_index"":678,""time_from_start_s"":16.260162601626014,""joints_rad"":[2.8383442683931115,0.5968426955376501,-1.506700453979876,1.3255577086018782,-0.19155615967231074,0.6432929186792237],""source"":""LATEST SUCCESSFUL PHASE5 SERVO_J COMMAND \u2014 DRIVER MEMORY"",""error"":null},""right"":{""valid"":true,""status"":""VALID"",""sample_index"":678,""time_from_start_s"":16.260162601626014,""joints_rad"":[0.30393855553855503,2.576350155669759,1.51561153693271,-1.320722236944444,3.318246632614353,2.517739224681346],""source"":""LATEST SUCCESSFUL PHASE5 SERVO_J COMMAND \u2014 DRIVER MEMORY"",""error"":null}}","{""left"":{""valid"":true,""fresh"":true,""status"":""FRESH"",""joints_rad"":[2.8383921360711613,0.5968813111651864,-1.5067518189588152,1.3256198038575917,-0.19134323842294154,0.6432920594366683],""received_at_ms"":1788495168506,""age_ms"":91,""source"":""jaka_port10000_actual_feedback"",""mapping"":""port10000_joint_actual_position_deg_to_rad"",""error"":null},""right"":{""valid"":true,""fresh"":true,""status"":""FRESH"",""joints_rad"":[0.30391400811684743,2.576352241901087,1.51563432312099,-1.320840219701005,3.3180513750858767,2.5177878933833426],""received_at_ms"":1788495168591,""age_ms"":6,""source"":""jaka_port10000_actual_feedback"",""mapping"":""port10000_joint_actual_position_deg_to_rad"",""error"":null}}","{""left"":{""values"":[-120.16989595300402,-10.271411003923276,3.082275390625,-6.386474609375,-0.0123291015625,0.64111328125],""received_at_ms"":1788495150177,""valid"":true,""status"":""STALE"",""error"":""Torque sample age 18420 ms exceeds 1500 ms"",""source"":""/left_jaka_driver/joint_torque_raw"",""age_ms"":18420,""fresh"":false},""right"":{""values"":[120.89955902978545,0.4490234318654984,-3.920654296875,8.359130859375,-0.2589111328125,0.2095947265625],""received_at_ms"":1788495149809,""valid"":true,""status"":""STALE"",""error"":""Torque sample age 18788 ms exceeds 1500 ms"",""source"":""/right_jaka_driver/joint_torque_raw"",""age_ms"":18788,""fresh"":false}}"
