receive_wall_iso,receive_monotonic_ns,elapsed_sec,ros_stamp_ns,side,cycle,completed_cycles,step_index,step_name,sequence_status,j1_rad,j2_rad,j3_rad,j4_rad,j5_rad,j6_rad
2026-07-17T09:57:22.696+07:00,3540197243939,0.036190028,1784257042695780617,right,,,,,,0.08362964540719985,2.8592031002044678,0.6508644819259644,-1.5157943964004517,3.2493093013763423,1.9337618350982675
2026-07-17T09:57:22.721+07:00,3540222114287,0.061060376,1784257042720761929,left,,,,,,3.0326125621795654,0.5639516711235047,-0.23975493013858787,1.5973879098892212,-0.13782687485218048,1.8970664739608762
2026-07-17T09:57:22.756+07:00,3540257295209,0.096241298,1784257042756049805,right,,,,,,0.08362964540719985,2.8592031002044678,0.6508644819259644,-1.5157943964004517,3.2493093013763423,1.9337618350982675
2026-07-17T09:57:22.793+07:00,3540294033436,0.132979525,1784257042792661204,left,,,,,,3.0326125621795654,0.5639516711235047,-0.23975493013858787,1.5973879098892212,-0.13782687485218048,1.8970664739608762
2026-07-17T09:57:22.818+07:00,3540319315304,0.158261393,1784257042818002431,right,,,,,,0.08362964540719985,2.8592031002044678,0.6508644819259644,-1.5157943964004517,3.2493093013763423,1.9337618350982675
2026-07-17T09:57:22.858+07:00,3540359724704,0.198670793,1784257042858222158,left,,,,,,3.0326125621795654,0.5639516711235047,-0.23975493013858787,1.5973879098892212,-0.13782687485218048,1.8970664739608762
2026-07-17T09:57:22.877+07:00,3540378887797,0.217833886,1784257042877525835,right,,,,,,0.08362964540719985,2.8592031002044678,0.6508644819259644,-1.5157943964004517,3.2493093013763423,1.9337618350982675
2026-07-17T09:57:22.925+07:00,3540426551882,0.265497971,1784257042922795446,left,,,,,,3.0326125621795654,0.5639516711235047,-0.23975493013858787,1.5973879098892212,-0.13782687485218048,1.8970664739608762
2026-07-17T09:57:22.938+07:00,3540439805461,0.278751550,1784257042938468368,right,,,,,,0.08362964540719985,2.8592031002044678,0.6508644819259644,-1.5157943964004517,3.2493093013763423,1.9337618350982675
2026-07-17T09:57:22.987+07:00,3540488722705,0.327668794,1784257042987239495,left,,,,,,3.0326125621795654,0.5639516711235047,-0.23975493013858787,1.5973879098892212,-0.13782687485218048,1.8970664739608762
2026-07-17T09:57:22.999+07:00,3540499971790,0.338917879,1784257042998581521,right,,,,,,0.08362964540719985,2.8592031002044678,0.6508644819259644,-1.5157943964004517,3.2493093013763423,1.9337618350982675
2026-07-17T09:57:23.049+07:00,3540550164090,0.389110179,1784257043048639142,left,,,,,,3.0326125621795654,0.5639516711235047,-0.23975493013858787,1.5973879098892212,-0.13782687485218048,1.8970664739608762
2026-07-17T09:57:23.060+07:00,3540561230797,0.400176886,1784257043059782481,right,,,,,,0.08362964540719985,2.8592031002044678,0.6508644819259644,-1.5157943964004517,3.2493093013763423,1.9337618350982675
2026-07-17T09:57:23.123+07:00,3540624540440,0.463486529,1784257043117125616,left,,,,,,3.0326125621795654,0.5639516711235047,-0.23975493013858787,1.5973879098892212,-0.13782687485218048,1.8970664739608762
2026-07-17T09:57:23.126+07:00,3540627956889,0.466902978,1784257043126555441,right,,,,,,0.08362964540719985,2.8592031002044678,0.6508644819259644,-1.5157943964004517,3.2493093013763423,1.9337618350982675
2026-07-17T09:57:23.184+07:00,3540685931728,0.524877817,1784257043184473292,left,,,,,,3.0326125621795654,0.5639516711235047,-0.23975493013858787,1.5973879098892212,-0.13782687485218048,1.8970664739608762
2026-07-17T09:57:23.191+07:00,3540692335518,0.531281607,1784257043190940118,right,,,,,,0.08362964540719985,2.8592031002044678,0.6508644819259644,-1.5157943964004517,3.2493093013763423,1.9337618350982675
2026-07-17T09:57:23.254+07:00,3540755707884,0.594653973,1784257043254252114,right,,,,,,0.08362964540719985,2.8592031002044678,0.6508644819259644,-1.5157943964004517,3.2493093013763423,1.9337618350982675
2026-07-17T09:57:23.256+07:00,3540757300580,0.596246669,1784257043256160438,left,,,,,,3.0326125621795654,0.5639516711235047,-0.23975493013858787,1.5973879098892212,-0.13782687485218048,1.8970664739608762
2026-07-17T09:57:23.323+07:00,3540824571366,0.663517455,1784257043320263367,left,,,,,,3.0326125621795654,0.5639516711235047,-0.23975493013858787,1.5973879098892212,-0.13782687485218048,1.8970664739608762
2026-07-17T09:57:23.323+07:00,3540824725826,0.663671915,1784257043319229431,right,,,,,,0.08362964540719985,2.8592031002044678,0.6508644819259644,-1.5157943964004517,3.2493093013763423,1.9337618350982675
2026-07-17T09:57:23.385+07:00,3540886543575,0.725489664,1784257043384993736,left,,,,,,3.0326125621795654,0.5639516711235047,-0.23975493013858787,1.5973879098892212,-0.13782687485218048,1.8970664739608762
2026-07-17T09:57:23.386+07:00,3540887195028,0.726141117,1784257043385297321,right,,,,,,0.08362964540719985,2.8592031002044678,0.6508644819259644,-1.5157943964004517,3.2493093013763423,1.9337618350982675
2026-07-17T09:57:23.446+07:00,3540947217330,0.786163419,1784257043445760226,right,,,,,,0.08362964540719985,2.8592031002044678,0.6508644819259644,-1.5157943964004517,3.2493093013763423,1.9337618350982675
2026-07-17T09:57:23.449+07:00,3540949999493,0.788945582,1784257043448790197,left,,,,,,3.0326125621795654,0.5639516711235047,-0.23975493013858787,1.5973879098892212,-0.13782687485218048,1.8970664739608762
2026-07-17T09:57:23.524+07:00,3541025294538,0.864240627,1784257043515535982,left,,,,,,3.0326125621795654,0.5639516711235047,-0.23975493013858787,1.5973879098892212,-0.13782687485218048,1.8970664739608762
2026-07-17T09:57:23.524+07:00,3541025399379,0.864345468,1784257043521936246,right,,,,,,0.08362964540719985,2.8592031002044678,0.6508644819259644,-1.5157943964004517,3.2493093013763423,1.9337618350982675
2026-07-17T09:57:23.577+07:00,3541078921129,0.917867218,1784257043577223525,left,,,,,,3.0326125621795654,0.5639516711235047,-0.23975493013858787,1.5973879098892212,-0.13782687485218048,1.8970664739608762
2026-07-17T09:57:23.590+07:00,3541091641514,0.930587603,1784257043590253459,right,,,,,,0.08362964540719985,2.8592031002044678,0.6508644819259644,-1.5157943964004517,3.2493093013763423,1.9337618350982675
2026-07-17T09:57:23.641+07:00,3541142321347,0.981267436,1784257043640838055,left,,,,,,3.0326125621795654,0.5639516711235047,-0.23975493013858787,1.5973879098892212,-0.13782687485218048,1.8970664739608762
2026-07-17T09:57:23.655+07:00,3541156037398,0.994983487,1784257043654735229,right,,,,,,0.08362964540719985,2.8592031002044678,0.6508644819259644,-1.5157943964004517,3.2493093013763423,1.9337618350982675
2026-07-17T09:57:23.723+07:00,3541224438327,1.063384416,1784257043703684339,left,,,,,,3.0326125621795654,0.5639516711235047,-0.23975493013858787,1.5973879098892212,-0.13782687485218048,1.8970664739608762
2026-07-17T09:57:23.723+07:00,3541224552172,1.063498261,1784257043721155375,right,,,,,,0.08362964540719985,2.8592031002044678,0.6508644819259644,-1.5157943964004517,3.2493093013763423,1.9337618350982675
2026-07-17T09:57:23.767+07:00,3541268643596,1.107589685,1784257043767184560,left,,,,,,3.0326125621795654,0.5639516711235047,-0.23975493013858787,1.5973879098892212,-0.13782687485218048,1.8970664739608762
2026-07-17T09:57:23.793+07:00,3541294654118,1.133600207,1784257043793182385,right,,,,,,0.08362964540719985,2.8592031002044678,0.6508644819259644,-1.5157943964004517,3.2493093013763423,1.9337618350982675
2026-07-17T09:57:23.832+07:00,3541333101827,1.172047916,1784257043831726002,left,,,,,,3.0326125621795654,0.5639516711235047,-0.23975493013858787,1.5973879098892212,-0.13782687485218048,1.8970664739608762
2026-07-17T09:57:23.858+07:00,3541359456540,1.198402629,1784257043858177500,right,,,,,,0.08362964540719985,2.8592031002044678,0.6508644819259644,-1.5157943964004517,3.2493093013763423,1.9337618350982675
2026-07-17T09:57:23.923+07:00,3541424744674,1.263690763,1784257043901681673,left,,,,,,3.0326125621795654,0.5639516711235047,-0.23975493013858787,1.5973879098892212,-0.13782687485218048,1.8970664739608762
2026-07-17T09:57:23.924+07:00,3541425163975,1.264110064,1784257043923474577,right,,,,,,0.08362964540719985,2.8592031002044678,0.6508644819259644,-1.5157943964004517,3.2493093013763423,1.9337618350982675
2026-07-17T09:57:23.966+07:00,3541467580086,1.306526175,1784257043966163709,left,,,,,,3.0326125621795654,0.5639516711235047,-0.23975493013858787,1.5973879098892212,-0.13782687485218048,1.8970664739608762
2026-07-17T09:57:23.985+07:00,3541486701843,1.325647932,1784257043985286074,right,,,,,,0.08362964540719985,2.8592031002044678,0.6508644819259644,-1.5157943964004517,3.2493093013763423,1.9337618350982675
2026-07-17T09:57:24.032+07:00,3541533166220,1.372112309,1784257044031633117,left,,,,,,3.0326125621795654,0.5639516711235047,-0.23975493013858787,1.5973879098892212,-0.13782687485218048,1.8970664739608762
2026-07-17T09:57:24.049+07:00,3541550263846,1.389209935,1784257044048908509,right,,,,,,0.08362964540719985,2.8592031002044678,0.6508644819259644,-1.5157943964004517,3.2493093013763423,1.9337618350982675
2026-07-17T09:57:24.124+07:00,3541625506256,1.464452345,1784257044100741621,left,,,,,,3.0326125621795654,0.5639516711235047,-0.23975493013858787,1.5973879098892212,-0.13782687485218048,1.8970664739608762
2026-07-17T09:57:24.124+07:00,3541625655250,1.464601339,1784257044120348134,right,,,,,,0.08362964540719985,2.8592031002044678,0.6508644819259644,-1.5157943964004517,3.2493093013763423,1.9337618350982675
2026-07-17T09:57:24.165+07:00,3541666693600,1.505639689,1784257044165208068,left,,,,,,3.0326125621795654,0.5639516711235047,-0.23975493013858787,1.5973879098892212,-0.13782687485218048,1.8970664739608762
2026-07-17T09:57:24.180+07:00,3541681382957,1.520329046,1784257044179846573,right,,,,,,0.08362964540719985,2.8592031002044678,0.6508644819259644,-1.5157943964004517,3.2493093013763423,1.9337618350982675
2026-07-17T09:57:24.228+07:00,3541729175968,1.568122057,1784257044227522668,left,,,,,,3.0326125621795654,0.5639516711235047,-0.23975493013858787,1.5973879098892212,-0.13782687485218048,1.8970664739608762
2026-07-17T09:57:24.242+07:00,3541743215392,1.582161481,1784257044241946686,right,,,,,,0.08362964540719985,2.8592031002044678,0.6508644819259644,-1.5157943964004517,3.2493093013763423,1.9337618350982675
2026-07-17T09:57:24.324+07:00,3541825066091,1.664012180,1784257044297260122,left,,,,,,3.0326125621795654,0.5639516711235047,-0.23975493013858787,1.5973879098892212,-0.13782687485218048,1.8970664739608762
2026-07-17T09:57:24.324+07:00,3541825167413,1.664113502,1784257044317572268,right,,,,,,0.08362964540719985,2.8592031002044678,0.6508644819259644,-1.5157943964004517,3.2493093013763423,1.9337618350982675
2026-07-17T09:57:24.362+07:00,3541863044513,1.701990602,1784257044361756433,left,,,,,,3.0326125621795654,0.5639516711235047,-0.23975493013858787,1.5973879098892212,-0.13782687485218048,1.8970664739608762
2026-07-17T09:57:24.379+07:00,3541879992637,1.718938726,1784257044378618459,right,,,,,,0.08362964540719985,2.8592031002044678,0.6508644819259644,-1.5157943964004517,3.2493093013763423,1.9337618350982675
2026-07-17T09:57:24.428+07:00,3541929116718,1.768062807,1784257044427631598,left,,,,,,3.0326125621795654,0.5639516711235047,-0.23975493013858787,1.5973879098892212,-0.13782687485218048,1.8970664739608762
2026-07-17T09:57:24.440+07:00,3541941039900,1.779985989,1784257044439697129,right,,,,,,0.08362964540719985,2.8592031002044678,0.6508644819259644,-1.5157943964004517,3.2493093013763423,1.9337618350982675
2026-07-17T09:57:24.524+07:00,3542025224401,1.864170490,1784257044498750809,left,,,,,,3.0326125621795654,0.5639516711235047,-0.23975493013858787,1.5973879098892212,-0.13782687485218048,1.8970664739608762
2026-07-17T09:57:24.524+07:00,3542025331630,1.864277719,1784257044518426288,right,,,,,,0.08362964540719985,2.8592031002044678,0.6508644819259644,-1.5157943964004517,3.2493093013763423,1.9337618350982675
2026-07-17T09:57:24.564+07:00,3542064967056,1.903913145,1784257044563419377,left,,,,,,3.0326125621795654,0.5639516711235047,-0.23975493013858787,1.5973879098892212,-0.13782687485218048,1.8970664739608762
2026-07-17T09:57:24.584+07:00,3542085042119,1.923988208,1784257044583557649,right,,,,,,0.08362964540719985,2.8592031002044678,0.6508644819259644,-1.5157943964004517,3.2493093013763423,1.9337618350982675
2026-07-17T09:57:24.628+07:00,3542129097268,1.968043357,1784257044627532368,left,,,,,,3.0326125621795654,0.5639516711235047,-0.23975493013858787,1.5973879098892212,-0.13782687485218048,1.8970664739608762
2026-07-17T09:57:24.651+07:00,3542152101471,1.991047560,1784257044650640177,right,,,,,,0.08362964540719985,2.8592031002044678,0.6508644819259644,-1.5157943964004517,3.2493093013763423,1.9337618350982675
2026-07-17T09:57:24.724+07:00,3542224980224,2.063926313,1784257044712135593,left,,,,,,3.0326125621795654,0.5639516711235047,-0.23975493013858787,1.5973879098892212,-0.13782687485218048,1.8970664739608762
2026-07-17T09:57:24.724+07:00,3542225096647,2.064042736,1784257044718231013,right,,,,,,0.08362964540719985,2.8592031002044678,0.6508644819259644,-1.5157943964004517,3.2493093013763423,1.9337618350982675
2026-07-17T09:57:24.788+07:00,3542289122821,2.128068910,1784257044787694678,left,,,,,,3.0326125621795654,0.5639516711235047,-0.23975493013858787,1.5973879098892212,-0.13782687485218048,1.8970664739608762
2026-07-17T09:57:24.809+07:00,3542310217870,2.149163959,1784257044808733296,right,,,,,,0.08362964540719985,2.8592031002044678,0.6508644819259644,-1.5157943964004517,3.2493093013763423,1.9337618350982675
2026-07-17T09:57:24.853+07:00,3542354719890,2.193665979,1784257044853224568,left,,,,,,3.0326125621795654,0.5639516711235047,-0.23975493013858787,1.5973879098892212,-0.13782687485218048,1.8970664739608762
2026-07-17T09:57:24.873+07:00,3542374464947,2.213411036,1784257044873171717,right,,,,,,0.08362964540719985,2.8592031002044678,0.6508644819259644,-1.5157943964004517,3.2493093013763423,1.9337618350982675
2026-07-17T09:57:24.924+07:00,3542425199466,2.264145555,1784257044916217804,left,,,,,,3.0326125621795654,0.5639516711235047,-0.23975493013858787,1.5973879098892212,-0.13782687485218048,1.8970664739608762
2026-07-17T09:57:24.935+07:00,3542436823430,2.275769519,1784257044935592239,right,,,,,,0.08362964540719985,2.8592031002044678,0.6508644819259644,-1.5157943964004517,3.2493093013763423,1.9337618350982675
2026-07-17T09:57:24.978+07:00,3542479056441,2.318002530,1784257044977741929,left,,,,,,3.0326125621795654,0.5639516711235047,-0.23975493013858787,1.5973879098892212,-0.13782687485218048,1.8970664739608762
2026-07-17T09:57:25.004+07:00,3542505065449,2.344011538,1784257045003677490,right,,,,,,0.08362964540719985,2.8592031002044678,0.6508644819259644,-1.5157943964004517,3.2493093013763423,1.9337618350982675
2026-07-17T09:57:25.043+07:00,3542544840636,2.383786725,1784257045043426717,left,,,,,,3.0326125621795654,0.5639516711235047,-0.23975493013858787,1.5973879098892212,-0.13782687485218048,1.8970664739608762
2026-07-17T09:57:25.072+07:00,3542573087976,2.412034065,1784257045071682287,right,,,,,,0.08362964540719985,2.8592031002044678,0.6508644819259644,-1.5157943964004517,3.2493093013763423,1.9337618350982675
2026-07-17T09:57:25.124+07:00,3542625320023,2.464266112,1784257045111599736,left,,,,,,3.0326125621795654,0.5639516711235047,-0.23975493013858787,1.5973879098892212,-0.13782687485218048,1.8970664739608762
2026-07-17T09:57:25.143+07:00,3542644823285,2.483769374,1784257045143495961,right,,,,,,0.08362964540719985,2.8592031002044678,0.6508644819259644,-1.5157943964004517,3.2493093013763423,1.9337618350982675
2026-07-17T09:57:25.174+07:00,3542675096633,2.514042722,1784257045173648862,left,,,,,,3.0326125621795654,0.5639516711235047,-0.23975493013858787,1.5973879098892212,-0.13782687485218048,1.8970664739608762
2026-07-17T09:57:25.207+07:00,3542708890737,2.547836826,1784257045207581503,right,,,,,,0.08362964540719985,2.8592031002044678,0.6508644819259644,-1.5157943964004517,3.2493093013763423,1.9337618350982675
2026-07-17T09:57:25.273+07:00,3542774012367,2.612958456,1784257045272636194,right,,,,,,0.08362964540719985,2.8592031002044678,0.6508644819259644,-1.5157943964004517,3.2493093013763423,1.9337618350982675
2026-07-17T09:57:25.280+07:00,3542781015684,2.619961773,1784257045279694177,left,,,,,,3.0326125621795654,0.5639516711235047,-0.23975493013858787,1.5973879098892212,-0.13782687485218048,1.8970664739608762
2026-07-17T09:57:25.336+07:00,3542837283326,2.676229415,1784257045335862016,right,,,,,,0.08362964540719985,2.8592031002044678,0.6508644819259644,-1.5157943964004517,3.2493093013763423,1.9337618350982675
2026-07-17T09:57:25.345+07:00,3542846432343,2.685378432,1784257045345021347,left,,,,,,3.0326125621795654,0.5639516711235047,-0.23975493013858787,1.5973879098892212,-0.13782687485218048,1.8970664739608762
2026-07-17T09:57:25.408+07:00,3542909222081,2.748168170,1784257045407538237,left,,,,,,3.0326125621795654,0.5639516711235047,-0.23975493013858787,1.5973879098892212,-0.13782687485218048,1.8970664739608762
2026-07-17T09:57:25.414+07:00,3542915494853,2.754440942,1784257045414116732,right,,,,,,0.08362964540719985,2.8592031002044678,0.6508644819259644,-1.5157943964004517,3.2493093013763423,1.9337618350982675
2026-07-17T09:57:25.473+07:00,3542974085430,2.813031519,1784257045472659498,left,,,,,,3.0326125621795654,0.5639516711235047,-0.23975493013858787,1.5973879098892212,-0.13782687485218048,1.8970664739608762
2026-07-17T09:57:25.476+07:00,3542977603976,2.816550065,1784257045476355784,right,,,,,,0.08362964540719985,2.8592031002044678,0.6508644819259644,-1.5157943964004517,3.2493093013763423,1.9337618350982675
2026-07-17T09:57:25.539+07:00,3543040032617,2.878978706,1784257045538542307,left,,,,,,3.0326125621795654,0.5639516711235047,-0.23975493013858787,1.5973879098892212,-0.13782687485218048,1.8970664739608762
2026-07-17T09:57:25.545+07:00,3543045977180,2.884923269,1784257045544568707,right,,,,,,0.08362964540719985,2.8592031002044678,0.6508644819259644,-1.5157943964004517,3.2493093013763423,1.9337618350982675
2026-07-17T09:57:25.604+07:00,3543104970090,2.943916179,1784257045603267063,left,,,,,,3.0326125621795654,0.5639516711235047,-0.23975493013858787,1.5973879098892212,-0.13782687485218048,1.8970664739608762
2026-07-17T09:57:25.607+07:00,3543108295798,2.947241887,1784257045606862154,right,,,,,,0.08362964540719985,2.8592031002044678,0.6508644819259644,-1.5157943964004517,3.2493093013763423,1.9337618350982675
2026-07-17T09:57:25.672+07:00,3543173651219,3.012597308,1784257045671888364,left,,,,,,3.0326125621795654,0.5639516711235047,-0.23975493013858787,1.5973879098892212,-0.13782687485218048,1.8970664739608762
2026-07-17T09:57:25.673+07:00,3543174341465,3.013287554,1784257045672416467,right,,,,,,0.08362964540719985,2.8592031002044678,0.6508644819259644,-1.5157943964004517,3.2493093013763423,1.9337618350982675
2026-07-17T09:57:25.735+07:00,3543236536300,3.075482389,1784257045735027803,left,,,,,,3.0326125621795654,0.5639516711235047,-0.23975493013858787,1.5973879098892212,-0.13782687485218048,1.8970664739608762
2026-07-17T09:57:25.737+07:00,3543238054210,3.077000299,1784257045736772371,right,,,,,,0.08362964540719985,2.8592031002044678,0.6508644819259644,-1.5157943964004517,3.2493093013763423,1.9337618350982675
2026-07-17T09:57:25.798+07:00,3543299183014,3.138129103,1784257045797489468,left,,,,,,3.0326125621795654,0.5639516711235047,-0.23975493013858787,1.5973879098892212,-0.13782687485218048,1.8970664739608762
2026-07-17T09:57:25.815+07:00,3543316071226,3.155017315,1784257045814668197,right,,,,,,0.08362964540719985,2.8592031002044678,0.6508644819259644,-1.5157943964004517,3.2493093013763423,1.9337618350982675
2026-07-17T09:57:25.871+07:00,3543372939354,3.211885443,1784257045871102154,left,,,,,,3.0326125621795654,0.5639516711235047,-0.23975493013858787,1.5973879098892212,-0.13782687485218048,1.8970664739608762
2026-07-17T09:57:25.924+07:00,3543425205038,3.264151127,1784257045880357955,right,,,,,,0.08362964540719985,2.8592031002044678,0.6508644819259644,-1.5157943964004517,3.2493093013763423,1.9337618350982675
2026-07-17T09:57:25.932+07:00,3543433710129,3.272656218,1784257045932426399,left,,,,,,3.0326125621795654,0.5639516711235047,-0.23975493013858787,1.5973879098892212,-0.13782687485218048,1.8970664739608762
2026-07-17T09:57:25.945+07:00,3543445972857,3.284918946,1784257045944714227,right,,,,,,0.08362964540719985,2.8592031002044678,0.6508644819259644,-1.5157943964004517,3.2493093013763423,1.9337618350982675
2026-07-17T09:57:25.995+07:00,3543496230984,3.335177073,1784257045994839315,left,,,,,,3.0326125621795654,0.5639516711235047,-0.23975493013858787,1.5973879098892212,-0.13782687485218048,1.8970664739608762
2026-07-17T09:57:26.009+07:00,3543510711513,3.349657602,1784257046009439012,right,,,,,,0.08362964540719985,2.8592031002044678,0.6508644819259644,-1.5157943964004517,3.2493093013763423,1.9337618350982675
2026-07-17T09:57:26.059+07:00,3543560955506,3.399901595,1784257046059415736,left,,,,,,3.0326125621795654,0.5639516711235047,-0.23975493013858787,1.5973879098892212,-0.13782687485218048,1.8970664739608762
2026-07-17T09:57:26.073+07:00,3543574200892,3.413146981,1784257046072983112,right,,,,,,0.08362964540719985,2.8592031002044678,0.6508644819259644,-1.5157943964004517,3.2493093013763423,1.9337618350982675
2026-07-17T09:57:26.123+07:00,3543624254836,3.463200925,1784257046122593820,left,,,,,,3.0326125621795654,0.5639516711235047,-0.23975493013858787,1.5973879098892212,-0.13782687485218048,1.8970664739608762
2026-07-17T09:57:26.134+07:00,3543635872288,3.474818377,1784257046134588094,right,,,,,,0.08362964540719985,2.8592031002044678,0.6508644819259644,-1.5157943964004517,3.2493093013763423,1.9337618350982675
2026-07-17T09:57:26.186+07:00,3543687405813,3.526351902,1784257046186064555,left,,,,,,3.0326125621795654,0.5639516711235047,-0.23975493013858787,1.5973879098892212,-0.13782687485218048,1.8970664739608762
2026-07-17T09:57:26.196+07:00,3543696983044,3.535929133,1784257046195714978,right,,,,,,0.08362964540719985,2.8592031002044678,0.6508644819259644,-1.5157943964004517,3.2493093013763423,1.9337618350982675
2026-07-17T09:57:26.261+07:00,3543762264998,3.601211087,1784257046261003859,right,,,,,,0.08362964540719985,2.8592031002044678,0.6508644819259644,-1.5157943964004517,3.2493093013763423,1.9337618350982675
2026-07-17T09:57:26.323+07:00,3543824929151,3.663875240,1784257046298390815,left,,,,,,3.0326125621795654,0.5639516711235047,-0.23975493013858787,1.5973879098892212,-0.13782687485218048,1.8970664739608762
2026-07-17T09:57:26.324+07:00,3543825073221,3.664019310,1784257046321909064,right,,,,,,0.08362964540719985,2.8592031002044678,0.6508644819259644,-1.5157943964004517,3.2493093013763423,1.9337618350982675
2026-07-17T09:57:26.361+07:00,3543862381004,3.701327093,1784257046361041114,left,,,,,,3.0326125621795654,0.5639516711235047,-0.23975493013858787,1.5973879098892212,-0.13782687485218048,1.8970664739608762
2026-07-17T09:57:26.387+07:00,3543888951083,3.727897172,1784257046387633520,right,,,,,,0.08362964540719985,2.8592031002044678,0.6508644819259644,-1.5157943964004517,3.2493093013763423,1.9337618350982675
2026-07-17T09:57:26.422+07:00,3543923618161,3.762564250,1784257046422278188,left,,,,,,3.0326125621795654,0.5639516711235047,-0.23975493013858787,1.5973879098892212,-0.13782687485218048,1.8970664739608762
2026-07-17T09:57:26.477+07:00,3543978021525,3.816967614,1784257046476650734,right,,,,,,0.08362964540719985,2.8592031002044678,0.6508644819259644,-1.5157943964004517,3.2493093013763423,1.9337618350982675
2026-07-17T09:57:26.523+07:00,3544024700025,3.863646114,1784257046500383355,left,,,,,,3.0326125621795654,0.5639516711235047,-0.23975493013858787,1.5973879098892212,-0.13782687485218048,1.8970664739608762
2026-07-17T09:57:26.544+07:00,3544045685669,3.884631758,1784257046544155398,right,,,,,,0.08362964540719985,2.8592031002044678,0.6508644819259644,-1.5157943964004517,3.2493093013763423,1.9337618350982675
2026-07-17T09:57:26.570+07:00,3544071109975,3.910056064,1784257046569732720,left,,,,,,3.0326125621795654,0.5639516711235047,-0.23975493013858787,1.5973879098892212,-0.13782687485218048,1.8970664739608762
2026-07-17T09:57:26.615+07:00,3544116401749,3.955347838,1784257046614904587,right,,,,,,0.08362964540719985,2.8592031002044678,0.6508644819259644,-1.5157943964004517,3.2493093013763423,1.9337618350982675
2026-07-17T09:57:26.643+07:00,3544144074100,3.983020189,1784257046642641226,left,,,,,,3.0326125621795654,0.5639516711235047,-0.23975493013858787,1.5973879098892212,-0.13782687485218048,1.8970664739608762
2026-07-17T09:57:26.724+07:00,3544225904489,4.064850578,1784257046682569678,right,,,,,,0.08362964540719985,2.8592031002044678,0.6508644819259644,-1.5157943964004517,3.2493093013763423,1.9337618350982675
2026-07-17T09:57:26.731+07:00,3544232413229,4.071359318,1784257046731160394,left,,,,,,3.0326125621795654,0.5639516711235047,-0.23975493013858787,1.5973879098892212,-0.13782687485218048,1.8970664739608762
2026-07-17T09:57:26.753+07:00,3544254112648,4.093058737,1784257046752893857,right,,,,,,0.08362964540719985,2.8592031002044678,0.6508644819259644,-1.5157943964004517,3.2493093013763423,1.9337618350982675
2026-07-17T09:57:26.797+07:00,3544298380349,4.137326438,1784257046796721039,left,,,,,,3.0326125621795654,0.5639516711235047,-0.23975493013858787,1.5973879098892212,-0.13782687485218048,1.8970664739608762
2026-07-17T09:57:26.817+07:00,3544318725687,4.157671776,1784257046817358217,right,,,,,,0.08362964540719985,2.8592031002044678,0.6508644819259644,-1.5157943964004517,3.2493093013763423,1.9337618350982675
2026-07-17T09:57:26.861+07:00,3544362523897,4.201469986,1784257046860639310,left,,,,,,3.0326125621795654,0.5639516711235047,-0.23975493013858787,1.5973879098892212,-0.13782687485218048,1.8970664739608762
2026-07-17T09:57:26.924+07:00,3544425172713,4.264118802,1784257046880823177,right,,,,,,0.08362964540719985,2.8592031002044678,0.6508644819259644,-1.5157943964004517,3.2493093013763423,1.9337618350982675
2026-07-17T09:57:26.930+07:00,3544431453203,4.270399292,1784257046930047650,left,,,,,,3.0326125621795654,0.5639516711235047,-0.23975493013858787,1.5973879098892212,-0.13782687485218048,1.8970664739608762
2026-07-17T09:57:26.944+07:00,3544445496499,4.284442588,1784257046944070633,right,,,,,,0.08362964540719985,2.8592031002044678,0.6508644819259644,-1.5157943964004517,3.2493093013763423,1.9337618350982675
2026-07-17T09:57:26.991+07:00,3544492766567,4.331712656,1784257046991349447,left,,,,,,3.0326125621795654,0.5639516711235047,-0.23975493013858787,1.5973879098892212,-0.13782687485218048,1.8970664739608762
2026-07-17T09:57:27.009+07:00,3544510903174,4.349849263,1784257047009382804,right,,,,,,0.08362964540719985,2.8592031002044678,0.6508644819259644,-1.5157943964004517,3.2493093013763423,1.9337618350982675
2026-07-17T09:57:27.054+07:00,3544555750818,4.394696907,1784257047054213903,left,,,,,,3.0326125621795654,0.5639516711235047,-0.23975493013858787,1.5973879098892212,-0.13782687485218048,1.8970664739608762
2026-07-17T09:57:27.074+07:00,3544574990930,4.413937019,1784257047073536806,right,,,,,,0.08362964540719985,2.8592031002044678,0.6508644819259644,-1.5157943964004517,3.2493093013763423,1.9337618350982675
2026-07-17T09:57:27.123+07:00,3544624946252,4.463892341,1784257047119171883,left,,,,,,3.0326125621795654,0.5639516711235047,-0.23975493013858787,1.5973879098892212,-0.13782687485218048,1.8970664739608762
2026-07-17T09:57:27.135+07:00,3544636553240,4.475499329,1784257047135210649,right,,,,,,0.08362964540719985,2.8592031002044678,0.6508644819259644,-1.5157943964004517,3.2493093013763423,1.9337618350982675
2026-07-17T09:57:27.186+07:00,3544687480069,4.526426158,1784257047185938329,left,,,,,,3.0326125621795654,0.5639516711235047,-0.23975493013858787,1.5973879098892212,-0.13782687485218048,1.8970664739608762
2026-07-17T09:57:27.203+07:00,3544704289045,4.543235134,1784257047202829079,right,,,,,,0.08362964540719985,2.8592031002044678,0.6508644819259644,-1.5157943964004517,3.2493093013763423,1.9337618350982675
2026-07-17T09:57:27.324+07:00,3544825354436,4.664300525,1784257047280280706,left,,,,,,3.0326125621795654,0.5639516711235047,-0.23975493013858787,1.5973879098892212,-0.13782687485218048,1.8970664739608762
2026-07-17T09:57:27.324+07:00,3544825445707,4.664391796,1784257047298762497,right,,,,,,0.08362964540719985,2.8592031002044678,0.6508644819259644,-1.5157943964004517,3.2493093013763423,1.9337618350982675
2026-07-17T09:57:27.357+07:00,3544858027494,4.696973583,1784257047356381938,left,,,,,,3.0326125621795654,0.5639516711235047,-0.23975493013858787,1.5973879098892212,-0.13782687485218048,1.8970664739608762
2026-07-17T09:57:27.374+07:00,3544875120434,4.714066523,1784257047373737210,right,,,,,,0.08362964540719985,2.8592031002044678,0.6508644819259644,-1.5157943964004517,3.2493093013763423,1.9337618350982675
2026-07-17T09:57:27.421+07:00,3544922487030,4.761433119,1784257047420746823,left,,,,,,3.0326125621795654,0.5639516711235047,-0.23975493013858787,1.5973879098892212,-0.13782687485218048,1.8970664739608762
2026-07-17T09:57:27.435+07:00,3544936242043,4.775188132,1784257047434906608,right,,,,,,0.08362964540719985,2.8592031002044678,0.6508644819259644,-1.5157943964004517,3.2493093013763423,1.9337618350982675
2026-07-17T09:57:27.523+07:00,3545024688122,4.863634211,1784257047482034673,left,,,,,,3.0326125621795654,0.5639516711235047,-0.23975493013858787,1.5973879098892212,-0.13782687485218048,1.8970664739608762
2026-07-17T09:57:27.523+07:00,3545024789594,4.863735683,1784257047495737713,right,,,,,,0.08362964540719985,2.8592031002044678,0.6508644819259644,-1.5157943964004517,3.2493093013763423,1.9337618350982675
2026-07-17T09:57:27.561+07:00,3545062857729,4.901803818,1784257047561294358,left,,,,,,3.0326125621795654,0.5639516711235047,-0.23975493013858787,1.5973879098892212,-0.13782687485218048,1.8970664739608762
2026-07-17T09:57:27.574+07:00,3545075440917,4.914387006,1784257047574051594,right,,,,,,0.08362964540719985,2.8592031002044678,0.6508644819259644,-1.5157943964004517,3.2493093013763423,1.9337618350982675
2026-07-17T09:57:27.628+07:00,3545129488750,4.968434839,1784257047627805826,left,,,,,,3.0326125621795654,0.5639516711235047,-0.23975493013858787,1.5973879098892212,-0.13782687485218048,1.8970664739608762
2026-07-17T09:57:27.639+07:00,3545140451237,4.979397326,1784257047639129401,right,,,,,,0.08362964540719985,2.8592031002044678,0.6508644819259644,-1.5157943964004517,3.2493093013763423,1.9337618350982675
2026-07-17T09:57:27.725+07:00,3545226359156,5.065305245,1784257047715199607,left,,,,,,3.0326125621795654,0.5639516711235047,-0.23975493013858787,1.5973879098892212,-0.13782687485218048,1.8970664739608762
2026-07-17T09:57:27.725+07:00,3545226454858,5.065400947,1784257047700850660,right,,,,,,0.08362964540719985,2.8592031002044678,0.6508644819259644,-1.5157943964004517,3.2493093013763423,1.9337618350982675
2026-07-17T09:57:27.782+07:00,3545283372179,5.122318268,1784257047781839831,right,,,,,,0.08362964540719985,2.8592031002044678,0.6508644819259644,-1.5157943964004517,3.2493093013763423,1.9337618350982675
2026-07-17T09:57:27.794+07:00,3545295026110,5.133972199,1784257047793608235,left,,,,,,3.0326125621795654,0.5639516711235047,-0.23975493013858787,1.5973879098892212,-0.13782687485218048,1.8970664739608762
2026-07-17T09:57:27.850+07:00,3545351081256,5.190027345,1784257047849337534,right,,,,,,0.08362964540719985,2.8592031002044678,0.6508644819259644,-1.5157943964004517,3.2493093013763423,1.9337618350982675
2026-07-17T09:57:27.857+07:00,3545358794444,5.197740533,1784257047857400729,left,,,,,,3.0326125621795654,0.5639516711235047,-0.23975493013858787,1.5973879098892212,-0.13782687485218048,1.8970664739608762
2026-07-17T09:57:27.924+07:00,3545425387085,5.264333174,1784257047922141243,left,,,,,,3.0326125621795654,0.5639516711235047,-0.23975493013858787,1.5973879098892212,-0.13782687485218048,1.8970664739608762
2026-07-17T09:57:27.924+07:00,3545425473749,5.264419838,1784257047920945676,right,,,,,,0.08362964540719985,2.8592031002044678,0.6508644819259644,-1.5157943964004517,3.2493093013763423,1.9337618350982675
2026-07-17T09:57:27.993+07:00,3545494635489,5.333581578,1784257047993226371,left,,,,,,3.0326125621795654,0.5639516711235047,-0.23975493013858787,1.5973879098892212,-0.13782687485218048,1.8970664739608762
2026-07-17T09:57:28.004+07:00,3545505616533,5.344562622,1784257048004231165,right,,,,,,0.08362964540719985,2.8592031002044678,0.6508644819259644,-1.5157943964004517,3.2493093013763423,1.9337618350982675
2026-07-17T09:57:28.062+07:00,3545563505228,5.402451317,1784257048062014730,left,,,,,,3.0326125621795654,0.5639516711235047,-0.23975493013858787,1.5973879098892212,-0.13782687485218048,1.8970664739608762
2026-07-17T09:57:28.072+07:00,3545573795665,5.412741754,1784257048072457455,right,,,,,,0.08362964540719985,2.8592031002044678,0.6508644819259644,-1.5157943964004517,3.2493093013763423,1.9337618350982675
2026-07-17T09:57:28.126+07:00,3545626971540,5.465917629,1784257048125594373,left,,,,,,3.0326125621795654,0.5639516711235047,-0.23975493013858787,1.5973879098892212,-0.13782687485218048,1.8970664739608762
2026-07-17T09:57:28.136+07:00,3545637671373,5.476617462,1784257048136338441,right,,,,,,0.08362964540719985,2.8592031002044678,0.6508644819259644,-1.5157943964004517,3.2493093013763423,1.9337618350982675
2026-07-17T09:57:28.188+07:00,3545689677787,5.528623876,1784257048188183037,left,,,,,,3.0326125621795654,0.5639516711235047,-0.23975493013858787,1.5973879098892212,-0.13782687485218048,1.8970664739608762
2026-07-17T09:57:28.198+07:00,3545699177773,5.538123862,1784257048197746707,right,,,,,,0.08362964540719985,2.8592031002044678,0.6508644819259644,-1.5157943964004517,3.2493093013763423,1.9337618350982675
2026-07-17T09:57:28.267+07:00,3545768068435,5.607014524,1784257048266593488,right,,,,,,0.08362964540719985,2.8592031002044678,0.6508644819259644,-1.5157943964004517,3.2493093013763423,1.9337618350982675
2026-07-17T09:57:28.324+07:00,3545825346047,5.664292136,1784257048298221319,left,,,,,,3.0326125621795654,0.5639516711235047,-0.23975493013858787,1.5973879098892212,-0.13782687485218048,1.8970664739608762
2026-07-17T09:57:28.329+07:00,3545830278904,5.669224993,1784257048328879931,right,,,,,,0.08362964540719985,2.8592031002044678,0.6508644819259644,-1.5157943964004517,3.2493093013763423,1.9337618350982675
2026-07-17T09:57:28.363+07:00,3545864283931,5.703230020,1784257048362555281,left,,,,,,3.0326125621795654,0.5639516711235047,-0.23975493013858787,1.5973879098892212,-0.13782687485218048,1.8970664739608762
2026-07-17T09:57:28.395+07:00,3545896078595,5.735024684,1784257048394435966,right,,,,,,0.08362964540719985,2.8592031002044678,0.6508644819259644,-1.5157943964004517,3.2493093013763423,1.9337618350982675
2026-07-17T09:57:28.428+07:00,3545929807602,5.768753691,1784257048428071628,left,,,,,,3.0326125621795654,0.5639516711235047,-0.23975493013858787,1.5973879098892212,-0.13782687485218048,1.8970664739608762
2026-07-17T09:57:28.460+07:00,3545961306153,5.800252242,1784257048459569801,right,,,,,,0.08362964540719985,2.8592031002044678,0.6508644819259644,-1.5157943964004517,3.2493093013763423,1.9337618350982675
2026-07-17T09:57:28.524+07:00,3546025276509,5.864222598,1784257048497942714,left,,,,,,3.0326125621795654,0.5639516711235047,-0.23975493013858787,1.5973879098892212,-0.13782687485218048,1.8970664739608762
2026-07-17T09:57:28.524+07:00,3546025422887,5.864368976,1784257048522758442,right,,,,,,0.08362964540719985,2.8592031002044678,0.6508644819259644,-1.5157943964004517,3.2493093013763423,1.9337618350982675
2026-07-17T09:57:28.564+07:00,3546064971828,5.903917917,1784257048563315899,left,,,,,,3.0326125621795654,0.5639516711235047,-0.23975493013858787,1.5973879098892212,-0.13782687485218048,1.8970664739608762
2026-07-17T09:57:28.588+07:00,3546089730447,5.928676536,1784257048588158158,right,,,,,,0.08362964540719985,2.8592031002044678,0.6508644819259644,-1.5157943964004517,3.2493093013763423,1.9337618350982675
2026-07-17T09:57:28.628+07:00,3546129408333,5.968354422,1784257048627666186,left,,,,,,3.0326125621795654,0.5639516711235047,-0.23975493013858787,1.5973879098892212,-0.13782687485218048,1.8970664739608762
2026-07-17T09:57:28.654+07:00,3546155585345,5.994531434,1784257048654070675,right,,,,,,0.08362964540719985,2.8592031002044678,0.6508644819259644,-1.5157943964004517,3.2493093013763423,1.9337618350982675
2026-07-17T09:57:28.724+07:00,3546225898991,6.064845080,1784257048699480528,left,,,,,,3.0326125621795654,0.5639516711235047,-0.23975493013858787,1.5973879098892212,-0.13782687485218048,1.8970664739608762
2026-07-17T09:57:28.725+07:00,3546225995922,6.064942011,1784257048719417190,right,,,,,,0.08362964540719985,2.8592031002044678,0.6508644819259644,-1.5157943964004517,3.2493093013763423,1.9337618350982675
2026-07-17T09:57:28.785+07:00,3546286962726,6.125908815,1784257048785581068,right,,,,,,0.08362964540719985,2.8592031002044678,0.6508644819259644,-1.5157943964004517,3.2493093013763423,1.9337618350982675
2026-07-17T09:57:28.788+07:00,3546289884732,6.128830821,1784257048788505673,left,,,,,,3.0326125621795654,0.5639516711235047,-0.23975493013858787,1.5973879098892212,-0.13782687485218048,1.8970664739608762
2026-07-17T09:57:28.850+07:00,3546351353503,6.190299592,1784257048849554256,left,,,,,,3.0326125621795654,0.5639516711235047,-0.23975493013858787,1.5973879098892212,-0.13782687485218048,1.8970664739608762
2026-07-17T09:57:28.851+07:00,3546352088893,6.191034982,1784257048850164739,right,,,,,,0.08362964540719985,2.8592031002044678,0.6508644819259644,-1.5157943964004517,3.2493093013763423,1.9337618350982675
2026-07-17T09:57:28.945+07:00,3546446285849,6.285231938,1784257048916136939,left,,,,,,3.0326125621795654,0.5639516711235047,-0.23975493013858787,1.5973879098892212,-0.13782687485218048,1.8970664739608762
2026-07-17T09:57:28.945+07:00,3546446372939,6.285319028,1784257048912465820,right,,,,,,0.08362964540719985,2.8592031002044678,0.6508644819259644,-1.5157943964004517,3.2493093013763423,1.9337618350982675
2026-07-17T09:57:28.973+07:00,3546474949228,6.313895317,1784257048973577771,right,,,,,,0.08362964540719985,2.8592031002044678,0.6508644819259644,-1.5157943964004517,3.2493093013763423,1.9337618350982675
2026-07-17T09:57:28.980+07:00,3546481203145,6.320149234,1784257048979833160,left,,,,,,3.0326125621795654,0.5639516711235047,-0.23975493013858787,1.5973879098892212,-0.13782687485218048,1.8970664739608762
2026-07-17T09:57:29.049+07:00,3546550362313,6.389308402,1784257049048788269,left,,,,,,3.0326125621795654,0.5639516711235047,-0.23975493013858787,1.5973879098892212,-0.13782687485218048,1.8970664739608762
2026-07-17T09:57:29.052+07:00,3546553893660,6.392839749,1784257049052628032,right,,,,,,0.08362964540719985,2.8592031002044678,0.6508644819259644,-1.5157943964004517,3.2493093013763423,1.9337618350982675
2026-07-17T09:57:29.124+07:00,3546625136509,6.464082598,1784257049114886492,left,,,,,,3.0326125621795654,0.5639516711235047,-0.23975493013858787,1.5973879098892212,-0.13782687485218048,1.8970664739608762
2026-07-17T09:57:29.124+07:00,3546625256260,6.464202349,1784257049119804023,right,,,,,,0.08362964540719985,2.8592031002044678,0.6508644819259644,-1.5157943964004517,3.2493093013763423,1.9337618350982675
2026-07-17T09:57:29.180+07:00,3546681425421,6.520371510,1784257049179574474,left,,,,,,3.0326125621795654,0.5639516711235047,-0.23975493013858787,1.5973879098892212,-0.13782687485218048,1.8970664739608762
2026-07-17T09:57:29.184+07:00,3546685379778,6.524325867,1784257049183823342,right,,,,,,0.08362964540719985,2.8592031002044678,0.6508644819259644,-1.5157943964004517,3.2493093013763423,1.9337618350982675
2026-07-17T09:57:29.242+07:00,3546743689699,6.582635788,1784257049242359044,left,,,,,,3.0326125621795654,0.5639516711235047,-0.23975493013858787,1.5973879098892212,-0.13782687485218048,1.8970664739608762
2026-07-17T09:57:29.247+07:00,3546748409650,6.587355739,1784257049247161281,right,,,,,,0.08362964540719985,2.8592031002044678,0.6508644819259644,-1.5157943964004517,3.2493093013763423,1.9337618350982675
2026-07-17T09:57:29.324+07:00,3546825079812,6.664025901,1784257049306898546,left,,,,,,3.0326125621795654,0.5639516711235047,-0.23975493013858787,1.5973879098892212,-0.13782687485218048,1.8970664739608762
2026-07-17T09:57:29.324+07:00,3546825177045,6.664123134,1784257049318706638,right,,,,,,0.08362964540719985,2.8592031002044678,0.6508644819259644,-1.5157943964004517,3.2493093013763423,1.9337618350982675
2026-07-17T09:57:29.371+07:00,3546872226477,6.711172566,1784257049369809126,left,,,,,,3.0326125621795654,0.5639516711235047,-0.23975493013858787,1.5973879098892212,-0.13782687485218048,1.8970664739608762
2026-07-17T09:57:29.381+07:00,3546882478993,6.721425082,1784257049381092828,right,,,,,,0.08362964540719985,2.8592031002044678,0.6508644819259644,-1.5157943964004517,3.2493093013763423,1.9337618350982675
2026-07-17T09:57:29.437+07:00,3546938736704,6.777682793,1784257049436849863,left,,,,,,3.0326125621795654,0.5639516711235047,-0.23975493013858787,1.5973879098892212,-0.13782687485218048,1.8970664739608762
2026-07-17T09:57:29.444+07:00,3546945484029,6.784430118,1784257049444039725,right,,,,,,0.08362964540719985,2.8592031002044678,0.6508644819259644,-1.5157943964004517,3.2493093013763423,1.9337618350982675
2026-07-17T09:57:29.523+07:00,3547024915378,6.863861467,1784257049502607941,left,,,,,,3.0326125621795654,0.5639516711235047,-0.23975493013858787,1.5973879098892212,-0.13782687485218048,1.8970664739608762
2026-07-17T09:57:29.524+07:00,3547025052644,6.863998733,1784257049517519864,right,,,,,,0.08362964540719985,2.8592031002044678,0.6508644819259644,-1.5157943964004517,3.2493093013763423,1.9337618350982675
2026-07-17T09:57:29.569+07:00,3547070220408,6.909166497,1784257049568494107,left,,,,,,3.0326125621795654,0.5639516711235047,-0.23975493013858787,1.5973879098892212,-0.13782687485218048,1.8970664739608762
2026-07-17T09:57:29.582+07:00,3547083738519,6.922684608,1784257049582329642,right,,,,,,0.08362964540719985,2.8592031002044678,0.6508644819259644,-1.5157943964004517,3.2493093013763423,1.9337618350982675
2026-07-17T09:57:29.638+07:00,3547139714628,6.978660717,1784257049637791803,left,,,,,,3.0326125621795654,0.5639516711235047,-0.23975493013858787,1.5973879098892212,-0.13782687485218048,1.8970664739608762
2026-07-17T09:57:29.650+07:00,3547151863348,6.990809437,1784257049650466690,right,,,,,,0.08362964540719985,2.8592031002044678,0.6508644819259644,-1.5157943964004517,3.2493093013763423,1.9337618350982675
2026-07-17T09:57:29.724+07:00,3547225071432,7.064017521,1784257049721258957,right,,,,,,0.08362964540719985,2.8592031002044678,0.6508644819259644,-1.5157943964004517,3.2493093013763423,1.9337618350982675
2026-07-17T09:57:29.726+07:00,3547227555257,7.066501346,1784257049726209973,left,,,,,,3.0326125621795654,0.5639516711235047,-0.23975493013858787,1.5973879098892212,-0.13782687485218048,1.8970664739608762
2026-07-17T09:57:29.782+07:00,3547283199502,7.122145591,1784257049781751640,right,,,,,,0.08362964540719985,2.8592031002044678,0.6508644819259644,-1.5157943964004517,3.2493093013763423,1.9337618350982675
2026-07-17T09:57:29.792+07:00,3547293774698,7.132720787,1784257049792450581,left,,,,,,3.0326125621795654,0.5639516711235047,-0.23975493013858787,1.5973879098892212,-0.13782687485218048,1.8970664739608762
2026-07-17T09:57:29.846+07:00,3547347162650,7.186108739,1784257049845491174,right,,,,,,0.08362964540719985,2.8592031002044678,0.6508644819259644,-1.5157943964004517,3.2493093013763423,1.9337618350982675
2026-07-17T09:57:29.857+07:00,3547358801030,7.197747119,1784257049857431180,left,,,,,,3.0326125621795654,0.5639516711235047,-0.23975493013858787,1.5973879098892212,-0.13782687485218048,1.8970664739608762
2026-07-17T09:57:29.924+07:00,3547425393887,7.264339976,1784257049919998683,left,,,,,,3.0326125621795654,0.5639516711235047,-0.23975493013858787,1.5973879098892212,-0.13782687485218048,1.8970664739608762
2026-07-17T09:57:29.924+07:00,3547425488654,7.264434743,1784257049920879769,right,,,,,,0.08362964540719985,2.8592031002044678,0.6508644819259644,-1.5157943964004517,3.2493093013763423,1.9337618350982675
2026-07-17T09:57:29.982+07:00,3547483040514,7.321986603,1784257049981559632,left,,,,,,3.0326125621795654,0.5639516711235047,-0.23975493013858787,1.5973879098892212,-0.13782687485218048,1.8970664739608762
2026-07-17T09:57:29.999+07:00,3547500182710,7.339128799,1784257049998797132,right,,,,,,0.08362964540719985,2.8592031002044678,0.6508644819259644,-1.5157943964004517,3.2493093013763423,1.9337618350982675
2026-07-17T09:57:30.048+07:00,3547549131164,7.388077253,1784257050047531066,left,,,,,,3.0326125621795654,0.5639516711235047,-0.23975493013858787,1.5973879098892212,-0.13782687485218048,1.8970664739608762
2026-07-17T09:57:30.063+07:00,3547564612727,7.403558816,1784257050063246276,right,,,,,,0.08362964540719985,2.8592031002044678,0.6508644819259644,-1.5157943964004517,3.2493093013763423,1.9337618350982675
2026-07-17T09:57:30.123+07:00,3547624367837,7.463313926,1784257050110033446,left,,,,,,3.0326125621795654,0.5639516711235047,-0.23975493013858787,1.5973879098892212,-0.13782687485218048,1.8970664739608762
2026-07-17T09:57:30.123+07:00,3547624621904,7.463567993,1784257050123158765,right,,,,,,0.08362964540719985,2.8592031002044678,0.6508644819259644,-1.5157943964004517,3.2493093013763423,1.9337618350982675
2026-07-17T09:57:30.172+07:00,3547673649283,7.512595372,1784257050172042633,left,,,,,,3.0326125621795654,0.5639516711235047,-0.23975493013858787,1.5973879098892212,-0.13782687485218048,1.8970664739608762
2026-07-17T09:57:30.184+07:00,3547685842188,7.524788277,1784257050184433182,right,,,,,,0.08362964540719985,2.8592031002044678,0.6508644819259644,-1.5157943964004517,3.2493093013763423,1.9337618350982675
2026-07-17T09:57:30.234+07:00,3547735298464,7.574244553,1784257050233812179,left,,,,,,3.0326125621795654,0.5639516711235047,-0.23975493013858787,1.5973879098892212,-0.13782687485218048,1.8970664739608762
2026-07-17T09:57:30.246+07:00,3547747817158,7.586763247,1784257050246531777,right,,,,,,0.08362964540719985,2.8592031002044678,0.6508644819259644,-1.5157943964004517,3.2493093013763423,1.9337618350982675
2026-07-17T09:57:30.323+07:00,3547824358884,7.663304973,1784257050297983780,left,,,,,,3.0326125621795654,0.5639516711235047,-0.23975493013858787,1.5973879098892212,-0.13782687485218048,1.8970664739608762
2026-07-17T09:57:30.323+07:00,3547824460210,7.663406299,1784257050318308538,right,,,,,,0.08362964540719985,2.8592031002044678,0.6508644819259644,-1.5157943964004517,3.2493093013763423,1.9337618350982675
2026-07-17T09:57:30.360+07:00,3547861547907,7.700493996,1784257050360141950,left,,,,,,3.0326125621795654,0.5639516711235047,-0.23975493013858787,1.5973879098892212,-0.13782687485218048,1.8970664739608762
2026-07-17T09:57:30.380+07:00,3547881101498,7.720047587,1784257050379792762,right,,,,,,0.08362964540719985,2.8592031002044678,0.6508644819259644,-1.5157943964004517,3.2493093013763423,1.9337618350982675
2026-07-17T09:57:30.426+07:00,3547927776631,7.766722720,1784257050426353205,left,,,,,,3.0326125621795654,0.5639516711235047,-0.23975493013858787,1.5973879098892212,-0.13782687485218048,1.8970664739608762
2026-07-17T09:57:30.440+07:00,3547941536850,7.780482939,1784257050440266378,right,,,,,,0.08362964540719985,2.8592031002044678,0.6508644819259644,-1.5157943964004517,3.2493093013763423,1.9337618350982675
2026-07-17T09:57:30.524+07:00,3548025518990,7.864465079,1784257050498040973,left,,,,,,3.0326125621795654,0.5639516711235047,-0.23975493013858787,1.5973879098892212,-0.13782687485218048,1.8970664739608762
2026-07-17T09:57:30.524+07:00,3548025618977,7.864565066,1784257050521979365,right,,,,,,0.08362964540719985,2.8592031002044678,0.6508644819259644,-1.5157943964004517,3.2493093013763423,1.9337618350982675
2026-07-17T09:57:30.561+07:00,3548062569333,7.901515422,1784257050561128038,left,,,,,,3.0326125621795654,0.5639516711235047,-0.23975493013858787,1.5973879098892212,-0.13782687485218048,1.8970664739608762
2026-07-17T09:57:30.583+07:00,3548084962524,7.923908613,1784257050583406049,right,,,,,,0.08362964540719985,2.8592031002044678,0.6508644819259644,-1.5157943964004517,3.2493093013763423,1.9337618350982675
2026-07-17T09:57:30.629+07:00,3548130487016,7.969433105,1784257050628959589,left,,,,,,3.0326125621795654,0.5639516711235047,-0.23975493013858787,1.5973879098892212,-0.13782687485218048,1.8970664739608762
2026-07-17T09:57:30.648+07:00,3548149667608,7.988613697,1784257050648261668,right,,,,,,0.08362964540719985,2.8592031002044678,0.6508644819259644,-1.5157943964004517,3.2493093013763423,1.9337618350982675
2026-07-17T09:57:30.723+07:00,3548224857502,8.063803591,1784257050711013341,left,,,,,,3.0326125621795654,0.5639516711235047,-0.23975493013858787,1.5973879098892212,-0.13782687485218048,1.8970664739608762
2026-07-17T09:57:30.724+07:00,3548225011375,8.063957464,1784257050718835025,right,,,,,,0.08362964540719985,2.8592031002044678,0.6508644819259644,-1.5157943964004517,3.2493093013763423,1.9337618350982675
2026-07-17T09:57:30.784+07:00,3548285398150,8.124344239,1784257050784037067,right,,,,,,0.08362964540719985,2.8592031002044678,0.6508644819259644,-1.5157943964004517,3.2493093013763423,1.9337618350982675
2026-07-17T09:57:30.787+07:00,3548288417358,8.127363447,1784257050787148376,left,,,,,,3.0326125621795654,0.5639516711235047,-0.23975493013858787,1.5973879098892212,-0.13782687485218048,1.8970664739608762
2026-07-17T09:57:30.850+07:00,3548351815106,8.190761195,1784257050850078228,left,,,,,,3.0326125621795654,0.5639516711235047,-0.23975493013858787,1.5973879098892212,-0.13782687485218048,1.8970664739608762
2026-07-17T09:57:30.855+07:00,3548356916156,8.195862245,1784257050855603023,right,,,,,,0.08362964540719985,2.8592031002044678,0.6508644819259644,-1.5157943964004517,3.2493093013763423,1.9337618350982675
2026-07-17T09:57:30.924+07:00,3548425490510,8.264436599,1784257050913139889,left,,,,,,3.0326125621795654,0.5639516711235047,-0.23975493013858787,1.5973879098892212,-0.13782687485218048,1.8970664739608762
2026-07-17T09:57:30.924+07:00,3548425850424,8.264796513,1784257050924610754,right,,,,,,0.08362964540719985,2.8592031002044678,0.6508644819259644,-1.5157943964004517,3.2493093013763423,1.9337618350982675
2026-07-17T09:57:30.981+07:00,3548482680780,8.321626869,1784257050981238973,left,,,,,,3.0326125621795654,0.5639516711235047,-0.23975493013858787,1.5973879098892212,-0.13782687485218048,1.8970664739608762
2026-07-17T09:57:30.999+07:00,3548500679406,8.339625495,1784257050999357005,right,,,,,,0.08362964540719985,2.8592031002044678,0.6508644819259644,-1.5157943964004517,3.2493093013763423,1.9337618350982675
2026-07-17T09:57:31.046+07:00,3548547857852,8.386803941,1784257051046419801,left,,,,,,3.0326125621795654,0.5639516711235047,-0.23975493013858787,1.5973879098892212,-0.13782687485218048,1.8970664739608762
2026-07-17T09:57:31.063+07:00,3548564261441,8.403207530,1784257051062818999,right,,,,,,0.08362964540719985,2.8592031002044678,0.6508644819259644,-1.5157943964004517,3.2493093013763423,1.9337618350982675
2026-07-17T09:57:31.124+07:00,3548625213975,8.464160064,1784257051114486367,left,,,,,,3.0326125621795654,0.5639516711235047,-0.23975493013858787,1.5973879098892212,-0.13782687485218048,1.8970664739608762
2026-07-17T09:57:31.124+07:00,3548625371286,8.464317375,1784257051123526658,right,,,,,,0.08362964540719985,2.8592031002044678,0.6508644819259644,-1.5157943964004517,3.2493093013763423,1.9337618350982675
2026-07-17T09:57:31.179+07:00,3548680389476,8.519335565,1784257051178803928,left,,,,,,3.0326125621795654,0.5639516711235047,-0.23975493013858787,1.5973879098892212,-0.13782687485218048,1.8970664739608762
2026-07-17T09:57:31.187+07:00,3548688581602,8.527527691,1784257051187209720,right,,,,,,0.08362964540719985,2.8592031002044678,0.6508644819259644,-1.5157943964004517,3.2493093013763423,1.9337618350982675
2026-07-17T09:57:31.243+07:00,3548744380024,8.583326113,1784257051242975934,left,,,,,,3.0326125621795654,0.5639516711235047,-0.23975493013858787,1.5973879098892212,-0.13782687485218048,1.8970664739608762
2026-07-17T09:57:31.249+07:00,3548750140422,8.589086511,1784257051248752271,right,,,,,,0.08362964540719985,2.8592031002044678,0.6508644819259644,-1.5157943964004517,3.2493093013763423,1.9337618350982675
2026-07-17T09:57:31.323+07:00,3548824775123,8.663721212,1784257051307582441,left,,,,,,3.0326125621795654,0.5639516711235047,-0.23975493013858787,1.5973879098892212,-0.13782687485218048,1.8970664739608762
2026-07-17T09:57:31.323+07:00,3548824898728,8.663844817,1784257051318310211,right,,,,,,0.08362964540719985,2.8592031002044678,0.6508644819259644,-1.5157943964004517,3.2493093013763423,1.9337618350982675
2026-07-17T09:57:31.374+07:00,3548875222548,8.714168637,1784257051373542125,left,,,,,,3.0326125621795654,0.5639516711235047,-0.23975493013858787,1.5973879098892212,-0.13782687485218048,1.8970664739608762
2026-07-17T09:57:31.381+07:00,3548882224390,8.721170479,1784257051380877505,right,,,,,,0.08362964540719985,2.8592031002044678,0.6508644819259644,-1.5157943964004517,3.2493093013763423,1.9337618350982675
2026-07-17T09:57:31.440+07:00,3548941878037,8.780824126,1784257051440124800,left,,,,,,3.0326125621795654,0.5639516711235047,-0.23975493013858787,1.5973879098892212,-0.13782687485218048,1.8970664739608762
2026-07-17T09:57:31.446+07:00,3548947556618,8.786502707,1784257051446167180,right,,,,,,0.08362964540719985,2.8592031002044678,0.6508644819259644,-1.5157943964004517,3.2493093013763423,1.9337618350982675
2026-07-17T09:57:31.523+07:00,3549024175565,8.863121654,1784257051505731733,left,,,,,,3.0326125621795654,0.5639516711235047,-0.23975493013858787,1.5973879098892212,-0.13782687485218048,1.8970664739608762
2026-07-17T09:57:31.523+07:00,3549024278660,8.863224749,1784257051518946505,right,,,,,,0.08362964540719985,2.8592031002044678,0.6508644819259644,-1.5157943964004517,3.2493093013763423,1.9337618350982675
2026-07-17T09:57:31.570+07:00,3549071745196,8.910691285,1784257051570245531,left,,,,,,3.0326125621795654,0.5639516711235047,-0.23975493013858787,1.5973879098892212,-0.13782687485218048,1.8970664739608762
2026-07-17T09:57:31.582+07:00,3549083466413,8.922412502,1784257051582237552,right,,,,,,0.08362964540719985,2.8592031002044678,0.6508644819259644,-1.5157943964004517,3.2493093013763423,1.9337618350982675
2026-07-17T09:57:31.634+07:00,3549135210501,8.974156590,1784257051633704854,left,,,,,,3.0326125621795654,0.5639516711235047,-0.23975493013858787,1.5973879098892212,-0.13782687485218048,1.8970664739608762
2026-07-17T09:57:31.647+07:00,3549148874657,8.987820746,1784257051647697318,right,,,,,,0.08362964540719985,2.8592031002044678,0.6508644819259644,-1.5157943964004517,3.2493093013763423,1.9337618350982675
2026-07-17T09:57:31.724+07:00,3549225044033,9.063990122,1784257051711658582,left,,,,,,3.0326125621795654,0.5639516711235047,-0.23975493013858787,1.5973879098892212,-0.13782687485218048,1.8970664739608762
2026-07-17T09:57:31.732+07:00,3549233428793,9.072374882,1784257051732058662,right,,,,,,0.08362964540719985,2.8592031002044678,0.6508644819259644,-1.5157943964004517,3.2493093013763423,1.9337618350982675
2026-07-17T09:57:31.786+07:00,3549287671262,9.126617351,1784257051786194007,left,,,,,,3.0326125621795654,0.5639516711235047,-0.23975493013858787,1.5973879098892212,-0.13782687485218048,1.8970664739608762
2026-07-17T09:57:31.799+07:00,3549300288079,9.139234168,1784257051798880928,right,,,,,,0.08362964540719985,2.8592031002044678,0.6508644819259644,-1.5157943964004517,3.2493093013763423,1.9337618350982675
2026-07-17T09:57:31.851+07:00,3549352567907,9.191513996,1784257051850890516,left,,,,,,3.0326125621795654,0.5639516711235047,-0.23975493013858787,1.5973879098892212,-0.13782687485218048,1.8970664739608762
2026-07-17T09:57:31.863+07:00,3549364750853,9.203696942,1784257051863409277,right,,,,,,0.08362964540719985,2.8592031002044678,0.6508644819259644,-1.5157943964004517,3.2493093013763423,1.9337618350982675
2026-07-17T09:57:31.924+07:00,3549425743927,9.264690016,1784257051917348711,left,,,,,,3.0326125621795654,0.5639516711235047,-0.23975493013858787,1.5973879098892212,-0.13782687485218048,1.8970664739608762
2026-07-17T09:57:31.927+07:00,3549428818989,9.267765078,1784257051927555624,right,,,,,,0.08362964540719985,2.8592031002044678,0.6508644819259644,-1.5157943964004517,3.2493093013763423,1.9337618350982675
2026-07-17T09:57:31.984+07:00,3549485792880,9.324738969,1784257051984376416,left,,,,,,3.0326125621795654,0.5639516711235047,-0.23975493013858787,1.5973879098892212,-0.13782687485218048,1.8970664739608762
2026-07-17T09:57:32.000+07:00,3549501796448,9.340742537,1784257052000370692,right,,,,,,0.08362964540719985,2.8592031002044678,0.6508644819259644,-1.5157943964004517,3.2493093013763423,1.9337618350982675
2026-07-17T09:57:32.048+07:00,3549549909407,9.388855496,1784257052048561040,left,,,,,,3.0326125621795654,0.5639516711235047,-0.23975493013858787,1.5973879098892212,-0.13782687485218048,1.8970664739608762
2026-07-17T09:57:32.063+07:00,3549564589366,9.403535455,1784257052063284535,right,,,,,,0.08362964540719985,2.8592031002044678,0.6508644819259644,-1.5157943964004517,3.2493093013763423,1.9337618350982675
2026-07-17T09:57:32.123+07:00,3549624412924,9.463359013,1784257052113878130,left,,,,,,3.0326125621795654,0.5639516711235047,-0.23975493013858787,1.5973879098892212,-0.13782687485218048,1.8970664739608762
2026-07-17T09:57:32.126+07:00,3549627331754,9.466277843,1784257052125921356,right,,,,,,0.08362964540719985,2.8592031002044678,0.6508644819259644,-1.5157943964004517,3.2493093013763423,1.9337618350982675
2026-07-17T09:57:32.185+07:00,3549686639537,9.525585626,1784257052184911929,left,,,,,,3.0326125621795654,0.5639516711235047,-0.23975493013858787,1.5973879098892212,-0.13782687485218048,1.8970664739608762
2026-07-17T09:57:32.192+07:00,3549692980692,9.531926781,1784257052191633658,right,,,,,,0.08362964540719985,2.8592031002044678,0.6508644819259644,-1.5157943964004517,3.2493093013763423,1.9337618350982675
2026-07-17T09:57:32.248+07:00,3549749363522,9.588309611,1784257052247898575,left,,,,,,3.0326125621795654,0.5639516711235047,-0.23975493013858787,1.5973879098892212,-0.13782687485218048,1.8970664739608762
2026-07-17T09:57:32.261+07:00,3549762010182,9.600956271,1784257052260711558,right,,,,,,0.08362964540719985,2.8592031002044678,0.6508644819259644,-1.5157943964004517,3.2493093013763423,1.9337618350982675
2026-07-17T09:57:32.323+07:00,3549824363220,9.663309309,1784257052314979502,left,,,,,,3.0326125621795654,0.5639516711235047,-0.23975493013858787,1.5973879098892212,-0.13782687485218048,1.8970664739608762
2026-07-17T09:57:32.324+07:00,3549825203033,9.664149122,1784257052323896599,right,,,,,,0.08362964540719985,2.8592031002044678,0.6508644819259644,-1.5157943964004517,3.2493093013763423,1.9337618350982675
2026-07-17T09:57:32.384+07:00,3549885211261,9.724157350,1784257052383725085,left,,,,,,3.0326125621795654,0.5639516711235047,-0.23975493013858787,1.5973879098892212,-0.13782687485218048,1.8970664739608762
2026-07-17T09:57:32.384+07:00,3549885888470,9.724834559,1784257052384572618,right,,,,,,0.08362964540719985,2.8592031002044678,0.6508644819259644,-1.5157943964004517,3.2493093013763423,1.9337618350982675
2026-07-17T09:57:32.447+07:00,3549948445557,9.787391646,1784257052446709243,right,,,,,,0.08362964540719985,2.8592031002044678,0.6508644819259644,-1.5157943964004517,3.2493093013763423,1.9337618350982675
2026-07-17T09:57:32.450+07:00,3549951252629,9.790198718,1784257052449813526,left,,,,,,3.0326125621795654,0.5639516711235047,-0.23975493013858787,1.5973879098892212,-0.13782687485218048,1.8970664739608762
2026-07-17T09:57:32.523+07:00,3550024169900,9.863115989,1784257052516532813,left,,,,,,3.0326125621795654,0.5639516711235047,-0.23975493013858787,1.5973879098892212,-0.13782687485218048,1.8970664739608762
2026-07-17T09:57:32.523+07:00,3550024350716,9.863296805,1784257052523013250,right,,,,,,0.08362964540719985,2.8592031002044678,0.6508644819259644,-1.5157943964004517,3.2493093013763423,1.9337618350982675
2026-07-17T09:57:32.583+07:00,3550084222043,9.923168132,1784257052582528262,left,,,,,,3.0326125621795654,0.5639516711235047,-0.23975493013858787,1.5973879098892212,-0.13782687485218048,1.8970664739608762
2026-07-17T09:57:32.587+07:00,3550088058294,9.927004383,1784257052586748307,right,,,,,,0.08362964540719985,2.8592031002044678,0.6508644819259644,-1.5157943964004517,3.2493093013763423,1.9337618350982675
2026-07-17T09:57:32.649+07:00,3550149971695,9.988917784,1784257052648068842,left,,,,,,3.0326125621795654,0.5639516711235047,-0.23975493013858787,1.5973879098892212,-0.13782687485218048,1.8970664739608762
2026-07-17T09:57:32.650+07:00,3550151785434,9.990731523,1784257052650508981,right,,,,,,0.08362964540719985,2.8592031002044678,0.6508644819259644,-1.5157943964004517,3.2493093013763423,1.9337618350982675
2026-07-17T09:57:32.724+07:00,3550225478606,10.064424695,1784257052713757978,left,,,,,,3.0326125621795654,0.5639516711235047,-0.23975493013858787,1.5973879098892212,-0.13782687485218048,1.8970664739608762
2026-07-17T09:57:32.735+07:00,3550236654206,10.075600295,1784257052735317475,right,,,,,,0.08362964540719985,2.8592031002044678,0.6508644819259644,-1.5157943964004517,3.2493093013763423,1.9337618350982675
2026-07-17T09:57:32.777+07:00,3550278523511,10.117469600,1784257052777139960,left,,,,,,3.0326125621795654,0.5639516711235047,-0.23975493013858787,1.5973879098892212,-0.13782687485218048,1.8970664739608762
2026-07-17T09:57:32.818+07:00,3550319087332,10.158033421,1784257052817591517,right,,,,,,0.08362964540719985,2.8592031002044678,0.6508644819259644,-1.5157943964004517,3.2493093013763423,1.9337618350982675
2026-07-17T09:57:32.841+07:00,3550342845734,10.181791823,1784257052841491469,left,,,,,,3.0326125621795654,0.5639516711235047,-0.23975493013858787,1.5973879098892212,-0.13782687485218048,1.8970664739608762
2026-07-17T09:57:32.924+07:00,3550425821960,10.264768049,1784257052879877910,right,,,,,,0.08362964540719985,2.8592031002044678,0.6508644819259644,-1.5157943964004517,3.2493093013763423,1.9337618350982675
2026-07-17T09:57:32.925+07:00,3550426194463,10.265140552,1784257052905486838,left,,,,,,3.0326125621795654,0.5639516711235047,-0.23975493013858787,1.5973879098892212,-0.13782687485218048,1.8970664739608762
2026-07-17T09:57:32.942+07:00,3550443664836,10.282610925,1784257052942178079,right,,,,,,0.08362964540719985,2.8592031002044678,0.6508644819259644,-1.5157943964004517,3.2493093013763423,1.9337618350982675
2026-07-17T09:57:32.978+07:00,3550479674058,10.318620147,1784257052978234068,left,,,,,,3.0326125621795654,0.5639516711235047,-0.23975493013858787,1.5973879098892212,-0.13782687485218048,1.8970664739608762
2026-07-17T09:57:33.006+07:00,3550507171908,10.346117997,1784257053005853543,right,,,,,,0.08362964540719985,2.8592031002044678,0.6508644819259644,-1.5157943964004517,3.2493093013763423,1.9337618350982675
2026-07-17T09:57:33.043+07:00,3550544045504,10.382991593,1784257053042668623,left,,,,,,3.0326125621795654,0.5639516711235047,-0.23975493013858787,1.5973879098892212,-0.13782687485218048,1.8970664739608762
2026-07-17T09:57:33.067+07:00,3550568774171,10.407720260,1784257053067488099,right,,,,,,0.08362964540719985,2.8592031002044678,0.6508644819259644,-1.5157943964004517,3.2493093013763423,1.9337618350982675
2026-07-17T09:57:33.124+07:00,3550624981993,10.463928082,1784257053106947945,left,,,,,,3.0326125621795654,0.5639516711235047,-0.23975493013858787,1.5973879098892212,-0.13782687485218048,1.8970664739608762
2026-07-17T09:57:33.132+07:00,3550633275204,10.472221293,1784257053131966544,right,,,,,,0.08362964540719985,2.8592031002044678,0.6508644819259644,-1.5157943964004517,3.2493093013763423,1.9337618350982675
2026-07-17T09:57:33.173+07:00,3550674945277,10.513891366,1784257053173402342,left,,,,,,3.0326125621795654,0.5639516711235047,-0.23975493013858787,1.5973879098892212,-0.13782687485218048,1.8970664739608762
2026-07-17T09:57:33.195+07:00,3550696595185,10.535541274,1784257053194963493,right,,,,,,0.08362964540719985,2.8592031002044678,0.6508644819259644,-1.5157943964004517,3.2493093013763423,1.9337618350982675
2026-07-17T09:57:33.239+07:00,3550740414554,10.579360643,1784257053238973685,left,,,,,,3.0326125621795654,0.5639516711235047,-0.23975493013858787,1.5973879098892212,-0.13782687485218048,1.8970664739608762
2026-07-17T09:57:33.256+07:00,3550757742019,10.596688108,1784257053256338660,right,,,,,,0.08362964540719985,2.8592031002044678,0.6508644819259644,-1.5157943964004517,3.2493093013763423,1.9337618350982675
2026-07-17T09:57:33.324+07:00,3550825094553,10.664040642,1784257053304922447,left,,,,,,3.0326125621795654,0.5639516711235047,-0.23975493013858787,1.5973879098892212,-0.13782687485218048,1.8970664739608762
2026-07-17T09:57:33.334+07:00,3550835200326,10.674146415,1784257053333690191,right,,,,,,0.08362964540719985,2.8592031002044678,0.6508644819259644,-1.5157943964004517,3.2493093013763423,1.9337618350982675
2026-07-17T09:57:33.370+07:00,3550871359898,10.710305987,1784257053369888917,left,,,,,,3.0326125621795654,0.5639516711235047,-0.23975493013858787,1.5973879098892212,-0.13782687485218048,1.8970664739608762
2026-07-17T09:57:33.408+07:00,3550909814033,10.748760122,1784257053408340016,right,,,,,,0.08362964540719985,2.8592031002044678,0.6508644819259644,-1.5157943964004517,3.2493093013763423,1.9337618350982675
2026-07-17T09:57:33.441+07:00,3550942316320,10.781262409,1784257053440918846,left,,,,,,3.0326125621795654,0.5639516711235047,-0.23975493013858787,1.5973879098892212,-0.13782687485218048,1.8970664739608762
2026-07-17T09:57:33.478+07:00,3550979361518,10.818307607,1784257053478025094,right,,,,,,0.08362964540719985,2.8592031002044678,0.6508644819259644,-1.5157943964004517,3.2493093013763423,1.9337618350982675
2026-07-17T09:57:33.533+07:00,3551034503858,10.873449947,1784257053506637072,left,,,,,,3.0326125621795654,0.5639516711235047,-0.23975493013858787,1.5973879098892212,-0.13782687485218048,1.8970664739608762
2026-07-17T09:57:33.538+07:00,3551039241018,10.878187107,1784257053537935335,right,,,,,,0.08362964540719985,2.8592031002044678,0.6508644819259644,-1.5157943964004517,3.2493093013763423,1.9337618350982675
2026-07-17T09:57:33.570+07:00,3551071948687,10.910894776,1784257053570501124,left,,,,,,3.0326125621795654,0.5639516711235047,-0.23975493013858787,1.5973879098892212,-0.13782687485218048,1.8970664739608762
2026-07-17T09:57:33.602+07:00,3551103422261,10.942368350,1784257053601968675,right,,,,,,0.08362964540719985,2.8592031002044678,0.6508644819259644,-1.5157943964004517,3.2493093013763423,1.9337618350982675
2026-07-17T09:57:33.635+07:00,3551136769758,10.975715847,1784257053635276930,left,,,,,,3.0326125621795654,0.5639516711235047,-0.23975493013858787,1.5973879098892212,-0.13782687485218048,1.8970664739608762
2026-07-17T09:57:33.676+07:00,3551177563977,11.016510066,1784257053676142795,right,,,,,,0.08362964540719985,2.8592031002044678,0.6508644819259644,-1.5157943964004517,3.2493093013763423,1.9337618350982675
2026-07-17T09:57:33.723+07:00,3551224564883,11.063510972,1784257053698319968,left,,,,,,3.0326125621795654,0.5639516711235047,-0.23975493013858787,1.5973879098892212,-0.13782687485218048,1.8970664739608762
2026-07-17T09:57:33.741+07:00,3551242265728,11.081211817,1784257053741086200,right,,,,,,0.08362964540719985,2.8592031002044678,0.6508644819259644,-1.5157943964004517,3.2493093013763423,1.9337618350982675
2026-07-17T09:57:33.761+07:00,3551262015444,11.100961533,1784257053760631013,left,,,,,,3.0326125621795654,0.5639516711235047,-0.23975493013858787,1.5973879098892212,-0.13782687485218048,1.8970664739608762
2026-07-17T09:57:33.827+07:00,3551328032763,11.166978852,1784257053826389256,left,,,,,,3.0326125621795654,0.5639516711235047,-0.23975493013858787,1.5973879098892212,-0.13782687485218048,1.8970664739608762
2026-07-17T09:57:33.838+07:00,3551339539927,11.178486016,1784257053838164153,right,,,,,,0.08362964540719985,2.8592031002044678,0.6508644819259644,-1.5157943964004517,3.2493093013763423,1.9337618350982675
2026-07-17T09:57:33.934+07:00,3551435922313,11.274868402,1784257053903359717,left,,,,,,3.0326125621795654,0.5639516711235047,-0.23975493013858787,1.5973879098892212,-0.13782687485218048,1.8970664739608762
2026-07-17T09:57:33.935+07:00,3551436027001,11.274973090,1784257053900530117,right,,,,,,0.08362964540719985,2.8592031002044678,0.6508644819259644,-1.5157943964004517,3.2493093013763423,1.9337618350982675
2026-07-17T09:57:33.965+07:00,3551466663390,11.305609479,1784257053965163817,right,,,,,,0.08362964540719985,2.8592031002044678,0.6508644819259644,-1.5157943964004517,3.2493093013763423,1.9337618350982675
2026-07-17T09:57:33.967+07:00,3551468733259,11.307679348,1784257053967467454,left,,,,,,3.0326125621795654,0.5639516711235047,-0.23975493013858787,1.5973879098892212,-0.13782687485218048,1.8970664739608762
2026-07-17T09:57:34.029+07:00,3551530505788,11.369451877,1784257054029145446,right,,,,,,0.08362964540719985,2.8592031002044678,0.6508644819259644,-1.5157943964004517,3.2493093013763423,1.9337618350982675
2026-07-17T09:57:34.030+07:00,3551531478608,11.370424697,1784257054030178071,left,,,,,,3.0326125621795654,0.5639516711235047,-0.23975493013858787,1.5973879098892212,-0.13782687485218048,1.8970664739608762
2026-07-17T09:57:34.124+07:00,3551625259042,11.464205131,1784257054098661585,left,,,,,,3.0326125621795654,0.5639516711235047,-0.23975493013858787,1.5973879098892212,-0.13782687485218048,1.8970664739608762
2026-07-17T09:57:34.124+07:00,3551625355237,11.464301326,1784257054094224257,right,,,,,,0.08362964540719985,2.8592031002044678,0.6508644819259644,-1.5157943964004517,3.2493093013763423,1.9337618350982675
2026-07-17T09:57:34.158+07:00,3551659374074,11.498320163,1784257054157936249,right,,,,,,0.08362964540719985,2.8592031002044678,0.6508644819259644,-1.5157943964004517,3.2493093013763423,1.9337618350982675
2026-07-17T09:57:34.163+07:00,3551664422792,11.503368881,1784257054163140864,left,,,,,,3.0326125621795654,0.5639516711235047,-0.23975493013858787,1.5973879098892212,-0.13782687485218048,1.8970664739608762
2026-07-17T09:57:34.229+07:00,3551730887872,11.569833961,1784257054229566413,left,,,,,,3.0326125621795654,0.5639516711235047,-0.23975493013858787,1.5973879098892212,-0.13782687485218048,1.8970664739608762
2026-07-17T09:57:34.232+07:00,3551733838619,11.572784708,1784257054232557441,right,,,,,,0.08362964540719985,2.8592031002044678,0.6508644819259644,-1.5157943964004517,3.2493093013763423,1.9337618350982675
2026-07-17T09:57:34.323+07:00,3551824824294,11.663770383,1784257054301049421,left,,,,,,3.0326125621795654,0.5639516711235047,-0.23975493013858787,1.5973879098892212,-0.13782687485218048,1.8970664739608762
2026-07-17T09:57:34.323+07:00,3551824921504,11.663867593,1784257054318961924,right,,,,,,0.08362964540719985,2.8592031002044678,0.6508644819259644,-1.5157943964004517,3.2493093013763423,1.9337618350982675
2026-07-17T09:57:34.362+07:00,3551863558402,11.702504491,1784257054362084251,left,,,,,,3.0326125621795654,0.5639516711235047,-0.23975493013858787,1.5973879098892212,-0.13782687485218048,1.8970664739608762
2026-07-17T09:57:34.385+07:00,3551886346523,11.725292612,1784257054384948093,right,,,,,,0.08362964540719985,2.8592031002044678,0.6508644819259644,-1.5157943964004517,3.2493093013763423,1.9337618350982675
2026-07-17T09:57:34.425+07:00,3551926808867,11.765754956,1784257054425156008,left,,,,,,3.0326125621795654,0.5639516711235047,-0.23975493013858787,1.5973879098892212,-0.13782687485218048,1.8970664739608762
2026-07-17T09:57:34.451+07:00,3551952170362,11.791116451,1784257054450690634,right,,,,,,0.08362964540719985,2.8592031002044678,0.6508644819259644,-1.5157943964004517,3.2493093013763423,1.9337618350982675
2026-07-17T09:57:34.523+07:00,3552024226128,11.863172217,1784257054497265115,left,,,,,,3.0326125621795654,0.5639516711235047,-0.23975493013858787,1.5973879098892212,-0.13782687485218048,1.8970664739608762
2026-07-17T09:57:34.523+07:00,3552024325848,11.863271937,1784257054517548564,right,,,,,,0.08362964540719985,2.8592031002044678,0.6508644819259644,-1.5157943964004517,3.2493093013763423,1.9337618350982675
2026-07-17T09:57:34.559+07:00,3552060503763,11.899449852,1784257054558938588,left,,,,,,3.0326125621795654,0.5639516711235047,-0.23975493013858787,1.5973879098892212,-0.13782687485218048,1.8970664739608762
2026-07-17T09:57:34.580+07:00,3552081473748,11.920419837,1784257054580173165,right,,,,,,0.08362964540719985,2.8592031002044678,0.6508644819259644,-1.5157943964004517,3.2493093013763423,1.9337618350982675
2026-07-17T09:57:34.622+07:00,3552123602907,11.962548996,1784257054622307694,left,,,,,,3.0326125621795654,0.5639516711235047,-0.23975493013858787,1.5973879098892212,-0.13782687485218048,1.8970664739608762
2026-07-17T09:57:34.646+07:00,3552147007333,11.985953422,1784257054645682079,right,,,,,,0.08362964540719985,2.8592031002044678,0.6508644819259644,-1.5157943964004517,3.2493093013763423,1.9337618350982675
2026-07-17T09:57:34.735+07:00,3552236171995,12.075118084,1784257054684577986,left,,,,,,3.0326125621795654,0.5639516711235047,-0.23975493013858787,1.5973879098892212,-0.13782687485218048,1.8970664739608762
2026-07-17T09:57:34.735+07:00,3552236276137,12.075222226,1784257054710166412,right,,,,,,0.08362964540719985,2.8592031002044678,0.6508644819259644,-1.5157943964004517,3.2493093013763423,1.9337618350982675
2026-07-17T09:57:34.749+07:00,3552250151498,12.089097587,1784257054748792156,left,,,,,,3.0326125621795654,0.5639516711235047,-0.23975493013858787,1.5973879098892212,-0.13782687485218048,1.8970664739608762
2026-07-17T09:57:34.801+07:00,3552302403082,12.141349171,1784257054800557529,right,,,,,,0.08362964540719985,2.8592031002044678,0.6508644819259644,-1.5157943964004517,3.2493093013763423,1.9337618350982675
2026-07-17T09:57:34.812+07:00,3552313789641,12.152735730,1784257054812449879,left,,,,,,3.0326125621795654,0.5639516711235047,-0.23975493013858787,1.5973879098892212,-0.13782687485218048,1.8970664739608762
2026-07-17T09:57:34.864+07:00,3552365400615,12.204346704,1784257054863435948,right,,,,,,0.08362964540719985,2.8592031002044678,0.6508644819259644,-1.5157943964004517,3.2493093013763423,1.9337618350982675
2026-07-17T09:57:34.877+07:00,3552378797896,12.217743985,1784257054877496906,left,,,,,,3.0326125621795654,0.5639516711235047,-0.23975493013858787,1.5973879098892212,-0.13782687485218048,1.8970664739608762
2026-07-17T09:57:34.927+07:00,3552428674803,12.267620892,1784257054927301409,right,,,,,,0.08362964540719985,2.8592031002044678,0.6508644819259644,-1.5157943964004517,3.2493093013763423,1.9337618350982675
2026-07-17T09:57:34.959+07:00,3552460015037,12.298961126,1784257054958583007,left,,,,,,3.0326125621795654,0.5639516711235047,-0.23975493013858787,1.5973879098892212,-0.13782687485218048,1.8970664739608762
2026-07-17T09:57:35.005+07:00,3552506432786,12.345378875,1784257055005068402,right,,,,,,0.08362964540719985,2.8592031002044678,0.6508644819259644,-1.5157943964004517,3.2493093013763423,1.9337618350982675
2026-07-17T09:57:35.037+07:00,3552537986699,12.376932788,1784257055036539420,left,,,,,,3.0326125621795654,0.5639516711235047,-0.23975493013858787,1.5973879098892212,-0.13782687485218048,1.8970664739608762
2026-07-17T09:57:35.072+07:00,3552573603843,12.412549932,1784257055072086116,right,,,,,,0.08362964540719985,2.8592031002044678,0.6508644819259644,-1.5157943964004517,3.2493093013763423,1.9337618350982675
2026-07-17T09:57:35.135+07:00,3552636111408,12.475057497,1784257055103933928,left,,,,,,3.0326125621795654,0.5639516711235047,-0.23975493013858787,1.5973879098892212,-0.13782687485218048,1.8970664739608762
2026-07-17T09:57:35.137+07:00,3552638540496,12.477486585,1784257055137126401,right,,,,,,0.08362964540719985,2.8592031002044678,0.6508644819259644,-1.5157943964004517,3.2493093013763423,1.9337618350982675
2026-07-17T09:57:35.169+07:00,3552670195491,12.509141580,1784257055168728205,left,,,,,,3.0326125621795654,0.5639516711235047,-0.23975493013858787,1.5973879098892212,-0.13782687485218048,1.8970664739608762
2026-07-17T09:57:35.200+07:00,3552701735461,12.540681550,1784257055200303629,right,,,,,,0.08362964540719985,2.8592031002044678,0.6508644819259644,-1.5157943964004517,3.2493093013763423,1.9337618350982675
2026-07-17T09:57:35.233+07:00,3552733989485,12.572935574,1784257055232714730,left,,,,,,3.0326125621795654,0.5639516711235047,-0.23975493013858787,1.5973879098892212,-0.13782687485218048,1.8970664739608762
2026-07-17T09:57:35.263+07:00,3552764221966,12.603168055,1784257055262820299,right,,,,,,0.08362964540719985,2.8592031002044678,0.6508644819259644,-1.5157943964004517,3.2493093013763423,1.9337618350982675
2026-07-17T09:57:35.323+07:00,3552824848259,12.663794348,1784257055300345560,left,,,,,,3.0326125621795654,0.5639516711235047,-0.23975493013858787,1.5973879098892212,-0.13782687485218048,1.8970664739608762
2026-07-17T09:57:35.328+07:00,3552829172299,12.668118388,1784257055327813829,right,,,,,,0.08362964540719985,2.8592031002044678,0.6508644819259644,-1.5157943964004517,3.2493093013763423,1.9337618350982675
2026-07-17T09:57:35.370+07:00,3552871224434,12.710170523,1784257055369511964,left,,,,,,3.0326125621795654,0.5639516711235047,-0.23975493013858787,1.5973879098892212,-0.13782687485218048,1.8970664739608762
2026-07-17T09:57:35.391+07:00,3552892866712,12.731812801,1784257055391481250,right,,,,,,0.08362964540719985,2.8592031002044678,0.6508644819259644,-1.5157943964004517,3.2493093013763423,1.9337618350982675
2026-07-17T09:57:35.440+07:00,3552941528683,12.780474772,1784257055439579790,left,,,,,,3.0326125621795654,0.5639516711235047,-0.23975493013858787,1.5973879098892212,-0.13782687485218048,1.8970664739608762
2026-07-17T09:57:35.454+07:00,3552955692899,12.794638988,1784257055454334044,right,,,,,,0.08362964540719985,2.8592031002044678,0.6508644819259644,-1.5157943964004517,3.2493093013763423,1.9337618350982675
2026-07-17T09:57:35.524+07:00,3553025242865,12.864188954,1784257055506038798,left,,,,,,3.0326125621795654,0.5639516711235047,-0.23975493013858787,1.5973879098892212,-0.13782687485218048,1.8970664739608762
2026-07-17T09:57:35.524+07:00,3553025340292,12.864286381,1784257055519053348,right,,,,,,0.08362964540719985,2.8592031002044678,0.6508644819259644,-1.5157943964004517,3.2493093013763423,1.9337618350982675
2026-07-17T09:57:35.573+07:00,3553074174963,12.913121052,1784257055572506324,left,,,,,,3.0326125621795654,0.5639516711235047,-0.23975493013858787,1.5973879098892212,-0.13782687485218048,1.8970664739608762
2026-07-17T09:57:35.582+07:00,3553083744720,12.922690809,1784257055582379345,right,,,,,,0.08362964540719985,2.8592031002044678,0.6508644819259644,-1.5157943964004517,3.2493093013763423,1.9337618350982675
2026-07-17T09:57:35.638+07:00,3553139416497,12.978362586,1784257055637731050,left,,,,,,3.0326125621795654,0.5639516711235047,-0.23975493013858787,1.5973879098892212,-0.13782687485218048,1.8970664739608762
2026-07-17T09:57:35.647+07:00,3553148944734,12.987890823,1784257055647666143,right,,,,,,0.08362964540719985,2.8592031002044678,0.6508644819259644,-1.5157943964004517,3.2493093013763423,1.9337618350982675
2026-07-17T09:57:35.724+07:00,3553225385981,13.064332070,1784257055704513713,left,,,,,,3.0326125621795654,0.5639516711235047,-0.23975493013858787,1.5973879098892212,-0.13782687485218048,1.8970664739608762
2026-07-17T09:57:35.724+07:00,3553225486407,13.064432496,1784257055718448202,right,,,,,,0.08362964540719985,2.8592031002044678,0.6508644819259644,-1.5157943964004517,3.2493093013763423,1.9337618350982675
2026-07-17T09:57:35.783+07:00,3553284510751,13.123456840,1784257055783035645,right,,,,,,0.08362964540719985,2.8592031002044678,0.6508644819259644,-1.5157943964004517,3.2493093013763423,1.9337618350982675
2026-07-17T09:57:35.797+07:00,3553298688529,13.137634618,1784257055797255028,left,,,,,,3.0326125621795654,0.5639516711235047,-0.23975493013858787,1.5973879098892212,-0.13782687485218048,1.8970664739608762
2026-07-17T09:57:35.846+07:00,3553347907481,13.186853570,1784257055846429912,right,,,,,,0.08362964540719985,2.8592031002044678,0.6508644819259644,-1.5157943964004517,3.2493093013763423,1.9337618350982675
2026-07-17T09:57:35.861+07:00,3553362054502,13.201000591,1784257055860754514,left,,,,,,3.0326125621795654,0.5639516711235047,-0.23975493013858787,1.5973879098892212,-0.13782687485218048,1.8970664739608762
2026-07-17T09:57:35.923+07:00,3553424354100,13.263300189,1784257055917925465,right,,,,,,0.08362964540719985,2.8592031002044678,0.6508644819259644,-1.5157943964004517,3.2493093013763423,1.9337618350982675
2026-07-17T09:57:35.927+07:00,3553428600332,13.267546421,1784257055927304422,left,,,,,,3.0326125621795654,0.5639516711235047,-0.23975493013858787,1.5973879098892212,-0.13782687485218048,1.8970664739608762
2026-07-17T09:57:35.981+07:00,3553482923474,13.321869563,1784257055981468227,right,,,,,,0.08362964540719985,2.8592031002044678,0.6508644819259644,-1.5157943964004517,3.2493093013763423,1.9337618350982675
2026-07-17T09:57:35.992+07:00,3553493525407,13.332471496,1784257055992165408,left,,,,,,3.0326125621795654,0.5639516711235047,-0.23975493013858787,1.5973879098892212,-0.13782687485218048,1.8970664739608762
2026-07-17T09:57:36.047+07:00,3553548659635,13.387605724,1784257056047004793,right,,,,,,0.08362964540719985,2.8592031002044678,0.6508644819259644,-1.5157943964004517,3.2493093013763423,1.9337618350982675
2026-07-17T09:57:36.057+07:00,3553557997288,13.396943377,1784257056056627830,left,,,,,,3.0326125621795654,0.5639516711235047,-0.23975493013858787,1.5973879098892212,-0.13782687485218048,1.8970664739608762
2026-07-17T09:57:36.123+07:00,3553624211903,13.463157992,1784257056121793060,left,,,,,,3.0326125621795654,0.5639516711235047,-0.23975493013858787,1.5973879098892212,-0.13782687485218048,1.8970664739608762
2026-07-17T09:57:36.123+07:00,3553624308465,13.463254554,1784257056118878095,right,,,,,,0.08362964540719985,2.8592031002044678,0.6508644819259644,-1.5157943964004517,3.2493093013763423,1.9337618350982675
2026-07-17T09:57:36.183+07:00,3553684944782,13.523890871,1784257056183275758,right,,,,,,0.08362964540719985,2.8592031002044678,0.6508644819259644,-1.5157943964004517,3.2493093013763423,1.9337618350982675
2026-07-17T09:57:36.187+07:00,3553688587395,13.527533484,1784257056187237565,left,,,,,,3.0326125621795654,0.5639516711235047,-0.23975493013858787,1.5973879098892212,-0.13782687485218048,1.8970664739608762
2026-07-17T09:57:36.249+07:00,3553750114567,13.589060656,1784257056248731141,left,,,,,,3.0326125621795654,0.5639516711235047,-0.23975493013858787,1.5973879098892212,-0.13782687485218048,1.8970664739608762
2026-07-17T09:57:36.272+07:00,3553772993443,13.611939532,1784257056271561431,right,,,,,,0.08362964540719985,2.8592031002044678,0.6508644819259644,-1.5157943964004517,3.2493093013763423,1.9337618350982675
2026-07-17T09:57:36.323+07:00,3553824901542,13.663847631,1784257056314706840,left,,,,,,3.0326125621795654,0.5639516711235047,-0.23975493013858787,1.5973879098892212,-0.13782687485218048,1.8970664739608762
2026-07-17T09:57:36.349+07:00,3553850369599,13.689315688,1784257056348801627,right,,,,,,0.08362964540719985,2.8592031002044678,0.6508644819259644,-1.5157943964004517,3.2493093013763423,1.9337618350982675
2026-07-17T09:57:36.379+07:00,3553880136168,13.719082257,1784257056378664383,left,,,,,,3.0326125621795654,0.5639516711235047,-0.23975493013858787,1.5973879098892212,-0.13782687485218048,1.8970664739608762
2026-07-17T09:57:36.427+07:00,3553928958162,13.767904251,1784257056427327411,right,,,,,,0.08362964540719985,2.8592031002044678,0.6508644819259644,-1.5157943964004517,3.2493093013763423,1.9337618350982675
2026-07-17T09:57:36.443+07:00,3553944377183,13.783323272,1784257056442934137,left,,,,,,3.0326125621795654,0.5639516711235047,-0.23975493013858787,1.5973879098892212,-0.13782687485218048,1.8970664739608762
2026-07-17T09:57:36.523+07:00,3554024223360,13.863169449,1784257056505824314,left,,,,,,3.0326125621795654,0.5639516711235047,-0.23975493013858787,1.5973879098892212,-0.13782687485218048,1.8970664739608762
2026-07-17T09:57:36.523+07:00,3554024322100,13.863268189,1784257056502187091,right,,,,,,0.08362964540719985,2.8592031002044678,0.6508644819259644,-1.5157943964004517,3.2493093013763423,1.9337618350982675
2026-07-17T09:57:36.572+07:00,3554073045246,13.911991335,1784257056571524626,left,,,,,,3.0326125621795654,0.5639516711235047,-0.23975493013858787,1.5973879098892212,-0.13782687485218048,1.8970664739608762
2026-07-17T09:57:36.590+07:00,3554091310828,13.930256917,1784257056589904332,right,,,,,,0.08362964540719985,2.8592031002044678,0.6508644819259644,-1.5157943964004517,3.2493093013763423,1.9337618350982675
2026-07-17T09:57:36.634+07:00,3554135780835,13.974726924,1784257056634282437,left,,,,,,3.0326125621795654,0.5639516711235047,-0.23975493013858787,1.5973879098892212,-0.13782687485218048,1.8970664739608762
2026-07-17T09:57:36.655+07:00,3554156842159,13.995788248,1784257056655526684,right,,,,,,0.08362964540719985,2.8592031002044678,0.6508644819259644,-1.5157943964004517,3.2493093013763423,1.9337618350982675
2026-07-17T09:57:36.724+07:00,3554225886780,14.064832869,1784257056719045878,right,,,,,,0.08362964540719985,2.8592031002044678,0.6508644819259644,-1.5157943964004517,3.2493093013763423,1.9337618350982675
2026-07-17T09:57:36.743+07:00,3554244197230,14.083143319,1784257056742800364,left,,,,,,3.0326125621795654,0.5639516711235047,-0.23975493013858787,1.5973879098892212,-0.13782687485218048,1.8970664739608762
2026-07-17T09:57:36.782+07:00,3554283587887,14.122533976,1784257056782137732,right,,,,,,0.08362964540719985,2.8592031002044678,0.6508644819259644,-1.5157943964004517,3.2493093013763423,1.9337618350982675
2026-07-17T09:57:36.807+07:00,3554308108755,14.147054844,1784257056806614060,left,,,,,,3.0326125621795654,0.5639516711235047,-0.23975493013858787,1.5973879098892212,-0.13782687485218048,1.8970664739608762
2026-07-17T09:57:36.850+07:00,3554351820309,14.190766398,1784257056850163644,right,,,,,,0.08362964540719985,2.8592031002044678,0.6508644819259644,-1.5157943964004517,3.2493093013763423,1.9337618350982675
2026-07-17T09:57:36.944+07:00,3554445570394,14.284516483,1784257056880872912,left,,,,,,3.0326125621795654,0.5639516711235047,-0.23975493013858787,1.5973879098892212,-0.13782687485218048,1.8970664739608762
2026-07-17T09:57:36.944+07:00,3554445662487,14.284608576,1784257056913014909,right,,,,,,0.08362964540719985,2.8592031002044678,0.6508644819259644,-1.5157943964004517,3.2493093013763423,1.9337618350982675
2026-07-17T09:57:36.950+07:00,3554451595106,14.290541195,1784257056950336390,left,,,,,,3.0326125621795654,0.5639516711235047,-0.23975493013858787,1.5973879098892212,-0.13782687485218048,1.8970664739608762
2026-07-17T09:57:36.981+07:00,3554482080438,14.321026527,1784257056980717889,right,,,,,,0.08362964540719985,2.8592031002044678,0.6508644819259644,-1.5157943964004517,3.2493093013763423,1.9337618350982675
2026-07-17T09:57:37.020+07:00,3554521371583,14.360317672,1784257057019956990,left,,,,,,3.0326125621795654,0.5639516711235047,-0.23975493013858787,1.5973879098892212,-0.13782687485218048,1.8970664739608762
2026-07-17T09:57:37.057+07:00,3554558598133,14.397544222,1784257057057290752,right,,,,,,0.08362964540719985,2.8592031002044678,0.6508644819259644,-1.5157943964004517,3.2493093013763423,1.9337618350982675
2026-07-17T09:57:37.124+07:00,3554625081108,14.464027197,1784257057098089001,left,,,,,,3.0326125621795654,0.5639516711235047,-0.23975493013858787,1.5973879098892212,-0.13782687485218048,1.8970664739608762
2026-07-17T09:57:37.124+07:00,3554625183479,14.464129568,1784257057119213139,right,,,,,,0.08362964540719985,2.8592031002044678,0.6508644819259644,-1.5157943964004517,3.2493093013763423,1.9337618350982675
2026-07-17T09:57:37.168+07:00,3554669713274,14.508659363,1784257057168068488,left,,,,,,3.0326125621795654,0.5639516711235047,-0.23975493013858787,1.5973879098892212,-0.13782687485218048,1.8970664739608762
2026-07-17T09:57:37.181+07:00,3554682633406,14.521579495,1784257057181240134,right,,,,,,0.08362964540719985,2.8592031002044678,0.6508644819259644,-1.5157943964004517,3.2493093013763423,1.9337618350982675
2026-07-17T09:57:37.237+07:00,3554738957164,14.577903253,1784257057237484841,left,,,,,,3.0326125621795654,0.5639516711235047,-0.23975493013858787,1.5973879098892212,-0.13782687485218048,1.8970664739608762
2026-07-17T09:57:37.256+07:00,3554757950137,14.596896226,1784257057256608350,right,,,,,,0.08362964540719985,2.8592031002044678,0.6508644819259644,-1.5157943964004517,3.2493093013763423,1.9337618350982675
2026-07-17T09:57:37.324+07:00,3554825094837,14.664040926,1784257057301415086,left,,,,,,3.0326125621795654,0.5639516711235047,-0.23975493013858787,1.5973879098892212,-0.13782687485218048,1.8970664739608762
2026-07-17T09:57:37.324+07:00,3554825190794,14.664136883,1784257057321802331,right,,,,,,0.08362964540719985,2.8592031002044678,0.6508644819259644,-1.5157943964004517,3.2493093013763423,1.9337618350982675
2026-07-17T09:57:37.387+07:00,3554888956726,14.727902815,1784257057387180092,right,,,,,,0.08362964540719985,2.8592031002044678,0.6508644819259644,-1.5157943964004517,3.2493093013763423,1.9337618350982675
2026-07-17T09:57:37.391+07:00,3554892762209,14.731708298,1784257057391317208,left,,,,,,3.0326125621795654,0.5639516711235047,-0.23975493013858787,1.5973879098892212,-0.13782687485218048,1.8970664739608762
2026-07-17T09:57:37.452+07:00,3554953898164,14.792844253,1784257057452382964,left,,,,,,3.0326125621795654,0.5639516711235047,-0.23975493013858787,1.5973879098892212,-0.13782687485218048,1.8970664739608762
2026-07-17T09:57:37.455+07:00,3554955996711,14.794942800,1784257057454697009,right,,,,,,0.08362964540719985,2.8592031002044678,0.6508644819259644,-1.5157943964004517,3.2493093013763423,1.9337618350982675
2026-07-17T09:57:37.523+07:00,3555024930014,14.863876103,1784257057519061504,left,,,,,,3.0326125621795654,0.5639516711235047,-0.23975493013858787,1.5973879098892212,-0.13782687485218048,1.8970664739608762
2026-07-17T09:57:37.524+07:00,3555025088814,14.864034903,1784257057519995888,right,,,,,,0.08362964540719985,2.8592031002044678,0.6508644819259644,-1.5157943964004517,3.2493093013763423,1.9337618350982675
2026-07-17T09:57:37.588+07:00,3555089938806,14.928884895,1784257057588702258,right,,,,,,0.08362964540719985,2.8592031002044678,0.6508644819259644,-1.5157943964004517,3.2493093013763423,1.9337618350982675
2026-07-17T09:57:37.593+07:00,3555094556300,14.933502389,1784257057593309310,left,,,,,,3.0326125621795654,0.5639516711235047,-0.23975493013858787,1.5973879098892212,-0.13782687485218048,1.8970664739608762
2026-07-17T09:57:37.656+07:00,3555157034054,14.995980143,1784257057655517893,right,,,,,,0.08362964540719985,2.8592031002044678,0.6508644819259644,-1.5157943964004517,3.2493093013763423,1.9337618350982675
2026-07-17T09:57:37.663+07:00,3555164774352,15.003720441,1784257057663560256,left,,,,,,3.0326125621795654,0.5639516711235047,-0.23975493013858787,1.5973879098892212,-0.13782687485218048,1.8970664739608762
2026-07-17T09:57:37.723+07:00,3555224036001,15.062982090,1784257057718746942,right,,,,,,0.08362964540719985,2.8592031002044678,0.6508644819259644,-1.5157943964004517,3.2493093013763423,1.9337618350982675
2026-07-17T09:57:37.727+07:00,3555228709708,15.067655797,1784257057727455518,left,,,,,,3.0326125621795654,0.5639516711235047,-0.23975493013858787,1.5973879098892212,-0.13782687485218048,1.8970664739608762
2026-07-17T09:57:37.783+07:00,3555284785496,15.123731585,1784257057782963884,right,,,,,,0.08362964540719985,2.8592031002044678,0.6508644819259644,-1.5157943964004517,3.2493093013763423,1.9337618350982675
2026-07-17T09:57:37.793+07:00,3555294671475,15.133617564,1784257057793307567,left,,,,,,3.0326125621795654,0.5639516711235047,-0.23975493013858787,1.5973879098892212,-0.13782687485218048,1.8970664739608762
2026-07-17T09:57:37.849+07:00,3555350144051,15.189090140,1784257057848670738,right,,,,,,0.08362964540719985,2.8592031002044678,0.6508644819259644,-1.5157943964004517,3.2493093013763423,1.9337618350982675
2026-07-17T09:57:37.857+07:00,3555358149766,15.197095855,1784257057856808743,left,,,,,,3.0326125621795654,0.5639516711235047,-0.23975493013858787,1.5973879098892212,-0.13782687485218048,1.8970664739608762
2026-07-17T09:57:37.934+07:00,3555435010617,15.273956706,1784257057925873900,left,,,,,,3.0326125621795654,0.5639516711235047,-0.23975493013858787,1.5973879098892212,-0.13782687485218048,1.8970664739608762
2026-07-17T09:57:37.934+07:00,3555435120423,15.274066512,1784257057926641564,right,,,,,,0.08362964540719985,2.8592031002044678,0.6508644819259644,-1.5157943964004517,3.2493093013763423,1.9337618350982675
2026-07-17T09:57:37.990+07:00,3555491227881,15.330173970,1784257057989517123,left,,,,,,3.0326125621795654,0.5639516711235047,-0.23975493013858787,1.5973879098892212,-0.13782687485218048,1.8970664739608762
2026-07-17T09:57:37.990+07:00,3555491906062,15.330852151,1784257057990429237,right,,,,,,0.08362964540719985,2.8592031002044678,0.6508644819259644,-1.5157943964004517,3.2493093013763423,1.9337618350982675
2026-07-17T09:57:38.058+07:00,3555559831981,15.398778070,1784257058058114899,left,,,,,,3.0326125621795654,0.5639516711235047,-0.23975493013858787,1.5973879098892212,-0.13782687485218048,1.8970664739608762
2026-07-17T09:57:38.059+07:00,3555560528679,15.399474768,1784257058058404011,right,,,,,,0.08362964540719985,2.8592031002044678,0.6508644819259644,-1.5157943964004517,3.2493093013763423,1.9337618350982675
2026-07-17T09:57:38.124+07:00,3555625288581,15.464234670,1784257058122200889,left,,,,,,3.0326125621795654,0.5639516711235047,-0.23975493013858787,1.5973879098892212,-0.13782687485218048,1.8970664739608762
2026-07-17T09:57:38.124+07:00,3555625436995,15.464383084,1784257058122143405,right,,,,,,0.08362964540719985,2.8592031002044678,0.6508644819259644,-1.5157943964004517,3.2493093013763423,1.9337618350982675
2026-07-17T09:57:38.187+07:00,3555688141811,15.527087900,1784257058186535070,right,,,,,,0.08362964540719985,2.8592031002044678,0.6508644819259644,-1.5157943964004517,3.2493093013763423,1.9337618350982675
2026-07-17T09:57:38.188+07:00,3555689213617,15.528159706,1784257058187734038,left,,,,,,3.0326125621795654,0.5639516711235047,-0.23975493013858787,1.5973879098892212,-0.13782687485218048,1.8970664739608762
2026-07-17T09:57:38.257+07:00,3555758037266,15.596983355,1784257058256721696,right,,,,,,0.08349247393726443,2.858450930175891,0.6497444091762324,-1.5159655165646737,3.249203064889672,1.9318802350234991
2026-07-17T09:57:38.323+07:00,3555824576314,15.663522403,1784257058298462845,left,,,,,,3.033010386649497,0.5623416075112622,-0.241833896327279,1.5970403995653262,-0.13737598305878687,1.893367011451721
2026-07-17T09:57:38.334+07:00,3555835388877,15.674334966,1784257058333990126,right,,,,,,0.08282061367635625,2.854766832076736,0.6442583385653009,-1.516803656144537,3.2486827229141415,1.9226642346572886
2026-07-17T09:57:38.364+07:00,3555865376657,15.704322746,1784257058364057826,left,,,,,,3.033901513462144,0.5587350650198387,-0.24649078058994717,1.5962619764398016,-0.13636598544158518,1.8850802154312132
2026-07-17T09:57:38.401+07:00,3555902722873,15.741668962,1784257058401296492,right,,,,,,0.0819289991426333,2.8498777270053535,0.6369778658623537,-1.5179159371859612,3.247992185766935,1.9104338344573983
2026-07-17T09:57:38.427+07:00,3555928207316,15.767153405,1784257058426692216,left,,,,,,3.0351951060114044,0.5534996749167899,-0.2532508855485872,1.5951319887196933,-0.13489983564804323,1.8730507966804504
2026-07-17T09:57:38.467+07:00,3555968838831,15.807784920,1784257058467557346,right,,,,,,0.08099585992845154,2.8447609242931846,0.6293583236499443,-1.5190800198895145,3.247269488607417,1.8976338344573982
2026-07-17T09:57:38.523+07:00,3556024429445,15.863375534,1784257058501225950,left,,,,,,3.0366869477428824,0.5474619364953964,-0.26104700859539964,1.5938288250319623,-0.13320899145768741,1.8591778125572203
2026-07-17T09:57:38.542+07:00,3556043612342,15.882558431,1784257058542169383,right,,,,,,0.07982943591072436,2.8383649209029738,0.6198338958844325,-1.5205351232689563,3.246366117158018,1.8816338344573982
2026-07-17T09:57:38.561+07:00,3556062960784,15.901906873,1784257058561596219,left,,,,,,3.038013029281974,0.5420950578986022,-0.2679768957481219,1.592670457309535,-0.13170601884403785,1.8468462711143492
2026-07-17T09:57:38.611+07:00,3556112377836,15.951323925,1784257058610847952,right,,,,,,0.0788962966965426,2.8332481181908054,0.6122143536720229,-1.5216992059725098,3.245643419998499,1.8688338344573983
2026-07-17T09:57:38.626+07:00,3556127319944,15.966266033,1784257058625968718,left,,,,,,3.0393391108210657,0.536728179301808,-0.2749067829008441,1.5915120895871073,-0.13020304623038825,1.834514729671478
2026-07-17T09:57:38.674+07:00,3556175281794,16.014227883,1784257058673536581,right,,,,,,0.07796315748236085,2.828131315478636,0.6045948114596135,-1.5228632886760634,3.2449207228389803,1.8560338344573983
2026-07-17T09:57:38.723+07:00,3556224213778,16.063159867,1784257058697144778,left,,,,,,3.0408309525525437,0.5306904408804146,-0.28270290594765657,1.5902089258993763,-0.12851220204003247,1.8206417455482482
2026-07-17T09:57:38.758+07:00,3556259566453,16.098512542,1784257058758232517,left,,,,,,3.0419912738992485,0.5259944221082197,-0.28876655720628847,1.589195354142252,-0.12719710100308906,1.809851646785736
2026-07-17T09:57:38.758+07:00,3556259789612,16.098735701,1784257058758419801,right,,,,,,0.07668009106286094,2.8210957117494044,0.5941179409175505,-1.5244639023934494,3.243927014244642,1.838433834457398
2026-07-17T09:57:38.822+07:00,3556323678941,16.162625030,1784257058822001915,left,,,,,,3.043483115630727,0.5199566836868262,-0.29656268025310095,1.5878921904545213,-0.12550625681273328,1.795978662662506
2026-07-17T09:57:38.822+07:00,3556323892203,16.162838292,1784257058822113775,right,,,,,,0.0757469518486792,2.8159789090372356,0.5864983987051412,-1.525627985097003,3.2432043170851235,1.8256338344573981
2026-07-17T09:57:38.936+07:00,3556437827118,16.276773207,1784257058885253839,left,,,,,,3.044643436977432,0.5152606649146313,-0.30262633151173285,1.586878618697397,-0.12419115577578989,1.7851885638999938
2026-07-17T09:57:38.936+07:00,3556437915112,16.276861201,1784257058889648956,right,,,,,,0.07481381263449746,2.810862106325067,0.5788788564927317,-1.5267920678005564,3.2424816199256044,1.8128338344573984
2026-07-17T09:57:38.956+07:00,3556457433602,16.296379691,1784257058956017532,right,,,,,,0.073764031018543,2.8051057032738775,0.5703068715037711,-1.5281016608420541,3.2416685856211456,1.7984338344573985
2026-07-17T09:57:38.966+07:00,3556467805290,16.306751379,1784257058966444545,left,,,,,,3.046466799093683,0.5078812068440393,-0.3121549263467259,1.5852858630790592,-0.12212456843202171,1.768232694416046
2026-07-17T09:57:39.017+07:00,3556517993617,16.356939706,1784257059016457361,right,,,,,,0.07294753420613397,2.8006285009007303,0.5636397720679129,-1.5291202332076634,3.2410362256065666,1.7872338344573984
2026-07-17T09:57:39.039+07:00,3556540387692,16.379333781,1784257059039058708,left,,,,,,3.047958640825161,0.5018434684226458,-0.3199510493935384,1.583982699391328,-0.1204337242416659,1.7543597102928161
2026-07-17T09:57:39.125+07:00,3556626137034,16.465083123,1784257059106476066,left,,,,,,3.0492847223642525,0.4964765898258516,-0.32688093654626066,1.5828243316689006,-0.11893075162801629,1.742028168849945
2026-07-17T09:57:39.125+07:00,3556626225283,16.465171372,1784257059083483884,right,,,,,,0.07201439499195222,2.7955116981885615,0.5560202298555035,-1.5302843159112165,3.240313528447048,1.7744338344573984
2026-07-17T09:57:39.148+07:00,3556649533449,16.488479538,1784257059148012739,right,,,,,,0.07108125577777047,2.7903948954763926,0.548400687643094,-1.5314483986147704,3.239590831287529,1.7616338344573983
2026-07-17T09:57:39.170+07:00,3556671702548,16.510648637,1784257059170296035,left,,,,,,3.050610803903344,0.49110971122905733,-0.33381082369898296,1.5816659639464734,-0.11742777901436671,1.7296966274070738
2026-07-17T09:57:39.211+07:00,3556712912014,16.551858103,1784257059211418252,right,,,,,,0.07014811656358871,2.7852780927642242,0.5407811454306846,-1.532612481318324,3.23886813412801,1.7488338344573984
2026-07-17T09:57:39.233+07:00,3556734617323,16.573563412,1784257059233254792,left,,,,,,3.0519368854424362,0.48574283263226303,-0.3407407108517052,1.5805075962240456,-0.11592480640071709,1.7173650859642025
2026-07-17T09:57:39.277+07:00,3556778011303,16.616957392,1784257059276527608,right,,,,,,0.06909833494763426,2.7795216897130346,0.5322091604417241,-1.5339220743598216,3.2380550998235518,1.7344338344573986
2026-07-17T09:57:39.323+07:00,3556824735056,16.663681145,1784257059303543171,left,,,,,,3.053428727173914,0.4797050942108696,-0.34853683389851775,1.5792044325363144,-0.1142339622103613,1.7034921018409723
2026-07-17T09:57:39.343+07:00,3556844514399,16.683460488,1784257059343153252,right,,,,,,0.0681651957334525,2.774404887000866,0.5245896182293146,-1.5350861570633747,3.2373324026640327,1.7216338344573987
2026-07-17T09:57:39.368+07:00,3556869458525,16.708404614,1784257059368048016,left,,,,,,3.0547548087130054,0.47433821561407535,-0.35546672105124,1.578046064813887,-0.1127309895967117,1.6911605603981015
2026-07-17T09:57:39.410+07:00,3556911524755,16.750470844,1784257059409866371,right,,,,,,0.06723205651927076,2.7692880842886973,0.5169700760169051,-1.5362502397669282,3.236609705504513,1.7088338344573988
2026-07-17T09:57:39.430+07:00,3556931418801,16.770364890,1784257059430003630,left,,,,,,3.0559151300597103,0.46964219684188035,-0.36153037230987195,1.5770324930567627,-0.11141588855976828,1.6803704616355888
2026-07-17T09:57:39.523+07:00,3557024565137,16.863511226,1784257059499231300,left,,,,,,3.0574069717911887,0.46360445842048686,-0.36932649535668455,1.575729329369032,-0.1097250443694125,1.666497477512359
2026-07-17T09:57:39.523+07:00,3557024661265,16.863607354,1784257059485898385,right,,,,,,0.06606563250154357,2.7628920808984865,0.5074456482513934,-1.53770534314637,3.2357063340551147,1.6928338344573985
2026-07-17T09:57:39.552+07:00,3557053139880,16.892085969,1784257059551642781,right,,,,,,0.06513249328736183,2.757775278186318,0.499826106038984,-1.5388694258499236,3.234983636895596,1.6800338344573984
2026-07-17T09:57:39.569+07:00,3557070929817,16.909875906,1784257059569583398,left,,,,,,3.058898813522667,0.4575667199990933,-0.3771226184034971,1.5744261656813008,-0.10803420017905668,1.6526244933891288
2026-07-17T09:57:39.616+07:00,3557117497191,16.956443280,1784257059615697740,right,,,,,,0.06431599647495281,2.7532980758131704,0.4931590066031257,-1.539887998215533,3.234351276881018,1.6688338344573985
2026-07-17T09:57:39.632+07:00,3557132997865,16.971943954,1784257059631599927,left,,,,,,3.0602248950617588,0.4521998414022991,-0.3840525055562194,1.5732677979588732,-0.10653122756540707,1.6402929519462577
2026-07-17T09:57:39.677+07:00,3557178893991,17.017840080,1784257059677097505,right,,,,,,0.06326621485899833,2.747541672761981,0.4845870216141652,-1.5411975912570306,3.233538242576558,1.6544338344573988
2026-07-17T09:57:39.725+07:00,3557226161815,17.065107904,1784257059699563763,left,,,,,,3.0615509766008495,0.44683296280550483,-0.39098239270894164,1.5721094302364458,-0.10502825495175748,1.6279614105033864
2026-07-17T09:57:39.740+07:00,3557241108299,17.080054388,1784257059739695705,right,,,,,,0.06244971804658932,2.743064470388833,0.4779199221783069,-1.54221616362264,3.23290588256198,1.643233834457399
2026-07-17T09:57:39.762+07:00,3557263958637,17.102904726,1784257059762621542,left,,,,,,3.0628770581399416,0.44146608420871064,-0.39791227986166383,1.5709510625140184,-0.10352528233810787,1.615629869060515
2026-07-17T09:57:39.801+07:00,3557302481553,17.141427642,1784257059801055923,right,,,,,,0.06151657883240756,2.7379476676766648,0.4703003799658975,-1.5433802463261932,3.2321831854024605,1.6304338344573988
2026-07-17T09:57:39.828+07:00,3557329803499,17.168749588,1784257059828370880,left,,,,,,3.0642031396790332,0.4360992056119165,-0.40484216701438597,1.5697926947915906,-0.1020223097244583,1.6032983276176442
2026-07-17T09:57:39.867+07:00,3557368791802,17.207737891,1784257059867299113,right,,,,,,0.060583439618225814,2.732830864964496,0.46268083775348806,-1.5445443290297467,3.2314604882429423,1.6176338344573988
2026-07-17T09:57:39.924+07:00,3557425463445,17.264409534,1784257059904342133,left,,,,,,3.065860741602898,0.4293906073659238,-0.41350452595528864,1.5683447351385562,-0.1001435939573963,1.5878839008140557
2026-07-17T09:57:39.930+07:00,3557431336932,17.270283021,1784257059929801512,right,,,,,,0.05965030040404407,2.727714062252327,0.4550612955410786,-1.5457084117333004,3.2307377910834227,1.6048338344573987
2026-07-17T09:57:39.970+07:00,3557471363453,17.310309542,1784257059969731331,left,,,,,,3.0671868231419896,0.42402372876912964,-0.4204344131080107,1.5671863674161286,-0.09864062134374675,1.5755523593711847
2026-07-17T09:57:39.991+07:00,3557492585549,17.331531638,1784257059991239654,right,,,,,,0.05871716118986232,2.7225972595401586,0.4474417533286692,-1.546872494436854,3.230015093923904,1.5920338344573988
2026-07-17T09:57:40.053+07:00,3557553992171,17.392938260,1784257060052639245,left,,,,,,3.0688444250658544,0.417315130523137,-0.42909677204891344,1.5657384077630943,-0.09676190557668476,1.5601379325675961
2026-07-17T09:57:40.057+07:00,3557558856201,17.397802290,1784257060057472330,right,,,,,,0.057784021975680576,2.71748045682799,0.43982221111625974,-1.5480365771404072,3.229292396764386,1.579233834457399
2026-07-17T09:57:40.123+07:00,3557624647219,17.463593308,1784257060116879208,left,,,,,,3.0701705066049456,0.41194825192634293,-0.4360266592016356,1.5645800400406669,-0.09525893296303521,1.5478063911247253
2026-07-17T09:57:40.123+07:00,3557624737692,17.463683781,1784257060118449105,right,,,,,,0.05685088276149883,2.712363654115822,0.43220266890385034,-1.5492006598439607,3.2285696996048663,1.566433834457399
2026-07-17T09:57:40.180+07:00,3557681922019,17.520868108,1784257060180280887,right,,,,,,0.055917743547317086,2.707246851403653,0.42458312669144094,-1.5503647425475142,3.227847002445348,1.553633834457399
2026-07-17T09:57:40.181+07:00,3557682558970,17.521505059,1784257060181120675,left,,,,,,3.0716623483364236,0.40591051350494944,-0.44382278224844796,1.5632768763529359,-0.09356808877267944,1.533933407001495
2026-07-17T09:57:40.243+07:00,3557744673704,17.583619793,1784257060243249354,right,,,,,,0.05510124673490805,2.7027696490305053,0.4179160272555827,-1.5513833149131235,3.227214642430769,1.5424338344573991
2026-07-17T09:57:40.262+07:00,3557763217227,17.602163316,1784257060261896225,left,,,,,,3.073154190067901,0.39987277508355606,-0.4516189052952604,1.5619737126652047,-0.09187724458232367,1.5200604228782655
2026-07-17T09:57:40.323+07:00,3557824680099,17.663626188,1784257060317869409,right,,,,,,0.05393482271718086,2.6963736456402945,0.408391599490071,-1.5528384182925654,3.22631127098137,1.5264338344573989
2026-07-17T09:57:40.327+07:00,3557828359199,17.667305288,1784257060327123987,left,,,,,,3.0746460317993796,0.3938350366621627,-0.4594150283420728,1.5606705489774737,-0.0901864003919679,1.5061874387550356
2026-07-17T09:57:40.384+07:00,3557885377293,17.724323382,1784257060383720457,right,,,,,,0.05300168350299912,2.691256842928126,0.4007720572776616,-1.554002500996119,3.225588573821851,1.513633834457399
2026-07-17T09:57:40.391+07:00,3557892139750,17.731085839,1784257060390732534,left,,,,,,3.075972113338471,0.3884681580653686,-0.46634491549479495,1.559512181255046,-0.08868342777831831,1.4938558973121647
2026-07-17T09:57:40.447+07:00,3557948445071,17.787391160,1784257060446331705,right,,,,,,0.052068544288817374,2.686140040215957,0.3931525150652522,-1.5551665836996724,3.2248658766623324,1.5008338344573988
2026-07-17T09:57:40.454+07:00,3557955893151,17.794839240,1784257060454691751,left,,,,,,3.077298194877563,0.3831012794685745,-0.47327480264751703,1.5583538135326187,-0.08718045516466874,1.4815243558692939
2026-07-17T09:57:40.533+07:00,3558034900130,17.873846219,1784257060521806370,left,,,,,,3.0786242764166545,0.3777344008717803,-0.48020468980023917,1.5571954458101913,-0.08567748255101916,1.469192814426423
2026-07-17T09:57:40.534+07:00,3558035014839,17.873960928,1784257060531279705,right,,,,,,0.05078547786931747,2.679104436486725,0.3826756445231892,-1.5567671974170585,3.2238721680679943,1.4832338344573992
2026-07-17T09:57:40.585+07:00,3558086577078,17.925523167,1784257060584879989,left,,,,,,3.079950357955746,0.3723675222749862,-0.4871345769529612,1.5560370780877637,-0.0841745099373696,1.456861272983552
2026-07-17T09:57:40.597+07:00,3558098003865,17.936949954,1784257060596686027,right,,,,,,0.049852338655135726,2.6739876337745567,0.37505610231077974,-1.5579312801206116,3.2231494709084756,1.4704338344573993
2026-07-17T09:57:40.652+07:00,3558153850988,17.992797077,1784257060652051485,left,,,,,,3.0812764394948373,0.367000643678192,-0.49406446410568333,1.5548787103653363,-0.08267153732372003,1.444529731540681
2026-07-17T09:57:40.659+07:00,3558160148332,17.999094421,1784257060658641498,right,,,,,,0.04903584184272669,2.669510431401409,0.3683890028749215,-1.5589498524862209,3.222517110893896,1.4592338344573994
2026-07-17T09:57:40.724+07:00,3558225660546,18.064606635,1784257060717081685,left,,,,,,3.082602521033929,0.3616337650813979,-0.5009943512584055,1.5537203426429085,-0.08116856471007043,1.4321981900978102
2026-07-17T09:57:40.724+07:00,3558225920416,18.064866505,1784257060724588446,right,,,,,,0.04798606022677222,2.6637540283502195,0.359817017885961,-1.560259445527719,3.221704076589438,1.4448338344573992
2026-07-17T09:57:40.782+07:00,3558283381729,18.122327818,1784257060781998762,left,,,,,,3.0840943627654074,0.3555960266600045,-0.508790474305218,1.5524171789551777,-0.07947772051971466,1.4183252059745801
2026-07-17T09:57:40.787+07:00,3558288755916,18.127702005,1784257060787473532,right,,,,,,0.04705292101259048,2.658637225638051,0.3521974756735515,-1.5614235282312725,3.220981379429919,1.4320338344573995
2026-07-17T09:57:40.844+07:00,3558345668449,18.184614538,1784257060843930725,left,,,,,,3.0852546841121127,0.3509000078878096,-0.5148541255638498,1.5514036071980535,-0.07816261948277128,1.4075351072120683
2026-07-17T09:57:40.854+07:00,3558355944602,18.194890691,1784257060854531829,right,,,,,,0.04611978179840873,2.653520422925882,0.34457793346114207,-1.5625876109348256,3.2202586822704,1.4192338344573994
2026-07-17T09:57:40.924+07:00,3558425297025,18.264243114,1784257060909647779,left,,,,,,3.08674652584359,0.34486226946641624,-0.5226502486106622,1.5501004435103223,-0.07647177529241553,1.3936621230888382
2026-07-17T09:57:40.924+07:00,3558425447854,18.264393943,1784257060919671364,right,,,,,,0.045186642584226985,2.648403620213714,0.33695839124873267,-1.563751693638379,3.219535985110881,1.4064338344573994
2026-07-17T09:57:40.974+07:00,3558475938610,18.314884699,1784257060974215870,left,,,,,,3.0880726073826823,0.3394953908696221,-0.5295801357633844,1.548942075787895,-0.07496880267876595,1.3813305816459673
2026-07-17T09:57:40.983+07:00,3558484028332,18.322974421,1784257060982686048,right,,,,,,0.04425350337004524,2.6432868175015454,0.3293388490363232,-1.5649157763419326,3.2188132879513622,1.3936338344573993
2026-07-17T09:57:41.045+07:00,3558546597873,18.385543962,1784257061045167053,right,,,,,,0.043320364155863496,2.6381700147893765,0.32171930682391375,-1.566079859045486,3.2180905907918436,1.3808338344573994
2026-07-17T09:57:41.064+07:00,3558565409871,18.404355960,1784257061064087053,left,,,,,,3.0898959694989325,0.3321159327990302,-0.5391087305983773,1.547349320169557,-0.07290221533499777,1.36437471216202
2026-07-17T09:57:41.123+07:00,3558624865122,18.463811211,1784257061118736852,right,,,,,,0.042270582539909035,2.6324136117381864,0.31314732183495325,-1.5673894520869838,3.217277556487385,1.3664338344573994
2026-07-17T09:57:41.151+07:00,3558652029329,18.490975418,1784257061150555586,left,,,,,,3.0917193316151836,0.3247364747284382,-0.5486373254333702,1.5457565645512192,-0.07083562799122962,1.3474188426780722
2026-07-17T09:57:41.180+07:00,3558681827045,18.520773134,1784257061180272121,right,,,,,,0.04133744332572729,2.627296809026018,0.30552777962254374,-1.5685535347905373,3.216554859327866,1.3536338344573995
2026-07-17T09:57:41.213+07:00,3558714377488,18.553323577,1784257061212927654,left,,,,,,3.0930454131542757,0.3193695961316441,-0.5555672125860924,1.5445981968287918,-0.06933265537758004,1.3350873012352014
2026-07-17T09:57:41.246+07:00,3558747073358,18.586019447,1784257061245599300,right,,,,,,0.04040430411154553,2.6221800063138496,0.29790823741013434,-1.5697176174940908,3.2158321621683474,1.3408338344573993
2026-07-17T09:57:41.275+07:00,3558776022215,18.614968304,1784257061274686383,left,,,,,,3.0942057345009806,0.3146735773594493,-0.5616308638447242,1.5435846250716676,-0.06801755434063667,1.324297202472689
2026-07-17T09:57:41.338+07:00,3558839886877,18.678832966,1784257061338341765,right,,,,,,0.03912123769204564,2.6151444025846176,0.2874313668680714,-1.5713182312114768,3.2148384535740084,1.3232338344573995
2026-07-17T09:57:41.350+07:00,3558851811102,18.690757191,1784257061350524148,left,,,,,,3.0958633364248453,0.3079649791134566,-0.5702932227856269,1.5421366654186333,-0.0661388385735747,1.3088827756691006
2026-07-17T09:57:41.404+07:00,3558905054599,18.744000688,1784257061403408824,right,,,,,,0.03818809847786388,2.6100275998724487,0.27981182465566196,-1.5724823139150301,3.21411575641449,1.3104338344573998
2026-07-17T09:57:41.421+07:00,3558922750459,18.761696548,1784257061421366365,left,,,,,,3.097355178156323,0.3019272406920631,-0.5780893458324392,1.5408335017309023,-0.06444799438321892,1.2950097915458707
2026-07-17T09:57:41.472+07:00,3558973430340,18.812376429,1784257061471936220,right,,,,,,0.037138316861909416,2.6042711968212595,0.27123983966670145,-1.5737919069565278,3.213302722110031,1.2960338344573994
2026-07-17T09:57:41.545+07:00,3559046172460,18.885118549,1784257061511688821,left,,,,,,3.0991785402725744,0.29454778262147124,-0.5876179406674322,1.5392407461125646,-0.062381407039450755,1.2780539220619231
2026-07-17T09:57:41.546+07:00,3559047351090,18.886297179,1784257061546125901,right,,,,,,0.036088535245954956,2.5985147937700694,0.2626678546777408,-1.5751014999980255,3.212489687805572,1.2816338344573996
2026-07-17T09:57:41.575+07:00,3559076183496,18.915129585,1784257061574740593,left,,,,,,3.1005046218116656,0.2891809040246771,-0.5945478278201543,1.5380823783901367,-0.06087843442580118,1.2657223806190523
2026-07-17T09:57:41.612+07:00,3559113363849,18.952309938,1784257061611841381,right,,,,,,0.03503875363000049,2.59275839071888,0.2540958696887802,-1.5764110930395232,3.211676653501114,1.2672338344574
2026-07-17T09:57:41.637+07:00,3559138389974,18.977336063,1784257061636889846,left,,,,,,3.1018307033507573,0.2838140254278829,-0.6014777149728764,1.5369240106677093,-0.05937546181215162,1.2533908391761814
2026-07-17T09:57:41.673+07:00,3559174134469,19.013080558,1784257061672623047,right,,,,,,0.034222256817591466,2.5882811883457326,0.2474287702529219,-1.5774296654051325,3.211044293486535,1.2560338344573998
2026-07-17T09:57:41.723+07:00,3559224425954,19.063372043,1784257061699957373,left,,,,,,3.102991024697462,0.27911800665568814,-0.6075413662315082,1.535910438910585,-0.05806036077520823,1.2426007404136692
2026-07-17T09:57:41.739+07:00,3559240232239,19.079178328,1784257061738846505,right,,,,,,0.03317247520163699,2.582524785294543,0.23885678526396137,-1.5787392584466302,3.210231259182076,1.2416338344573998
2026-07-17T09:57:41.767+07:00,3559267977706,19.106923795,1784257061766613431,left,,,,,,3.1044828664289406,0.27308026823429477,-0.6153374892783207,1.534607275222854,-0.05636951658485246,1.2287277562904395
2026-07-17T09:57:41.804+07:00,3559305637019,19.144583108,1784257061804211627,right,,,,,,0.032239335987455243,2.577407982582374,0.2312372430515519,-1.5799033411501837,3.2095085620225574,1.2288338344574
2026-07-17T09:57:41.830+07:00,3559331232886,19.170178975,1784257061829692561,left,,,,,,3.105808947968032,0.26771338963750063,-0.6222673764310428,1.5334489075004265,-0.05486654397120289,1.2163962148475684
2026-07-17T09:57:41.869+07:00,3559370895401,19.209841490,1784257061869544423,right,,,,,,0.0313061967732735,2.5722911798702057,0.22361770083914254,-1.5810674238537372,3.2087858648630383,1.2160338344574
2026-07-17T09:57:41.923+07:00,3559424693795,19.263639884,1784257061897596134,left,,,,,,3.1071350295071234,0.26234651104070644,-0.6291972635837649,1.5322905397779993,-0.05336357135755332,1.2040646734046976
2026-07-17T09:57:41.934+07:00,3559435208449,19.274154538,1784257061933868872,right,,,,,,0.030394798350292653,2.56729359124495,0.21617568291653771,-1.5822043851175163,3.208080005499861,1.2035320559051135
2026-07-17T09:57:41.963+07:00,3559464310665,19.303256754,1784257061962754484,left,,,,,,3.1084043107314097,0.2572095130242803,-0.6358303214991899,1.5311817886510486,-0.051924975869354156,1.1922613313336947
2026-07-17T09:57:41.996+07:00,3559497301435,19.336247524,1784257061995843803,right,,,,,,0.02976425261785138,2.5638360384330356,0.211026965820339,-1.5829909851979536,3.2075916607782418,1.1948827726549978
2026-07-17T09:57:42.025+07:00,3559526216539,19.365162628,1784257062024753431,left,,,,,,3.1092367246255486,0.25384059174724655,-0.6401803815676615,1.530454652831534,-0.05098152311080884,1.1845205204328617
2026-07-17T09:57:42.059+07:00,3559560410124,19.399356213,1784257062059119576,right,,,,,,0.029492032371472722,2.562343338015125,0.20880415316084375,-1.5833305774855246,3.20738083178742,1.1911486897864494
2026-07-17T09:57:42.124+07:00,3559625080541,19.464026630,1784257062097304729,left,,,,,,3.1095645188181353,0.2525139526345757,-0.6418933808795312,1.530168315829548,-0.05061000320057058,1.1814722858021387
2026-07-17T09:57:42.132+07:00,3559633360008,19.472306097,1784257062132134980,right,,,,,,0.029479948803782467,2.56227707862854,0.20870548486709606,-1.583345651626587,3.2073714733123784,1.1909829378128054
2026-07-17T09:57:42.165+07:00,3559666455697,19.505401786,1784257062165105931,left,,,,,,3.109564542770386,0.25251385569572443,-0.6418935060501099,1.5301682949066162,-0.05060997605323792,1.181472063064575
2026-07-17T09:57:42.208+07:00,3559709684975,19.548631064,1784257062207885450,right,,,,,,0.029479948803782467,2.56227707862854,0.20870548486709606,-1.583345651626587,3.2073714733123784,1.1909829378128054
2026-07-17T09:57:42.230+07:00,3559731740238,19.570686327,1784257062230397389,left,,,,,,3.109564542770386,0.25251385569572443,-0.6418935060501099,1.5301682949066162,-0.05060997605323792,1.181472063064575
2026-07-17T09:57:42.276+07:00,3559777768940,19.616715029,1784257062276524932,right,,,,,,0.029479948803782467,2.56227707862854,0.20870548486709606,-1.583345651626587,3.2073714733123784,1.1909829378128054
2026-07-17T09:57:42.333+07:00,3559834538186,19.673484275,1784257062324518015,left,,,,,,3.109564542770386,0.25251385569572443,-0.6418935060501099,1.5301682949066162,-0.05060997605323792,1.181472063064575
2026-07-17T09:57:42.362+07:00,3559863469359,19.702415448,1784257062362125438,right,,,,,,0.029479948803782467,2.56227707862854,0.20870548486709606,-1.583345651626587,3.2073714733123784,1.1909829378128054
2026-07-17T09:57:42.389+07:00,3559890059863,19.729005952,1784257062388737746,left,,,,,,3.109564542770386,0.25251385569572443,-0.6418935060501099,1.5301682949066162,-0.05060997605323792,1.181472063064575
2026-07-17T09:57:42.429+07:00,3559930438436,19.769384525,1784257062429093737,right,,,,,,0.029479948803782467,2.56227707862854,0.20870548486709606,-1.583345651626587,3.2073714733123784,1.1909829378128054
2026-07-17T09:57:42.452+07:00,3559953225174,19.792171263,1784257062451884865,left,,,,,,3.109564542770386,0.25251385569572443,-0.6418935060501099,1.5301682949066162,-0.05060997605323792,1.181472063064575
2026-07-17T09:57:42.524+07:00,3560025195590,19.864141679,1784257062522513863,left,,,,,,3.109564542770386,0.25251385569572443,-0.6418935060501099,1.5301682949066162,-0.05060997605323792,1.181472063064575
2026-07-17T09:57:42.524+07:00,3560025339866,19.864285955,1784257062490235667,right,,,,,,0.029479948803782467,2.56227707862854,0.20870548486709606,-1.583345651626587,3.2073714733123784,1.1909829378128054
2026-07-17T09:57:42.552+07:00,3560053369724,19.892315813,1784257062551852913,right,,,,,,0.029479948803782467,2.56227707862854,0.20870548486709606,-1.583345651626587,3.2073714733123784,1.1909829378128054
2026-07-17T09:57:42.586+07:00,3560086994700,19.925940789,1784257062585518790,left,,,,,,3.109564542770386,0.25251385569572443,-0.6418935060501099,1.5301682949066162,-0.05060997605323792,1.181472063064575
2026-07-17T09:57:42.619+07:00,3560120719387,19.959665476,1784257062619090723,right,,,,,,0.029479948803782467,2.56227707862854,0.20870548486709606,-1.583345651626587,3.2073714733123784,1.1909829378128054
2026-07-17T09:57:42.647+07:00,3560148340777,19.987286866,1784257062646942551,left,,,,,,3.109564542770386,0.25251385569572443,-0.6418935060501099,1.5301682949066162,-0.05060997605323792,1.181472063064575
2026-07-17T09:57:42.724+07:00,3560225897482,20.064843571,1784257062713160502,left,,,,,,3.109564542770386,0.25251385569572443,-0.6418935060501099,1.5301682949066162,-0.05060997605323792,1.181472063064575
2026-07-17T09:57:42.725+07:00,3560225998070,20.064944159,1784257062680474407,right,,,,,,0.029479948803782467,2.56227707862854,0.20870548486709606,-1.583345651626587,3.2073714733123784,1.1909829378128054
2026-07-17T09:57:42.745+07:00,3560246216621,20.085162710,1784257062744831516,right,,,,,,0.029479948803782467,2.56227707862854,0.20870548486709606,-1.583345651626587,3.2073714733123784,1.1909829378128054
2026-07-17T09:57:42.778+07:00,3560279477010,20.118423099,1784257062778197392,left,,,,,,3.109564542770386,0.25251385569572443,-0.6418935060501099,1.5301682949066162,-0.05060997605323792,1.181472063064575
2026-07-17T09:57:42.812+07:00,3560313925686,20.152871775,1784257062812563599,right,,,,,,0.029479948803782467,2.56227707862854,0.20870548486709606,-1.583345651626587,3.2073714733123784,1.1909829378128054
2026-07-17T09:57:42.842+07:00,3560343577661,20.182523750,1784257062842186087,left,,,,,,3.109564542770386,0.25251385569572443,-0.6418935060501099,1.5301682949066162,-0.05060997605323792,1.181472063064575
2026-07-17T09:57:42.875+07:00,3560376605868,20.215551957,1784257062875199682,right,,,,,,0.029479948803782467,2.56227707862854,0.20870548486709606,-1.583345651626587,3.2073714733123784,1.1909829378128054
2026-07-17T09:57:42.924+07:00,3560425112848,20.264058937,1784257062907818116,left,,,,,,3.109564542770386,0.25251385569572443,-0.6418935060501099,1.5301682949066162,-0.05060997605323792,1.181472063064575
2026-07-17T09:57:42.940+07:00,3560441771337,20.280717426,1784257062940354217,right,,,,,,0.029479948803782467,2.56227707862854,0.20870548486709606,-1.583345651626587,3.2073714733123784,1.1909829378128054
2026-07-17T09:57:42.972+07:00,3560473032075,20.311978164,1784257062971646028,left,,,,,,3.109564542770386,0.25251385569572443,-0.6418935060501099,1.5301682949066162,-0.05060997605323792,1.181472063064575
2026-07-17T09:57:43.020+07:00,3560521852995,20.360799084,1784257063020407241,right,,,,,,0.029479948803782467,2.56227707862854,0.20870548486709606,-1.583345651626587,3.2073714733123784,1.1909829378128054
2026-07-17T09:57:43.033+07:00,3560534730963,20.373677052,1784257063033385470,left,,,,,,3.109564542770386,0.25251385569572443,-0.6418935060501099,1.5301682949066162,-0.05060997605323792,1.181472063064575
2026-07-17T09:57:43.124+07:00,3560625672754,20.464618843,1784257063098319357,left,,,,,,3.109564542770386,0.25251385569572443,-0.6418935060501099,1.5301682949066162,-0.05060997605323792,1.181472063064575
2026-07-17T09:57:43.124+07:00,3560625763261,20.464709350,1784257063083742582,right,,,,,,0.029479948803782467,2.56227707862854,0.20870548486709606,-1.583345651626587,3.2073714733123784,1.1909829378128054
2026-07-17T09:57:43.151+07:00,3560652602908,20.491548997,1784257063151080365,right,,,,,,0.029479948803782467,2.56227707862854,0.20870548486709606,-1.583345651626587,3.2073714733123784,1.1909829378128054
2026-07-17T09:57:43.160+07:00,3560661542110,20.500488199,1784257063160214918,left,,,,,,3.109564542770386,0.25251385569572443,-0.6418935060501099,1.5301682949066162,-0.05060997605323792,1.181472063064575
2026-07-17T09:57:43.217+07:00,3560718066507,20.557012596,1784257063215779871,right,,,,,,0.029479948803782467,2.56227707862854,0.20870548486709606,-1.583345651626587,3.2073714733123784,1.1909829378128054
2026-07-17T09:57:43.225+07:00,3560726231010,20.565177099,1784257063224962141,left,,,,,,3.109564542770386,0.25251385569572443,-0.6418935060501099,1.5301682949066162,-0.05060997605323792,1.181472063064575
2026-07-17T09:57:43.323+07:00,3560824821423,20.663767512,1784257063301418673,left,,,,,,3.109564542770386,0.25251385569572443,-0.6418935060501099,1.5301682949066162,-0.05060997605323792,1.181472063064575
2026-07-17T09:57:43.323+07:00,3560824914603,20.663860692,1784257063286791889,right,,,,,,0.029479948803782467,2.56227707862854,0.20870548486709606,-1.583345651626587,3.2073714733123784,1.1909829378128054
2026-07-17T09:57:43.353+07:00,3560854590589,20.693536678,1784257063353066530,right,,,,,,0.029479948803782467,2.56227707862854,0.20870548486709606,-1.583345651626587,3.2073714733123784,1.1909829378128054
2026-07-17T09:57:43.363+07:00,3560864431143,20.703377232,1784257063363040747,left,,,,,,3.109564542770386,0.25251385569572443,-0.6418935060501099,1.5301682949066162,-0.05060997605323792,1.181472063064575
2026-07-17T09:57:43.419+07:00,3560920480003,20.759426092,1784257063418515711,right,,,,,,0.029479948803782467,2.56227707862854,0.20870548486709606,-1.583345651626587,3.2073714733123784,1.1909829378128054
2026-07-17T09:57:43.428+07:00,3560929152325,20.768098414,1784257063427758284,left,,,,,,3.109564542770386,0.25251385569572443,-0.6418935060501099,1.5301682949066162,-0.05060997605323792,1.181472063064575
2026-07-17T09:57:43.525+07:00,3561026059099,20.865005188,1784257063500626691,left,,,,,,3.109564542770386,0.25251385569572443,-0.6418935060501099,1.5301682949066162,-0.05060997605323792,1.181472063064575
2026-07-17T09:57:43.525+07:00,3561026153136,20.865099225,1784257063485314292,right,,,,,,0.029479948803782467,2.56227707862854,0.20870548486709606,-1.583345651626587,3.2073714733123784,1.1909829378128054
2026-07-17T09:57:43.547+07:00,3561048006298,20.886952387,1784257063546595936,right,,,,,,0.029479948803782467,2.56227707862854,0.20870548486709606,-1.583345651626587,3.2073714733123784,1.1909829378128054
2026-07-17T09:57:43.564+07:00,3561065623194,20.904569283,1784257063564190163,left,,,,,,3.109564542770386,0.25251385569572443,-0.6418935060501099,1.5301682949066162,-0.05060997605323792,1.181472063064575
2026-07-17T09:57:43.611+07:00,3561112266112,20.951212201,1784257063610692534,right,,,,,,0.029479948803782467,2.56227707862854,0.20870548486709606,-1.583345651626587,3.2073714733123784,1.1909829378128054
2026-07-17T09:57:43.626+07:00,3561127454385,20.966400474,1784257063626061794,left,,,,,,3.109564542770386,0.25251385569572443,-0.6418935060501099,1.5301682949066162,-0.05060997605323792,1.181472063064575
2026-07-17T09:57:43.727+07:00,3561228058007,21.067004096,1784257063700649252,left,,,,,,3.109564542770386,0.25251385569572443,-0.6418935060501099,1.5301682949066162,-0.05060997605323792,1.181472063064575
2026-07-17T09:57:43.727+07:00,3561228147213,21.067093302,1784257063680841398,right,,,,,,0.029479948803782467,2.56227707862854,0.20870548486709606,-1.583345651626587,3.2073714733123784,1.1909829378128054
2026-07-17T09:57:43.746+07:00,3561247669872,21.086615961,1784257063746330510,right,,,,,,0.029479948803782467,2.56227707862854,0.20870548486709606,-1.583345651626587,3.2073714733123784,1.1909829378128054
2026-07-17T09:57:43.765+07:00,3561265984095,21.104930184,1784257063764618062,left,,,,,,3.109564542770386,0.25251385569572443,-0.6418935060501099,1.5301682949066162,-0.05060997605323792,1.181472063064575
2026-07-17T09:57:43.811+07:00,3561312298077,21.151244166,1784257063810827852,right,,,,,,0.029479948803782467,2.56227707862854,0.20870548486709606,-1.583345651626587,3.2073714733123784,1.1909829378128054
2026-07-17T09:57:43.836+07:00,3561337030701,21.175976790,1784257063835301217,left,,,,,,3.109564542770386,0.25251385569572443,-0.6418935060501099,1.5301682949066162,-0.05060997605323792,1.181472063064575
2026-07-17T09:57:43.874+07:00,3561375221697,21.214167786,1784257063873839910,right,,,,,,0.029479948803782467,2.56227707862854,0.20870548486709606,-1.583345651626587,3.2073714733123784,1.1909829378128054
2026-07-17T09:57:43.924+07:00,3561424975336,21.263921425,1784257063901958040,left,,,,,,3.109564542770386,0.25251385569572443,-0.6418935060501099,1.5301682949066162,-0.05060997605323792,1.181472063064575
2026-07-17T09:57:43.938+07:00,3561439746968,21.278693057,1784257063938291521,right,,,,,,0.029479948803782467,2.56227707862854,0.20870548486709606,-1.583345651626587,3.2073714733123784,1.1909829378128054
2026-07-17T09:57:43.965+07:00,3561466614054,21.305560143,1784257063965220339,left,,,,,,3.109564542770386,0.25251385569572443,-0.6418935060501099,1.5301682949066162,-0.05060997605323792,1.181472063064575
2026-07-17T09:57:44.003+07:00,3561504296782,21.343242871,1784257064002825206,right,,,,,,0.029479948803782467,2.56227707862854,0.20870548486709606,-1.583345651626587,3.2073714733123784,1.1909829378128054
2026-07-17T09:57:44.032+07:00,3561533724077,21.372670166,1784257064032383132,left,,,,,,3.109564542770386,0.25251385569572443,-0.6418935060501099,1.5301682949066162,-0.05060997605323792,1.181472063064575
2026-07-17T09:57:44.078+07:00,3561579097368,21.418043457,1784257064077588336,right,,,,,,0.029479948803782467,2.56227707862854,0.20870548486709606,-1.583345651626587,3.2073714733123784,1.1909829378128054
2026-07-17T09:57:44.124+07:00,3561625132342,21.464078431,1784257064101744156,left,,,,,,3.109564542770386,0.25251385569572443,-0.6418935060501099,1.5301682949066162,-0.05060997605323792,1.181472063064575
2026-07-17T09:57:44.141+07:00,3561642157165,21.481103254,1784257064140788179,right,,,,,,0.029479948803782467,2.56227707862854,0.20870548486709606,-1.583345651626587,3.2073714733123784,1.1909829378128054
2026-07-17T09:57:44.163+07:00,3561664769444,21.503715533,1784257064163427603,left,,,,,,3.109564542770386,0.25251385569572443,-0.6418935060501099,1.5301682949066162,-0.05060997605323792,1.181472063064575
2026-07-17T09:57:44.202+07:00,3561703355649,21.542301738,1784257064202055508,right,,,,,,0.029479948803782467,2.56227707862854,0.20870548486709606,-1.583345651626587,3.2073714733123784,1.1909829378128054
2026-07-17T09:57:44.238+07:00,3561739013785,21.577959874,1784257064237571723,left,,,,,,3.109564542770386,0.25251385569572443,-0.6418935060501099,1.5301682949066162,-0.05060997605323792,1.181472063064575
2026-07-17T09:57:44.274+07:00,3561775729811,21.614675900,1784257064274306535,right,,,,,,0.029479948803782467,2.56227707862854,0.20870548486709606,-1.583345651626587,3.2073714733123784,1.1909829378128054
2026-07-17T09:57:44.336+07:00,3561837188760,21.676134849,1784257064335798672,left,,,,,,3.109564542770386,0.25251385569572443,-0.6418935060501099,1.5301682949066162,-0.05060997605323792,1.181472063064575
2026-07-17T09:57:44.353+07:00,3561853978184,21.692924273,1784257064352688132,right,,,,,,0.029479948803782467,2.56227707862854,0.20870548486709606,-1.583345651626587,3.2073714733123784,1.1909829378128054
2026-07-17T09:57:44.401+07:00,3561902163884,21.741109973,1784257064400515684,left,,,,,,3.109564542770386,0.25251385569572443,-0.6418935060501099,1.5301682949066162,-0.05060997605323792,1.181472063064575
2026-07-17T09:57:44.418+07:00,3561919566858,21.758512947,1784257064418251493,right,,,,,,0.029479948803782467,2.56227707862854,0.20870548486709606,-1.583345651626587,3.2073714733123784,1.1909829378128054
2026-07-17T09:57:44.467+07:00,3561968680690,21.807626779,1784257064467068904,left,,,,,,3.109564542770386,0.25251385569572443,-0.6418935060501099,1.5301682949066162,-0.05060997605323792,1.181472063064575
2026-07-17T09:57:44.523+07:00,3562024527592,21.863473681,1784257064481575435,right,,,,,,0.029479948803782467,2.56227707862854,0.20870548486709606,-1.583345651626587,3.2073714733123784,1.1909829378128054
2026-07-17T09:57:44.530+07:00,3562031290628,21.870236717,1784257064529916699,left,,,,,,3.109564542770386,0.25251385569572443,-0.6418935060501099,1.5301682949066162,-0.05060997605323792,1.181472063064575
2026-07-17T09:57:44.546+07:00,3562047402937,21.886349026,1784257064546124489,right,,,,,,0.029479948803782467,2.56227707862854,0.20870548486709606,-1.583345651626587,3.2073714733123784,1.1909829378128054
2026-07-17T09:57:44.595+07:00,3562096778161,21.935724250,1784257064595166161,left,,,,,,3.109564542770386,0.25251385569572443,-0.6418935060501099,1.5301682949066162,-0.05060997605323792,1.181472063064575
2026-07-17T09:57:44.607+07:00,3562108788741,21.947734830,1784257064607522287,right,,,,,,0.029479948803782467,2.56227707862854,0.20870548486709606,-1.583345651626587,3.2073714733123784,1.1909829378128054
2026-07-17T09:57:44.661+07:00,3562162655162,22.001601251,1784257064661191345,left,,,,,,3.109564542770386,0.25251385569572443,-0.6418935060501099,1.5301682949066162,-0.05060997605323792,1.181472063064575
2026-07-17T09:57:44.673+07:00,3562174737711,22.013683800,1784257064673374637,right,,,,,,0.029479948803782467,2.56227707862854,0.20870548486709606,-1.583345651626587,3.2073714733123784,1.1909829378128054
2026-07-17T09:57:44.728+07:00,3562229386102,22.068332191,1784257064728062652,left,,,,,,3.109564542770386,0.25251385569572443,-0.6418935060501099,1.5301682949066162,-0.05060997605323792,1.181472063064575
2026-07-17T09:57:44.735+07:00,3562236654257,22.075600346,1784257064735344815,right,,,,,,0.029479948803782467,2.56227707862854,0.20870548486709606,-1.583345651626587,3.2073714733123784,1.1909829378128054
2026-07-17T09:57:44.802+07:00,3562303457593,22.142403682,1784257064801829383,right,,,,,,0.029479948803782467,2.56227707862854,0.20870548486709606,-1.583345651626587,3.2073714733123784,1.1909829378128054
2026-07-17T09:57:44.807+07:00,3562308024770,22.146970859,1784257064806608013,left,,,,,,3.109564542770386,0.25251385569572443,-0.6418935060501099,1.5301682949066162,-0.05060997605323792,1.181472063064575
2026-07-17T09:57:44.867+07:00,3562368453336,22.207399425,1784257064866912357,right,,,,,,0.029479948803782467,2.56227707862854,0.20870548486709606,-1.583345651626587,3.2073714733123784,1.1909829378128054
2026-07-17T09:57:44.873+07:00,3562374395125,22.213341214,1784257064873033964,left,,,,,,3.109564542770386,0.25251385569572443,-0.6418935060501099,1.5301682949066162,-0.05060997605323792,1.181472063064575
2026-07-17T09:57:44.935+07:00,3562436254215,22.275200304,1784257064934843705,right,,,,,,0.029479948803782467,2.56227707862854,0.20870548486709606,-1.583345651626587,3.2073714733123784,1.1909829378128054
2026-07-17T09:57:44.939+07:00,3562440111836,22.279057925,1784257064938808725,left,,,,,,3.109564542770386,0.25251385569572443,-0.6418935060501099,1.5301682949066162,-0.05060997605323792,1.181472063064575
2026-07-17T09:57:45.002+07:00,3562503463301,22.342409390,1784257065001997718,right,,,,,,0.029479948803782467,2.56227707862854,0.20870548486709606,-1.583345651626587,3.2073714733123784,1.1909829378128054
2026-07-17T09:57:45.006+07:00,3562507368020,22.346314109,1784257065006001483,left,,,,,,3.109564542770386,0.25251385569572443,-0.6418935060501099,1.5301682949066162,-0.05060997605323792,1.181472063064575
2026-07-17T09:57:45.068+07:00,3562569437725,22.408383814,1784257065067849474,right,,,,,,0.029479948803782467,2.56227707862854,0.20870548486709606,-1.583345651626587,3.2073714733123784,1.1909829378128054
2026-07-17T09:57:45.070+07:00,3562571230456,22.410176545,1784257065069861602,left,,,,,,3.109564542770386,0.25251385569572443,-0.6418935060501099,1.5301682949066162,-0.05060997605323792,1.181472063064575
2026-07-17T09:57:45.135+07:00,3562636273639,22.475219728,1784257065134785936,left,,,,,,3.109564542770386,0.25251385569572443,-0.6418935060501099,1.5301682949066162,-0.05060997605323792,1.181472063064575
2026-07-17T09:57:45.138+07:00,3562639493730,22.478439819,1784257065138185204,right,,,,,,0.029479948803782467,2.56227707862854,0.20870548486709606,-1.583345651626587,3.2073714733123784,1.1909829378128054
2026-07-17T09:57:45.200+07:00,3562701289819,22.540235908,1784257065199564916,left,,,,,,3.109564542770386,0.25251385569572443,-0.6418935060501099,1.5301682949066162,-0.05060997605323792,1.181472063064575
2026-07-17T09:57:45.204+07:00,3562705166999,22.544113088,1784257065203791241,right,,,,,,0.029479948803782467,2.56227707862854,0.20870548486709606,-1.583345651626587,3.2073714733123784,1.1909829378128054
2026-07-17T09:57:45.277+07:00,3562778765978,22.617712067,1784257065277370485,left,,,,,,3.109564542770386,0.25251385569572443,-0.6418935060501099,1.5301682949066162,-0.05060997605323792,1.181472063064575
2026-07-17T09:57:45.278+07:00,3562779760772,22.618706861,1784257065278392333,right,,,,,,0.029479948803782467,2.56227707862854,0.20870548486709606,-1.583345651626587,3.2073714733123784,1.1909829378128054
2026-07-17T09:57:45.343+07:00,3562844951647,22.683897736,1784257065339691938,left,,,,,,3.109564542770386,0.25251385569572443,-0.6418935060501099,1.5301682949066162,-0.05060997605323792,1.181472063064575
2026-07-17T09:57:45.348+07:00,3562849590025,22.688536114,1784257065348403783,right,,,,,,0.029479948803782467,2.56227707862854,0.20870548486709606,-1.583345651626587,3.2073714733123784,1.1909829378128054
2026-07-17T09:57:45.411+07:00,3562912137181,22.751083270,1784257065410440932,left,,,,,,3.109564542770386,0.25251385569572443,-0.6418935060501099,1.5301682949066162,-0.05060997605323792,1.181472063064575
2026-07-17T09:57:45.413+07:00,3562914031148,22.752977237,1784257065412495843,right,,,,,,0.029479948803782467,2.56227707862854,0.20870548486709606,-1.583345651626587,3.2073714733123784,1.1909829378128054
2026-07-17T09:57:45.475+07:00,3562976834111,22.815780200,1784257065475109983,left,,,,,,3.109564542770386,0.25251385569572443,-0.6418935060501099,1.5301682949066162,-0.05060997605323792,1.181472063064575
2026-07-17T09:57:45.478+07:00,3562979574329,22.818520418,1784257065478021854,right,,,,,,0.029479948803782467,2.56227707862854,0.20870548486709606,-1.583345651626587,3.2073714733123784,1.1909829378128054
2026-07-17T09:57:45.540+07:00,3563041391706,22.880337795,1784257065539866669,right,,,,,,0.029479948803782467,2.56227707862854,0.20870548486709606,-1.583345651626587,3.2073714733123784,1.1909829378128054
2026-07-17T09:57:45.556+07:00,3563057575129,22.896521218,1784257065556237026,left,,,,,,3.109564542770386,0.25251385569572443,-0.6418935060501099,1.5301682949066162,-0.05060997605323792,1.181472063064575
2026-07-17T09:57:45.607+07:00,3563108383888,22.947329977,1784257065606698813,right,,,,,,0.029479948803782467,2.56227707862854,0.20870548486709606,-1.583345651626587,3.2073714733123784,1.1909829378128054
2026-07-17T09:57:45.621+07:00,3563122934875,22.961880964,1784257065621519219,left,,,,,,3.109564542770386,0.25251385569572443,-0.6418935060501099,1.5301682949066162,-0.05060997605323792,1.181472063064575
2026-07-17T09:57:45.673+07:00,3563174870956,23.013817045,1784257065673192582,right,,,,,,0.029479948803782467,2.56227707862854,0.20870548486709606,-1.583345651626587,3.2073714733123784,1.1909829378128054
2026-07-17T09:57:45.723+07:00,3563224372531,23.063318620,1784257065699750188,left,,,,,,3.109564542770386,0.25251385569572443,-0.6418935060501099,1.5301682949066162,-0.05060997605323792,1.181472063064575
2026-07-17T09:57:45.738+07:00,3563239832962,23.078779051,1784257065738413433,right,,,,,,0.029479948803782467,2.56227707862854,0.20870548486709606,-1.583345651626587,3.2073714733123784,1.1909829378128054
2026-07-17T09:57:45.771+07:00,3563272591938,23.111538027,1784257065771206957,left,,,,,,3.109564542770386,0.25251385569572443,-0.6418935060501099,1.5301682949066162,-0.05060997605323792,1.181472063064575
2026-07-17T09:57:45.801+07:00,3563302664726,23.141610815,1784257065801182284,right,,,,,,0.029479948803782467,2.56227707862854,0.20870548486709606,-1.583345651626587,3.2073714733123784,1.1909829378128054
2026-07-17T09:57:45.837+07:00,3563338318672,23.177264761,1784257065836843863,left,,,,,,3.109564542770386,0.25251385569572443,-0.6418935060501099,1.5301682949066162,-0.05060997605323792,1.181472063064575
2026-07-17T09:57:45.867+07:00,3563368842567,23.207788656,1784257065867452971,right,,,,,,0.029479948803782467,2.56227707862854,0.20870548486709606,-1.583345651626587,3.2073714733123784,1.1909829378128054
2026-07-17T09:57:45.923+07:00,3563424833172,23.263779261,1784257065902737805,left,,,,,,3.109564542770386,0.25251385569572443,-0.6418935060501099,1.5301682949066162,-0.05060997605323792,1.181472063064575
2026-07-17T09:57:45.930+07:00,3563431919385,23.270865474,1784257065930529367,right,,,,,,0.029479948803782467,2.56227707862854,0.20870548486709606,-1.583345651626587,3.2073714733123784,1.1909829378128054
2026-07-17T09:57:45.972+07:00,3563473654605,23.312600694,1784257065972246781,left,,,,,,3.109564542770386,0.25251385569572443,-0.6418935060501099,1.5301682949066162,-0.05060997605323792,1.181472063064575
2026-07-17T09:57:46.001+07:00,3563502155312,23.341101401,1784257066000747903,right,,,,,,0.029479948803782467,2.56227707862854,0.20870548486709606,-1.583345651626587,3.2073714733123784,1.1909829378128054
2026-07-17T09:57:46.038+07:00,3563539460038,23.378406127,1784257066038185792,left,,,,,,3.109564542770386,0.25251385569572443,-0.6418935060501099,1.5301682949066162,-0.05060997605323792,1.181472063064575
2026-07-17T09:57:46.064+07:00,3563565602203,23.404548292,1784257066063856158,right,,,,,,0.029479948803782467,2.56227707862854,0.20870548486709606,-1.583345651626587,3.2073714733123784,1.1909829378128054
2026-07-17T09:57:46.123+07:00,3563624896455,23.463842544,1784257066103930661,left,,,,,,3.109564542770386,0.25251385569572443,-0.6418935060501099,1.5301682949066162,-0.05060997605323792,1.181472063064575
2026-07-17T09:57:46.129+07:00,3563630545619,23.469491708,1784257066129202511,right,,,,,,0.029479948803782467,2.56227707862854,0.20870548486709606,-1.583345651626587,3.2073714733123784,1.1909829378128054
2026-07-17T09:57:46.169+07:00,3563670789332,23.509735421,1784257066169301753,left,,,,,,3.109564542770386,0.25251385569572443,-0.6418935060501099,1.5301682949066162,-0.05060997605323792,1.181472063064575
2026-07-17T09:57:46.194+07:00,3563695848902,23.534794991,1784257066194459494,right,,,,,,0.029479948803782467,2.56227707862854,0.20870548486709606,-1.583345651626587,3.2073714733123784,1.1909829378128054
2026-07-17T09:57:46.237+07:00,3563738220491,23.577166580,1784257066236641317,left,,,,,,3.109564542770386,0.25251385569572443,-0.6418935060501099,1.5301682949066162,-0.05060997605323792,1.181472063064575
2026-07-17T09:57:46.256+07:00,3563757234243,23.596180332,1784257066255746798,right,,,,,,0.029479948803782467,2.56227707862854,0.20870548486709606,-1.583345651626587,3.2073714733123784,1.1909829378128054
2026-07-17T09:57:46.323+07:00,3563824650897,23.663596986,1784257066319760537,right,,,,,,0.029479948803782467,2.56227707862854,0.20870548486709606,-1.583345651626587,3.2073714733123784,1.1909829378128054
2026-07-17T09:57:46.331+07:00,3563832688338,23.671634427,1784257066331431280,left,,,,,,3.109564542770386,0.25251385569572443,-0.6418935060501099,1.5301682949066162,-0.05060997605323792,1.181472063064575
2026-07-17T09:57:46.387+07:00,3563888859629,23.727805718,1784257066387325106,right,,,,,,0.029479948803782467,2.56227707862854,0.20870548486709606,-1.583345651626587,3.2073714733123784,1.1909829378128054
2026-07-17T09:57:46.397+07:00,3563898481488,23.737427577,1784257066397124363,left,,,,,,3.109564542770386,0.25251385569572443,-0.6418935060501099,1.5301682949066162,-0.05060997605323792,1.181472063064575
2026-07-17T09:57:46.456+07:00,3563957434634,23.796380723,1784257066455973458,right,,,,,,0.029479948803782467,2.56227707862854,0.20870548486709606,-1.583345651626587,3.2073714733123784,1.1909829378128054
2026-07-17T09:57:46.467+07:00,3563968066834,23.807012923,1784257066466782243,left,,,,,,3.109564542770386,0.25251385569572443,-0.6418935060501099,1.5301682949066162,-0.05060997605323792,1.181472063064575
2026-07-17T09:57:46.533+07:00,3564034540927,23.873487016,1784257066529096317,right,,,,,,0.029479948803782467,2.56227707862854,0.20870548486709606,-1.583345651626587,3.2073714733123784,1.1909829378128054
2026-07-17T09:57:46.542+07:00,3564043668331,23.882614420,1784257066542291626,left,,,,,,3.109564542770386,0.25251385569572443,-0.6418935060501099,1.5301682949066162,-0.05060997605323792,1.181472063064575
2026-07-17T09:57:46.591+07:00,3564092273850,23.931219939,1784257066590693751,right,,,,,,0.029479948803782467,2.56227707862854,0.20870548486709606,-1.583345651626587,3.2073714733123784,1.1909829378128054
2026-07-17T09:57:46.609+07:00,3564110436387,23.949382476,1784257066609031452,left,,,,,,3.109564542770386,0.25251385569572443,-0.6418935060501099,1.5301682949066162,-0.05060997605323792,1.181472063064575
2026-07-17T09:57:46.656+07:00,3564157216033,23.996162122,1784257066655595410,right,,,,,,0.029479948803782467,2.56227707862854,0.20870548486709606,-1.583345651626587,3.2073714733123784,1.1909829378128054
2026-07-17T09:57:46.677+07:00,3564178224390,24.017170479,1784257066676710808,left,,,,,,3.109564542770386,0.25251385569572443,-0.6418935060501099,1.5301682949066162,-0.05060997605323792,1.181472063064575
2026-07-17T09:57:46.724+07:00,3564225139971,24.064086060,1784257066719982825,right,,,,,,0.029479948803782467,2.56227707862854,0.20870548486709606,-1.583345651626587,3.2073714733123784,1.1909829378128054
2026-07-17T09:57:46.743+07:00,3564244746016,24.083692105,1784257066743434690,left,,,,,,3.109564542770386,0.25251385569572443,-0.6418935060501099,1.5301682949066162,-0.05060997605323792,1.181472063064575
2026-07-17T09:57:46.786+07:00,3564287856914,24.126803003,1784257066786531533,right,,,,,,0.029479948803782467,2.56227707862854,0.20870548486709606,-1.583345651626587,3.2073714733123784,1.1909829378128054
2026-07-17T09:57:46.838+07:00,3564339463928,24.178410017,1784257066837966121,left,,,,,,3.109564542770386,0.25251385569572443,-0.6418935060501099,1.5301682949066162,-0.05060997605323792,1.181472063064575
2026-07-17T09:57:46.851+07:00,3564352543040,24.191489129,1784257066851219088,right,,,,,,0.029479948803782467,2.56227707862854,0.20870548486709606,-1.583345651626587,3.2073714733123784,1.1909829378128054
2026-07-17T09:57:46.924+07:00,3564425601191,24.264547280,1784257066902978574,left,,,,,,3.109564542770386,0.25251385569572443,-0.6418935060501099,1.5301682949066162,-0.05060997605323792,1.181472063064575
2026-07-17T09:57:46.924+07:00,3564425742193,24.264688282,1784257066919479448,right,,,,,,0.029479948803782467,2.56227707862854,0.20870548486709606,-1.583345651626587,3.2073714733123784,1.1909829378128054
2026-07-17T09:57:46.964+07:00,3564465930976,24.304877065,1784257066964321190,left,,,,,,3.109564542770386,0.25251385569572443,-0.6418935060501099,1.5301682949066162,-0.05060997605323792,1.181472063064575
2026-07-17T09:57:46.985+07:00,3564486427628,24.325373717,1784257066984990329,right,,,,,,0.029479948803782467,2.56227707862854,0.20870548486709606,-1.583345651626587,3.2073714733123784,1.1909829378128054
2026-07-17T09:57:47.025+07:00,3564526943732,24.365889821,1784257067025542081,left,,,,,,3.109564542770386,0.25251385569572443,-0.6418935060501099,1.5301682949066162,-0.05060997605323792,1.181472063064575
2026-07-17T09:57:47.045+07:00,3564546751991,24.385698080,1784257067045357902,right,,,,,,0.029479948803782467,2.56227707862854,0.20870548486709606,-1.583345651626587,3.2073714733123784,1.1909829378128054
2026-07-17T09:57:47.124+07:00,3564625501836,24.464447925,1784257067098364116,left,,,,,,3.109564542770386,0.25251385569572443,-0.6418935060501099,1.5301682949066162,-0.05060997605323792,1.181472063064575
2026-07-17T09:57:47.124+07:00,3564625644165,24.464590254,1784257067117608014,right,,,,,,0.029479948803782467,2.56227707862854,0.20870548486709606,-1.583345651626587,3.2073714733123784,1.1909829378128054
2026-07-17T09:57:47.161+07:00,3564661982413,24.500928502,1784257067160471800,left,,,,,,3.109564542770386,0.25251385569572443,-0.6418935060501099,1.5301682949066162,-0.05060997605323792,1.181472063064575
2026-07-17T09:57:47.180+07:00,3564681567200,24.520513289,1784257067180185697,right,,,,,,0.029479948803782467,2.56227707862854,0.20870548486709606,-1.583345651626587,3.2073714733123784,1.1909829378128054
2026-07-17T09:57:47.224+07:00,3564725895343,24.564841432,1784257067224372069,left,,,,,,3.109564542770386,0.25251385569572443,-0.6418935060501099,1.5301682949066162,-0.05060997605323792,1.181472063064575
2026-07-17T09:57:47.241+07:00,3564742174954,24.581121043,1784257067240808112,right,,,,,,0.029479948803782467,2.56227707862854,0.20870548486709606,-1.583345651626587,3.2073714733123784,1.1909829378128054
2026-07-17T09:57:47.323+07:00,3564824527600,24.663473689,1784257067298289779,left,,,,,,3.109564542770386,0.25251385569572443,-0.6418935060501099,1.5301682949066162,-0.05060997605323792,1.181472063064575
2026-07-17T09:57:47.323+07:00,3564824622118,24.663568207,1784257067319521656,right,,,,,,0.029479948803782467,2.56227707862854,0.20870548486709606,-1.583345651626587,3.2073714733123784,1.1909829378128054
2026-07-17T09:57:47.364+07:00,3564865929330,24.704875419,1784257067364236673,left,,,,,,3.109564542770386,0.25251385569572443,-0.6418935060501099,1.5301682949066162,-0.05060997605323792,1.181472063064575
2026-07-17T09:57:47.385+07:00,3564886446002,24.725392091,1784257067385095059,right,,,,,,0.029479948803782467,2.56227707862854,0.20870548486709606,-1.583345651626587,3.2073714733123784,1.1909829378128054
2026-07-17T09:57:47.430+07:00,3564931113085,24.770059174,1784257067429433613,left,,,,,,3.109564542770386,0.25251385569572443,-0.6418935060501099,1.5301682949066162,-0.05060997605323792,1.181472063064575
2026-07-17T09:57:47.457+07:00,3564958828719,24.797774808,1784257067457372644,right,,,,,,0.029479948803782467,2.56227707862854,0.20870548486709606,-1.583345651626587,3.2073714733123784,1.1909829378128054
2026-07-17T09:57:47.523+07:00,3565024731573,24.863677662,1784257067511894086,left,,,,,,3.109564542770386,0.25251385569572443,-0.6418935060501099,1.5301682949066162,-0.05060997605323792,1.181472063064575
2026-07-17T09:57:47.532+07:00,3565033027047,24.871973136,1784257067531686827,right,,,,,,0.029479948803782467,2.56227707862854,0.20870548486709606,-1.583345651626587,3.2073714733123784,1.1909829378128054
2026-07-17T09:57:47.578+07:00,3565079858710,24.918804799,1784257067578251812,left,,,,,,3.109564542770386,0.25251385569572443,-0.6418935060501099,1.5301682949066162,-0.05060997605323792,1.181472063064575
2026-07-17T09:57:47.599+07:00,3565100618047,24.939564136,1784257067599221574,right,,,,,,0.029479948803782467,2.56227707862854,0.20870548486709606,-1.583345651626587,3.2073714733123784,1.1909829378128054
2026-07-17T09:57:47.645+07:00,3565146397361,24.985343450,1784257067644763443,left,,,,,,3.109564542770386,0.25251385569572443,-0.6418935060501099,1.5301682949066162,-0.05060997605323792,1.181472063064575
2026-07-17T09:57:47.664+07:00,3565165081341,25.004027430,1784257067663714176,right,,,,,,0.029479948803782467,2.56227707862854,0.20870548486709606,-1.583345651626587,3.2073714733123784,1.1909829378128054
2026-07-17T09:57:47.724+07:00,3565225281121,25.064227210,1784257067708181057,left,,,,,,3.109564542770386,0.25251385569572443,-0.6418935060501099,1.5301682949066162,-0.05060997605323792,1.181472063064575
2026-07-17T09:57:47.728+07:00,3565229100376,25.068046465,1784257067727717550,right,,,,,,0.029479948803782467,2.56227707862854,0.20870548486709606,-1.583345651626587,3.2073714733123784,1.1909829378128054
2026-07-17T09:57:47.773+07:00,3565274571856,25.113517945,1784257067773116588,left,,,,,,3.109564542770386,0.25251385569572443,-0.6418935060501099,1.5301682949066162,-0.05060997605323792,1.181472063064575
2026-07-17T09:57:47.794+07:00,3565295786963,25.134733052,1784257067794413087,right,,,,,,0.029479948803782467,2.56227707862854,0.20870548486709606,-1.583345651626587,3.2073714733123784,1.1909829378128054
2026-07-17T09:57:47.839+07:00,3565340408270,25.179354359,1784257067838936825,left,,,,,,3.109564542770386,0.25251385569572443,-0.6418935060501099,1.5301682949066162,-0.05060997605323792,1.181472063064575
2026-07-17T09:57:47.866+07:00,3565367126277,25.206072366,1784257067865763318,right,,,,,,0.029479948803782467,2.56227707862854,0.20870548486709606,-1.583345651626587,3.2073714733123784,1.1909829378128054
2026-07-17T09:57:47.924+07:00,3565425257284,25.264203373,1784257067909020232,left,,,,,,3.109564542770386,0.25251385569572443,-0.6418935060501099,1.5301682949066162,-0.05060997605323792,1.181472063064575
2026-07-17T09:57:47.929+07:00,3565430236909,25.269182998,1784257067928908636,right,,,,,,0.029479948803782467,2.56227707862854,0.20870548486709606,-1.583345651626587,3.2073714733123784,1.1909829378128054
2026-07-17T09:57:47.973+07:00,3565474479206,25.313425295,1784257067973034321,left,,,,,,3.109564542770386,0.25251385569572443,-0.6418935060501099,1.5301682949066162,-0.05060997605323792,1.181472063064575
2026-07-17T09:57:48.007+07:00,3565508043498,25.346989587,1784257068006748297,right,,,,,,0.029479948803782467,2.56227707862854,0.20870548486709606,-1.583345651626587,3.2073714733123784,1.1909829378128054
2026-07-17T09:57:48.038+07:00,3565539361260,25.378307349,1784257068038011187,left,,,,,,3.109564542770386,0.25251385569572443,-0.6418935060501099,1.5301682949066162,-0.05060997605323792,1.181472063064575
2026-07-17T09:57:48.124+07:00,3565625496387,25.464442476,1784257068107219648,left,,,,,,3.109564542770386,0.25251385569572443,-0.6418935060501099,1.5301682949066162,-0.05060997605323792,1.181472063064575
2026-07-17T09:57:48.124+07:00,3565625586068,25.464532157,1784257068083968447,right,,,,,,0.029479948803782467,2.56227707862854,0.20870548486709606,-1.583345651626587,3.2073714733123784,1.1909829378128054
2026-07-17T09:57:48.149+07:00,3565650850764,25.489796853,1784257068149365222,right,,,,,,0.029479948803782467,2.56227707862854,0.20870548486709606,-1.583345651626587,3.2073714733123784,1.1909829378128054
2026-07-17T09:57:48.170+07:00,3565671159104,25.510105193,1784257068169777715,left,,,,,,3.109564542770386,0.25251385569572443,-0.6418935060501099,1.5301682949066162,-0.05060997605323792,1.181472063064575
2026-07-17T09:57:48.211+07:00,3565712653471,25.551599560,1784257068210813222,right,,,,,,0.029479948803782467,2.56227707862854,0.20870548486709606,-1.583345651626587,3.2073714733123784,1.1909829378128054
2026-07-17T09:57:48.236+07:00,3565737666022,25.576612111,1784257068236258095,left,,,,,,3.109564542770386,0.25251385569572443,-0.6418935060501099,1.5301682949066162,-0.05060997605323792,1.181472063064575
2026-07-17T09:57:48.324+07:00,3565825123750,25.664069839,1784257068302658839,left,,,,,,3.109564542770386,0.25251385569572443,-0.6418935060501099,1.5301682949066162,-0.05060997605323792,1.181472063064575
2026-07-17T09:57:48.324+07:00,3565825219837,25.664165926,1784257068282725657,right,,,,,,0.029479948803782467,2.56227707862854,0.20870548486709606,-1.583345651626587,3.2073714733123784,1.1909829378128054
2026-07-17T09:57:48.365+07:00,3565866183097,25.705129186,1784257068364471061,left,,,,,,3.109564542770386,0.25251385569572443,-0.6418935060501099,1.5301682949066162,-0.05060997605323792,1.181472063064575
2026-07-17T09:57:48.371+07:00,3565872044739,25.710990828,1784257068370620386,right,,,,,,0.029479948803782467,2.56227707862854,0.20870548486709606,-1.583345651626587,3.2073714733123784,1.1909829378128054
2026-07-17T09:57:48.432+07:00,3565933520201,25.772466290,1784257068431628937,left,,,,,,3.109564542770386,0.25251385569572443,-0.6418935060501099,1.5301682949066162,-0.05060997605323792,1.181472063064575
2026-07-17T09:57:48.432+07:00,3565933821946,25.772768035,1784257068431809094,right,,,,,,0.029479948803782467,2.56227707862854,0.20870548486709606,-1.583345651626587,3.2073714733123784,1.1909829378128054
2026-07-17T09:57:48.525+07:00,3566026392331,25.865338420,1784257068512041057,left,,,,,,3.109564542770386,0.25251385569572443,-0.6418935060501099,1.5301682949066162,-0.05060997605323792,1.181472063064575
2026-07-17T09:57:48.525+07:00,3566026533522,25.865479611,1784257068493076484,right,,,,,,0.029479948803782467,2.56227707862854,0.20870548486709606,-1.583345651626587,3.2073714733123784,1.1909829378128054
2026-07-17T09:57:48.553+07:00,3566054614360,25.893560449,1784257068553220539,right,,,,,,0.029479948803782467,2.56227707862854,0.20870548486709606,-1.583345651626587,3.2073714733123784,1.1909829378128054
2026-07-17T09:57:48.576+07:00,3566077907742,25.916853831,1784257068576453801,left,,,,,,3.109564542770386,0.25251385569572443,-0.6418935060501099,1.5301682949066162,-0.05060997605323792,1.181472063064575
2026-07-17T09:57:48.614+07:00,3566115248558,25.954194647,1784257068613666709,right,,,,,,0.029479948803782467,2.56227707862854,0.20870548486709606,-1.583345651626587,3.2073714733123784,1.1909829378128054
2026-07-17T09:57:48.641+07:00,3566142909553,25.981855642,1784257068641437343,left,,,,,,3.109564542770386,0.25251385569572443,-0.6418935060501099,1.5301682949066162,-0.05060997605323792,1.181472063064575
2026-07-17T09:57:48.677+07:00,3566178905802,26.017851891,1784257068677519877,right,,,,,,0.029479948803782467,2.56227707862854,0.20870548486709606,-1.583345651626587,3.2073714733123784,1.1909829378128054
2026-07-17T09:57:48.723+07:00,3566224162224,26.063108313,1784257068705727072,left,,,,,,3.109564542770386,0.25251385569572443,-0.6418935060501099,1.5301682949066162,-0.05060997605323792,1.181472063064575
2026-07-17T09:57:48.738+07:00,3566239940819,26.078886908,1784257068738614602,right,,,,,,0.029479948803782467,2.56227707862854,0.20870548486709606,-1.583345651626587,3.2073714733123784,1.1909829378128054
2026-07-17T09:57:48.775+07:00,3566276468015,26.115414104,1784257068775112807,left,,,,,,3.109564542770386,0.25251385569572443,-0.6418935060501099,1.5301682949066162,-0.05060997605323792,1.181472063064575
2026-07-17T09:57:48.808+07:00,3566309291250,26.148237339,1784257068807946923,right,,,,,,0.029479948803782467,2.56227707862854,0.20870548486709606,-1.583345651626587,3.2073714733123784,1.1909829378128054
2026-07-17T09:57:48.836+07:00,3566337316318,26.176262407,1784257068835998144,left,,,,,,3.109564542770386,0.25251385569572443,-0.6418935060501099,1.5301682949066162,-0.05060997605323792,1.181472063064575
2026-07-17T09:57:48.872+07:00,3566373868719,26.212814808,1784257068872546147,right,,,,,,0.029479948803782467,2.56227707862854,0.20870548486709606,-1.583345651626587,3.2073714733123784,1.1909829378128054
2026-07-17T09:57:48.923+07:00,3566424774756,26.263720845,1784257068899241224,left,,,,,,3.109564542770386,0.25251385569572443,-0.6418935060501099,1.5301682949066162,-0.05060997605323792,1.181472063064575
2026-07-17T09:57:48.933+07:00,3566434304740,26.273250829,1784257068933051670,right,,,,,,0.029479948803782467,2.56227707862854,0.20870548486709606,-1.583345651626587,3.2073714733123784,1.1909829378128054
2026-07-17T09:57:48.962+07:00,3566463203016,26.302149105,1784257068961875092,left,,,,,,3.109564542770386,0.25251385569572443,-0.6418935060501099,1.5301682949066162,-0.05060997605323792,1.181472063064575
2026-07-17T09:57:49.004+07:00,3566505405890,26.344351979,1784257069003971797,right,,,,,,0.029479948803782467,2.56227707862854,0.20870548486709606,-1.583345651626587,3.2073714733123784,1.1909829378128054
2026-07-17T09:57:49.023+07:00,3566524538783,26.363484872,1784257069023160710,left,,,,,,3.109564542770386,0.25251385569572443,-0.6418935060501099,1.5301682949066162,-0.05060997605323792,1.181472063064575
2026-07-17T09:57:49.066+07:00,3566567412093,26.406358182,1784257069066044959,right,,,,,,0.029479948803782467,2.56227707862854,0.20870548486709606,-1.583345651626587,3.2073714733123784,1.1909829378128054
2026-07-17T09:57:49.124+07:00,3566625235874,26.464181963,1784257069098807929,left,,,,,,3.109564542770386,0.25251385569572443,-0.6418935060501099,1.5301682949066162,-0.05060997605323792,1.181472063064575
2026-07-17T09:57:49.129+07:00,3566630571048,26.469517137,1784257069129119704,right,,,,,,0.029479948803782467,2.56227707862854,0.20870548486709606,-1.583345651626587,3.2073714733123784,1.1909829378128054
2026-07-17T09:57:49.167+07:00,3566668904243,26.507850332,1784257069167371587,left,,,,,,3.109564542770386,0.25251385569572443,-0.6418935060501099,1.5301682949066162,-0.05060997605323792,1.181472063064575
2026-07-17T09:57:49.196+07:00,3566697741405,26.536687494,1784257069196222904,right,,,,,,0.029479948803782467,2.56227707862854,0.20870548486709606,-1.583345651626587,3.2073714733123784,1.1909829378128054
2026-07-17T09:57:49.234+07:00,3566735807341,26.574753430,1784257069234519077,left,,,,,,3.109564542770386,0.25251385569572443,-0.6418935060501099,1.5301682949066162,-0.05060997605323792,1.181472063064575
2026-07-17T09:57:49.323+07:00,3566824786033,26.663732122,1784257069302958100,left,,,,,,3.109564542770386,0.25251385569572443,-0.6418935060501099,1.5301682949066162,-0.05060997605323792,1.181472063064575
2026-07-17T09:57:49.323+07:00,3566824937376,26.663883465,1784257069282498683,right,,,,,,0.029479948803782467,2.56227707862854,0.20870548486709606,-1.583345651626587,3.2073714733123784,1.1909829378128054
2026-07-17T09:57:49.365+07:00,3566866204531,26.705150620,1784257069364690416,left,,,,,,3.109564542770386,0.25251385569572443,-0.6418935060501099,1.5301682949066162,-0.05060997605323792,1.181472063064575
2026-07-17T09:57:49.383+07:00,3566884793788,26.723739877,1784257069383558363,right,,,,,,0.029479948803782467,2.56227707862854,0.20870548486709606,-1.583345651626587,3.2073714733123784,1.1909829378128054
2026-07-17T09:57:49.435+07:00,3566936404027,26.775350116,1784257069435088473,left,,,,,,3.109564542770386,0.25251385569572443,-0.6418935060501099,1.5301682949066162,-0.05060997605323792,1.181472063064575
2026-07-17T09:57:49.450+07:00,3566951714742,26.790660831,1784257069450327003,right,,,,,,0.029479948803782467,2.56227707862854,0.20870548486709606,-1.583345651626587,3.2073714733123784,1.1909829378128054
2026-07-17T09:57:49.523+07:00,3567024506798,26.863452887,1784257069498040418,left,,,,,,3.109564542770386,0.25251385569572443,-0.6418935060501099,1.5301682949066162,-0.05060997605323792,1.181472063064575
2026-07-17T09:57:49.523+07:00,3567024610588,26.863556677,1784257069522744321,right,,,,,,0.029479948803782467,2.56227707862854,0.20870548486709606,-1.583345651626587,3.2073714733123784,1.1909829378128054
2026-07-17T09:57:49.579+07:00,3567080464756,26.919410845,1784257069579154291,left,,,,,,3.109564542770386,0.25251385569572443,-0.6418935060501099,1.5301682949066162,-0.05060997605323792,1.181472063064575
2026-07-17T09:57:49.600+07:00,3567101310072,26.940256161,1784257069599949600,right,,,,,,0.029479948803782467,2.56227707862854,0.20870548486709606,-1.583345651626587,3.2073714733123784,1.1909829378128054
2026-07-17T09:57:49.652+07:00,3567153409217,26.992355306,1784257069651911621,left,,,,,,3.109564542770386,0.25251385569572443,-0.6418935060501099,1.5301682949066162,-0.05060997605323792,1.181472063064575
2026-07-17T09:57:49.663+07:00,3567164799175,27.003745264,1784257069663435075,right,,,,,,0.029479948803782467,2.56227707862854,0.20870548486709606,-1.583345651626587,3.2073714733123784,1.1909829378128054
2026-07-17T09:57:49.723+07:00,3567224931143,27.063877232,1784257069715077907,left,,,,,,3.109564542770386,0.25251385569572443,-0.6418935060501099,1.5301682949066162,-0.05060997605323792,1.181472063064575
2026-07-17T09:57:49.724+07:00,3567225803305,27.064749394,1784257069724532295,right,,,,,,0.029479948803782467,2.56227707862854,0.20870548486709606,-1.583345651626587,3.2073714733123784,1.1909829378128054
2026-07-17T09:57:49.783+07:00,3567284325050,27.123271139,1784257069783006362,left,,,,,,3.109564542770386,0.25251385569572443,-0.6418935060501099,1.5301682949066162,-0.05060997605323792,1.181472063064575
2026-07-17T09:57:49.798+07:00,3567299658201,27.138604290,1784257069798330506,right,,,,,,0.029479948803782467,2.56227707862854,0.20870548486709606,-1.583345651626587,3.2073714733123784,1.1909829378128054
2026-07-17T09:57:49.845+07:00,3567346018740,27.184964829,1784257069844427220,left,,,,,,3.109564542770386,0.25251385569572443,-0.6418935060501099,1.5301682949066162,-0.05060997605323792,1.181472063064575
2026-07-17T09:57:49.864+07:00,3567365601366,27.204547455,1784257069864188236,right,,,,,,0.029479948803782467,2.56227707862854,0.20870548486709606,-1.583345651626587,3.2073714733123784,1.1909829378128054
2026-07-17T09:57:49.924+07:00,3567425530004,27.264476093,1784257069905068749,left,,,,,,3.109564542770386,0.25251385569572443,-0.6418935060501099,1.5301682949066162,-0.05060997605323792,1.181472063064575
2026-07-17T09:57:49.926+07:00,3567427413473,27.266359562,1784257069926122529,right,,,,,,0.029479948803782467,2.56227707862854,0.20870548486709606,-1.583345651626587,3.2073714733123784,1.1909829378128054
2026-07-17T09:57:49.970+07:00,3567471611450,27.310557539,1784257069970048161,left,,,,,,3.109564542770386,0.25251385569572443,-0.6418935060501099,1.5301682949066162,-0.05060997605323792,1.181472063064575
2026-07-17T09:57:49.991+07:00,3567492087271,27.331033360,1784257069990780658,right,,,,,,0.029479948803782467,2.56227707862854,0.20870548486709606,-1.583345651626587,3.2073714733123784,1.1909829378128054
2026-07-17T09:57:50.034+07:00,3567535280922,27.374227011,1784257070033852473,left,,,,,,3.109564542770386,0.25251385569572443,-0.6418935060501099,1.5301682949066162,-0.05060997605323792,1.181472063064575
2026-07-17T09:57:50.054+07:00,3567555513044,27.394459133,1784257070054103832,right,,,,,,0.029479948803782467,2.56227707862854,0.20870548486709606,-1.583345651626587,3.2073714733123784,1.1909829378128054
2026-07-17T09:57:50.123+07:00,3567624564589,27.463510678,1784257070098352254,left,,,,,,3.109564542770386,0.25251385569572443,-0.6418935060501099,1.5301682949066162,-0.05060997605323792,1.181472063064575
2026-07-17T09:57:50.123+07:00,3567624652584,27.463598673,1784257070119205004,right,,,,,,0.029479948803782467,2.56227707862854,0.20870548486709606,-1.583345651626587,3.2073714733123784,1.1909829378128054
2026-07-17T09:57:50.160+07:00,3567661046618,27.499992707,1784257070159585162,left,,,,,,3.109564542770386,0.25251385569572443,-0.6418935060501099,1.5301682949066162,-0.05060997605323792,1.181472063064575
2026-07-17T09:57:50.183+07:00,3567684135933,27.523082022,1784257070182873949,right,,,,,,0.029479948803782467,2.56227707862854,0.20870548486709606,-1.583345651626587,3.2073714733123784,1.1909829378128054
2026-07-17T09:57:50.222+07:00,3567723572639,27.562518728,1784257070222255610,left,,,,,,3.109564542770386,0.25251385569572443,-0.6418935060501099,1.5301682949066162,-0.05060997605323792,1.181472063064575
2026-07-17T09:57:50.252+07:00,3567753315181,27.592261270,1784257070251959061,right,,,,,,0.029479948803782467,2.56227707862854,0.20870548486709606,-1.583345651626587,3.2073714733123784,1.1909829378128054
2026-07-17T09:57:50.333+07:00,3567834276734,27.673222823,1784257070283875217,left,,,,,,3.109564542770386,0.25251385569572443,-0.6418935060501099,1.5301682949066162,-0.05060997605323792,1.181472063064575
2026-07-17T09:57:50.333+07:00,3567834381129,27.673327218,1784257070330660421,right,,,,,,0.029479948803782467,2.56227707862854,0.20870548486709606,-1.583345651626587,3.2073714733123784,1.1909829378128054
2026-07-17T09:57:50.362+07:00,3567863153633,27.702099722,1784257070361811523,left,,,,,,3.109564542770386,0.25251385569572443,-0.6418935060501099,1.5301682949066162,-0.05060997605323792,1.181472063064575
2026-07-17T09:57:50.398+07:00,3567899371005,27.738317094,1784257070397845931,right,,,,,,0.029479948803782467,2.56227707862854,0.20870548486709606,-1.583345651626587,3.2073714733123784,1.1909829378128054
2026-07-17T09:57:50.427+07:00,3567928151387,27.767097476,1784257070426668659,left,,,,,,3.109564542770386,0.25251385569572443,-0.6418935060501099,1.5301682949066162,-0.05060997605323792,1.181472063064575
2026-07-17T09:57:50.463+07:00,3567964910422,27.803856511,1784257070463390815,right,,,,,,0.029479948803782467,2.56227707862854,0.20870548486709606,-1.583345651626587,3.2073714733123784,1.1909829378128054
2026-07-17T09:57:50.523+07:00,3568024266399,27.863212488,1784257070497758119,left,,,,,,3.109564542770386,0.25251385569572443,-0.6418935060501099,1.5301682949066162,-0.05060997605323792,1.181472063064575
2026-07-17T09:57:50.528+07:00,3568029356391,27.868302480,1784257070528026224,right,,,,,,0.029479948803782467,2.56227707862854,0.20870548486709606,-1.583345651626587,3.2073714733123784,1.1909829378128054
2026-07-17T09:57:50.564+07:00,3568065877114,27.904823203,1784257070564507844,left,,,,,,3.109564542770386,0.25251385569572443,-0.6418935060501099,1.5301682949066162,-0.05060997605323792,1.181472063064575
2026-07-17T09:57:50.602+07:00,3568103036881,27.941982970,1784257070601389086,right,,,,,,0.029479948803782467,2.56227707862854,0.20870548486709606,-1.583345651626587,3.2073714733123784,1.1909829378128054
2026-07-17T09:57:50.626+07:00,3568127499410,27.966445499,1784257070626125115,left,,,,,,3.109564542770386,0.25251385569572443,-0.6418935060501099,1.5301682949066162,-0.05060997605323792,1.181472063064575
2026-07-17T09:57:50.671+07:00,3568172497257,28.011443346,1784257070671108607,right,,,,,,0.029479948803782467,2.56227707862854,0.20870548486709606,-1.583345651626587,3.2073714733123784,1.1909829378128054
2026-07-17T09:57:50.733+07:00,3568234184415,28.073130504,1784257070698010415,left,,,,,,3.109564542770386,0.25251385569572443,-0.6418935060501099,1.5301682949066162,-0.05060997605323792,1.181472063064575
2026-07-17T09:57:50.739+07:00,3568240441076,28.079387165,1784257070739162148,right,,,,,,0.029479948803782467,2.56227707862854,0.20870548486709606,-1.583345651626587,3.2073714733123784,1.1909829378128054
2026-07-17T09:57:50.780+07:00,3568281626776,28.120572865,1784257070780151694,left,,,,,,3.109564542770386,0.25251385569572443,-0.6418935060501099,1.5301682949066162,-0.05060997605323792,1.181472063064575
2026-07-17T09:57:50.802+07:00,3568303619808,28.142565897,1784257070802082218,right,,,,,,0.029479948803782467,2.56227707862854,0.20870548486709606,-1.583345651626587,3.2073714733123784,1.1909829378128054
2026-07-17T09:57:50.843+07:00,3568344488905,28.183434994,1784257070843216260,left,,,,,,3.109564542770386,0.25251385569572443,-0.6418935060501099,1.5301682949066162,-0.05060997605323792,1.181472063064575
2026-07-17T09:57:50.879+07:00,3568380708744,28.219654833,1784257070879484644,right,,,,,,0.029479948803782467,2.56227707862854,0.20870548486709606,-1.583345651626587,3.2073714733123784,1.1909829378128054
2026-07-17T09:57:50.923+07:00,3568424175399,28.263121488,1784257070904485286,left,,,,,,3.109564542770386,0.25251385569572443,-0.6418935060501099,1.5301682949066162,-0.05060997605323792,1.181472063064575
2026-07-17T09:57:50.940+07:00,3568441390348,28.280336437,1784257070940040166,right,,,,,,0.029479948803782467,2.56227707862854,0.20870548486709606,-1.583345651626587,3.2073714733123784,1.1909829378128054
2026-07-17T09:57:50.972+07:00,3568473112052,28.312058141,1784257070971800599,left,,,,,,3.109564542770386,0.25251385569572443,-0.6418935060501099,1.5301682949066162,-0.05060997605323792,1.181472063064575
2026-07-17T09:57:51.003+07:00,3568504555455,28.343501544,1784257071003119797,right,,,,,,0.029479948803782467,2.56227707862854,0.20870548486709606,-1.583345651626587,3.2073714733123784,1.1909829378128054
2026-07-17T09:57:51.040+07:00,3568541594983,28.380541072,1784257071040181697,left,,,,,,3.109564542770386,0.25251385569572443,-0.6418935060501099,1.5301682949066162,-0.05060997605323792,1.181472063064575
2026-07-17T09:57:51.063+07:00,3568564771003,28.403717092,1784257071063276120,right,,,,,,0.029479948803782467,2.56227707862854,0.20870548486709606,-1.583345651626587,3.2073714733123784,1.1909829378128054
2026-07-17T09:57:51.123+07:00,3568624316190,28.463262279,1784257071109748461,left,,,,,,3.109564542770386,0.25251385569572443,-0.6418935060501099,1.5301682949066162,-0.05060997605323792,1.181472063064575
2026-07-17T09:57:51.132+07:00,3568633708873,28.472654962,1784257071132220923,right,,,,,,0.029479948803782467,2.56227707862854,0.20870548486709606,-1.583345651626587,3.2073714733123784,1.1909829378128054
2026-07-17T09:57:51.174+07:00,3568675697825,28.514643914,1784257071173946345,left,,,,,,3.109564542770386,0.25251385569572443,-0.6418935060501099,1.5301682949066162,-0.05060997605323792,1.181472063064575
2026-07-17T09:57:51.194+07:00,3568695644450,28.534590539,1784257071194300962,right,,,,,,0.029479948803782467,2.56227707862854,0.20870548486709606,-1.583345651626587,3.2073714733123784,1.1909829378128054
2026-07-17T09:57:51.237+07:00,3568738038982,28.576985071,1784257071236330558,left,,,,,,3.109564542770386,0.25251385569572443,-0.6418935060501099,1.5301682949066162,-0.05060997605323792,1.181472063064575
2026-07-17T09:57:51.258+07:00,3568759243600,28.598189689,1784257071257830850,right,,,,,,0.029479948803782467,2.56227707862854,0.20870548486709606,-1.583345651626587,3.2073714733123784,1.1909829378128054
2026-07-17T09:57:51.323+07:00,3568824804875,28.663750964,1784257071299717015,left,,,,,,3.109564542770386,0.25251385569572443,-0.6418935060501099,1.5301682949066162,-0.05060997605323792,1.181472063064575
2026-07-17T09:57:51.324+07:00,3568825852214,28.664798303,1784257071324530538,right,,,,,,0.029479948803782467,2.56227707862854,0.20870548486709606,-1.583345651626587,3.2073714733123784,1.1909829378128054
2026-07-17T09:57:51.362+07:00,3568863227078,28.702173167,1784257071361690478,left,,,,,,3.109564542770386,0.25251385569572443,-0.6418935060501099,1.5301682949066162,-0.05060997605323792,1.181472063064575
2026-07-17T09:57:51.385+07:00,3568886389524,28.725335613,1784257071385101172,right,,,,,,0.029479948803782467,2.56227707862854,0.20870548486709606,-1.583345651626587,3.2073714733123784,1.1909829378128054
2026-07-17T09:57:51.424+07:00,3568925807033,28.764753122,1784257071424477063,left,,,,,,3.109564542770386,0.25251385569572443,-0.6418935060501099,1.5301682949066162,-0.05060997605323792,1.181472063064575
2026-07-17T09:57:51.447+07:00,3568948837785,28.787783874,1784257071447526308,right,,,,,,0.029479948803782467,2.56227707862854,0.20870548486709606,-1.583345651626587,3.2073714733123784,1.1909829378128054
2026-07-17T09:57:51.523+07:00,3569024453316,28.863399405,1784257071498338666,left,,,,,,3.109564542770386,0.25251385569572443,-0.6418935060501099,1.5301682949066162,-0.05060997605323792,1.181472063064575
2026-07-17T09:57:51.523+07:00,3569024544041,28.863490130,1784257071517021835,right,,,,,,0.029479948803782467,2.56227707862854,0.20870548486709606,-1.583345651626587,3.2073714733123784,1.1909829378128054
2026-07-17T09:57:51.570+07:00,3569071950197,28.910896286,1784257071570434238,left,,,,,,3.109564542770386,0.25251385569572443,-0.6418935060501099,1.5301682949066162,-0.05060997605323792,1.181472063064575
2026-07-17T09:57:51.580+07:00,3569080983468,28.919929557,1784257071579855920,right,,,,,,0.029479948803782467,2.56227707862854,0.20870548486709606,-1.583345651626587,3.2073714733123784,1.1909829378128054
2026-07-17T09:57:51.633+07:00,3569134127004,28.973073093,1784257071632527025,left,,,,,,3.109564542770386,0.25251385569572443,-0.6418935060501099,1.5301682949066162,-0.05060997605323792,1.181472063064575
2026-07-17T09:57:51.640+07:00,3569141232547,28.980178636,1784257071639918150,right,,,,,,0.029479948803782467,2.56227707862854,0.20870548486709606,-1.583345651626587,3.2073714733123784,1.1909829378128054
2026-07-17T09:57:51.724+07:00,3569225955190,29.064901279,1784257071699211005,left,,,,,,3.109564542770386,0.25251385569572443,-0.6418935060501099,1.5301682949066162,-0.05060997605323792,1.181472063064575
2026-07-17T09:57:51.725+07:00,3569226089302,29.065035391,1784257071721141168,right,,,,,,0.029479948803782467,2.56227707862854,0.20870548486709606,-1.583345651626587,3.2073714733123784,1.1909829378128054
2026-07-17T09:57:51.765+07:00,3569266376239,29.105322328,1784257071764898463,left,,,,,,3.109564542770386,0.25251385569572443,-0.6418935060501099,1.5301682949066162,-0.05060997605323792,1.181472063064575
2026-07-17T09:57:51.787+07:00,3569288826292,29.127772381,1784257071787419040,right,,,,,,0.029479948803782467,2.56227707862854,0.20870548486709606,-1.583345651626587,3.2073714733123784,1.1909829378128054
2026-07-17T09:57:51.835+07:00,3569336731728,29.175677817,1784257071835094490,left,,,,,,3.109564542770386,0.25251385569572443,-0.6418935060501099,1.5301682949066162,-0.05060997605323792,1.181472063064575
2026-07-17T09:57:51.856+07:00,3569357027759,29.195973848,1784257071855610728,right,,,,,,0.029479948803782467,2.56227707862854,0.20870548486709606,-1.583345651626587,3.2073714733123784,1.1909829378128054
2026-07-17T09:57:51.923+07:00,3569424557922,29.263504011,1784257071898812869,left,,,,,,3.109564542770386,0.25251385569572443,-0.6418935060501099,1.5301682949066162,-0.05060997605323792,1.181472063064575
2026-07-17T09:57:51.923+07:00,3569424649797,29.263595886,1784257071919357121,right,,,,,,0.029479948803782467,2.56227707862854,0.20870548486709606,-1.583345651626587,3.2073714733123784,1.1909829378128054
2026-07-17T09:57:51.962+07:00,3569462988414,29.301934503,1784257071961419236,left,,,,,,3.109564542770386,0.25251385569572443,-0.6418935060501099,1.5301682949066162,-0.05060997605323792,1.181472063064575
2026-07-17T09:57:51.982+07:00,3569483830430,29.322776519,1784257071982455114,right,,,,,,0.029479948803782467,2.56227707862854,0.20870548486709606,-1.583345651626587,3.2073714733123784,1.1909829378128054
2026-07-17T09:57:52.027+07:00,3569528643741,29.367589830,1784257072026936386,left,,,,,,3.109564542770386,0.25251385569572443,-0.6418935060501099,1.5301682949066162,-0.05060997605323792,1.181472063064575
2026-07-17T09:57:52.045+07:00,3569546287480,29.385233569,1784257072044932787,right,,,,,,0.029479948803782467,2.56227707862854,0.20870548486709606,-1.583345651626587,3.2073714733123784,1.1909829378128054
2026-07-17T09:57:52.124+07:00,3569625473122,29.464419211,1784257072121931788,right,,,,,,0.02950514356356652,2.5624152323072584,0.208911212515006,-1.5833142213923421,3.207390986136461,1.1913285378265381
2026-07-17T09:57:52.135+07:00,3569636248788,29.475194877,1784257072134799722,left,,,,,,3.109500890855197,0.2527714658736832,-0.6415608714599194,1.5302238965584394,-0.050682118740180894,1.18206397706604
2026-07-17T09:57:52.203+07:00,3569704675820,29.543621909,1784257072203326802,left,,,,,,3.1088922194162016,0.2552348632004144,-0.6383800531912218,1.5307555873539986,-0.05137198318407313,1.1877241547050477
2026-07-17T09:57:52.217+07:00,3569718230031,29.557176120,1784257072216910530,right,,,,,,0.03010981779838389,2.5657309205964975,0.21384867606484448,-1.5825598957704652,3.207859293914438,1.199622938156128
2026-07-17T09:57:52.270+07:00,3569771640934,29.610587023,1784257072270389417,left,,,,,,3.107810799895352,0.25961155280019554,-0.6327287300837654,1.531700236254106,-0.05259765737965589,1.1977805269908903
2026-07-17T09:57:52.343+07:00,3569844574809,29.683520898,1784257072286649080,right,,,,,,0.030947310264803587,2.570323251149613,0.22068721537760438,-1.581515131516966,3.2085079146319053,1.2111109384536745
2026-07-17T09:57:52.361+07:00,3569862632782,29.701578871,1784257072361308492,left,,,,,,3.1058216774636493,0.2676618711934515,-0.622333898711565,1.5334377879452477,-0.05485211643961128,1.2162778402996064
2026-07-17T09:57:52.394+07:00,3569895837542,29.734783631,1784257072394459302,right,,,,,,0.03258030388962165,2.579277655895908,0.23402141424932094,-1.5794779867857474,3.2097726346610638,1.2335109384536744
2026-07-17T09:57:52.430+07:00,3569931467697,29.770413786,1784257072430068345,left,,,,,,3.104495595842515,0.27302875012228883,-0.6154040111300978,1.5345961557393424,-0.056355089146248205,1.2286093825054167
2026-07-17T09:57:52.459+07:00,3569960196362,29.799142451,1784257072458664578,right,,,,,,0.03351344310380341,2.5843944586080765,0.2416409564617304,-1.5783139040821939,3.2104953318205824,1.2463109384536744
2026-07-17T09:57:52.524+07:00,3570025525045,29.864471134,1784257072501413505,left,,,,,,3.1030037540187374,0.2790664889172308,-0.6076078876009474,1.5358993195076986,-0.05804593344121473,1.2424823674869536
2026-07-17T09:57:52.525+07:00,3570026360777,29.865306866,1784257072525112396,right,,,,,,0.034446582317985155,2.589511261320245,0.24926049867413982,-1.5771498213786403,3.2112180289801016,1.2591109384536745
2026-07-17T09:57:52.573+07:00,3570074418953,29.913365042,1784257072572797614,left,,,,,,3.1015119121949604,0.2851042277121728,-0.599811764071797,1.537202483276055,-0.059736777736181274,1.2563553524684905
2026-07-17T09:57:52.589+07:00,3570090415442,29.929361531,1784257072589159798,right,,,,,,0.03537972153216691,2.5946280640324138,0.25688004088654925,-1.5759857386750868,3.2119407261396202,1.2719109384536744
2026-07-17T09:57:52.646+07:00,3570147377076,29.986323165,1784257072645997672,left,,,,,,3.100020070371184,0.29114196650711477,-0.5920156405426467,1.5385056470444112,-0.061427622031147815,1.2702283374500274
2026-07-17T09:57:52.656+07:00,3570157568117,29.996514206,1784257072656264489,right,,,,,,0.03642950314812137,2.600384467083604,0.26545202587550987,-1.5746761456335892,3.2127537604440786,1.2863109384536744
2026-07-17T09:57:52.723+07:00,3570224274017,30.063220106,1784257072712711482,left,,,,,,3.0986939887500493,0.29650884543595213,-0.5850857529611796,1.539664014838506,-0.06293059473778474,1.282559879655838
2026-07-17T09:57:52.724+07:00,3570225429739,30.064375828,1784257072724182004,right,,,,,,0.03736264236230312,2.6055012697957722,0.27307156808791927,-1.573512062930036,3.2134764576035977,1.2991109384536743
2026-07-17T09:57:52.777+07:00,3570278792412,30.117738501,1784257072777296184,left,,,,,,3.097367907128915,0.30187572436478943,-0.5781558653797125,1.5408223826326004,-0.06443356744442166,1.2948914218616485
2026-07-17T09:57:52.788+07:00,3570289753532,30.128699621,1784257072788443245,right,,,,,,0.03829578157648486,2.6106180725079406,0.2806911103003287,-1.5723479802264821,3.2141991547631172,1.3119109384536745
2026-07-17T09:57:52.850+07:00,3570351263282,30.190209371,1784257072849778049,right,,,,,,0.03922892079066661,2.6157348752201095,0.2883106525127381,-1.5711838975229286,3.2149218519226355,1.3247109384536744
2026-07-17T09:57:52.854+07:00,3570355144130,30.194090219,1784257072853873059,left,,,,,,3.0957103051024957,0.30858432302583605,-0.5694935059028788,1.5422703423752184,-0.06631228332771782,1.310305849618912
2026-07-17T09:57:52.923+07:00,3570424332321,30.263278410,1784257072919415794,left,,,,,,3.0943842234813608,0.31395120195467346,-0.5625636183214117,1.5434287101693132,-0.06781525603435476,1.3226373918247225
2026-07-17T09:57:52.929+07:00,3570430406095,30.269352184,1784257072929165942,right,,,,,,0.040395344808393796,2.6221308786103203,0.2978350802782499,-1.5697287941434868,3.2158252233720344,1.3407109384536744
2026-07-17T09:57:52.985+07:00,3570486728879,30.325674968,1784257072985190233,left,,,,,,3.0930581418602263,0.3193180808835107,-0.5556337307399448,1.5445870779634077,-0.06931822874099167,1.3349689340305328
2026-07-17T09:57:53.001+07:00,3570502003032,30.340949121,1784257073000732779,right,,,,,,0.04144512642434826,2.62788728166151,0.3064070652672105,-1.568419201101989,3.2166382576764927,1.3551109384536744
2026-07-17T09:57:53.055+07:00,3570556065790,30.395011879,1784257073054391857,left,,,,,,3.0915663000364493,0.3253558196784526,-0.5478376072107944,1.5458902417317637,-0.07100907303595819,1.3488419190120697
2026-07-17T09:57:53.069+07:00,3570570121954,30.409068043,1784257073068746732,right,,,,,,0.042378265638530005,2.6330040843736784,0.3140266074796199,-1.567255118398436,3.217360954836012,1.3679109384536745
2026-07-17T09:57:53.125+07:00,3570626404894,30.465350983,1784257073125078049,left,,,,,,3.090074458212673,0.3313935584733945,-0.5400414836816441,1.5471934055001204,-0.07269991733092471,1.3627149039936064
2026-07-17T09:57:53.146+07:00,3570647139193,30.486085282,1784257073145861587,right,,,,,,0.04354468965625719,2.6394000877638892,0.32355103524513174,-1.5658000150189941,3.2182643262854103,1.383910938453674
2026-07-17T09:57:53.187+07:00,3570688508156,30.527454245,1784257073187152866,left,,,,,,3.0887483765915373,0.33676043740223177,-0.5331115961001772,1.5483517732942147,-0.07420289003756161,1.3750464461994167
2026-07-17T09:57:53.209+07:00,3570710291113,30.549237202,1784257073208875222,right,,,,,,0.04436118646866622,2.643877290137037,0.33021813468099,-1.5647814426533848,3.2188966862999893,1.3951109384536742
2026-07-17T09:57:53.250+07:00,3570751407909,30.590353998,1784257073249909408,left,,,,,,3.087422294970403,0.3421273163310691,-0.5261817085187102,1.5495101410883092,-0.07570586274419853,1.3873779884052273
2026-07-17T09:57:53.272+07:00,3570773668923,30.612615012,1784257073272274911,right,,,,,,0.04541096808462068,2.6496336931882265,0.33879011966995054,-1.5634718496118871,3.2197097206044476,1.409510938453674
2026-07-17T09:57:53.323+07:00,3570824408073,30.663354162,1784257073312837975,left,,,,,,3.086096213349268,0.3474941952599063,-0.5192518209372433,1.550668508882404,-0.07720883545083544,1.3997095306110376
2026-07-17T09:57:53.334+07:00,3570835681086,30.674627175,1784257073334388199,right,,,,,,0.04622746489702971,2.654110895561374,0.3454572191058088,-1.5624532772462778,3.220342080619027,1.420710938453674
2026-07-17T09:57:53.378+07:00,3570879279936,30.718226025,1784257073377844936,left,,,,,,3.0847701317281335,0.35286107418874363,-0.5123219333557762,1.5518268766764984,-0.07871180815747235,1.4120410728168482
2026-07-17T09:57:53.395+07:00,3570896242003,30.735188092,1784257073394888524,right,,,,,,0.047160604111211465,2.6592276982735426,0.3530767613182182,-1.5612891945427243,3.2210647777785457,1.433510938453674
2026-07-17T09:57:53.445+07:00,3570946627360,30.785573449,1784257073445015510,left,,,,,,3.0834440501069977,0.3582279531175809,-0.5053920457743093,1.552985244470593,-0.08021478086410926,1.4243726150226586
2026-07-17T09:57:53.459+07:00,3570960789476,30.799735565,1784257073459502147,right,,,,,,0.048093743325393214,2.6643445009857114,0.3606963035306276,-1.5601251118391708,3.2217874749380644,1.446310938453674
2026-07-17T09:57:53.524+07:00,3571025470451,30.864416540,1784257073508606905,left,,,,,,3.0821179684858633,0.3635948320464181,-0.49846215819284234,1.5541436122646874,-0.08171775357074615,1.436704157228469
2026-07-17T09:57:53.524+07:00,3571025567031,30.864513120,1784257073524085440,right,,,,,,0.049026882539574955,2.6694613036978803,0.368315845743037,-1.5589610291356175,3.222510172097583,1.459110938453674
2026-07-17T09:57:53.577+07:00,3571078483402,30.917429491,1784257073576950134,left,,,,,,3.080791886864729,0.3689617109752554,-0.4915322706113754,1.5553019800587822,-0.08322072627738308,1.4490356994342797
2026-07-17T09:57:53.592+07:00,3571093918275,30.932864364,1784257073592624210,right,,,,,,0.05007666415552942,2.6752177067490694,0.3768878307319977,-1.5576514360941198,3.2233232064020423,1.4735109384536738
2026-07-17T09:57:53.640+07:00,3571141595468,30.980541557,1784257073640197969,left,,,,,,3.079465805243594,0.37432858990409273,-0.4846023830299084,1.5564603478528767,-0.08472369898401998,1.46136724164009
2026-07-17T09:57:53.724+07:00,3571225432917,31.064379006,1784257073701620738,left,,,,,,3.078139723622459,0.3796954688329299,-0.4776724954484415,1.557618715646971,-0.08622667169065691,1.4736987838459004
2026-07-17T09:57:53.724+07:00,3571225526246,31.064472335,1784257073718443867,right,,,,,,0.0518263001821202,2.6848117118343855,0.3911744723802653,-1.5554687810249568,3.2246782635761395,1.4975109384536738
2026-07-17T09:57:53.768+07:00,3571269022404,31.107968493,1784257073767410859,left,,,,,,3.0768136420013237,0.38506234776176723,-0.47074260786697447,1.5587770834410657,-0.08772964439729382,1.486030326051711
2026-07-17T09:57:53.788+07:00,3571289079634,31.128025723,1784257073787619354,right,,,,,,0.05287608179807467,2.690568114885575,0.3997464573692259,-1.5541591879834593,3.2254912978805983,1.5119109384536737
2026-07-17T09:57:53.830+07:00,3571331268068,31.170214157,1784257073829539170,left,,,,,,3.0754875603801892,0.3904292266906045,-0.4638127202855076,1.5599354512351602,-0.08923261710393073,1.4983618682575213
2026-07-17T09:57:53.856+07:00,3571357159916,31.196106005,1784257073855909680,right,,,,,,0.05392586341402912,2.696324517936765,0.40831844235818654,-1.5528495949419616,3.226304332185057,1.526310938453674
2026-07-17T09:57:53.923+07:00,3571424714921,31.263661010,1784257073909079998,left,,,,,,3.073829958353771,0.3971378253516511,-0.4551503608086738,1.5613834109777782,-0.09111133298722686,1.5137762960147845
2026-07-17T09:57:53.923+07:00,3571424810068,31.263756157,1784257073919925302,right,,,,,,0.054859002628210876,2.701441320648934,0.41593798457059594,-1.5516855122384081,3.2270270293445757,1.5391109384536739
2026-07-17T09:57:53.970+07:00,3571471416371,31.310362460,1784257073970032808,left,,,,,,3.0726696369352777,0.4018338444143837,-0.44908670917489024,1.5623969827976112,-0.09242643410553417,1.5245663954448685
2026-07-17T09:57:53.986+07:00,3571487622299,31.326568388,1784257073986232364,right,,,,,,0.055792141842392624,2.7065581233611025,0.42355752678300534,-1.5505214295348546,3.2277497265040944,1.5519109384536736
2026-07-17T09:57:54.041+07:00,3571542233028,31.381179117,1784257074040563358,left,,,,,,3.0711777951115007,0.4078715832093256,-0.44129058564574,1.5637001465659675,-0.09411727840050066,1.5384393804264054
2026-07-17T09:57:54.047+07:00,3571548247787,31.387193876,1784257074046867116,right,,,,,,0.056725281056574366,2.7116749260732713,0.43117706899541475,-1.549357346831301,3.2284724236636135,1.564710938453674
2026-07-17T09:57:54.124+07:00,3571625062408,31.464008497,1784257074118451261,right,,,,,,0.05777506267252883,2.7174313291244605,0.43974905398437536,-1.5480477537898034,3.2292854579680723,1.5791109384536737
2026-07-17T09:57:54.125+07:00,3571626114372,31.465060461,1784257074124709336,left,,,,,,3.0693544328824407,0.41525104173647687,-0.4317619902212229,1.5652929022828472,-0.09618386587212643,1.5553952509593947
2026-07-17T09:57:54.191+07:00,3571692739867,31.531685956,1784257074191195770,left,,,,,,3.0680283512613054,0.4206179206653141,-0.4248321026397558,1.5664512700769417,-0.09768683857876334,1.5677267931652052
2026-07-17T09:57:54.210+07:00,3571711917697,31.550863786,1784257074210519417,right,,,,,,0.05905812909202873,2.724466932853692,0.4502259245264383,-1.5464471400724173,3.230279166562411,1.5967109384536737
2026-07-17T09:57:54.257+07:00,3571758209236,31.597155325,1784257074256484795,left,,,,,,3.066702269640171,0.4259847995941515,-0.41790221505828895,1.5676096378710365,-0.09918981128540025,1.5800583353710156
2026-07-17T09:57:54.271+07:00,3571772406864,31.611352953,1784257074271053238,right,,,,,,0.05999126830621048,2.729583735565861,0.4578454667388477,-1.5452830573688638,3.231001863721929,1.6095109384536737
2026-07-17T09:57:54.323+07:00,3571824833288,31.663779377,1784257074322562537,left,,,,,,3.0652104278163934,0.4320225383890933,-0.41010609152913857,1.5689128016393927,-0.10088065558036677,1.5939313203525522
2026-07-17T09:57:54.332+07:00,3571833922194,31.672868283,1784257074332588093,right,,,,,,0.06080776511861952,2.7340609379390086,0.464512566174706,-1.5442644850032545,3.231634223736508,1.6207109384536733
2026-07-17T09:57:54.387+07:00,3571888959150,31.727905239,1784257074387521047,left,,,,,,3.063884346195259,0.4373894173179306,-0.4031762039476716,1.5700711694334875,-0.10238362828700368,1.6062628625583626
2026-07-17T09:57:54.399+07:00,3571900841392,31.739787481,1784257074399456479,right,,,,,,0.06185754673457398,2.7398173409901982,0.4730845511636666,-1.5429548919617573,3.2324472580409678,1.6351109384536737
2026-07-17T09:57:54.454+07:00,3571955523444,31.794469533,1784257074453823713,left,,,,,,3.062558264574124,0.44275629624676793,-0.39624631636620467,1.571229537227582,-0.1038866009936406,1.6185944047641732
2026-07-17T09:57:54.460+07:00,3571961928422,31.800874511,1784257074460628818,right,,,,,,0.062674043546983,2.744294543363346,0.4797516505995248,-1.541936319596148,3.233079618055546,1.6463109384536734
2026-07-17T09:57:54.524+07:00,3572025640177,31.864586266,1784257074522832334,left,,,,,,3.061066422750348,0.4487940350417098,-0.3884501928370544,1.572532700995938,-0.10557744528860712,1.63246738974571
2026-07-17T09:57:54.524+07:00,3572025731939,31.864678028,1784257074522843244,right,,,,,,0.06360718276116475,2.7494113460755143,0.4873711928119343,-1.540772236892594,3.2338023152150646,1.6591109384536733
2026-07-17T09:57:54.589+07:00,3572089967097,31.928913186,1784257074588209706,left,,,,,,3.059740341129213,0.4541609139705471,-0.3815203052555874,1.5736910687900325,-0.10708041799524402,1.6447989319515204
2026-07-17T09:57:54.592+07:00,3572093048430,31.931994519,1784257074591552537,right,,,,,,0.06465696437711922,2.755167749126705,0.4959431778008948,-1.5394626438510968,3.2346153495195233,1.6735109384536735
2026-07-17T09:57:54.653+07:00,3572154205642,31.993151731,1784257074652799040,right,,,,,,0.06547346118952825,2.7596449514998516,0.5026102772367531,-1.5384440714854875,3.2352477095341023,1.6847109384536736
2026-07-17T09:57:54.655+07:00,3572156941047,31.995887136,1784257074655681120,left,,,,,,3.0584142595080777,0.45952779289938434,-0.37459041767412043,1.5748494365841272,-0.10858339070188094,1.657130474157331
2026-07-17T09:57:54.723+07:00,3572224927799,32.063873888,1784257074721680251,left,,,,,,3.056922417684301,0.4655655316943263,-0.36679429414497006,1.5761526003524835,-0.11027423499684745,1.6710034591388676
2026-07-17T09:57:54.724+07:00,3572225083714,32.064029803,1784257074717705991,right,,,,,,0.06640660040370999,2.76476175421202,0.5102298194491625,-1.537279988781934,3.235970406693622,1.697510938453673
2026-07-17T09:57:54.783+07:00,3572284460370,32.123406459,1784257074782746718,right,,,,,,0.06745638201966446,2.77051815726321,0.5188018044381231,-1.5359703957404363,3.23678344099808,1.7119109384536735
2026-07-17T09:57:54.791+07:00,3572292286570,32.131232659,1784257074791084620,left,,,,,,3.0555963360631666,0.47093241062316354,-0.35986440656350316,1.5773109681465778,-0.11177720770348437,1.683335001344678
2026-07-17T09:57:54.846+07:00,3572347932090,32.186878179,1784257074846440268,right,,,,,,0.0683895212338462,2.775634959975379,0.5264213466505325,-1.5348063130368828,3.2375061381575994,1.7247109384536732
2026-07-17T09:57:54.856+07:00,3572357739565,32.196685654,1784257074856483904,left,,,,,,3.0541044942393896,0.4769701494181055,-0.3520682830343528,1.5786141319149345,-0.1134680519984509,1.6972079863262148
2026-07-17T09:57:54.924+07:00,3572425916476,32.264862565,1784257074922098476,left,,,,,,3.0527784126182547,0.48233702834694275,-0.3451383954528858,1.579772499709029,-0.1149710247050878,1.7095395285320254
2026-07-17T09:57:54.925+07:00,3572426028707,32.264974796,1784257074920897242,right,,,,,,0.06943930284980067,2.7813913630265685,0.534993331639493,-1.533496719995385,3.238319172462058,1.7391109384536736
2026-07-17T09:57:54.985+07:00,3572486793452,32.325739541,1784257074985236435,right,,,,,,0.07037244206398241,2.786508165738737,0.5426128738519026,-1.5323326372918316,3.239041869621577,1.7519109384536733
2026-07-17T09:57:54.987+07:00,3572488715687,32.327661776,1784257074987170427,left,,,,,,3.0514523309971198,0.48770390727578,-0.3382085078714189,1.5809308675031235,-0.11647399741172472,1.7218710707378357
2026-07-17T09:57:55.052+07:00,3572553736619,32.392682708,1784257075052069473,left,,,,,,3.0501262493759853,0.49307078620461725,-0.3312786202899519,1.582089235297218,-0.11797697011836161,1.734202612943646
2026-07-17T09:57:55.053+07:00,3572554096902,32.393042991,1784257075052009098,right,,,,,,0.07130558127816417,2.791624968450906,0.550232416064312,-1.531168554588278,3.2397645667810955,1.7647109384536732
2026-07-17T09:57:55.125+07:00,3572626353663,32.465299752,1784257075124987266,left,,,,,,3.0486344075522083,0.49910852499955916,-0.3234824967608016,1.5833923990655743,-0.11966781441332815,1.7480755979251827
2026-07-17T09:57:55.149+07:00,3572650660582,32.489606671,1784257075149274766,right,,,,,,0.07270529009943678,2.7993001725191586,0.5616617293829261,-1.5294224305329478,3.2408486125203733,1.7839109384536733
2026-07-17T09:57:55.191+07:00,3572692814370,32.531760459,1784257075191462799,left,,,,,,3.0473083259310734,0.5044754039283965,-0.3165526091793346,1.584550766859669,-0.12117078711996507,1.7604071401309935
2026-07-17T09:57:55.216+07:00,3572716991644,32.555937733,1784257075215593392,right,,,,,,0.07375507171539125,2.8050565755703483,0.5702337143718866,-1.5281128374914503,3.241661646824832,1.7983109384536733
2026-07-17T09:57:55.256+07:00,3572757940105,32.596886194,1784257075256555599,left,,,,,,3.0458164841072963,0.5105131427233385,-0.3087564856501843,1.5858539306280253,-0.12286163141493157,1.7742801251125302
2026-07-17T09:57:55.278+07:00,3572779355029,32.618301118,1784257075277960121,right,,,,,,0.07457156852780028,2.809533777943496,0.5769008138077449,-1.527094265125841,3.2422940068394115,1.8095109384536734
2026-07-17T09:57:55.323+07:00,3572824880538,32.663826627,1784257075321599049,left,,,,,,3.0444904024861614,0.5158800216521756,-0.30182659806871737,1.58701229842212,-0.1243646041215685,1.7866116673183405
2026-07-17T09:57:55.339+07:00,3572840190227,32.679136316,1784257075338759122,right,,,,,,0.07550470774198204,2.8146505806556643,0.5845203560201544,-1.5259301824222875,3.24301670399893,1.822310938453673
2026-07-17T09:57:55.386+07:00,3572887893533,32.726839622,1784257075386362824,left,,,,,,3.043164320865027,0.521246900581013,-0.29489671048725036,1.5881706662162143,-0.1258675768282054,1.798943209524151
2026-07-17T09:57:55.402+07:00,3572903317958,32.742264047,1784257075401940814,right,,,,,,0.07643784695616378,2.819767383367833,0.5921398982325639,-1.524766099718734,3.243739401158449,1.835110938453673
2026-07-17T09:57:55.447+07:00,3572948521418,32.787467507,1784257075447041568,left,,,,,,3.0420039994465338,0.5259429196437455,-0.2888330588534668,1.5891842380360468,-0.1271826779465127,1.8097333089542351
2026-07-17T09:57:55.463+07:00,3572964670993,32.803617082,1784257075463424696,right,,,,,,0.07737098617034553,2.8248841860800016,0.5997594404449732,-1.5236020170151805,3.244462098317968,1.8479109384536732
2026-07-17T09:57:55.523+07:00,3573024475425,32.863421514,1784257075513064926,left,,,,,,3.0405121576227567,0.5319806584386875,-0.28103693532431645,1.5904874018044035,-0.12887352224147922,1.8236062939357718
2026-07-17T09:57:55.533+07:00,3573034354552,32.873300641,1784257075533117302,right,,,,,,0.07830412538452727,2.8300009887921704,0.6073789826573825,-1.522437934311627,3.2451847954774866,1.860710938453673
2026-07-17T09:57:55.584+07:00,3573085589366,32.924535455,1784257075584148063,left,,,,,,3.0391860760016223,0.5373475373675247,-0.2741070477428495,1.591645769598498,-0.13037649494811612,1.8359378361415823
2026-07-17T09:57:55.597+07:00,3573098713870,32.937659959,1784257075597298882,right,,,,,,0.07923726459870901,2.835117791504339,0.614998524869792,-1.5212738516080735,3.2459074926370053,1.873510938453673
2026-07-17T09:57:55.661+07:00,3573162551829,33.001497918,1784257075661202990,right,,,,,,0.08017040381289076,2.8402345942165073,0.6226180670822014,-1.5201097689045204,3.2466301897965244,1.8863109384536731
2026-07-17T09:57:55.679+07:00,3573180054362,33.019000451,1784257075678784794,left,,,,,,3.0371969535699197,0.5453978557607807,-0.26371221637064907,1.5933833212896396,-0.13263095400807148,1.8544351494502982
2026-07-17T09:57:55.727+07:00,3573228371318,33.067317407,1784257075727076592,right,,,,,,0.08122018542884522,2.8459909972676973,0.6311900520711622,-1.5188001758630227,3.2474432241009836,1.900710938453673
2026-07-17T09:57:55.755+07:00,3573256116116,33.095062205,1784257075754610913,left,,,,,,3.0355393515435014,0.5521064544218272,-0.2550498568938153,1.5948312810322578,-0.13450966989136764,1.8698495772075612
2026-07-17T09:57:55.790+07:00,3573291860595,33.130806684,1784257075790137215,right,,,,,,0.08203668224125427,2.8504681996408445,0.6378571515070202,-1.517781603497413,3.2480755841155617,1.9119109384536728
2026-07-17T09:57:55.816+07:00,3573317793413,33.156739502,1784257075816358577,left,,,,,,3.0342162511280515,0.5574612679018126,-0.24813554860997597,1.5959870446633824,-0.13600926371792207,1.8821533964865604
2026-07-17T09:57:55.856+07:00,3573357431809,33.196377898,1784257075856051394,right,,,,,,0.08299324178514832,2.8557134260702584,0.6456679322700762,-1.5165883041450305,3.2488164198395104,1.9250321983640502
2026-07-17T09:57:55.879+07:00,3573380782653,33.219728742,1784257075879383604,left,,,,,,3.033292932466474,0.5611980963069769,-0.243310434963406,1.5967935882306952,-0.13705574737757198,1.89073955201665
2026-07-17T09:57:55.930+07:00,3573431423656,33.270369745,1784257075930052712,right,,,,,,0.0835262424003808,2.858636097148872,0.6500201453431979,-1.515923390713309,3.2492292178709254,1.9323434417147631
2026-07-17T09:57:55.957+07:00,3573458440136,33.297386225,1784257075957023479,left,,,,,,3.032650241777961,0.563799175349899,-0.23995183761158081,1.5973549957513726,-0.13778416902843338,1.8967160825893994
2026-07-17T09:57:55.996+07:00,3573496974229,33.335920318,1784257075995466545,right,,,,,,0.08362964540719985,2.8592031002044678,0.6508644819259644,-1.5157943964004517,3.2493093013763423,1.9337618350982675
2026-07-17T09:57:56.029+07:00,3573530458072,33.369404161,1784257076028743752,left,,,,,,3.0326125621795654,0.5639516711235047,-0.23975493013858787,1.5973879098892212,-0.13782687485218048,1.8970664739608762
2026-07-17T09:57:56.060+07:00,3573560988491,33.399934580,1784257076059287344,right,,,,,,0.08362964540719985,2.8592031002044678,0.6508644819259644,-1.5157943964004517,3.2493093013763423,1.9337618350982675
2026-07-17T09:57:56.127+07:00,3573628146286,33.467092375,1784257076126825923,left,,,,,,3.0326125621795654,0.5639516711235047,-0.23975493013858787,1.5973879098892212,-0.13782687485218048,1.8970664739608762
2026-07-17T09:57:56.148+07:00,3573649680934,33.488627023,1784257076148383605,right,,,,,,0.08362964540719985,2.8592031002044678,0.6508644819259644,-1.5157943964004517,3.2493093013763423,1.9337618350982675
2026-07-17T09:57:56.193+07:00,3573694723221,33.533669310,1784257076193206171,left,,,,,,3.0326125621795654,0.5639516711235047,-0.23975493013858787,1.5973879098892212,-0.13782687485218048,1.8970664739608762
2026-07-17T09:57:56.211+07:00,3573712161962,33.551108051,1784257076210824630,right,,,,,,0.08362964540719985,2.8592031002044678,0.6508644819259644,-1.5157943964004517,3.2493093013763423,1.9337618350982675
2026-07-17T09:57:56.259+07:00,3573759972168,33.598918257,1784257076258453036,left,,,,,,3.0326125621795654,0.5639516711235047,-0.23975493013858787,1.5973879098892212,-0.13782687485218048,1.8970664739608762
2026-07-17T09:57:56.277+07:00,3573778130091,33.617076180,1784257076276793754,right,,,,,,0.08362964540719985,2.8592031002044678,0.6508644819259644,-1.5157943964004517,3.2493093013763423,1.9337618350982675
2026-07-17T09:57:56.323+07:00,3573824159484,33.663105573,1784257076321736778,left,,,,,,3.0326125621795654,0.5639516711235047,-0.23975493013858787,1.5973879098892212,-0.13782687485218048,1.8970664739608762
2026-07-17T09:57:56.349+07:00,3573850341197,33.689287286,1784257076348979989,right,,,,,,0.08362964540719985,2.8592031002044678,0.6508644819259644,-1.5157943964004517,3.2493093013763423,1.9337618350982675
2026-07-17T09:57:56.386+07:00,3573887077422,33.726023511,1784257076385676239,left,,,,,,3.0326125621795654,0.5639516711235047,-0.23975493013858787,1.5973879098892212,-0.13782687485218048,1.8970664739608762
2026-07-17T09:57:56.411+07:00,3573912104464,33.751050553,1784257076410686221,right,,,,,,0.08362964540719985,2.8592031002044678,0.6508644819259644,-1.5157943964004517,3.2493093013763423,1.9337618350982675
2026-07-17T09:57:56.449+07:00,3573950533326,33.789479415,1784257076449148571,left,,,,,,3.0326125621795654,0.5639516711235047,-0.23975493013858787,1.5973879098892212,-0.13782687485218048,1.8970664739608762
2026-07-17T09:57:56.524+07:00,3574025528684,33.864474773,1784257076513076818,left,,,,,,3.0326125621795654,0.5639516711235047,-0.23975493013858787,1.5973879098892212,-0.13782687485218048,1.8970664739608762
2026-07-17T09:57:56.524+07:00,3574025616171,33.864562260,1784257076480642696,right,,,,,,0.08362964540719985,2.8592031002044678,0.6508644819259644,-1.5157943964004517,3.2493093013763423,1.9337618350982675
2026-07-17T09:57:56.555+07:00,3574056595787,33.895541876,1784257076555193758,right,,,,,,0.08362964540719985,2.8592031002044678,0.6508644819259644,-1.5157943964004517,3.2493093013763423,1.9337618350982675
2026-07-17T09:57:56.575+07:00,3574076038768,33.914984857,1784257076574638854,left,,,,,,3.0326125621795654,0.5639516711235047,-0.23975493013858787,1.5973879098892212,-0.13782687485218048,1.8970664739608762
2026-07-17T09:57:56.623+07:00,3574124960322,33.963906411,1784257076623550110,right,,,,,,0.08362964540719985,2.8592031002044678,0.6508644819259644,-1.5157943964004517,3.2493093013763423,1.9337618350982675
2026-07-17T09:57:56.655+07:00,3574156941802,33.995887891,1784257076655596749,left,,,,,,3.0326125621795654,0.5639516711235047,-0.23975493013858787,1.5973879098892212,-0.13782687485218048,1.8970664739608762
2026-07-17T09:57:56.723+07:00,3574224634886,34.063580975,1784257076698699056,right,,,,,,0.08362964540719985,2.8592031002044678,0.6508644819259644,-1.5157943964004517,3.2493093013763423,1.9337618350982675
2026-07-17T09:57:56.726+07:00,3574226989330,34.065935419,1784257076725664244,left,,,,,,3.0326125621795654,0.5639516711235047,-0.23975493013858787,1.5973879098892212,-0.13782687485218048,1.8970664739608762
2026-07-17T09:57:56.776+07:00,3574277531717,34.116477806,1784257076775783317,right,,,,,,0.08362964540719985,2.8592031002044678,0.6508644819259644,-1.5157943964004517,3.2493093013763423,1.9337618350982675
2026-07-17T09:57:56.795+07:00,3574296141471,34.135087560,1784257076794632099,left,,,,,,3.0326125621795654,0.5639516711235047,-0.23975493013858787,1.5973879098892212,-0.13782687485218048,1.8970664739608762
2026-07-17T09:57:56.838+07:00,3574339016192,34.177962281,1784257076837333812,right,,,,,,0.08362964540719985,2.8592031002044678,0.6508644819259644,-1.5157943964004517,3.2493093013763423,1.9337618350982675
2026-07-17T09:57:56.862+07:00,3574362975130,34.201921219,1784257076861560037,left,,,,,,3.0326125621795654,0.5639516711235047,-0.23975493013858787,1.5973879098892212,-0.13782687485218048,1.8970664739608762
2026-07-17T09:57:56.923+07:00,3574424649648,34.263595737,1784257076901784137,right,,,,,,0.08362964540719985,2.8592031002044678,0.6508644819259644,-1.5157943964004517,3.2493093013763423,1.9337618350982675
2026-07-17T09:57:56.935+07:00,3574436767210,34.275713299,1784257076935360325,left,,,,,,3.0326125621795654,0.5639516711235047,-0.23975493013858787,1.5973879098892212,-0.13782687485218048,1.8970664739608762
2026-07-17T09:57:56.982+07:00,3574483237853,34.322183942,1784257076981878016,right,,,,,,0.08362964540719985,2.8592031002044678,0.6508644819259644,-1.5157943964004517,3.2493093013763423,1.9337618350982675
2026-07-17T09:57:56.999+07:00,3574500314116,34.339260205,1784257076998676685,left,,,,,,3.0326125621795654,0.5639516711235047,-0.23975493013858787,1.5973879098892212,-0.13782687485218048,1.8970664739608762
2026-07-17T09:57:57.046+07:00,3574547474524,34.386420613,1784257077045935750,right,,,,,,0.08362964540719985,2.8592031002044678,0.6508644819259644,-1.5157943964004517,3.2493093013763423,1.9337618350982675
2026-07-17T09:57:57.071+07:00,3574572119682,34.411065771,1784257077070703936,left,,,,,,3.0326125621795654,0.5639516711235047,-0.23975493013858787,1.5973879098892212,-0.13782687485218048,1.8970664739608762
2026-07-17T09:57:57.123+07:00,3574624685188,34.463631277,1784257077117202690,right,,,,,,0.08362964540719985,2.8592031002044678,0.6508644819259644,-1.5157943964004517,3.2493093013763423,1.9337618350982675
2026-07-17T09:57:57.134+07:00,3574635040520,34.473986609,1784257077133769053,left,,,,,,3.0326125621795654,0.5639516711235047,-0.23975493013858787,1.5973879098892212,-0.13782687485218048,1.8970664739608762
2026-07-17T09:57:57.207+07:00,3574708090102,34.547036191,1784257077206444263,right,,,,,,0.08362964540719985,2.8592031002044678,0.6508644819259644,-1.5157943964004517,3.2493093013763423,1.9337618350982675
2026-07-17T09:57:57.209+07:00,3574710916984,34.549863073,1784257077209510952,left,,,,,,3.0326125621795654,0.5639516711235047,-0.23975493013858787,1.5973879098892212,-0.13782687485218048,1.8970664739608762
2026-07-17T09:57:57.270+07:00,3574771548455,34.610494544,1784257077269966770,right,,,,,,0.08362964540719985,2.8592031002044678,0.6508644819259644,-1.5157943964004517,3.2493093013763423,1.9337618350982675
2026-07-17T09:57:57.274+07:00,3574775345735,34.614291824,1784257077273992237,left,,,,,,3.0326125621795654,0.5639516711235047,-0.23975493013858787,1.5973879098892212,-0.13782687485218048,1.8970664739608762
2026-07-17T09:57:57.333+07:00,3574834816551,34.673762640,1784257077333396573,right,,,,,,0.08362964540719985,2.8592031002044678,0.6508644819259644,-1.5157943964004517,3.2493093013763423,1.9337618350982675
2026-07-17T09:57:57.336+07:00,3574837940854,34.676886943,1784257077336712441,left,,,,,,3.0326125621795654,0.5639516711235047,-0.23975493013858787,1.5973879098892212,-0.13782687485218048,1.8970664739608762
2026-07-17T09:57:57.397+07:00,3574898107770,34.737053859,1784257077396658385,right,,,,,,0.08362964540719985,2.8592031002044678,0.6508644819259644,-1.5157943964004517,3.2493093013763423,1.9337618350982675
2026-07-17T09:57:57.401+07:00,3574902621440,34.741567529,1784257077401174607,left,,,,,,3.0326125621795654,0.5639516711235047,-0.23975493013858787,1.5973879098892212,-0.13782687485218048,1.8970664739608762
2026-07-17T09:57:57.462+07:00,3574963899695,34.802845784,1784257077462192452,right,,,,,,0.08362964540719985,2.8592031002044678,0.6508644819259644,-1.5157943964004517,3.2493093013763423,1.9337618350982675
2026-07-17T09:57:57.467+07:00,3574968353764,34.807299853,1784257077467090657,left,,,,,,3.0326125621795654,0.5639516711235047,-0.23975493013858787,1.5973879098892212,-0.13782687485218048,1.8970664739608762
2026-07-17T09:57:57.526+07:00,3575027047621,34.865993710,1784257077525735914,right,,,,,,0.08362964540719985,2.8592031002044678,0.6508644819259644,-1.5157943964004517,3.2493093013763423,1.9337618350982675
2026-07-17T09:57:57.531+07:00,3575032926479,34.871872568,1784257077531743851,left,,,,,,3.0326125621795654,0.5639516711235047,-0.23975493013858787,1.5973879098892212,-0.13782687485218048,1.8970664739608762
2026-07-17T09:57:57.591+07:00,3575092506246,34.931452335,1784257077590957511,right,,,,,,0.08362964540719985,2.8592031002044678,0.6508644819259644,-1.5157943964004517,3.2493093013763423,1.9337618350982675
2026-07-17T09:57:57.606+07:00,3575107946467,34.946892556,1784257077606597598,left,,,,,,3.0326125621795654,0.5639516711235047,-0.23975493013858787,1.5973879098892212,-0.13782687485218048,1.8970664739608762
2026-07-17T09:57:57.655+07:00,3575156425178,34.995371267,1784257077654987320,right,,,,,,0.08362964540719985,2.8592031002044678,0.6508644819259644,-1.5157943964004517,3.2493093013763423,1.9337618350982675
2026-07-17T09:57:57.673+07:00,3575174070171,35.013016260,1784257077672683257,left,,,,,,3.0326125621795654,0.5639516711235047,-0.23975493013858787,1.5973879098892212,-0.13782687485218048,1.8970664739608762
2026-07-17T09:57:57.724+07:00,3575225146693,35.064092782,1784257077719556471,right,,,,,,0.08362964540719985,2.8592031002044678,0.6508644819259644,-1.5157943964004517,3.2493093013763423,1.9337618350982675
2026-07-17T09:57:57.739+07:00,3575240753247,35.079699336,1784257077739369722,left,,,,,,3.0326125621795654,0.5639516711235047,-0.23975493013858787,1.5973879098892212,-0.13782687485218048,1.8970664739608762
2026-07-17T09:57:57.784+07:00,3575284975609,35.123921698,1784257077783534938,right,,,,,,0.08362964540719985,2.8592031002044678,0.6508644819259644,-1.5157943964004517,3.2493093013763423,1.9337618350982675
2026-07-17T09:57:57.807+07:00,3575308086371,35.147032460,1784257077806534634,left,,,,,,3.0326125621795654,0.5639516711235047,-0.23975493013858787,1.5973879098892212,-0.13782687485218048,1.8970664739608762
2026-07-17T09:57:57.848+07:00,3575349888184,35.188834273,1784257077848393435,right,,,,,,0.08362964540719985,2.8592031002044678,0.6508644819259644,-1.5157943964004517,3.2493093013763423,1.9337618350982675
2026-07-17T09:57:57.873+07:00,3575374158465,35.213104554,1784257077872663656,left,,,,,,3.0326125621795654,0.5639516711235047,-0.23975493013858787,1.5973879098892212,-0.13782687485218048,1.8970664739608762
2026-07-17T09:57:57.924+07:00,3575425162821,35.264108910,1784257077922247023,right,,,,,,0.08362964540719985,2.8592031002044678,0.6508644819259644,-1.5157943964004517,3.2493093013763423,1.9337618350982675
2026-07-17T09:57:57.939+07:00,3575440464646,35.279410735,1784257077939086182,left,,,,,,3.0326125621795654,0.5639516711235047,-0.23975493013858787,1.5973879098892212,-0.13782687485218048,1.8970664739608762
2026-07-17T09:57:57.998+07:00,3575499697783,35.338643872,1784257077997985301,right,,,,,,0.08362964540719985,2.8592031002044678,0.6508644819259644,-1.5157943964004517,3.2493093013763423,1.9337618350982675
2026-07-17T09:57:58.004+07:00,3575505952227,35.344898316,1784257078004714111,left,,,,,,3.0326125621795654,0.5639516711235047,-0.23975493013858787,1.5973879098892212,-0.13782687485218048,1.8970664739608762
2026-07-17T09:57:58.062+07:00,3575563049421,35.401995510,1784257078061298378,right,,,,,,0.08362964540719985,2.8592031002044678,0.6508644819259644,-1.5157943964004517,3.2493093013763423,1.9337618350982675
2026-07-17T09:57:58.066+07:00,3575567647683,35.406593772,1784257078066185469,left,,,,,,3.0326125621795654,0.5639516711235047,-0.23975493013858787,1.5973879098892212,-0.13782687485218048,1.8970664739608762
2026-07-17T09:57:58.131+07:00,3575632471183,35.471417272,1784257078131019655,left,,,,,,3.0326125621795654,0.5639516711235047,-0.23975493013858787,1.5973879098892212,-0.13782687485218048,1.8970664739608762
2026-07-17T09:57:58.135+07:00,3575636521844,35.475467933,1784257078135231118,right,,,,,,0.08362964540719985,2.8592031002044678,0.6508644819259644,-1.5157943964004517,3.2493093013763423,1.9337618350982675
2026-07-17T09:57:58.193+07:00,3575694744534,35.533690623,1784257078193177509,left,,,,,,3.0326125621795654,0.5639516711235047,-0.23975493013858787,1.5973879098892212,-0.13782687485218048,1.8970664739608762
2026-07-17T09:57:58.218+07:00,3575719882683,35.558828772,1784257078218495589,right,,,,,,0.08362964540719985,2.8592031002044678,0.6508644819259644,-1.5157943964004517,3.2493093013763423,1.9337618350982675
2026-07-17T09:57:58.262+07:00,3575763910340,35.602856429,1784257078262208112,left,,,,,,3.0326125621795654,0.5639516711235047,-0.23975493013858787,1.5973879098892212,-0.13782687485218048,1.8970664739608762
2026-07-17T09:57:58.323+07:00,3575824683902,35.663629991,1784257078284847805,right,,,,,,0.08362964540719985,2.8592031002044678,0.6508644819259644,-1.5157943964004517,3.2493093013763423,1.9337618350982675
2026-07-17T09:57:58.331+07:00,3575832905427,35.671851516,1784257078331515914,left,,,,,,3.0326125621795654,0.5639516711235047,-0.23975493013858787,1.5973879098892212,-0.13782687485218048,1.8970664739608762
2026-07-17T09:57:58.347+07:00,3575848430285,35.687376374,1784257078347119366,right,,,,,,0.08362964540719985,2.8592031002044678,0.6508644819259644,-1.5157943964004517,3.2493093013763423,1.9337618350982675
2026-07-17T09:57:58.399+07:00,3575900308100,35.739254189,1784257078398794203,left,,,,,,3.0326125621795654,0.5639516711235047,-0.23975493013858787,1.5973879098892212,-0.13782687485218048,1.8970664739608762
2026-07-17T09:57:58.415+07:00,3575916489850,35.755435939,1784257078414991736,right,,,,,,0.08362964540719985,2.8592031002044678,0.6508644819259644,-1.5157943964004517,3.2493093013763423,1.9337618350982675
2026-07-17T09:57:58.464+07:00,3575965548812,35.804494901,1784257078463819821,left,,,,,,3.0326125621795654,0.5639516711235047,-0.23975493013858787,1.5973879098892212,-0.13782687485218048,1.8970664739608762
2026-07-17T09:57:58.524+07:00,3576025664695,35.864610784,1784257078481426900,right,,,,,,0.08362964540719985,2.8592031002044678,0.6508644819259644,-1.5157943964004517,3.2493093013763423,1.9337618350982675
2026-07-17T09:57:58.526+07:00,3576027830227,35.866776316,1784257078526454329,left,,,,,,3.0326125621795654,0.5639516711235047,-0.23975493013858787,1.5973879098892212,-0.13782687485218048,1.8970664739608762
2026-07-17T09:57:58.547+07:00,3576048896887,35.887842976,1784257078547468357,right,,,,,,0.08362964540719985,2.8592031002044678,0.6508644819259644,-1.5157943964004517,3.2493093013763423,1.9337618350982675
2026-07-17T09:57:58.621+07:00,3576122222641,35.961168730,1784257078620720701,left,,,,,,3.0326125621795654,0.5639516711235047,-0.23975493013858787,1.5973879098892212,-0.13782687485218048,1.8970664739608762
2026-07-17T09:57:58.624+07:00,3576125560572,35.964506661,1784257078624350411,right,,,,,,0.08362964540719985,2.8592031002044678,0.6508644819259644,-1.5157943964004517,3.2493093013763423,1.9337618350982675
2026-07-17T09:57:58.723+07:00,3576224872435,36.063818524,1784257078698044608,left,,,,,,3.0326125621795654,0.5639516711235047,-0.23975493013858787,1.5973879098892212,-0.13782687485218048,1.8970664739608762
2026-07-17T09:57:58.723+07:00,3576224964089,36.063910178,1784257078688498284,right,,,,,,0.08362964540719985,2.8592031002044678,0.6508644819259644,-1.5157943964004517,3.2493093013763423,1.9337618350982675
2026-07-17T09:57:58.752+07:00,3576253241447,36.092187536,1784257078751852320,right,,,,,,0.08362964540719985,2.8592031002044678,0.6508644819259644,-1.5157943964004517,3.2493093013763423,1.9337618350982675
2026-07-17T09:57:58.759+07:00,3576260384656,36.099330745,1784257078759093435,left,,,,,,3.0326125621795654,0.5639516711235047,-0.23975493013858787,1.5973879098892212,-0.13782687485218048,1.8970664739608762
2026-07-17T09:57:58.816+07:00,3576317439686,36.156385775,1784257078815577125,right,,,,,,0.08362964540719985,2.8592031002044678,0.6508644819259644,-1.5157943964004517,3.2493093013763423,1.9337618350982675
2026-07-17T09:57:58.824+07:00,3576325640927,36.164587016,1784257078824284871,left,,,,,,3.0326125621795654,0.5639516711235047,-0.23975493013858787,1.5973879098892212,-0.13782687485218048,1.8970664739608762
2026-07-17T09:57:58.923+07:00,3576424961933,36.263908022,1784257078897005128,left,,,,,,3.0326125621795654,0.5639516711235047,-0.23975493013858787,1.5973879098892212,-0.13782687485218048,1.8970664739608762
2026-07-17T09:57:58.924+07:00,3576425127438,36.264073527,1784257078884265289,right,,,,,,0.08362964540719985,2.8592031002044678,0.6508644819259644,-1.5157943964004517,3.2493093013763423,1.9337618350982675
2026-07-17T09:57:58.950+07:00,3576451820950,36.290767039,1784257078950341627,right,,,,,,0.08362964540719985,2.8592031002044678,0.6508644819259644,-1.5157943964004517,3.2493093013763423,1.9337618350982675
2026-07-17T09:57:58.962+07:00,3576463489343,36.302435432,1784257078962159091,left,,,,,,3.0326125621795654,0.5639516711235047,-0.23975493013858787,1.5973879098892212,-0.13782687485218048,1.8970664739608762
2026-07-17T09:57:59.014+07:00,3576515302014,36.354248103,1784257079013559235,right,,,,,,0.08362964540719985,2.8592031002044678,0.6508644819259644,-1.5157943964004517,3.2493093013763423,1.9337618350982675
2026-07-17T09:57:59.024+07:00,3576525652428,36.364598517,1784257079024197159,left,,,,,,3.0326125621795654,0.5639516711235047,-0.23975493013858787,1.5973879098892212,-0.13782687485218048,1.8970664739608762
2026-07-17T09:57:59.078+07:00,3576579843408,36.418789497,1784257079078144934,right,,,,,,0.08362964540719985,2.8592031002044678,0.6508644819259644,-1.5157943964004517,3.2493093013763423,1.9337618350982675
2026-07-17T09:57:59.124+07:00,3576625061218,36.464007307,1784257079099196874,left,,,,,,3.0326125621795654,0.5639516711235047,-0.23975493013858787,1.5973879098892212,-0.13782687485218048,1.8970664739608762
2026-07-17T09:57:59.145+07:00,3576646846695,36.485792784,1784257079145572312,right,,,,,,0.08362964540719985,2.8592031002044678,0.6508644819259644,-1.5157943964004517,3.2493093013763423,1.9337618350982675
2026-07-17T09:57:59.163+07:00,3576664497629,36.503443718,1784257079163109697,left,,,,,,3.0326125621795654,0.5639516711235047,-0.23975493013858787,1.5973879098892212,-0.13782687485218048,1.8970664739608762
2026-07-17T09:57:59.225+07:00,3576726663789,36.565609878,1784257079225011622,left,,,,,,3.0326125621795654,0.5639516711235047,-0.23975493013858787,1.5973879098892212,-0.13782687485218048,1.8970664739608762
2026-07-17T09:57:59.228+07:00,3576729958361,36.568904450,1784257079228515960,right,,,,,,0.08362964540719985,2.8592031002044678,0.6508644819259644,-1.5157943964004517,3.2493093013763423,1.9337618350982675
2026-07-17T09:57:59.336+07:00,3576837234371,36.676180460,1784257079302855385,left,,,,,,3.0326125621795654,0.5639516711235047,-0.23975493013858787,1.5973879098892212,-0.13782687485218048,1.8970664739608762
2026-07-17T09:57:59.336+07:00,3576837320781,36.676266870,1784257079290249996,right,,,,,,0.08362964540719985,2.8592031002044678,0.6508644819259644,-1.5157943964004517,3.2493093013763423,1.9337618350982675
2026-07-17T09:57:59.367+07:00,3576868074524,36.707020613,1784257079366621912,left,,,,,,3.0326125621795654,0.5639516711235047,-0.23975493013858787,1.5973879098892212,-0.13782687485218048,1.8970664739608762
2026-07-17T09:57:59.369+07:00,3576870454738,36.709400827,1784257079369211726,right,,,,,,0.08362964540719985,2.8592031002044678,0.6508644819259644,-1.5157943964004517,3.2493093013763423,1.9337618350982675
2026-07-17T09:57:59.431+07:00,3576932647535,36.771593624,1784257079431175573,left,,,,,,3.0326125621795654,0.5639516711235047,-0.23975493013858787,1.5973879098892212,-0.13782687485218048,1.8970664739608762
2026-07-17T09:57:59.434+07:00,3576935757104,36.774703193,1784257079434355524,right,,,,,,0.08362964540719985,2.8592031002044678,0.6508644819259644,-1.5157943964004517,3.2493093013763423,1.9337618350982675
