observation_index,capture_wall_time_ms,execution_state,timeline_s,commanded_json,actual_json,torque_json
0,1788503651033,ARMED,0.0,"{""left"":{""valid"":false,""status"":""MISSING"",""sample_index"":null,""time_from_start_s"":null,""joints_rad"":null,""source"":""LATEST SUCCESSFUL PHASE5 SERVO_J COMMAND \u2014 DRIVER MEMORY"",""error"":null},""right"":{""valid"":false,""status"":""MISSING"",""sample_index"":null,""time_from_start_s"":null,""joints_rad"":null,""source"":""LATEST SUCCESSFUL PHASE5 SERVO_J COMMAND \u2014 DRIVER MEMORY"",""error"":null}}","{""left"":{""valid"":true,""fresh"":true,""status"":""FRESH"",""joints_rad"":[3.0450480206864747,0.6267100352793207,-1.607167592143057,1.4871193083348315,-0.06071511775497714,0.5934257337791629],""received_at_ms"":1788503650915,""age_ms"":118,""source"":""jaka_port10000_actual_feedback"",""mapping"":""port10000_joint_actual_position_deg_to_rad"",""error"":null},""right"":{""valid"":true,""fresh"":true,""status"":""FRESH"",""joints_rad"":[0.0963713217085953,2.5492439624920364,1.6175842407177345,-1.4880321155336247,3.193319500229925,2.5726037982665786],""received_at_ms"":1788503650906,""age_ms"":127,""source"":""jaka_port10000_actual_feedback"",""mapping"":""port10000_joint_actual_position_deg_to_rad"",""error"":null}}","{""left"":{""values"":[-100.86188838278758,-6.061816330184229,0.0986328125,-2.76171875,0.0,0.93084716796875],""received_at_ms"":1788503650125,""valid"":true,""status"":""VALID"",""error"":null,""source"":""/left_jaka_driver/joint_torque_raw"",""age_ms"":906,""fresh"":true},""right"":{""values"":[100.91801631177077,-0.6735351477982476,-1.208251953125,2.589111328125,0.320556640625,0.38836669921875],""received_at_ms"":1788503650720,""valid"":true,""status"":""VALID"",""error"":null,""source"":""/right_jaka_driver/joint_torque_raw"",""age_ms"":311,""fresh"":true}}"
1,1788503651103,ARMED,0.0,"{""left"":{""valid"":false,""status"":""MISSING"",""sample_index"":null,""time_from_start_s"":null,""joints_rad"":null,""source"":""LATEST SUCCESSFUL PHASE5 SERVO_J COMMAND \u2014 DRIVER MEMORY"",""error"":null},""right"":{""valid"":false,""status"":""MISSING"",""sample_index"":null,""time_from_start_s"":null,""joints_rad"":null,""source"":""LATEST SUCCESSFUL PHASE5 SERVO_J COMMAND \u2014 DRIVER MEMORY"",""error"":null}}","{""left"":{""valid"":true,""fresh"":true,""status"":""FRESH"",""joints_rad"":[3.0450361524475613,0.6267100352793207,-1.607167592143057,1.487143219345584,-0.060727160526815906,0.5934136910073241],""received_at_ms"":1788503651098,""age_ms"":5,""source"":""jaka_port10000_actual_feedback"",""mapping"":""port10000_joint_actual_position_deg_to_rad"",""error"":null},""right"":{""valid"":true,""fresh"":true,""status"":""FRESH"",""joints_rad"":[0.09640727549118637,2.549231919720197,1.6175601551740573,-1.4880441583054635,3.1933076319910114,2.572627709277331],""received_at_ms"":1788503651036,""age_ms"":67,""source"":""jaka_port10000_actual_feedback"",""mapping"":""port10000_joint_actual_position_deg_to_rad"",""error"":null}}","{""left"":{""values"":[-100.86188838278758,-6.061816330184229,0.0986328125,-2.76171875,0.0,0.93084716796875],""received_at_ms"":1788503650125,""valid"":true,""status"":""VALID"",""error"":null,""source"":""/left_jaka_driver/joint_torque_raw"",""age_ms"":978,""fresh"":true},""right"":{""values"":[100.91801631177077,-0.6735351477982476,-1.208251953125,2.589111328125,0.320556640625,0.38836669921875],""received_at_ms"":1788503650720,""valid"":true,""status"":""VALID"",""error"":null,""source"":""/right_jaka_driver/joint_torque_raw"",""age_ms"":383,""fresh"":true}}"
2,1788503651210,ARMED,0.0,"{""left"":{""valid"":false,""status"":""MISSING"",""sample_index"":null,""time_from_start_s"":null,""joints_rad"":null,""source"":""LATEST SUCCESSFUL PHASE5 SERVO_J COMMAND \u2014 DRIVER MEMORY"",""error"":null},""right"":{""valid"":false,""status"":""MISSING"",""sample_index"":null,""time_from_start_s"":null,""joints_rad"":null,""source"":""LATEST SUCCESSFUL PHASE5 SERVO_J COMMAND \u2014 DRIVER MEMORY"",""error"":null}}","{""left"":{""valid"":true,""fresh"":true,""status"":""FRESH"",""joints_rad"":[3.0450361524475613,0.6267339462900731,-1.607167592143057,1.487143219345584,-0.060727160526815906,0.5934136910073241],""received_at_ms"":1788503651172,""age_ms"":38,""source"":""jaka_port10000_actual_feedback"",""mapping"":""port10000_joint_actual_position_deg_to_rad"",""error"":null},""right"":{""valid"":true,""fresh"":true,""status"":""FRESH"",""joints_rad"":[0.0963713217085953,2.549231919720197,1.6175842407177345,-1.4880441583054635,3.1933076319910114,2.572627709277331],""received_at_ms"":1788503651164,""age_ms"":46,""source"":""jaka_port10000_actual_feedback"",""mapping"":""port10000_joint_actual_position_deg_to_rad"",""error"":null}}","{""left"":{""values"":[-100.86188838278758,-6.061816330184229,0.0986328125,-2.76171875,0.0,0.93084716796875],""received_at_ms"":1788503650125,""valid"":true,""status"":""VALID"",""error"":null,""source"":""/left_jaka_driver/joint_torque_raw"",""age_ms"":1085,""fresh"":true},""right"":{""values"":[100.91801631177077,-0.6735351477982476,-1.208251953125,2.589111328125,0.320556640625,0.38836669921875],""received_at_ms"":1788503650720,""valid"":true,""status"":""VALID"",""error"":null,""source"":""/right_jaka_driver/joint_torque_raw"",""age_ms"":490,""fresh"":true}}"
3,1788503651305,ARMED,0.0,"{""left"":{""valid"":false,""status"":""MISSING"",""sample_index"":null,""time_from_start_s"":null,""joints_rad"":null,""source"":""LATEST SUCCESSFUL PHASE5 SERVO_J COMMAND \u2014 DRIVER MEMORY"",""error"":null},""right"":{""valid"":false,""status"":""MISSING"",""sample_index"":null,""time_from_start_s"":null,""joints_rad"":null,""source"":""LATEST SUCCESSFUL PHASE5 SERVO_J COMMAND \u2014 DRIVER MEMORY"",""error"":null}}","{""left"":{""valid"":true,""fresh"":true,""status"":""FRESH"",""joints_rad"":[3.0450480206864747,0.6267100352793207,-1.607167592143057,1.4871311765737452,-0.06071511775497714,0.5934136910073241],""received_at_ms"":1788503651279,""age_ms"":26,""source"":""jaka_port10000_actual_feedback"",""mapping"":""port10000_joint_actual_position_deg_to_rad"",""error"":null},""right"":{""valid"":true,""fresh"":true,""status"":""FRESH"",""joints_rad"":[0.09639523271934762,2.5492439624920364,1.6175721979458957,-1.4880321155336247,3.1933315430017633,2.5726156665054924],""received_at_ms"":1788503651279,""age_ms"":26,""source"":""jaka_port10000_actual_feedback"",""mapping"":""port10000_joint_actual_position_deg_to_rad"",""error"":null}}","{""left"":{""values"":[-100.86188838278758,-6.061816330184229,0.0986328125,-2.76171875,0.0,0.93084716796875],""received_at_ms"":1788503650125,""valid"":true,""status"":""VALID"",""error"":null,""source"":""/left_jaka_driver/joint_torque_raw"",""age_ms"":1180,""fresh"":true},""right"":{""values"":[100.91801631177077,-0.6735351477982476,-1.208251953125,2.589111328125,0.320556640625,0.38836669921875],""received_at_ms"":1788503650720,""valid"":true,""status"":""VALID"",""error"":null,""source"":""/right_jaka_driver/joint_torque_raw"",""age_ms"":585,""fresh"":true}}"
4,1788503651407,ARMED,0.0,"{""left"":{""valid"":false,""status"":""MISSING"",""sample_index"":null,""time_from_start_s"":null,""joints_rad"":null,""source"":""LATEST SUCCESSFUL PHASE5 SERVO_J COMMAND \u2014 DRIVER MEMORY"",""error"":null},""right"":{""valid"":false,""status"":""MISSING"",""sample_index"":null,""time_from_start_s"":null,""joints_rad"":null,""source"":""LATEST SUCCESSFUL PHASE5 SERVO_J COMMAND \u2014 DRIVER MEMORY"",""error"":null}}","{""left"":{""valid"":true,""fresh"":true,""status"":""FRESH"",""joints_rad"":[3.0450361524475613,0.6267220780511594,-1.6071557239041434,1.4871311765737452,-0.06071511775497714,0.5934018227684105],""received_at_ms"":1788503651390,""age_ms"":17,""source"":""jaka_port10000_actual_feedback"",""mapping"":""port10000_joint_actual_position_deg_to_rad"",""error"":null},""right"":{""valid"":true,""fresh"":true,""status"":""FRESH"",""joints_rad"":[0.09638318994750886,2.549256005263875,1.6175721979458957,-1.4880321155336247,3.193319500229925,2.5726156665054924],""received_at_ms"":1788503651349,""age_ms"":58,""source"":""jaka_port10000_actual_feedback"",""mapping"":""port10000_joint_actual_position_deg_to_rad"",""error"":null}}","{""left"":{""values"":[-100.86188838278758,-6.061816330184229,0.0986328125,-2.76171875,0.0,0.93084716796875],""received_at_ms"":1788503650125,""valid"":true,""status"":""VALID"",""error"":null,""source"":""/left_jaka_driver/joint_torque_raw"",""age_ms"":1282,""fresh"":true},""right"":{""values"":[100.91801631177077,-0.6735351477982476,-1.208251953125,2.589111328125,0.320556640625,0.38836669921875],""received_at_ms"":1788503650720,""valid"":true,""status"":""VALID"",""error"":null,""source"":""/right_jaka_driver/joint_torque_raw"",""age_ms"":687,""fresh"":true}}"
5,1788503651507,ARMED,0.0,"{""left"":{""valid"":false,""status"":""MISSING"",""sample_index"":null,""time_from_start_s"":null,""joints_rad"":null,""source"":""LATEST SUCCESSFUL PHASE5 SERVO_J COMMAND \u2014 DRIVER MEMORY"",""error"":null},""right"":{""valid"":false,""status"":""MISSING"",""sample_index"":null,""time_from_start_s"":null,""joints_rad"":null,""source"":""LATEST SUCCESSFUL PHASE5 SERVO_J COMMAND \u2014 DRIVER MEMORY"",""error"":null}}","{""left"":{""valid"":true,""fresh"":true,""status"":""FRESH"",""joints_rad"":[3.0450480206864747,0.6267100352793207,-1.607167592143057,1.4871311765737452,-0.06071511775497714,0.5934136910073241],""received_at_ms"":1788503651458,""age_ms"":49,""source"":""jaka_port10000_actual_feedback"",""mapping"":""port10000_joint_actual_position_deg_to_rad"",""error"":null},""right"":{""valid"":true,""fresh"":true,""status"":""FRESH"",""joints_rad"":[0.09639523271934762,2.549256005263875,1.6175721979458957,-1.4880321155336247,3.1933076319910114,2.5726156665054924],""received_at_ms"":1788503651418,""age_ms"":89,""source"":""jaka_port10000_actual_feedback"",""mapping"":""port10000_joint_actual_position_deg_to_rad"",""error"":null}}","{""left"":{""values"":[-100.86188838278758,-6.061816330184229,0.0986328125,-2.76171875,0.0,0.93084716796875],""received_at_ms"":1788503650125,""valid"":true,""status"":""VALID"",""error"":null,""source"":""/left_jaka_driver/joint_torque_raw"",""age_ms"":1382,""fresh"":true},""right"":{""values"":[100.91801631177077,-0.6735351477982476,-1.208251953125,2.589111328125,0.320556640625,0.38836669921875],""received_at_ms"":1788503650720,""valid"":true,""status"":""VALID"",""error"":null,""source"":""/right_jaka_driver/joint_torque_raw"",""age_ms"":787,""fresh"":true}}"
6,1788503651610,ARMED,0.0,"{""left"":{""valid"":false,""status"":""MISSING"",""sample_index"":null,""time_from_start_s"":null,""joints_rad"":null,""source"":""LATEST SUCCESSFUL PHASE5 SERVO_J COMMAND \u2014 DRIVER MEMORY"",""error"":null},""right"":{""valid"":false,""status"":""MISSING"",""sample_index"":null,""time_from_start_s"":null,""joints_rad"":null,""source"":""LATEST SUCCESSFUL PHASE5 SERVO_J COMMAND \u2014 DRIVER MEMORY"",""error"":null}}","{""left"":{""valid"":true,""fresh"":true,""status"":""FRESH"",""joints_rad"":[3.0450600634583136,0.6267220780511594,-1.607167592143057,1.4871193083348315,-0.06071511775497714,0.5934018227684105],""received_at_ms"":1788503651527,""age_ms"":83,""source"":""jaka_port10000_actual_feedback"",""mapping"":""port10000_joint_actual_position_deg_to_rad"",""error"":null},""right"":{""valid"":true,""fresh"":true,""status"":""FRESH"",""joints_rad"":[0.0963713217085953,2.5492439624920364,1.6175842407177345,-1.488020072761786,3.193319500229925,2.5726156665054924],""received_at_ms"":1788503651601,""age_ms"":9,""source"":""jaka_port10000_actual_feedback"",""mapping"":""port10000_joint_actual_position_deg_to_rad"",""error"":null}}","{""left"":{""values"":[-100.86188838278758,-6.061816330184229,0.0986328125,-2.76171875,0.0,0.93084716796875],""received_at_ms"":1788503650125,""valid"":true,""status"":""VALID"",""error"":null,""source"":""/left_jaka_driver/joint_torque_raw"",""age_ms"":1485,""fresh"":true},""right"":{""values"":[100.91801631177077,-0.6735351477982476,-1.208251953125,2.589111328125,0.320556640625,0.38836669921875],""received_at_ms"":1788503650720,""valid"":true,""status"":""VALID"",""error"":null,""source"":""/right_jaka_driver/joint_torque_raw"",""age_ms"":890,""fresh"":true}}"
7,1788503651716,ARMED,0.0,"{""left"":{""valid"":false,""status"":""MISSING"",""sample_index"":null,""time_from_start_s"":null,""joints_rad"":null,""source"":""LATEST SUCCESSFUL PHASE5 SERVO_J COMMAND \u2014 DRIVER MEMORY"",""error"":null},""right"":{""valid"":false,""status"":""MISSING"",""sample_index"":null,""time_from_start_s"":null,""joints_rad"":null,""source"":""LATEST SUCCESSFUL PHASE5 SERVO_J COMMAND \u2014 DRIVER MEMORY"",""error"":null}}","{""left"":{""valid"":true,""fresh"":true,""status"":""FRESH"",""joints_rad"":[3.0450480206864747,0.6267220780511594,-1.607167592143057,1.4871552621174227,-0.060727160526815906,0.5934136910073241],""received_at_ms"":1788503651644,""age_ms"":72,""source"":""jaka_port10000_actual_feedback"",""mapping"":""port10000_joint_actual_position_deg_to_rad"",""error"":null},""right"":{""valid"":true,""fresh"":true,""status"":""FRESH"",""joints_rad"":[0.09638318994750886,2.5492439624920364,1.6175482869351436,-1.4880321155336247,3.1933315430017633,2.5726037982665786],""received_at_ms"":1788503651668,""age_ms"":48,""source"":""jaka_port10000_actual_feedback"",""mapping"":""port10000_joint_actual_position_deg_to_rad"",""error"":null}}","{""left"":{""values"":[-100.86188838278758,-6.061816330184229,0.0986328125,-2.76171875,0.0,0.93084716796875],""received_at_ms"":1788503650125,""valid"":true,""status"":""STALE"",""error"":""Torque sample age 1590 ms exceeds 1500 ms"",""source"":""/left_jaka_driver/joint_torque_raw"",""age_ms"":1590,""fresh"":false},""right"":{""values"":[100.91801631177077,-0.6735351477982476,-1.208251953125,2.589111328125,0.320556640625,0.38836669921875],""received_at_ms"":1788503650720,""valid"":true,""status"":""VALID"",""error"":null,""source"":""/right_jaka_driver/joint_torque_raw"",""age_ms"":995,""fresh"":true}}"
8,1788503651817,ARMED,0.0,"{""left"":{""valid"":false,""status"":""MISSING"",""sample_index"":null,""time_from_start_s"":null,""joints_rad"":null,""source"":""LATEST SUCCESSFUL PHASE5 SERVO_J COMMAND \u2014 DRIVER MEMORY"",""error"":null},""right"":{""valid"":false,""status"":""MISSING"",""sample_index"":null,""time_from_start_s"":null,""joints_rad"":null,""source"":""LATEST SUCCESSFUL PHASE5 SERVO_J COMMAND \u2014 DRIVER MEMORY"",""error"":null}}","{""left"":{""valid"":true,""fresh"":true,""status"":""FRESH"",""joints_rad"":[3.0450361524475613,0.6267220780511594,-1.6071557239041434,1.487143219345584,-0.06071511775497714,0.5934018227684105],""received_at_ms"":1788503651766,""age_ms"":51,""source"":""jaka_port10000_actual_feedback"",""mapping"":""port10000_joint_actual_position_deg_to_rad"",""error"":null},""right"":{""valid"":true,""fresh"":true,""status"":""FRESH"",""joints_rad"":[0.09635927893675653,2.5492439624920364,1.6175601551740573,-1.4880321155336247,3.1933076319910114,2.5726156665054924],""received_at_ms"":1788503651783,""age_ms"":34,""source"":""jaka_port10000_actual_feedback"",""mapping"":""port10000_joint_actual_position_deg_to_rad"",""error"":null}}","{""left"":{""values"":[-100.86188838278758,-6.061816330184229,0.0986328125,-2.76171875,0.0,0.93084716796875],""received_at_ms"":1788503650125,""valid"":true,""status"":""STALE"",""error"":""Torque sample age 1692 ms exceeds 1500 ms"",""source"":""/left_jaka_driver/joint_torque_raw"",""age_ms"":1692,""fresh"":false},""right"":{""values"":[100.91801631177077,-0.6735351477982476,-1.208251953125,2.589111328125,0.320556640625,0.38836669921875],""received_at_ms"":1788503650720,""valid"":true,""status"":""VALID"",""error"":null,""source"":""/right_jaka_driver/joint_torque_raw"",""age_ms"":1097,""fresh"":true}}"
9,1788503651916,ARMED,0.0,"{""left"":{""valid"":false,""status"":""MISSING"",""sample_index"":null,""time_from_start_s"":null,""joints_rad"":null,""source"":""LATEST SUCCESSFUL PHASE5 SERVO_J COMMAND \u2014 DRIVER MEMORY"",""error"":null},""right"":{""valid"":false,""status"":""MISSING"",""sample_index"":null,""time_from_start_s"":null,""joints_rad"":null,""source"":""LATEST SUCCESSFUL PHASE5 SERVO_J COMMAND \u2014 DRIVER MEMORY"",""error"":null}}","{""left"":{""valid"":true,""fresh"":true,""status"":""FRESH"",""joints_rad"":[3.045072106230152,0.6267220780511594,-1.607167592143057,1.4871311765737452,-0.060727160526815906,0.5934136910073241],""received_at_ms"":1788503651888,""age_ms"":28,""source"":""jaka_port10000_actual_feedback"",""mapping"":""port10000_joint_actual_position_deg_to_rad"",""error"":null},""right"":{""valid"":true,""fresh"":true,""status"":""FRESH"",""joints_rad"":[0.0963713217085953,2.5492439624920364,1.6175721979458957,-1.4880321155336247,3.1933315430017633,2.5726037982665786],""received_at_ms"":1788503651894,""age_ms"":22,""source"":""jaka_port10000_actual_feedback"",""mapping"":""port10000_joint_actual_position_deg_to_rad"",""error"":null}}","{""left"":{""values"":[-100.86188838278758,-6.061816330184229,0.0986328125,-2.76171875,0.0,0.93084716796875],""received_at_ms"":1788503650125,""valid"":true,""status"":""STALE"",""error"":""Torque sample age 1791 ms exceeds 1500 ms"",""source"":""/left_jaka_driver/joint_torque_raw"",""age_ms"":1791,""fresh"":false},""right"":{""values"":[100.91801631177077,-0.6735351477982476,-1.208251953125,2.589111328125,0.320556640625,0.38836669921875],""received_at_ms"":1788503650720,""valid"":true,""status"":""VALID"",""error"":null,""source"":""/right_jaka_driver/joint_torque_raw"",""age_ms"":1196,""fresh"":true}}"
10,1788503652015,ARMED,0.0,"{""left"":{""valid"":false,""status"":""MISSING"",""sample_index"":null,""time_from_start_s"":null,""joints_rad"":null,""source"":""LATEST SUCCESSFUL PHASE5 SERVO_J COMMAND \u2014 DRIVER MEMORY"",""error"":null},""right"":{""valid"":false,""status"":""MISSING"",""sample_index"":null,""time_from_start_s"":null,""joints_rad"":null,""source"":""LATEST SUCCESSFUL PHASE5 SERVO_J COMMAND \u2014 DRIVER MEMORY"",""error"":null}}","{""left"":{""valid"":true,""fresh"":true,""status"":""FRESH"",""joints_rad"":[3.0450480206864747,0.6267220780511594,-1.607167592143057,1.487143219345584,-0.06071511775497714,0.5934257337791629],""received_at_ms"":1788503651959,""age_ms"":56,""source"":""jaka_port10000_actual_feedback"",""mapping"":""port10000_joint_actual_position_deg_to_rad"",""error"":null},""right"":{""valid"":true,""fresh"":true,""status"":""FRESH"",""joints_rad"":[0.09639523271934762,2.5492439624920364,1.6175721979458957,-1.4880321155336247,3.193319500229925,2.5726037982665786],""received_at_ms"":1788503651966,""age_ms"":49,""source"":""jaka_port10000_actual_feedback"",""mapping"":""port10000_joint_actual_position_deg_to_rad"",""error"":null}}","{""left"":{""values"":[-100.86188838278758,-6.061816330184229,0.0986328125,-2.76171875,0.0,0.93084716796875],""received_at_ms"":1788503650125,""valid"":true,""status"":""STALE"",""error"":""Torque sample age 1890 ms exceeds 1500 ms"",""source"":""/left_jaka_driver/joint_torque_raw"",""age_ms"":1890,""fresh"":false},""right"":{""values"":[100.91801631177077,-0.6735351477982476,-1.208251953125,2.589111328125,0.320556640625,0.38836669921875],""received_at_ms"":1788503650720,""valid"":true,""status"":""VALID"",""error"":null,""source"":""/right_jaka_driver/joint_torque_raw"",""age_ms"":1295,""fresh"":true}}"
11,1788503652116,ARMED,0.0,"{""left"":{""valid"":false,""status"":""MISSING"",""sample_index"":null,""time_from_start_s"":null,""joints_rad"":null,""source"":""LATEST SUCCESSFUL PHASE5 SERVO_J COMMAND \u2014 DRIVER MEMORY"",""error"":null},""right"":{""valid"":false,""status"":""MISSING"",""sample_index"":null,""time_from_start_s"":null,""joints_rad"":null,""source"":""LATEST SUCCESSFUL PHASE5 SERVO_J COMMAND \u2014 DRIVER MEMORY"",""error"":null}}","{""left"":{""valid"":true,""fresh"":true,""status"":""FRESH"",""joints_rad"":[3.0450600634583136,0.6267220780511594,-1.6071796349148955,1.4871311765737452,-0.06071511775497714,0.5934018227684105],""received_at_ms"":1788503652030,""age_ms"":86,""source"":""jaka_port10000_actual_feedback"",""mapping"":""port10000_joint_actual_position_deg_to_rad"",""error"":null},""right"":{""valid"":true,""fresh"":true,""status"":""FRESH"",""joints_rad"":[0.09639523271934762,2.5492439624920364,1.6175721979458957,-1.4880321155336247,3.1933076319910114,2.572627709277331],""received_at_ms"":1788503652040,""age_ms"":76,""source"":""jaka_port10000_actual_feedback"",""mapping"":""port10000_joint_actual_position_deg_to_rad"",""error"":null}}","{""left"":{""values"":[-100.86188838278758,-6.061816330184229,0.0986328125,-2.76171875,0.0,0.93084716796875],""received_at_ms"":1788503650125,""valid"":true,""status"":""STALE"",""error"":""Torque sample age 1991 ms exceeds 1500 ms"",""source"":""/left_jaka_driver/joint_torque_raw"",""age_ms"":1991,""fresh"":false},""right"":{""values"":[100.91801631177077,-0.6735351477982476,-1.208251953125,2.589111328125,0.320556640625,0.38836669921875],""received_at_ms"":1788503650720,""valid"":true,""status"":""VALID"",""error"":null,""source"":""/right_jaka_driver/joint_torque_raw"",""age_ms"":1396,""fresh"":true}}"
12,1788503652218,ARMED,0.0,"{""left"":{""valid"":false,""status"":""MISSING"",""sample_index"":null,""time_from_start_s"":null,""joints_rad"":null,""source"":""LATEST SUCCESSFUL PHASE5 SERVO_J COMMAND \u2014 DRIVER MEMORY"",""error"":null},""right"":{""valid"":false,""status"":""MISSING"",""sample_index"":null,""time_from_start_s"":null,""joints_rad"":null,""source"":""LATEST SUCCESSFUL PHASE5 SERVO_J COMMAND \u2014 DRIVER MEMORY"",""error"":null}}","{""left"":{""valid"":true,""fresh"":true,""status"":""FRESH"",""joints_rad"":[3.0450480206864747,0.6267220780511594,-1.6071557239041434,1.4871311765737452,-0.060727160526815906,0.5934136910073241],""received_at_ms"":1788503652147,""age_ms"":71,""source"":""jaka_port10000_actual_feedback"",""mapping"":""port10000_joint_actual_position_deg_to_rad"",""error"":null},""right"":{""valid"":true,""fresh"":true,""status"":""FRESH"",""joints_rad"":[0.0963713217085953,2.549231919720197,1.6175842407177345,-1.4880321155336247,3.193319500229925,2.5726156665054924],""received_at_ms"":1788503652153,""age_ms"":65,""source"":""jaka_port10000_actual_feedback"",""mapping"":""port10000_joint_actual_position_deg_to_rad"",""error"":null}}","{""left"":{""values"":[-100.86188838278758,-6.061816330184229,0.0986328125,-2.76171875,0.0,0.93084716796875],""received_at_ms"":1788503650125,""valid"":true,""status"":""STALE"",""error"":""Torque sample age 2093 ms exceeds 1500 ms"",""source"":""/left_jaka_driver/joint_torque_raw"",""age_ms"":2093,""fresh"":false},""right"":{""values"":[100.91801631177077,-0.6735351477982476,-1.208251953125,2.589111328125,0.320556640625,0.38836669921875],""received_at_ms"":1788503650720,""valid"":true,""status"":""VALID"",""error"":null,""source"":""/right_jaka_driver/joint_torque_raw"",""age_ms"":1498,""fresh"":true}}"
13,1788503652323,ARMED,0.0,"{""left"":{""valid"":false,""status"":""MISSING"",""sample_index"":null,""time_from_start_s"":null,""joints_rad"":null,""source"":""LATEST SUCCESSFUL PHASE5 SERVO_J COMMAND \u2014 DRIVER MEMORY"",""error"":null},""right"":{""valid"":false,""status"":""MISSING"",""sample_index"":null,""time_from_start_s"":null,""joints_rad"":null,""source"":""LATEST SUCCESSFUL PHASE5 SERVO_J COMMAND \u2014 DRIVER MEMORY"",""error"":null}}","{""left"":{""valid"":true,""fresh"":true,""status"":""FRESH"",""joints_rad"":[3.045072106230152,0.6267100352793207,-1.607167592143057,1.4871193083348315,-0.060727160526815906,0.5934136910073241],""received_at_ms"":1788503652264,""age_ms"":59,""source"":""jaka_port10000_actual_feedback"",""mapping"":""port10000_joint_actual_position_deg_to_rad"",""error"":null},""right"":{""valid"":true,""fresh"":true,""status"":""FRESH"",""joints_rad"":[0.0963713217085953,2.5492439624920364,1.6175721979458957,-1.4880321155336247,3.1933076319910114,2.5726156665054924],""received_at_ms"":1788503652265,""age_ms"":58,""source"":""jaka_port10000_actual_feedback"",""mapping"":""port10000_joint_actual_position_deg_to_rad"",""error"":null}}","{""left"":{""values"":[-100.86188838278758,-6.061816330184229,0.0986328125,-2.76171875,0.0,0.93084716796875],""received_at_ms"":1788503650125,""valid"":true,""status"":""STALE"",""error"":""Torque sample age 2198 ms exceeds 1500 ms"",""source"":""/left_jaka_driver/joint_torque_raw"",""age_ms"":2198,""fresh"":false},""right"":{""values"":[100.91801631177077,-0.6735351477982476,-1.208251953125,2.589111328125,0.320556640625,0.38836669921875],""received_at_ms"":1788503650720,""valid"":true,""status"":""STALE"",""error"":""Torque sample age 1603 ms exceeds 1500 ms"",""source"":""/right_jaka_driver/joint_torque_raw"",""age_ms"":1603,""fresh"":false}}"
14,1788503652421,ARMED,0.0,"{""left"":{""valid"":false,""status"":""MISSING"",""sample_index"":null,""time_from_start_s"":null,""joints_rad"":null,""source"":""LATEST SUCCESSFUL PHASE5 SERVO_J COMMAND \u2014 DRIVER MEMORY"",""error"":null},""right"":{""valid"":false,""status"":""MISSING"",""sample_index"":null,""time_from_start_s"":null,""joints_rad"":null,""source"":""LATEST SUCCESSFUL PHASE5 SERVO_J COMMAND \u2014 DRIVER MEMORY"",""error"":null}}","{""left"":{""valid"":true,""fresh"":true,""status"":""FRESH"",""joints_rad"":[3.0450600634583136,0.6267100352793207,-1.6071796349148955,1.487143219345584,-0.060727160526815906,0.5934018227684105],""received_at_ms"":1788503652406,""age_ms"":15,""source"":""jaka_port10000_actual_feedback"",""mapping"":""port10000_joint_actual_position_deg_to_rad"",""error"":null},""right"":{""valid"":true,""fresh"":true,""status"":""FRESH"",""joints_rad"":[0.0963713217085953,2.549231919720197,1.6175721979458957,-1.4880441583054635,3.193295589219172,2.572627709277331],""received_at_ms"":1788503652356,""age_ms"":65,""source"":""jaka_port10000_actual_feedback"",""mapping"":""port10000_joint_actual_position_deg_to_rad"",""error"":null}}","{""left"":{""values"":[-100.86188838278758,-6.061816330184229,0.0986328125,-2.76171875,0.0,0.93084716796875],""received_at_ms"":1788503650125,""valid"":true,""status"":""STALE"",""error"":""Torque sample age 2296 ms exceeds 1500 ms"",""source"":""/left_jaka_driver/joint_torque_raw"",""age_ms"":2296,""fresh"":false},""right"":{""values"":[100.91801631177077,-0.6735351477982476,-1.208251953125,2.589111328125,0.320556640625,0.38836669921875],""received_at_ms"":1788503650720,""valid"":true,""status"":""STALE"",""error"":""Torque sample age 1701 ms exceeds 1500 ms"",""source"":""/right_jaka_driver/joint_torque_raw"",""age_ms"":1701,""fresh"":false}}"
15,1788503652537,ARMED,0.0,"{""left"":{""valid"":false,""status"":""MISSING"",""sample_index"":null,""time_from_start_s"":null,""joints_rad"":null,""source"":""LATEST SUCCESSFUL PHASE5 SERVO_J COMMAND \u2014 DRIVER MEMORY"",""error"":null},""right"":{""valid"":false,""status"":""MISSING"",""sample_index"":null,""time_from_start_s"":null,""joints_rad"":null,""source"":""LATEST SUCCESSFUL PHASE5 SERVO_J COMMAND \u2014 DRIVER MEMORY"",""error"":null}}","{""left"":{""valid"":true,""fresh"":true,""status"":""FRESH"",""joints_rad"":[3.0450361524475613,0.6267100352793207,-1.6071557239041434,1.4871311765737452,-0.06070307498313838,0.5934136910073241],""received_at_ms"":1788503652518,""age_ms"":19,""source"":""jaka_port10000_actual_feedback"",""mapping"":""port10000_joint_actual_position_deg_to_rad"",""error"":null},""right"":{""valid"":true,""fresh"":true,""status"":""FRESH"",""joints_rad"":[0.09639523271934762,2.549231919720197,1.6175842407177345,-1.488020072761786,3.193295589219172,2.5726156665054924],""received_at_ms"":1788503652527,""age_ms"":10,""source"":""jaka_port10000_actual_feedback"",""mapping"":""port10000_joint_actual_position_deg_to_rad"",""error"":null}}","{""left"":{""values"":[-100.86188838278758,-6.061816330184229,0.0986328125,-2.76171875,0.0,0.93084716796875],""received_at_ms"":1788503650125,""valid"":true,""status"":""STALE"",""error"":""Torque sample age 2412 ms exceeds 1500 ms"",""source"":""/left_jaka_driver/joint_torque_raw"",""age_ms"":2412,""fresh"":false},""right"":{""values"":[100.91801631177077,-0.6735351477982476,-1.208251953125,2.589111328125,0.320556640625,0.38836669921875],""received_at_ms"":1788503650720,""valid"":true,""status"":""STALE"",""error"":""Torque sample age 1817 ms exceeds 1500 ms"",""source"":""/right_jaka_driver/joint_torque_raw"",""age_ms"":1817,""fresh"":false}}"
16,1788503652727,ARMED,0.0,"{""left"":{""valid"":false,""status"":""MISSING"",""sample_index"":null,""time_from_start_s"":null,""joints_rad"":null,""source"":""LATEST SUCCESSFUL PHASE5 SERVO_J COMMAND \u2014 DRIVER MEMORY"",""error"":null},""right"":{""valid"":false,""status"":""MISSING"",""sample_index"":null,""time_from_start_s"":null,""joints_rad"":null,""source"":""LATEST SUCCESSFUL PHASE5 SERVO_J COMMAND \u2014 DRIVER MEMORY"",""error"":null}}","{""left"":{""valid"":true,""fresh"":true,""status"":""FRESH"",""joints_rad"":[3.0450480206864747,0.6267220780511594,-1.607167592143057,1.4871671303563363,-0.060727160526815906,0.5934136910073241],""received_at_ms"":1788503652700,""age_ms"":27,""source"":""jaka_port10000_actual_feedback"",""mapping"":""port10000_joint_actual_position_deg_to_rad"",""error"":null},""right"":{""valid"":true,""fresh"":true,""status"":""FRESH"",""joints_rad"":[0.0963713217085953,2.549256005263875,1.6175842407177345,-1.4880321155336247,3.193295589219172,2.5726156665054924],""received_at_ms"":1788503652643,""age_ms"":84,""source"":""jaka_port10000_actual_feedback"",""mapping"":""port10000_joint_actual_position_deg_to_rad"",""error"":null}}","{""left"":{""values"":[-100.86188838278758,-6.061816330184229,0.0986328125,-2.76171875,0.0,0.93084716796875],""received_at_ms"":1788503650125,""valid"":true,""status"":""STALE"",""error"":""Torque sample age 2602 ms exceeds 1500 ms"",""source"":""/left_jaka_driver/joint_torque_raw"",""age_ms"":2602,""fresh"":false},""right"":{""values"":[100.91801631177077,-0.6735351477982476,-1.208251953125,2.589111328125,0.320556640625,0.38836669921875],""received_at_ms"":1788503650720,""valid"":true,""status"":""STALE"",""error"":""Torque sample age 2007 ms exceeds 1500 ms"",""source"":""/right_jaka_driver/joint_torque_raw"",""age_ms"":2007,""fresh"":false}}"
17,1788503652824,ARMED,0.0,"{""left"":{""valid"":false,""status"":""MISSING"",""sample_index"":null,""time_from_start_s"":null,""joints_rad"":null,""source"":""LATEST SUCCESSFUL PHASE5 SERVO_J COMMAND \u2014 DRIVER MEMORY"",""error"":null},""right"":{""valid"":false,""status"":""MISSING"",""sample_index"":null,""time_from_start_s"":null,""joints_rad"":null,""source"":""LATEST SUCCESSFUL PHASE5 SERVO_J COMMAND \u2014 DRIVER MEMORY"",""error"":null}}","{""left"":{""valid"":true,""fresh"":true,""status"":""FRESH"",""joints_rad"":[3.0450600634583136,0.6267220780511594,-1.6071796349148955,1.487143219345584,-0.06071511775497714,0.5934136910073241],""received_at_ms"":1788503652770,""age_ms"":54,""source"":""jaka_port10000_actual_feedback"",""mapping"":""port10000_joint_actual_position_deg_to_rad"",""error"":null},""right"":{""valid"":true,""fresh"":true,""status"":""FRESH"",""joints_rad"":[0.09640727549118637,2.5492439624920364,1.6175721979458957,-1.4880082045228724,3.1933076319910114,2.5726156665054924],""received_at_ms"":1788503652755,""age_ms"":69,""source"":""jaka_port10000_actual_feedback"",""mapping"":""port10000_joint_actual_position_deg_to_rad"",""error"":null}}","{""left"":{""values"":[-100.86188838278758,-6.061816330184229,0.0986328125,-2.76171875,0.0,0.93084716796875],""received_at_ms"":1788503650125,""valid"":true,""status"":""STALE"",""error"":""Torque sample age 2699 ms exceeds 1500 ms"",""source"":""/left_jaka_driver/joint_torque_raw"",""age_ms"":2699,""fresh"":false},""right"":{""values"":[100.91801631177077,-0.6735351477982476,-1.208251953125,2.589111328125,0.320556640625,0.38836669921875],""received_at_ms"":1788503650720,""valid"":true,""status"":""STALE"",""error"":""Torque sample age 2104 ms exceeds 1500 ms"",""source"":""/right_jaka_driver/joint_torque_raw"",""age_ms"":2104,""fresh"":false}}"
18,1788503652924,ARMED,0.0,"{""left"":{""valid"":false,""status"":""MISSING"",""sample_index"":null,""time_from_start_s"":null,""joints_rad"":null,""source"":""LATEST SUCCESSFUL PHASE5 SERVO_J COMMAND \u2014 DRIVER MEMORY"",""error"":null},""right"":{""valid"":false,""status"":""MISSING"",""sample_index"":null,""time_from_start_s"":null,""joints_rad"":null,""source"":""LATEST SUCCESSFUL PHASE5 SERVO_J COMMAND \u2014 DRIVER MEMORY"",""error"":null}}","{""left"":{""valid"":true,""fresh"":true,""status"":""FRESH"",""joints_rad"":[3.0450600634583136,0.6267220780511594,-1.6071557239041434,1.4871193083348315,-0.06071511775497714,0.5934136910073241],""received_at_ms"":1788503652881,""age_ms"":43,""source"":""jaka_port10000_actual_feedback"",""mapping"":""port10000_joint_actual_position_deg_to_rad"",""error"":null},""right"":{""valid"":true,""fresh"":true,""status"":""FRESH"",""joints_rad"":[0.09638318994750886,2.5492439624920364,1.6175721979458957,-1.488020072761786,3.1933076319910114,2.5726156665054924],""received_at_ms"":1788503652827,""age_ms"":97,""source"":""jaka_port10000_actual_feedback"",""mapping"":""port10000_joint_actual_position_deg_to_rad"",""error"":null}}","{""left"":{""values"":[-100.86188838278758,-6.061816330184229,0.0986328125,-2.76171875,0.0,0.93084716796875],""received_at_ms"":1788503650125,""valid"":true,""status"":""STALE"",""error"":""Torque sample age 2799 ms exceeds 1500 ms"",""source"":""/left_jaka_driver/joint_torque_raw"",""age_ms"":2799,""fresh"":false},""right"":{""values"":[100.91801631177077,-0.6735351477982476,-1.208251953125,2.589111328125,0.320556640625,0.38836669921875],""received_at_ms"":1788503650720,""valid"":true,""status"":""STALE"",""error"":""Torque sample age 2204 ms exceeds 1500 ms"",""source"":""/right_jaka_driver/joint_torque_raw"",""age_ms"":2204,""fresh"":false}}"
19,1788503653027,RUNNING,0.0,"{""left"":{""valid"":true,""status"":""VALID"",""sample_index"":0,""time_from_start_s"":0.0,""joints_rad"":[3.045060063488799,0.6267219970664958,-1.6071795538667752,1.4871193084539087,-0.06070315611846076,0.5934137717739247],""source"":""LATEST SUCCESSFUL PHASE5 SERVO_J COMMAND \u2014 DRIVER MEMORY"",""error"":null},""right"":{""valid"":true,""status"":""VALID"",""sample_index"":0,""time_from_start_s"":0.0,""joints_rad"":[0.09638686536446404,2.5492402495803677,1.6175758384031034,-1.488023786583668,3.193331505836866,2.572619415772101],""source"":""LATEST SUCCESSFUL PHASE5 SERVO_J COMMAND \u2014 DRIVER MEMORY"",""error"":null}}","{""left"":{""valid"":true,""fresh"":true,""status"":""FRESH"",""joints_rad"":[3.0450600634583136,0.6267220780511594,-1.607167592143057,1.4871311765737452,-0.06071511775497714,0.5934257337791629],""received_at_ms"":1788503653020,""age_ms"":7,""source"":""jaka_port10000_actual_feedback"",""mapping"":""port10000_joint_actual_position_deg_to_rad"",""error"":null},""right"":{""valid"":true,""fresh"":true,""status"":""FRESH"",""joints_rad"":[0.09638318994750886,2.5492439624920364,1.6175842407177345,-1.4880441583054635,3.1933076319910114,2.572627709277331],""received_at_ms"":1788503653009,""age_ms"":18,""source"":""jaka_port10000_actual_feedback"",""mapping"":""port10000_joint_actual_position_deg_to_rad"",""error"":null}}","{""left"":{""values"":[-100.86188838278758,-6.061816330184229,0.0986328125,-2.76171875,0.0,0.93084716796875],""received_at_ms"":1788503650125,""valid"":true,""status"":""STALE"",""error"":""Torque sample age 2902 ms exceeds 1500 ms"",""source"":""/left_jaka_driver/joint_torque_raw"",""age_ms"":2902,""fresh"":false},""right"":{""values"":[100.91801631177077,-0.6735351477982476,-1.208251953125,2.589111328125,0.320556640625,0.38836669921875],""received_at_ms"":1788503650720,""valid"":true,""status"":""STALE"",""error"":""Torque sample age 2307 ms exceeds 1500 ms"",""source"":""/right_jaka_driver/joint_torque_raw"",""age_ms"":2307,""fresh"":false}}"
20,1788503653125,RUNNING,0.096,"{""left"":{""valid"":true,""status"":""VALID"",""sample_index"":4,""time_from_start_s"":0.096,""joints_rad"":[3.044643481615838,0.6268015967606768,-1.6074708570861107,1.4867532033460318,-0.06091061102369555,0.5917927630730926],""source"":""LATEST SUCCESSFUL PHASE5 SERVO_J COMMAND \u2014 DRIVER MEMORY"",""error"":null},""right"":{""valid"":true,""status"":""VALID"",""sample_index"":4,""time_from_start_s"":0.096,""joints_rad"":[0.09675685521331975,2.5493581849128093,1.6170641546503604,-1.4877228124339026,3.193549318999342,2.5708627387097107],""source"":""LATEST SUCCESSFUL PHASE5 SERVO_J COMMAND \u2014 DRIVER MEMORY"",""error"":null}}","{""left"":{""valid"":true,""fresh"":true,""status"":""FRESH"",""joints_rad"":[3.0450600634583136,0.6267220780511594,-1.607167592143057,1.4871311765737452,-0.06071511775497714,0.5934257337791629],""received_at_ms"":1788503653020,""age_ms"":105,""source"":""jaka_port10000_actual_feedback"",""mapping"":""port10000_joint_actual_position_deg_to_rad"",""error"":null},""right"":{""valid"":true,""fresh"":true,""status"":""FRESH"",""joints_rad"":[0.09638318994750886,2.5492439624920364,1.6175721979458957,-1.488020072761786,3.193523354686558,2.572627709277331],""received_at_ms"":1788503653122,""age_ms"":3,""source"":""jaka_port10000_actual_feedback"",""mapping"":""port10000_joint_actual_position_deg_to_rad"",""error"":null}}","{""left"":{""values"":[-100.86188838278758,-6.061816330184229,0.0986328125,-2.76171875,0.0,0.93084716796875],""received_at_ms"":1788503650125,""valid"":true,""status"":""STALE"",""error"":""Torque sample age 3000 ms exceeds 1500 ms"",""source"":""/left_jaka_driver/joint_torque_raw"",""age_ms"":3000,""fresh"":false},""right"":{""values"":[100.91801631177077,-0.6735351477982476,-1.208251953125,2.589111328125,0.320556640625,0.38836669921875],""received_at_ms"":1788503650720,""valid"":true,""status"":""STALE"",""error"":""Torque sample age 2405 ms exceeds 1500 ms"",""source"":""/right_jaka_driver/joint_torque_raw"",""age_ms"":2405,""fresh"":false}}"
21,1788503653229,RUNNING,0.216,"{""left"":{""valid"":true,""status"":""VALID"",""sample_index"":9,""time_from_start_s"":0.216,""joints_rad"":[3.0413332423863944,0.6274169243960742,-1.6097756450622296,1.4838424877164182,-0.06255611800922034,0.578917214119597],""source"":""LATEST SUCCESSFUL PHASE5 SERVO_J COMMAND \u2014 DRIVER MEMORY"",""error"":null},""right"":{""valid"":true,""status"":""VALID"",""sample_index"":9,""time_from_start_s"":0.216,""joints_rad"":[0.0996905474590918,2.5503059250992166,1.6129911598025461,-1.4853399668400078,3.1952821507719156,2.5569167718444183],""source"":""LATEST SUCCESSFUL PHASE5 SERVO_J COMMAND \u2014 DRIVER MEMORY"",""error"":null}}","{""left"":{""valid"":true,""fresh"":true,""status"":""FRESH"",""joints_rad"":[3.0450480206864747,0.6267459890619117,-1.6075150871971289,1.486939539421876,-0.06090692943977132,0.5929103380510489],""received_at_ms"":1788503653136,""age_ms"":93,""source"":""jaka_port10000_actual_feedback"",""mapping"":""port10000_joint_actual_position_deg_to_rad"",""error"":null},""right"":{""valid"":true,""fresh"":true,""status"":""FRESH"",""joints_rad"":[0.09638318994750886,2.5492439624920364,1.6175721979458957,-1.488020072761786,3.193523354686558,2.572627709277331],""received_at_ms"":1788503653122,""age_ms"":107,""source"":""jaka_port10000_actual_feedback"",""mapping"":""port10000_joint_actual_position_deg_to_rad"",""error"":null}}","{""left"":{""values"":[-100.86188838278758,-6.061816330184229,0.0986328125,-2.76171875,0.0,0.93084716796875],""received_at_ms"":1788503650125,""valid"":true,""status"":""STALE"",""error"":""Torque sample age 3104 ms exceeds 1500 ms"",""source"":""/left_jaka_driver/joint_torque_raw"",""age_ms"":3104,""fresh"":false},""right"":{""values"":[100.91801631177077,-0.6735351477982476,-1.208251953125,2.589111328125,0.320556640625,0.38836669921875],""received_at_ms"":1788503650720,""valid"":true,""status"":""STALE"",""error"":""Torque sample age 2509 ms exceeds 1500 ms"",""source"":""/right_jaka_driver/joint_torque_raw"",""age_ms"":2509,""fresh"":false}}"
22,1788503653344,RUNNING,0.312,"{""left"":{""valid"":true,""status"":""VALID"",""sample_index"":13,""time_from_start_s"":0.312,""joints_rad"":[3.035969619891359,0.6283737390376315,-1.613486428303451,1.4791224492108517,-0.0652152699617468,0.5580674592966975],""source"":""LATEST SUCCESSFUL PHASE5 SERVO_J COMMAND \u2014 DRIVER MEMORY"",""error"":null},""right"":{""valid"":true,""status"":""VALID"",""sample_index"":13,""time_from_start_s"":0.312,""joints_rad"":[0.10442940669670032,2.5518658163957757,1.6063756735938841,-1.4814992030720981,3.198094479101842,2.5343503193932624],""source"":""LATEST SUCCESSFUL PHASE5 SERVO_J COMMAND \u2014 DRIVER MEMORY"",""error"":null}}","{""left"":{""valid"":true,""fresh"":true,""status"":""FRESH"",""joints_rad"":[3.041944127144728,0.6273811143767124,-1.6098161292829583,1.4840873223582671,-0.06242885654751037,0.5802669984166768],""received_at_ms"":1788503653326,""age_ms"":18,""source"":""jaka_port10000_actual_feedback"",""mapping"":""port10000_joint_actual_position_deg_to_rad"",""error"":null},""right"":{""valid"":true,""fresh"":true,""status"":""FRESH"",""joints_rad"":[0.09898390506590561,2.550214714621995,1.6137371859804888,-1.4857790700022253,3.1950932783487267,2.55997232687112],""received_at_ms"":1788503653307,""age_ms"":37,""source"":""jaka_port10000_actual_feedback"",""mapping"":""port10000_joint_actual_position_deg_to_rad"",""error"":null}}","{""left"":{""values"":[-100.86188838278758,-6.061816330184229,0.0986328125,-2.76171875,0.0,0.93084716796875],""received_at_ms"":1788503650125,""valid"":true,""status"":""STALE"",""error"":""Torque sample age 3219 ms exceeds 1500 ms"",""source"":""/left_jaka_driver/joint_torque_raw"",""age_ms"":3219,""fresh"":false},""right"":{""values"":[100.91801631177077,-0.6735351477982476,-1.208251953125,2.589111328125,0.320556640625,0.38836669921875],""received_at_ms"":1788503650720,""valid"":true,""status"":""STALE"",""error"":""Torque sample age 2624 ms exceeds 1500 ms"",""source"":""/right_jaka_driver/joint_torque_raw"",""age_ms"":2624,""fresh"":false}}"
23,1788503653427,RUNNING,0.40800000000000003,"{""left"":{""valid"":true,""status"":""VALID"",""sample_index"":17,""time_from_start_s"":0.40800000000000003,""joints_rad"":[3.02889572298386,0.6295611118636788,-1.6183356486690312,1.4728901697331205,-0.06870888874467462,0.5305935213298042],""source"":""LATEST SUCCESSFUL PHASE5 SERVO_J COMMAND \u2014 DRIVER MEMORY"",""error"":null},""right"":{""valid"":true,""status"":""VALID"",""sample_index"":17,""time_from_start_s"":0.40800000000000003,""joints_rad"":[0.11065250993302349,2.5539668074371185,1.5976224087140272,-1.47647052829582,3.2018116547482536,2.5046448200027918],""source"":""LATEST SUCCESSFUL PHASE5 SERVO_J COMMAND \u2014 DRIVER MEMORY"",""error"":null}}","{""left"":{""valid"":true,""fresh"":true,""status"":""FRESH"",""joints_rad"":[3.03784557046227,0.6281001900285341,-1.6125486167598806,1.4805399406535886,-0.06445413661152459,0.5644958542298055],""received_at_ms"":1788503653400,""age_ms"":27,""source"":""jaka_port10000_actual_feedback"",""mapping"":""port10000_joint_actual_position_deg_to_rad"",""error"":null},""right"":{""valid"":true,""fresh"":true,""status"":""FRESH"",""joints_rad"":[0.10202775928138372,2.551173423980116,1.6094229066024839,-1.4833582983297091,3.1968188853801736,2.545543340879033],""received_at_ms"":1788503653375,""age_ms"":52,""source"":""jaka_port10000_actual_feedback"",""mapping"":""port10000_joint_actual_position_deg_to_rad"",""error"":null}}","{""left"":{""values"":[-100.86188838278758,-6.061816330184229,0.0986328125,-2.76171875,0.0,0.93084716796875],""received_at_ms"":1788503650125,""valid"":true,""status"":""STALE"",""error"":""Torque sample age 3302 ms exceeds 1500 ms"",""source"":""/left_jaka_driver/joint_torque_raw"",""age_ms"":3302,""fresh"":false},""right"":{""values"":[100.91801631177077,-0.6735351477982476,-1.208251953125,2.589111328125,0.320556640625,0.38836669921875],""received_at_ms"":1788503650720,""valid"":true,""status"":""STALE"",""error"":""Torque sample age 2707 ms exceeds 1500 ms"",""source"":""/right_jaka_driver/joint_torque_raw"",""age_ms"":2707,""fresh"":false}}"
24,1788503653532,RUNNING,0.504,"{""left"":{""valid"":true,""status"":""VALID"",""sample_index"":21,""time_from_start_s"":0.504,""joints_rad"":[3.021263001909218,0.6307176014760416,-1.6234912272382565,1.466153141025977,-0.07245537493496423,0.5009907265607875],""source"":""LATEST SUCCESSFUL PHASE5 SERVO_J COMMAND \u2014 DRIVER MEMORY"",""error"":null},""right"":{""valid"":true,""status"":""VALID"",""sample_index"":21,""time_from_start_s"":0.504,""joints_rad"":[0.1173230217202267,2.5563043410257276,1.5881328044317127,-1.4711048004295288,3.205835145418286,2.472687977491561],""source"":""LATEST SUCCESSFUL PHASE5 SERVO_J COMMAND \u2014 DRIVER MEMORY"",""error"":null}}","{""left"":{""valid"":true,""fresh"":true,""status"":""FRESH"",""joints_rad"":[3.0317575129654633,0.6291189387129232,-1.616707038235682,1.4751830015804424,-0.06731839644697249,0.5410187323295291],""received_at_ms"":1788503653507,""age_ms"":25,""source"":""jaka_port10000_actual_feedback"",""mapping"":""port10000_joint_actual_position_deg_to_rad"",""error"":null},""right"":{""valid"":true,""fresh"":true,""status"":""FRESH"",""joints_rad"":[0.10564704855124436,2.5523598988056215,1.604401594344496,-1.4803741343746493,3.1990960164552504,2.528142233703724],""received_at_ms"":1788503653487,""age_ms"":45,""source"":""jaka_port10000_actual_feedback"",""mapping"":""port10000_joint_actual_position_deg_to_rad"",""error"":null}}","{""left"":{""values"":[-100.86188838278758,-6.061816330184229,0.0986328125,-2.76171875,0.0,0.93084716796875],""received_at_ms"":1788503650125,""valid"":true,""status"":""STALE"",""error"":""Torque sample age 3407 ms exceeds 1500 ms"",""source"":""/left_jaka_driver/joint_torque_raw"",""age_ms"":3407,""fresh"":false},""right"":{""values"":[100.91801631177077,-0.6735351477982476,-1.208251953125,2.589111328125,0.320556640625,0.38836669921875],""received_at_ms"":1788503650720,""valid"":true,""status"":""STALE"",""error"":""Torque sample age 2812 ms exceeds 1500 ms"",""source"":""/right_jaka_driver/joint_torque_raw"",""age_ms"":2812,""fresh"":false}}"
25,1788503653631,RUNNING,0.6,"{""left"":{""valid"":true,""status"":""VALID"",""sample_index"":25,""time_from_start_s"":0.6,""joints_rad"":[3.0141833069791266,0.6316050500727968,-1.628155733216035,1.4598850132479633,-0.07589479885469323,0.47359697398930467],""source"":""LATEST SUCCESSFUL PHASE5 SERVO_J COMMAND \u2014 DRIVER MEMORY"",""error"":null},""right"":{""valid"":true,""status"":""VALID"",""sample_index"":25,""time_from_start_s"":0.6,""joints_rad"":[0.1234458449712888,2.558572292275265,1.5792691949821795,-1.4662146658071191,3.209584193817973,2.4431894479268417],""source"":""LATEST SUCCESSFUL PHASE5 SERVO_J COMMAND \u2014 DRIVER MEMORY"",""error"":null}}","{""left"":{""valid"":true,""fresh"":true,""status"":""FRESH"",""joints_rad"":[3.02467496686087,0.630221463201408,-1.621416809222189,1.4690710330728836,-0.07076995957571648,0.5146293540393748],""received_at_ms"":1788503653624,""age_ms"":7,""source"":""jaka_port10000_actual_feedback"",""mapping"":""port10000_joint_actual_position_deg_to_rad"",""error"":null},""right"":{""valid"":true,""fresh"":true,""status"":""FRESH"",""joints_rad"":[0.11837433852263742,2.5567340429769696,1.5866049955606858,-1.470319467086835,3.2066700472772047,2.468652511616572],""received_at_ms"":1788503653629,""age_ms"":2,""source"":""jaka_port10000_actual_feedback"",""mapping"":""port10000_joint_actual_position_deg_to_rad"",""error"":null}}","{""left"":{""values"":[-100.86188838278758,-6.061816330184229,0.0986328125,-2.76171875,0.0,0.93084716796875],""received_at_ms"":1788503650125,""valid"":true,""status"":""STALE"",""error"":""Torque sample age 3506 ms exceeds 1500 ms"",""source"":""/left_jaka_driver/joint_torque_raw"",""age_ms"":3506,""fresh"":false},""right"":{""values"":[100.91801631177077,-0.6735351477982476,-1.208251953125,2.589111328125,0.320556640625,0.38836669921875],""received_at_ms"":1788503650720,""valid"":true,""status"":""STALE"",""error"":""Torque sample age 2911 ms exceeds 1500 ms"",""source"":""/right_jaka_driver/joint_torque_raw"",""age_ms"":2911,""fresh"":false}}"
26,1788503653732,RUNNING,0.72,"{""left"":{""valid"":true,""status"":""VALID"",""sample_index"":30,""time_from_start_s"":0.72,""joints_rad"":[3.0069120717544737,0.6321904008698839,-1.6327279817806235,1.4534108780346386,-0.07936047253126907,0.4455831649045742],""source"":""LATEST SUCCESSFUL PHASE5 SERVO_J COMMAND \u2014 DRIVER MEMORY"",""error"":null},""right"":{""valid"":true,""status"":""VALID"",""sample_index"":30,""time_from_start_s"":0.72,""joints_rad"":[0.1296252289282818,2.561060715392379,1.5700739310777796,-1.4613364942866034,3.2134590549610156,2.413148463051294],""source"":""LATEST SUCCESSFUL PHASE5 SERVO_J COMMAND \u2014 DRIVER MEMORY"",""error"":null}}","{""left"":{""valid"":true,""fresh"":true,""status"":""FRESH"",""joints_rad"":[3.02467496686087,0.630221463201408,-1.621416809222189,1.4690710330728836,-0.07076995957571648,0.5146293540393748],""received_at_ms"":1788503653624,""age_ms"":108,""source"":""jaka_port10000_actual_feedback"",""mapping"":""port10000_joint_actual_position_deg_to_rad"",""error"":null},""right"":{""valid"":true,""fresh"":true,""status"":""FRESH"",""joints_rad"":[0.11837433852263742,2.5567340429769696,1.5866049955606858,-1.470319467086835,3.2066700472772047,2.468652511616572],""received_at_ms"":1788503653629,""age_ms"":103,""source"":""jaka_port10000_actual_feedback"",""mapping"":""port10000_joint_actual_position_deg_to_rad"",""error"":null}}","{""left"":{""values"":[-100.86188838278758,-6.061816330184229,0.0986328125,-2.76171875,0.0,0.93084716796875],""received_at_ms"":1788503650125,""valid"":true,""status"":""STALE"",""error"":""Torque sample age 3607 ms exceeds 1500 ms"",""source"":""/left_jaka_driver/joint_torque_raw"",""age_ms"":3607,""fresh"":false},""right"":{""values"":[100.91801631177077,-0.6735351477982476,-1.208251953125,2.589111328125,0.320556640625,0.38836669921875],""received_at_ms"":1788503650720,""valid"":true,""status"":""STALE"",""error"":""Torque sample age 3012 ms exceeds 1500 ms"",""source"":""/right_jaka_driver/joint_torque_raw"",""age_ms"":3012,""fresh"":false}}"
27,1788503653831,RUNNING,0.8160000000000001,"{""left"":{""valid"":true,""status"":""VALID"",""sample_index"":34,""time_from_start_s"":0.8160000000000001,""joints_rad"":[3.001744938225281,0.6324134456926124,-1.6358274779833144,1.4487836547084278,-0.08177605646253569,0.4257630109169599],""source"":""LATEST SUCCESSFUL PHASE5 SERVO_J COMMAND \u2014 DRIVER MEMORY"",""error"":null},""right"":{""valid"":true,""status"":""VALID"",""sample_index"":34,""time_from_start_s"":0.8160000000000001,""joints_rad"":[0.1339572327032052,2.5629004939398015,1.563510772962434,-1.4579430040950832,3.2162181542695913,2.391963000695253],""source"":""LATEST SUCCESSFUL PHASE5 SERVO_J COMMAND \u2014 DRIVER MEMORY"",""error"":null}}","{""left"":{""valid"":true,""fresh"":true,""status"":""FRESH"",""joints_rad"":[3.0082564800544342,0.6321509246894877,-1.632070822575138,1.4547019118741393,-0.07872743923433421,0.4517842364652638],""received_at_ms"":1788503653811,""age_ms"":20,""source"":""jaka_port10000_actual_feedback"",""mapping"":""port10000_joint_actual_position_deg_to_rad"",""error"":null},""right"":{""valid"":true,""fresh"":true,""status"":""FRESH"",""joints_rad"":[0.12436640291058434,2.559035085062799,1.577784625119882,-1.4654417954262864,3.210349201340409,2.439794539632397],""received_at_ms"":1788503653744,""age_ms"":87,""source"":""jaka_port10000_actual_feedback"",""mapping"":""port10000_joint_actual_position_deg_to_rad"",""error"":null}}","{""left"":{""values"":[-100.86188838278758,-6.061816330184229,0.0986328125,-2.76171875,0.0,0.93084716796875],""received_at_ms"":1788503650125,""valid"":true,""status"":""STALE"",""error"":""Torque sample age 3706 ms exceeds 1500 ms"",""source"":""/left_jaka_driver/joint_torque_raw"",""age_ms"":3706,""fresh"":false},""right"":{""values"":[100.91801631177077,-0.6735351477982476,-1.208251953125,2.589111328125,0.320556640625,0.38836669921875],""received_at_ms"":1788503650720,""valid"":true,""status"":""STALE"",""error"":""Torque sample age 3111 ms exceeds 1500 ms"",""source"":""/right_jaka_driver/joint_torque_raw"",""age_ms"":3111,""fresh"":false}}"
28,1788503653931,RUNNING,0.912,"{""left"":{""valid"":true,""status"":""VALID"",""sample_index"":38,""time_from_start_s"":0.912,""joints_rad"":[2.9965685225334666,0.6325916357536837,-1.6388701775153303,1.4441318389735744,-0.08417125380696687,0.40595857073898045],""source"":""LATEST SUCCESSFUL PHASE5 SERVO_J COMMAND \u2014 DRIVER MEMORY"",""error"":null},""right"":{""valid"":true,""status"":""VALID"",""sample_index"":38,""time_from_start_s"":0.912,""joints_rad"":[0.13826811932551464,2.5647953791755005,1.5569244534743043,-1.4545743194045844,3.2189837742441303,2.3708299437949805],""source"":""LATEST SUCCESSFUL PHASE5 SERVO_J COMMAND \u2014 DRIVER MEMORY"",""error"":null}}","{""left"":{""valid"":true,""fresh"":true,""status"":""FRESH"",""joints_rad"":[3.0030553988834914,0.6323666473850343,-1.6352707092257441,1.4500160518983851,-0.08108834611350695,0.4316267308022805],""received_at_ms"":1788503653900,""age_ms"":31,""source"":""jaka_port10000_actual_feedback"",""mapping"":""port10000_joint_actual_position_deg_to_rad"",""error"":null},""right"":{""valid"":true,""fresh"":true,""status"":""FRESH"",""joints_rad"":[0.1314252125373502,2.5619352986808384,1.567286469669136,-1.459785357853498,3.2147952530769395,2.405375774118443],""received_at_ms"":1788503653865,""age_ms"":66,""source"":""jaka_port10000_actual_feedback"",""mapping"":""port10000_joint_actual_position_deg_to_rad"",""error"":null}}","{""left"":{""values"":[-100.86188838278758,-6.061816330184229,0.0986328125,-2.76171875,0.0,0.93084716796875],""received_at_ms"":1788503650125,""valid"":true,""status"":""STALE"",""error"":""Torque sample age 3806 ms exceeds 1500 ms"",""source"":""/left_jaka_driver/joint_torque_raw"",""age_ms"":3806,""fresh"":false},""right"":{""values"":[100.91801631177077,-0.6735351477982476,-1.208251953125,2.589111328125,0.320556640625,0.38836669921875],""received_at_ms"":1788503650720,""valid"":true,""status"":""STALE"",""error"":""Torque sample age 3211 ms exceeds 1500 ms"",""source"":""/right_jaka_driver/joint_torque_raw"",""age_ms"":3211,""fresh"":false}}"
29,1788503654044,RUNNING,1.008,"{""left"":{""valid"":true,""status"":""VALID"",""sample_index"":42,""time_from_start_s"":1.008,""joints_rad"":[2.991372628331285,0.6327557419608948,-1.6418712617618618,1.4394458373827725,-0.08655171247698773,0.38613135403278526],""source"":""LATEST SUCCESSFUL PHASE5 SERVO_J COMMAND \u2014 DRIVER MEMORY"",""error"":null},""right"":{""valid"":true,""status"":""VALID"",""sample_index"":42,""time_from_start_s"":1.008,""joints_rad"":[0.14255274767594367,2.5667985105632267,1.5502714960062909,-1.4512436322332318,3.221771100463372,2.3497246060150903],""source"":""LATEST SUCCESSFUL PHASE5 SERVO_J COMMAND \u2014 DRIVER MEMORY"",""error"":null}}","{""left"":{""valid"":true,""fresh"":true,""status"":""FRESH"",""joints_rad"":[2.998225723777373,0.6325464162979897,-1.6380150649415801,1.4457017725203802,-0.08340125643824983,0.41356641276849354],""received_at_ms"":1788503653993,""age_ms"":51,""source"":""jaka_port10000_actual_feedback"",""mapping"":""port10000_joint_actual_position_deg_to_rad"",""error"":null},""right"":{""valid"":true,""fresh"":true,""status"":""FRESH"",""joints_rad"":[0.1342892978398729,2.563157727288935,1.562852286171519,-1.4575682661046898,3.2165808994346548,2.3911265570393105],""received_at_ms"":1788503653982,""age_ms"":62,""source"":""jaka_port10000_actual_feedback"",""mapping"":""port10000_joint_actual_position_deg_to_rad"",""error"":null}}","{""left"":{""values"":[-100.86188838278758,-6.061816330184229,0.0986328125,-2.76171875,0.0,0.93084716796875],""received_at_ms"":1788503650125,""valid"":true,""status"":""STALE"",""error"":""Torque sample age 3919 ms exceeds 1500 ms"",""source"":""/left_jaka_driver/joint_torque_raw"",""age_ms"":3919,""fresh"":false},""right"":{""values"":[100.91801631177077,-0.6735351477982476,-1.208251953125,2.589111328125,0.320556640625,0.38836669921875],""received_at_ms"":1788503650720,""valid"":true,""status"":""STALE"",""error"":""Torque sample age 3324 ms exceeds 1500 ms"",""source"":""/right_jaka_driver/joint_torque_raw"",""age_ms"":3324,""fresh"":false}}"
30,1788503654139,RUNNING,1.1280000000000001,"{""left"":{""valid"":true,""status"":""VALID"",""sample_index"":47,""time_from_start_s"":1.1280000000000001,""joints_rad"":[2.9848525096584355,0.6329562345091041,-1.6455474912827193,1.4335431873100843,-0.08950456077640488,0.3613210328234981],""source"":""LATEST SUCCESSFUL PHASE5 SERVO_J COMMAND \u2014 DRIVER MEMORY"",""error"":null},""right"":{""valid"":true,""status"":""VALID"",""sample_index"":47,""time_from_start_s"":1.1280000000000001,""joints_rad"":[0.14785982018341115,2.569475843373354,1.5418439770029067,-1.4471531068339152,3.22529085512624,2.3233983199483927],""source"":""LATEST SUCCESSFUL PHASE5 SERVO_J COMMAND \u2014 DRIVER MEMORY"",""error"":null}}","{""left"":{""valid"":true,""fresh"":true,""status"":""FRESH"",""joints_rad"":[2.9918022139983327,0.6327500962216974,-1.641742041026289,1.439721576371347,-0.08636133484963222,0.38873508990159467],""received_at_ms"":1788503654103,""age_ms"":36,""source"":""jaka_port10000_actual_feedback"",""mapping"":""port10000_joint_actual_position_deg_to_rad"",""error"":null},""right"":{""valid"":true,""fresh"":true,""status"":""FRESH"",""joints_rad"":[0.13969423346744894,2.56554254517886,1.5545352686869907,-1.4533377625307806,3.219984466008969,2.3648213036191024],""received_at_ms"":1788503654052,""age_ms"":87,""source"":""jaka_port10000_actual_feedback"",""mapping"":""port10000_joint_actual_position_deg_to_rad"",""error"":null}}","{""left"":{""values"":[-100.86188838278758,-6.061816330184229,0.0986328125,-2.76171875,0.0,0.93084716796875],""received_at_ms"":1788503650125,""valid"":true,""status"":""STALE"",""error"":""Torque sample age 4014 ms exceeds 1500 ms"",""source"":""/left_jaka_driver/joint_torque_raw"",""age_ms"":4014,""fresh"":false},""right"":{""values"":[100.91801631177077,-0.6735351477982476,-1.208251953125,2.589111328125,0.320556640625,0.38836669921875],""received_at_ms"":1788503650720,""valid"":true,""status"":""STALE"",""error"":""Torque sample age 3419 ms exceeds 1500 ms"",""source"":""/right_jaka_driver/joint_torque_raw"",""age_ms"":3419,""fresh"":false}}"
31,1788503654235,RUNNING,1.224,"{""left"":{""valid"":true,""status"":""VALID"",""sample_index"":51,""time_from_start_s"":1.224,""joints_rad"":[2.979619336433137,0.6331077418071314,-1.6484030441119149,1.4287893920210422,-0.0918456542080586,0.34145988988587134],""source"":""LATEST SUCCESSFUL PHASE5 SERVO_J COMMAND \u2014 DRIVER MEMORY"",""error"":null},""right"":{""valid"":true,""status"":""VALID"",""sample_index"":51,""time_from_start_s"":1.224,""joints_rad"":[0.15206395810106915,2.571740792727987,1.5350181815426966,-1.4439448803550328,3.2281327826708535,2.3023880766475933],""source"":""LATEST SUCCESSFUL PHASE5 SERVO_J COMMAND \u2014 DRIVER MEMORY"",""error"":null}}","{""left"":{""valid"":true,""fresh"":true,""status"":""FRESH"",""joints_rad"":[2.9883747364132662,0.632845914797632,-1.6436475915036164,1.4365218642536657,-0.08803911985957437,0.3768827334842263],""received_at_ms"":1788503654213,""age_ms"":22,""source"":""jaka_port10000_actual_feedback"",""mapping"":""port10000_joint_actual_position_deg_to_rad"",""error"":null},""right"":{""valid"":true,""fresh"":true,""status"":""FRESH"",""joints_rad"":[0.1477477062349264,2.5696171908505656,1.5417119856067378,-1.4470221140995139,3.225305451299524,2.32437451993461],""received_at_ms"":1788503654233,""age_ms"":2,""source"":""jaka_port10000_actual_feedback"",""mapping"":""port10000_joint_actual_position_deg_to_rad"",""error"":null}}","{""left"":{""values"":[-100.86188838278758,-6.061816330184229,0.0986328125,-2.76171875,0.0,0.93084716796875],""received_at_ms"":1788503650125,""valid"":true,""status"":""STALE"",""error"":""Torque sample age 4110 ms exceeds 1500 ms"",""source"":""/left_jaka_driver/joint_torque_raw"",""age_ms"":4110,""fresh"":false},""right"":{""values"":[100.91801631177077,-0.6735351477982476,-1.208251953125,2.589111328125,0.320556640625,0.38836669921875],""received_at_ms"":1788503650720,""valid"":true,""status"":""STALE"",""error"":""Torque sample age 3515 ms exceeds 1500 ms"",""source"":""/right_jaka_driver/joint_torque_raw"",""age_ms"":3515,""fresh"":false}}"
32,1788503654335,RUNNING,1.32,"{""left"":{""valid"":true,""status"":""VALID"",""sample_index"":55,""time_from_start_s"":1.32,""joints_rad"":[2.9743738433707936,0.6332363883268086,-1.651159891283042,1.4240115268891136,-0.09416518644082615,0.3215947405694429],""source"":""LATEST SUCCESSFUL PHASE5 SERVO_J COMMAND \u2014 DRIVER MEMORY"",""error"":null},""right"":{""valid"":true,""status"":""VALID"",""sample_index"":55,""time_from_start_s"":1.32,""joints_rad"":[0.15623459246012986,2.5740839160897155,1.5281342766642654,-1.4407902616448616,3.230992184424583,2.2814218724926896],""source"":""LATEST SUCCESSFUL PHASE5 SERVO_J COMMAND \u2014 DRIVER MEMORY"",""error"":null}}","{""left"":{""valid"":true,""fresh"":true,""status"":""FRESH"",""joints_rad"":[2.982322632699051,0.6330377264824261,-1.647063026316844,1.4308893376916294,-0.09081942935800133,0.3522191367584441],""received_at_ms"":1788503654283,""age_ms"":52,""source"":""jaka_port10000_actual_feedback"",""mapping"":""port10000_joint_actual_position_deg_to_rad"",""error"":null},""right"":{""valid"":true,""fresh"":true,""status"":""FRESH"",""joints_rad"":[0.1477477062349264,2.5696171908505656,1.5417119856067378,-1.4470221140995139,3.225305451299524,2.32437451993461],""received_at_ms"":1788503654233,""age_ms"":102,""source"":""jaka_port10000_actual_feedback"",""mapping"":""port10000_joint_actual_position_deg_to_rad"",""error"":null}}","{""left"":{""values"":[-100.86188838278758,-6.061816330184229,0.0986328125,-2.76171875,0.0,0.93084716796875],""received_at_ms"":1788503650125,""valid"":true,""status"":""STALE"",""error"":""Torque sample age 4210 ms exceeds 1500 ms"",""source"":""/left_jaka_driver/joint_torque_raw"",""age_ms"":4210,""fresh"":false},""right"":{""values"":[100.91801631177077,-0.6735351477982476,-1.208251953125,2.589111328125,0.320556640625,0.38836669921875],""received_at_ms"":1788503650720,""valid"":true,""status"":""STALE"",""error"":""Torque sample age 3615 ms exceeds 1500 ms"",""source"":""/right_jaka_driver/joint_torque_raw"",""age_ms"":3615,""fresh"":false}}"
33,1788503654436,RUNNING,1.416,"{""left"":{""valid"":true,""status"":""VALID"",""sample_index"":59,""time_from_start_s"":1.416,""joints_rad"":[2.9691176720319157,0.6333234343572276,-1.65380643714953,1.4192118900756583,-0.0964616830852117,0.301729898180494],""source"":""LATEST SUCCESSFUL PHASE5 SERVO_J COMMAND \u2014 DRIVER MEMORY"",""error"":null},""right"":{""valid"":true,""status"":""VALID"",""sample_index"":59,""time_from_start_s"":1.416,""joints_rad"":[0.16037968649971132,2.5764711631243653,1.5212130205601166,-1.4376778319337846,3.23386226907565,2.260491478148502],""source"":""LATEST SUCCESSFUL PHASE5 SERVO_J COMMAND \u2014 DRIVER MEMORY"",""error"":null}}","{""left"":{""valid"":true,""fresh"":true,""status"":""FRESH"",""joints_rad"":[2.9788352903206405,0.6331455878301994,-1.6488848009900758,1.4278812627258173,-0.0922457124227311,0.33900053660261464],""received_at_ms"":1788503654356,""age_ms"":80,""source"":""jaka_port10000_actual_feedback"",""mapping"":""port10000_joint_actual_position_deg_to_rad"",""error"":null},""right"":{""valid"":true,""fresh"":true,""status"":""FRESH"",""joints_rad"":[0.1554055128609767,2.573799697870045,1.52921246110273,-1.4411618220700926,3.230530618014144,2.285701339835995],""received_at_ms"":1788503654413,""age_ms"":23,""source"":""jaka_port10000_actual_feedback"",""mapping"":""port10000_joint_actual_position_deg_to_rad"",""error"":null}}","{""left"":{""values"":[-100.86188838278758,-6.061816330184229,0.0986328125,-2.76171875,0.0,0.93084716796875],""received_at_ms"":1788503650125,""valid"":true,""status"":""STALE"",""error"":""Torque sample age 4311 ms exceeds 1500 ms"",""source"":""/left_jaka_driver/joint_torque_raw"",""age_ms"":4311,""fresh"":false},""right"":{""values"":[100.91801631177077,-0.6735351477982476,-1.208251953125,2.589111328125,0.320556640625,0.38836669921875],""received_at_ms"":1788503650720,""valid"":true,""status"":""STALE"",""error"":""Torque sample age 3716 ms exceeds 1500 ms"",""source"":""/right_jaka_driver/joint_torque_raw"",""age_ms"":3716,""fresh"":false}}"
34,1788503654536,RUNNING,1.512,"{""left"":{""valid"":true,""status"":""VALID"",""sample_index"":63,""time_from_start_s"":1.512,""joints_rad"":[2.963850508636738,0.6333498247991154,-1.6563490412196846,1.4143898872377327,-0.09873568820557198,0.2818646802715587],""source"":""LATEST SUCCESSFUL PHASE5 SERVO_J COMMAND \u2014 DRIVER MEMORY"",""error"":null},""right"":{""valid"":true,""status"":""VALID"",""sample_index"":63,""time_from_start_s"":1.512,""joints_rad"":[0.1645113419470743,2.578873736110976,1.5142756552829346,-1.4345882751123282,3.236736628604287,2.239581068111141],""source"":""LATEST SUCCESSFUL PHASE5 SERVO_J COMMAND \u2014 DRIVER MEMORY"",""error"":null}}","{""left"":{""valid"":true,""fresh"":true,""status"":""FRESH"",""joints_rad"":[2.972160104063463,0.6332773601887249,-1.652276324792551,1.422140874816008,-0.09521765907302704,0.31397757658384673],""received_at_ms"":1788503654468,""age_ms"":68,""source"":""jaka_port10000_actual_feedback"",""mapping"":""port10000_joint_actual_position_deg_to_rad"",""error"":null},""right"":{""valid"":true,""fresh"":true,""status"":""FRESH"",""joints_rad"":[0.15853349194640093,2.5756212980103514,1.5239515151384435,-1.4388848655279407,3.232675802197771,2.269954106659876],""received_at_ms"":1788503654482,""age_ms"":54,""source"":""jaka_port10000_actual_feedback"",""mapping"":""port10000_joint_actual_position_deg_to_rad"",""error"":null}}","{""left"":{""values"":[-100.86188838278758,-6.061816330184229,0.0986328125,-2.76171875,0.0,0.93084716796875],""received_at_ms"":1788503650125,""valid"":true,""status"":""STALE"",""error"":""Torque sample age 4410 ms exceeds 1500 ms"",""source"":""/left_jaka_driver/joint_torque_raw"",""age_ms"":4410,""fresh"":false},""right"":{""values"":[100.91801631177077,-0.6735351477982476,-1.208251953125,2.589111328125,0.320556640625,0.38836669921875],""received_at_ms"":1788503650720,""valid"":true,""status"":""STALE"",""error"":""Torque sample age 3815 ms exceeds 1500 ms"",""source"":""/right_jaka_driver/joint_torque_raw"",""age_ms"":3815,""fresh"":false}}"
35,1788503654639,RUNNING,1.608,"{""left"":{""valid"":true,""status"":""VALID"",""sample_index"":67,""time_from_start_s"":1.608,""joints_rad"":[2.9585694183164546,0.6332772059496669,-1.6588190633397828,1.4095410098375583,-0.10098997649237171,0.2619918045338519],""source"":""LATEST SUCCESSFUL PHASE5 SERVO_J COMMAND \u2014 DRIVER MEMORY"",""error"":null},""right"":{""valid"":true,""status"":""VALID"",""sample_index"":67,""time_from_start_s"":1.608,""joints_rad"":[0.16863675262059488,2.58129572424816,1.5073257980047248,-1.4315079774295585,3.239614681085155,2.218678624232719],""source"":""LATEST SUCCESSFUL PHASE5 SERVO_J COMMAND \u2014 DRIVER MEMORY"",""error"":null}}","{""left"":{""valid"":true,""fresh"":true,""status"":""FRESH"",""joints_rad"":[2.968564725804355,0.6332534491779725,-1.6539659780414069,1.419000852958745,-0.09677571449628238,0.3004353923846975],""received_at_ms"":1788503654584,""age_ms"":55,""source"":""jaka_port10000_actual_feedback"",""mapping"":""port10000_joint_actual_position_deg_to_rad"",""error"":null},""right"":{""valid"":true,""fresh"":true,""status"":""FRESH"",""joints_rad"":[0.16232050735737824,2.577766482193978,1.517515962587565,-1.4359846519099018,3.2353482503484248,2.2504319008446183],""received_at_ms"":1788503654593,""age_ms"":46,""source"":""jaka_port10000_actual_feedback"",""mapping"":""port10000_joint_actual_position_deg_to_rad"",""error"":null}}","{""left"":{""values"":[-100.86188838278758,-6.061816330184229,0.0986328125,-2.76171875,0.0,0.93084716796875],""received_at_ms"":1788503650125,""valid"":true,""status"":""STALE"",""error"":""Torque sample age 4514 ms exceeds 1500 ms"",""source"":""/left_jaka_driver/joint_torque_raw"",""age_ms"":4514,""fresh"":false},""right"":{""values"":[100.91801631177077,-0.6735351477982476,-1.208251953125,2.589111328125,0.320556640625,0.38836669921875],""received_at_ms"":1788503650720,""valid"":true,""status"":""STALE"",""error"":""Torque sample age 3919 ms exceeds 1500 ms"",""source"":""/right_jaka_driver/joint_torque_raw"",""age_ms"":3919,""fresh"":false}}"
36,1788503654737,RUNNING,1.704,"{""left"":{""valid"":true,""status"":""VALID"",""sample_index"":71,""time_from_start_s"":1.704,""joints_rad"":[2.9532717207685875,0.6330413388198217,-1.6612466360936906,1.4046610814480949,-0.10322648841522514,0.24210475537337856],""source"":""LATEST SUCCESSFUL PHASE5 SERVO_J COMMAND \u2014 DRIVER MEMORY"",""error"":null},""right"":{""valid"":true,""status"":""VALID"",""sample_index"":71,""time_from_start_s"":1.704,""joints_rad"":[0.1727438193634496,2.583789011493804,1.5003336407644787,-1.4284535451561513,3.242505572318688,2.1977982982455613],""source"":""LATEST SUCCESSFUL PHASE5 SERVO_J COMMAND \u2014 DRIVER MEMORY"",""error"":null}}","{""left"":{""valid"":true,""fresh"":true,""status"":""FRESH"",""joints_rad"":[2.9583901543969287,0.6331576306020381,-1.6587717421367731,1.4096293075401614,-0.10103012908094376,0.2621697466664226],""received_at_ms"":1788503654727,""age_ms"":10,""source"":""jaka_port10000_actual_feedback"",""mapping"":""port10000_joint_actual_position_deg_to_rad"",""error"":null},""right"":{""valid"":true,""fresh"":true,""status"":""FRESH"",""joints_rad"":[0.1664789288331799,2.580199296638333,1.5106489646455932,-1.4329406231614985,3.2382243784227858,2.2292916002798373],""received_at_ms"":1788503654707,""age_ms"":30,""source"":""jaka_port10000_actual_feedback"",""mapping"":""port10000_joint_actual_position_deg_to_rad"",""error"":null}}","{""left"":{""values"":[-100.86188838278758,-6.061816330184229,0.0986328125,-2.76171875,0.0,0.93084716796875],""received_at_ms"":1788503650125,""valid"":true,""status"":""STALE"",""error"":""Torque sample age 4612 ms exceeds 1500 ms"",""source"":""/left_jaka_driver/joint_torque_raw"",""age_ms"":4612,""fresh"":false},""right"":{""values"":[100.91801631177077,-0.6735351477982476,-1.208251953125,2.589111328125,0.320556640625,0.38836669921875],""received_at_ms"":1788503650720,""valid"":true,""status"":""STALE"",""error"":""Torque sample age 4017 ms exceeds 1500 ms"",""source"":""/right_jaka_driver/joint_torque_raw"",""age_ms"":4017,""fresh"":false}}"
37,1788503654836,RUNNING,1.824,"{""left"":{""valid"":true,""status"":""VALID"",""sample_index"":76,""time_from_start_s"":1.824,""joints_rad"":[2.946626980348165,0.6325111746289109,-1.6642182044967777,1.3985184084041191,-0.10599705844181602,0.21722802255959053],""source"":""LATEST SUCCESSFUL PHASE5 SERVO_J COMMAND \u2014 DRIVER MEMORY"",""error"":null},""right"":{""valid"":true,""status"":""VALID"",""sample_index"":76,""time_from_start_s"":1.824,""joints_rad"":[0.17783683110696513,2.5870500119323863,1.4915063150533943,-1.4246952576853853,3.246145452732572,2.1717499383643792],""source"":""LATEST SUCCESSFUL PHASE5 SERVO_J COMMAND \u2014 DRIVER MEMORY"",""error"":null}}","{""left"":{""valid"":true,""fresh"":true,""status"":""FRESH"",""joints_rad"":[2.9583901543969287,0.6331576306020381,-1.6587717421367731,1.4096293075401614,-0.10103012908094376,0.2621697466664226],""received_at_ms"":1788503654727,""age_ms"":109,""source"":""jaka_port10000_actual_feedback"",""mapping"":""port10000_joint_actual_position_deg_to_rad"",""error"":null},""right"":{""valid"":true,""fresh"":true,""status"":""FRESH"",""joints_rad"":[0.17126078191779398,2.5829914743756732,1.5025715808673634,-1.4293693304460675,3.2416878097904434,2.204867811793279],""received_at_ms"":1788503654777,""age_ms"":59,""source"":""jaka_port10000_actual_feedback"",""mapping"":""port10000_joint_actual_position_deg_to_rad"",""error"":null}}","{""left"":{""values"":[-100.86188838278758,-6.061816330184229,0.0986328125,-2.76171875,0.0,0.93084716796875],""received_at_ms"":1788503650125,""valid"":true,""status"":""STALE"",""error"":""Torque sample age 4711 ms exceeds 1500 ms"",""source"":""/left_jaka_driver/joint_torque_raw"",""age_ms"":4711,""fresh"":false},""right"":{""values"":[100.91801631177077,-0.6735351477982476,-1.208251953125,2.589111328125,0.320556640625,0.38836669921875],""received_at_ms"":1788503650720,""valid"":true,""status"":""STALE"",""error"":""Torque sample age 4116 ms exceeds 1500 ms"",""source"":""/right_jaka_driver/joint_torque_raw"",""age_ms"":4116,""fresh"":false}}"
38,1788503654936,RUNNING,1.92,"{""left"":{""valid"":true,""status"":""VALID"",""sample_index"":80,""time_from_start_s"":1.92,""joints_rad"":[2.941296306713711,0.631952178823852,-1.6665158327613556,1.393574757185183,-0.10819191350779313,0.1973203707644932],""source"":""LATEST SUCCESSFUL PHASE5 SERVO_J COMMAND \u2014 DRIVER MEMORY"",""error"":null},""right"":{""valid"":true,""status"":""VALID"",""sample_index"":80,""time_from_start_s"":1.92,""joints_rad"":[0.18187367242131522,2.589776910334143,1.4843715234569848,-1.4217458898411097,3.2490791431160457,2.1509620784262675],""source"":""LATEST SUCCESSFUL PHASE5 SERVO_J COMMAND \u2014 DRIVER MEMORY"",""error"":null}}","{""left"":{""valid"":true,""fresh"":true,""status"":""FRESH"",""joints_rad"":[2.9482995333265234,0.6326301921020854,-1.6635054241340324,1.399934003545333,-0.10512868576340205,0.22390410094814778],""received_at_ms"":1788503654906,""age_ms"":30,""source"":""jaka_port10000_actual_feedback"",""mapping"":""port10000_joint_actual_position_deg_to_rad"",""error"":null},""right"":{""valid"":true,""fresh"":true,""status"":""FRESH"",""joints_rad"":[0.1739691838510388,2.584693344929293,1.4978258560982658,-1.4274519117298266,3.2435813174959325,2.1906425057248993],""received_at_ms"":1788503654847,""age_ms"":89,""source"":""jaka_port10000_actual_feedback"",""mapping"":""port10000_joint_actual_position_deg_to_rad"",""error"":null}}","{""left"":{""values"":[-100.86188838278758,-6.061816330184229,0.0986328125,-2.76171875,0.0,0.93084716796875],""received_at_ms"":1788503650125,""valid"":true,""status"":""STALE"",""error"":""Torque sample age 4811 ms exceeds 1500 ms"",""source"":""/left_jaka_driver/joint_torque_raw"",""age_ms"":4811,""fresh"":false},""right"":{""values"":[100.91801631177077,-0.6735351477982476,-1.208251953125,2.589111328125,0.320556640625,0.38836669921875],""received_at_ms"":1788503650720,""valid"":true,""status"":""STALE"",""error"":""Torque sample age 4216 ms exceeds 1500 ms"",""source"":""/right_jaka_driver/joint_torque_raw"",""age_ms"":4216,""fresh"":false}}"
39,1788503655042,RUNNING,2.016,"{""left"":{""valid"":true,""status"":""VALID"",""sample_index"":84,""time_from_start_s"":2.016,""joints_rad"":[2.93595614310085,0.6313408398691933,-1.66870820864179,1.3886103906900695,-0.11036570438731287,0.17741648158997],""source"":""LATEST SUCCESSFUL PHASE5 SERVO_J COMMAND \u2014 DRIVER MEMORY"",""error"":null},""right"":{""valid"":true,""status"":""VALID"",""sample_index"":84,""time_from_start_s"":2.016,""joints_rad"":[0.18587831021777404,2.592590930079889,1.477181139013886,-1.4188477758022087,3.2520292302852543,2.130220584004688],""source"":""LATEST SUCCESSFUL PHASE5 SERVO_J COMMAND \u2014 DRIVER MEMORY"",""error"":null}}","{""left"":{""valid"":true,""fresh"":true,""status"":""FRESH"",""joints_rad"":[2.9430143272856344,0.6321509246894877,-1.6658424200024526,1.3949964670914408,-0.10744159608814492,0.20404626831773184],""received_at_ms"":1788503654998,""age_ms"":44,""source"":""jaka_port10000_actual_feedback"",""mapping"":""port10000_joint_actual_position_deg_to_rad"",""error"":null},""right"":{""valid"":true,""fresh"":true,""status"":""FRESH"",""joints_rad"":[0.18167498703151894,2.589738742730958,1.484259760888364,-1.4217233920589307,3.2492019758190547,2.150830847355208],""received_at_ms"":1788503655031,""age_ms"":11,""source"":""jaka_port10000_actual_feedback"",""mapping"":""port10000_joint_actual_position_deg_to_rad"",""error"":null}}","{""left"":{""values"":[-100.86188838278758,-6.061816330184229,0.0986328125,-2.76171875,0.0,0.93084716796875],""received_at_ms"":1788503650125,""valid"":true,""status"":""STALE"",""error"":""Torque sample age 4917 ms exceeds 1500 ms"",""source"":""/left_jaka_driver/joint_torque_raw"",""age_ms"":4917,""fresh"":false},""right"":{""values"":[100.91801631177077,-0.6735351477982476,-1.208251953125,2.589111328125,0.320556640625,0.38836669921875],""received_at_ms"":1788503650720,""valid"":true,""status"":""STALE"",""error"":""Torque sample age 4322 ms exceeds 1500 ms"",""source"":""/right_jaka_driver/joint_torque_raw"",""age_ms"":4322,""fresh"":false}}"
40,1788503655137,RUNNING,2.112,"{""left"":{""valid"":true,""status"":""VALID"",""sample_index"":88,""time_from_start_s"":2.112,""joints_rad"":[2.9306094130695617,0.6307289534638012,-1.670769908845425,1.3836296205704823,-0.11251702710547987,0.15752364844912795],""source"":""LATEST SUCCESSFUL PHASE5 SERVO_J COMMAND \u2014 DRIVER MEMORY"",""error"":null},""right"":{""valid"":true,""status"":""VALID"",""sample_index"":88,""time_from_start_s"":2.112,""joints_rad"":[0.18985626584175397,2.5954652298604897,1.4699505335809022,-1.4159939571282776,3.2549909812196476,2.109519863730185],""source"":""LATEST SUCCESSFUL PHASE5 SERVO_J COMMAND \u2014 DRIVER MEMORY"",""error"":null}}","{""left"":{""valid"":true,""fresh"":true,""status"":""FRESH"",""joints_rad"":[2.9372020318106427,0.6314917138310095,-1.6682631916749688,1.3896636135619722,-0.1098504995217475,0.18189943637332542],""received_at_ms"":1788503655103,""age_ms"":34,""source"":""jaka_port10000_actual_feedback"",""mapping"":""port10000_joint_actual_position_deg_to_rad"",""error"":null},""right"":{""valid"":true,""fresh"":true,""status"":""FRESH"",""joints_rad"":[0.18561786034469935,2.5925909597945673,1.4771531292400937,-1.4188352212127309,3.252126100447846,2.1300022625948323],""received_at_ms"":1788503655121,""age_ms"":16,""source"":""jaka_port10000_actual_feedback"",""mapping"":""port10000_joint_actual_position_deg_to_rad"",""error"":null}}","{""left"":{""values"":[-100.86188838278758,-6.061816330184229,0.0986328125,-2.76171875,0.0,0.93084716796875],""received_at_ms"":1788503650125,""valid"":true,""status"":""STALE"",""error"":""Torque sample age 5012 ms exceeds 1500 ms"",""source"":""/left_jaka_driver/joint_torque_raw"",""age_ms"":5012,""fresh"":false},""right"":{""values"":[100.91801631177077,-0.6735351477982476,-1.208251953125,2.589111328125,0.320556640625,0.38836669921875],""received_at_ms"":1788503650720,""valid"":true,""status"":""STALE"",""error"":""Torque sample age 4417 ms exceeds 1500 ms"",""source"":""/right_jaka_driver/joint_torque_raw"",""age_ms"":4417,""fresh"":false}}"
41,1788503655238,RUNNING,2.208,"{""left"":{""valid"":true,""status"":""VALID"",""sample_index"":92,""time_from_start_s"":2.208,""joints_rad"":[2.9252572828927867,0.6301310285470224,-1.672694870105095,1.3786341194145326,-0.11464549822841379,0.13764480446445784],""source"":""LATEST SUCCESSFUL PHASE5 SERVO_J COMMAND \u2014 DRIVER MEMORY"",""error"":null},""right"":{""valid"":true,""status"":""VALID"",""sample_index"":92,""time_from_start_s"":2.208,""joints_rad"":[0.19381655905707038,2.5983709750970245,1.4626974528854542,-1.4131707594841256,3.2579590877461735,2.0888478093951885],""source"":""LATEST SUCCESSFUL PHASE5 SERVO_J COMMAND \u2014 DRIVER MEMORY"",""error"":null}}","{""left"":{""valid"":true,""fresh"":true,""status"":""FRESH"",""joints_rad"":[2.9332113364759578,0.6310243146573253,-1.6698331153371377,1.3860322815202728,-0.11136038385764781,0.1672906814682825],""received_at_ms"":1788503655222,""age_ms"":16,""source"":""jaka_port10000_actual_feedback"",""mapping"":""port10000_joint_actual_position_deg_to_rad"",""error"":null},""right"":{""valid"":true,""fresh"":true,""status"":""FRESH"",""joints_rad"":[0.18956055912495454,2.5955030416515195,1.4698665541459426,-1.4159470503665306,3.25512213264182,2.1093295357366606],""received_at_ms"":1788503655233,""age_ms"":5,""source"":""jaka_port10000_actual_feedback"",""mapping"":""port10000_joint_actual_position_deg_to_rad"",""error"":null}}","{""left"":{""values"":[-100.86188838278758,-6.061816330184229,0.0986328125,-2.76171875,0.0,0.93084716796875],""received_at_ms"":1788503650125,""valid"":true,""status"":""STALE"",""error"":""Torque sample age 5113 ms exceeds 1500 ms"",""source"":""/left_jaka_driver/joint_torque_raw"",""age_ms"":5113,""fresh"":false},""right"":{""values"":[100.91801631177077,-0.6735351477982476,-1.208251953125,2.589111328125,0.320556640625,0.38836669921875],""received_at_ms"":1788503650720,""valid"":true,""status"":""STALE"",""error"":""Torque sample age 4518 ms exceeds 1500 ms"",""source"":""/right_jaka_driver/joint_torque_raw"",""age_ms"":4518,""fresh"":false}}"
42,1788503655341,RUNNING,2.328,"{""left"":{""valid"":true,""status"":""VALID"",""sample_index"":97,""time_from_start_s"":2.328,""joints_rad"":[2.918534739788699,0.629328102448954,-1.674938159537974,1.372357437507973,-0.11728300273503983,0.11242696014358838],""source"":""LATEST SUCCESSFUL PHASE5 SERVO_J COMMAND \u2014 DRIVER MEMORY"",""error"":null},""right"":{""valid"":true,""status"":""VALID"",""sample_index"":97,""time_from_start_s"":2.328,""joints_rad"":[0.19886787406964038,2.602018584880441,1.4536783547274537,-1.4097101730090595,3.2617608802895885,2.0629551790080076],""source"":""LATEST SUCCESSFUL PHASE5 SERVO_J COMMAND \u2014 DRIVER MEMORY"",""error"":null}}","{""left"":{""valid"":true,""fresh"":true,""status"":""FRESH"",""joints_rad"":[2.9266199260228762,0.6302692852229127,-1.6722538870096537,1.3798124516649406,-0.11406896032381779,0.14250718062288822],""received_at_ms"":1788503655291,""age_ms"":50,""source"":""jaka_port10000_actual_feedback"",""mapping"":""port10000_joint_actual_position_deg_to_rad"",""error"":null},""right"":{""valid"":true,""fresh"":true,""status"":""FRESH"",""joints_rad"":[0.18956055912495454,2.5955030416515195,1.4698665541459426,-1.4159470503665306,3.25512213264182,2.1093295357366606],""received_at_ms"":1788503655233,""age_ms"":108,""source"":""jaka_port10000_actual_feedback"",""mapping"":""port10000_joint_actual_position_deg_to_rad"",""error"":null}}","{""left"":{""values"":[-100.86188838278758,-6.061816330184229,0.0986328125,-2.76171875,0.0,0.93084716796875],""received_at_ms"":1788503650125,""valid"":true,""status"":""STALE"",""error"":""Torque sample age 5216 ms exceeds 1500 ms"",""source"":""/left_jaka_driver/joint_torque_raw"",""age_ms"":5216,""fresh"":false},""right"":{""values"":[100.91801631177077,-0.6735351477982476,-1.208251953125,2.589111328125,0.320556640625,0.38836669921875],""received_at_ms"":1788503650720,""valid"":true,""status"":""STALE"",""error"":""Torque sample age 4621 ms exceeds 1500 ms"",""source"":""/right_jaka_driver/joint_torque_raw"",""age_ms"":4621,""fresh"":false}}"
43,1788503655440,RUNNING,2.424,"{""left"":{""valid"":true,""status"":""VALID"",""sample_index"":101,""time_from_start_s"":2.424,""joints_rad"":[2.91299499826211,0.6285638231221353,-1.676598912662235,1.3672612208554122,-0.11939754569901627,0.08966282936161339],""source"":""LATEST SUCCESSFUL PHASE5 SERVO_J COMMAND \u2014 DRIVER MEMORY"",""error"":null},""right"":{""valid"":true,""status"":""VALID"",""sample_index"":101,""time_from_start_s"":2.424,""joints_rad"":[0.20363757880385408,2.6049781633244193,1.4468316044600018,-1.4073112941504071,3.265404870788183,2.041801899639618],""source"":""LATEST SUCCESSFUL PHASE5 SERVO_J COMMAND \u2014 DRIVER MEMORY"",""error"":null}}","{""left"":{""valid"":true,""fresh"":true,""status"":""FRESH"",""joints_rad"":[2.9230008112859402,0.6298737936144108,-1.6734883583895894,1.3764450134061428,-0.11542316129044021,0.1292407584455541],""received_at_ms"":1788503655359,""age_ms"":81,""source"":""jaka_port10000_actual_feedback"",""mapping"":""port10000_joint_actual_position_deg_to_rad"",""error"":null},""right"":{""valid"":true,""fresh"":true,""status"":""FRESH"",""joints_rad"":[0.19413855775293565,2.598882697215082,1.461273949172524,-1.412639302368151,3.258513656444295,2.0850973844019713],""received_at_ms"":1788503655350,""age_ms"":90,""source"":""jaka_port10000_actual_feedback"",""mapping"":""port10000_joint_actual_position_deg_to_rad"",""error"":null}}","{""left"":{""values"":[-100.86188838278758,-6.061816330184229,0.0986328125,-2.76171875,0.0,0.93084716796875],""received_at_ms"":1788503650125,""valid"":true,""status"":""STALE"",""error"":""Torque sample age 5314 ms exceeds 1500 ms"",""source"":""/left_jaka_driver/joint_torque_raw"",""age_ms"":5314,""fresh"":false},""right"":{""values"":[100.91801631177077,-0.6735351477982476,-1.208251953125,2.589111328125,0.320556640625,0.38836669921875],""received_at_ms"":1788503650720,""valid"":true,""status"":""STALE"",""error"":""Torque sample age 4719 ms exceeds 1500 ms"",""source"":""/right_jaka_driver/joint_torque_raw"",""age_ms"":4719,""fresh"":false}}"
44,1788503655552,RUNNING,2.52,"{""left"":{""valid"":true,""status"":""VALID"",""sample_index"":105,""time_from_start_s"":2.52,""joints_rad"":[2.907272389695795,0.6276825448378827,-1.6781934182062328,1.3620844039042783,-0.12145754082591956,0.06397404187154745],""source"":""LATEST SUCCESSFUL PHASE5 SERVO_J COMMAND \u2014 DRIVER MEMORY"",""error"":null},""right"":{""valid"":true,""status"":""VALID"",""sample_index"":105,""time_from_start_s"":2.52,""joints_rad"":[0.2092010433260337,2.608011957011356,1.44037458781988,-1.4053332754990597,3.269717395032492,2.0201783205281556],""source"":""LATEST SUCCESSFUL PHASE5 SERVO_J COMMAND \u2014 DRIVER MEMORY"",""error"":null}}","{""left"":{""valid"":true,""fresh"":true,""status"":""FRESH"",""joints_rad"":[2.9123347551611527,0.6284956816370361,-1.6768079746268827,1.366677801846132,-0.11943776763587756,0.08752372413146044],""received_at_ms"":1788503655541,""age_ms"":11,""source"":""jaka_port10000_actual_feedback"",""mapping"":""port10000_joint_actual_position_deg_to_rad"",""error"":null},""right"":{""valid"":true,""fresh"":true,""status"":""FRESH"",""joints_rad"":[0.20395359133445096,2.6053182497659604,1.446197795093797,-1.4070427295887058,3.265848053559951,2.0397731035898556],""received_at_ms"":1788503655540,""age_ms"":12,""source"":""jaka_port10000_actual_feedback"",""mapping"":""port10000_joint_actual_position_deg_to_rad"",""error"":null}}","{""left"":{""values"":[-100.86188838278758,-6.061816330184229,0.0986328125,-2.76171875,0.0,0.93084716796875],""received_at_ms"":1788503650125,""valid"":true,""status"":""STALE"",""error"":""Torque sample age 5427 ms exceeds 1500 ms"",""source"":""/left_jaka_driver/joint_torque_raw"",""age_ms"":5427,""fresh"":false},""right"":{""values"":[100.91801631177077,-0.6735351477982476,-1.208251953125,2.589111328125,0.320556640625,0.38836669921875],""received_at_ms"":1788503650720,""valid"":true,""status"":""STALE"",""error"":""Torque sample age 4832 ms exceeds 1500 ms"",""source"":""/right_jaka_driver/joint_torque_raw"",""age_ms"":4832,""fresh"":false}}"
45,1788503655648,RUNNING,2.616,"{""left"":{""valid"":true,""status"":""VALID"",""sample_index"":109,""time_from_start_s"":2.616,""joints_rad"":[2.901476329073582,0.6267094605783644,-1.679819780610289,1.3568641621540607,-0.12336537087230512,0.03728595126906051],""source"":""LATEST SUCCESSFUL PHASE5 SERVO_J COMMAND \u2014 DRIVER MEMORY"",""error"":null},""right"":{""valid"":true,""status"":""VALID"",""sample_index"":109,""time_from_start_s"":2.616,""joints_rad"":[0.2149790208735301,2.6111365418444605,1.4339943347199449,-1.4035141543863703,3.2742404259958007,1.9984477822066982],""source"":""LATEST SUCCESSFUL PHASE5 SERVO_J COMMAND \u2014 DRIVER MEMORY"",""error"":null}}","{""left"":{""valid"":true,""fresh"":true,""status"":""FRESH"",""joints_rad"":[2.9071097629794576,0.6276807874092799,-1.6782220403868484,1.3620399384248076,-0.1214272684502259,0.06398656290491532],""received_at_ms"":1788503655631,""age_ms"":17,""source"":""jaka_port10000_actual_feedback"",""mapping"":""port10000_joint_actual_position_deg_to_rad"",""error"":null},""right"":{""valid"":true,""fresh"":true,""status"":""FRESH"",""joints_rad"":[0.20913076149464174,2.6081104275033007,1.440409410629558,-1.405304905252495,3.2698148378838834,2.0201669474375774],""received_at_ms"":1788503655630,""age_ms"":18,""source"":""jaka_port10000_actual_feedback"",""mapping"":""port10000_joint_actual_position_deg_to_rad"",""error"":null}}","{""left"":{""values"":[-100.86188838278758,-6.061816330184229,0.0986328125,-2.76171875,0.0,0.93084716796875],""received_at_ms"":1788503650125,""valid"":true,""status"":""STALE"",""error"":""Torque sample age 5523 ms exceeds 1500 ms"",""source"":""/left_jaka_driver/joint_torque_raw"",""age_ms"":5523,""fresh"":false},""right"":{""values"":[100.91801631177077,-0.6735351477982476,-1.208251953125,2.589111328125,0.320556640625,0.38836669921875],""received_at_ms"":1788503650720,""valid"":true,""status"":""STALE"",""error"":""Torque sample age 4928 ms exceeds 1500 ms"",""source"":""/right_jaka_driver/joint_torque_raw"",""age_ms"":4928,""fresh"":false}}"
46,1788503655743,RUNNING,2.712,"{""left"":{""valid"":true,""status"":""VALID"",""sample_index"":113,""time_from_start_s"":2.712,""joints_rad"":[2.8957858409587725,0.6256707169869826,-1.6815363653621922,1.3516620663563956,-0.12507927352682557,0.012667207720071502],""source"":""LATEST SUCCESSFUL PHASE5 SERVO_J COMMAND \u2014 DRIVER MEMORY"",""error"":null},""right"":{""valid"":true,""status"":""VALID"",""sample_index"":113,""time_from_start_s"":2.712,""joints_rad"":[0.22009102208851028,2.614353597825076,1.4272246077094641,-1.4014407180705442,3.2782678162552674,1.9771558884007931],""source"":""LATEST SUCCESSFUL PHASE5 SERVO_J COMMAND \u2014 DRIVER MEMORY"",""error"":null}}","{""left"":{""valid"":true,""fresh"":true,""status"":""FRESH"",""joints_rad"":[2.9018964645037504,0.6268058538552552,-1.6796841027012441,1.3573540784490534,-0.12308096791649051,0.03968267853796907],""received_at_ms"":1788503655720,""age_ms"":23,""source"":""jaka_port10000_actual_feedback"",""mapping"":""port10000_joint_actual_position_deg_to_rad"",""error"":null},""right"":{""valid"":true,""fresh"":true,""status"":""FRESH"",""joints_rad"":[0.21547049546958594,2.611501951305776,1.433350775535717,-1.4033394899818241,3.274692509544432,1.9965100566243454],""received_at_ms"":1788503655724,""age_ms"":19,""source"":""jaka_port10000_actual_feedback"",""mapping"":""port10000_joint_actual_position_deg_to_rad"",""error"":null}}","{""left"":{""values"":[-100.86188838278758,-6.061816330184229,0.0986328125,-2.76171875,0.0,0.93084716796875],""received_at_ms"":1788503650125,""valid"":true,""status"":""STALE"",""error"":""Torque sample age 5618 ms exceeds 1500 ms"",""source"":""/left_jaka_driver/joint_torque_raw"",""age_ms"":5618,""fresh"":false},""right"":{""values"":[100.91801631177077,-0.6735351477982476,-1.208251953125,2.589111328125,0.320556640625,0.38836669921875],""received_at_ms"":1788503650720,""valid"":true,""status"":""STALE"",""error"":""Torque sample age 5023 ms exceeds 1500 ms"",""source"":""/right_jaka_driver/joint_torque_raw"",""age_ms"":5023,""fresh"":false}}"
47,1788503655850,RUNNING,2.832,"{""left"":{""valid"":true,""status"":""VALID"",""sample_index"":118,""time_from_start_s"":2.832,""joints_rad"":[2.889093056161479,0.6242727470076818,-1.6836911337572331,1.3452798818204292,-0.1271344170264751,-0.010707622264997121],""source"":""LATEST SUCCESSFUL PHASE5 SERVO_J COMMAND \u2014 DRIVER MEMORY"",""error"":null},""right"":{""valid"":true,""status"":""VALID"",""sample_index"":118,""time_from_start_s"":2.832,""joints_rad"":[0.22433823808337805,2.6184876149308773,1.4175839446128253,-1.39791265668326,3.281629363662762,1.951899741040635],""source"":""LATEST SUCCESSFUL PHASE5 SERVO_J COMMAND \u2014 DRIVER MEMORY"",""error"":null}}","{""left"":{""valid"":true,""fresh"":true,""status"":""FRESH"",""joints_rad"":[2.8976301816801757,0.6260508244208424,-1.6809424850919321,1.353531109255485,-0.12439938963344703,0.02091532762419925],""received_at_ms"":1788503655830,""age_ms"":20,""source"":""jaka_port10000_actual_feedback"",""mapping"":""port10000_joint_actual_position_deg_to_rad"",""error"":null},""right"":{""valid"":true,""fresh"":true,""status"":""FRESH"",""joints_rad"":[0.21900583440242566,2.613647135489402,1.4288326417010793,-1.4020571965803839,3.27750877282545,1.9823687008929867],""received_at_ms"":1788503655832,""age_ms"":18,""source"":""jaka_port10000_actual_feedback"",""mapping"":""port10000_joint_actual_position_deg_to_rad"",""error"":null}}","{""left"":{""values"":[-100.86188838278758,-6.061816330184229,0.0986328125,-2.76171875,0.0,0.93084716796875],""received_at_ms"":1788503650125,""valid"":true,""status"":""STALE"",""error"":""Torque sample age 5725 ms exceeds 1500 ms"",""source"":""/left_jaka_driver/joint_torque_raw"",""age_ms"":5725,""fresh"":false},""right"":{""values"":[100.91801631177077,-0.6735351477982476,-1.208251953125,2.589111328125,0.320556640625,0.38836669921875],""received_at_ms"":1788503650720,""valid"":true,""status"":""STALE"",""error"":""Torque sample age 5130 ms exceeds 1500 ms"",""source"":""/right_jaka_driver/joint_torque_raw"",""age_ms"":5130,""fresh"":false}}"
48,1788503655946,RUNNING,2.928,"{""left"":{""valid"":true,""status"":""VALID"",""sample_index"":122,""time_from_start_s"":2.928,""joints_rad"":[2.8842010508788363,0.6229924743409562,-1.6850485608682435,1.3403166156245936,-0.12918335321504615,-0.0216763288327268],""source"":""LATEST SUCCESSFUL PHASE5 SERVO_J COMMAND \u2014 DRIVER MEMORY"",""error"":null},""right"":{""valid"":true,""status"":""VALID"",""sample_index"":122,""time_from_start_s"":2.928,""joints_rad"":[0.225663045761075,2.6218585633346843,1.4087495977642837,-1.3941555332944504,3.282681310502107,1.9329963759076763],""source"":""LATEST SUCCESSFUL PHASE5 SERVO_J COMMAND \u2014 DRIVER MEMORY"",""error"":null}}","{""left"":{""valid"":true,""fresh"":true,""status"":""FRESH"",""joints_rad"":[2.8912426256837267,0.6247805737912409,-1.683027804482215,1.3475149593238605,-0.12643671246930002,-0.004095764155655093],""received_at_ms"":1788503655928,""age_ms"":18,""source"":""jaka_port10000_actual_feedback"",""mapping"":""port10000_joint_actual_position_deg_to_rad"",""error"":null},""right"":{""valid"":true,""fresh"":true,""status"":""FRESH"",""joints_rad"":[0.2233560675630215,2.6172065599659198,1.4207552579228495,-1.3992049795167747,3.2809362504105164,1.9601738723941504],""received_at_ms"":1788503655900,""age_ms"":46,""source"":""jaka_port10000_actual_feedback"",""mapping"":""port10000_joint_actual_position_deg_to_rad"",""error"":null}}","{""left"":{""values"":[-100.86188838278758,-6.061816330184229,0.0986328125,-2.76171875,0.0,0.93084716796875],""received_at_ms"":1788503650125,""valid"":true,""status"":""STALE"",""error"":""Torque sample age 5821 ms exceeds 1500 ms"",""source"":""/left_jaka_driver/joint_torque_raw"",""age_ms"":5821,""fresh"":false},""right"":{""values"":[100.91801631177077,-0.6735351477982476,-1.208251953125,2.589111328125,0.320556640625,0.38836669921875],""received_at_ms"":1788503650720,""valid"":true,""status"":""STALE"",""error"":""Torque sample age 5226 ms exceeds 1500 ms"",""source"":""/right_jaka_driver/joint_torque_raw"",""age_ms"":5226,""fresh"":false}}"
49,1788503656058,RUNNING,3.024,"{""left"":{""valid"":true,""status"":""VALID"",""sample_index"":126,""time_from_start_s"":3.024,""joints_rad"":[2.8796708383700813,0.621390283611408,-1.6853896016239516,1.3354671521201562,-0.13242814412914025,-0.027177364187278782],""source"":""LATEST SUCCESSFUL PHASE5 SERVO_J COMMAND \u2014 DRIVER MEMORY"",""error"":null},""right"":{""valid"":true,""status"":""VALID"",""sample_index"":126,""time_from_start_s"":3.024,""joints_rad"":[0.22579890670477623,2.6252546221747606,1.399272529066105,-1.3898460334312144,3.28278750532132,1.9148369320118859],""source"":""LATEST SUCCESSFUL PHASE5 SERVO_J COMMAND \u2014 DRIVER MEMORY"",""error"":null}}","{""left"":{""valid"":true,""fresh"":true,""status"":""FRESH"",""joints_rad"":[2.88616127409947,0.6236181845094128,-1.6845977281443838,1.3423978284899383,-0.12817436227258558,-0.017721898691825222],""received_at_ms"":1788503655998,""age_ms"":60,""source"":""jaka_port10000_actual_feedback"",""mapping"":""port10000_joint_actual_position_deg_to_rad"",""error"":null},""right"":{""valid"":true,""fresh"":true,""status"":""FRESH"",""joints_rad"":[0.22508184912739354,2.6197472357580476,1.4146553321871296,-1.3966763464964855,3.2822665403663867,1.9455291637065162],""received_at_ms"":1788503655969,""age_ms"":89,""source"":""jaka_port10000_actual_feedback"",""mapping"":""port10000_joint_actual_position_deg_to_rad"",""error"":null}}","{""left"":{""values"":[-100.86188838278758,-6.061816330184229,0.0986328125,-2.76171875,0.0,0.93084716796875],""received_at_ms"":1788503650125,""valid"":true,""status"":""STALE"",""error"":""Torque sample age 5933 ms exceeds 1500 ms"",""source"":""/left_jaka_driver/joint_torque_raw"",""age_ms"":5933,""fresh"":false},""right"":{""values"":[100.91801631177077,-0.6735351477982476,-1.208251953125,2.589111328125,0.320556640625,0.38836669921875],""received_at_ms"":1788503650720,""valid"":true,""status"":""STALE"",""error"":""Torque sample age 5338 ms exceeds 1500 ms"",""source"":""/right_jaka_driver/joint_torque_raw"",""age_ms"":5338,""fresh"":false}}"
50,1788503656151,RUNNING,3.12,"{""left"":{""valid"":true,""status"":""VALID"",""sample_index"":130,""time_from_start_s"":3.12,""joints_rad"":[2.8753792554651474,0.6189770829971226,-1.682882246037026,1.3306524051485202,-0.1391027182643824,-0.030473675092010842],""source"":""LATEST SUCCESSFUL PHASE5 SERVO_J COMMAND \u2014 DRIVER MEMORY"",""error"":null},""right"":{""valid"":true,""status"":""VALID"",""sample_index"":130,""time_from_start_s"":3.12,""joints_rad"":[0.2254843709049881,2.628657012406163,1.3891527557461356,-1.3844057476363485,3.282354576197661,1.8970285315015105],""source"":""LATEST SUCCESSFUL PHASE5 SERVO_J COMMAND \u2014 DRIVER MEMORY"",""error"":null}}","{""left"":{""valid"":true,""fresh"":true,""status"":""FRESH"",""joints_rad"":[2.882637803405544,0.6225634820424325,-1.6853527575787963,1.3386226813178745,-0.12993609761954866,-0.02365409828642875],""received_at_ms"":1788503656098,""age_ms"":53,""source"":""jaka_port10000_actual_feedback"",""mapping"":""port10000_joint_actual_position_deg_to_rad"",""error"":null},""right"":{""valid"":true,""fresh"":true,""status"":""FRESH"",""joints_rad"":[0.2258607895725586,2.623725888320894,1.4040013188341804,-1.3919665755099788,3.2829016656811874,1.9241972259898659],""received_at_ms"":1788503656076,""age_ms"":75,""source"":""jaka_port10000_actual_feedback"",""mapping"":""port10000_joint_actual_position_deg_to_rad"",""error"":null}}","{""left"":{""values"":[-100.86188838278758,-6.061816330184229,0.0986328125,-2.76171875,0.0,0.93084716796875],""received_at_ms"":1788503650125,""valid"":true,""status"":""STALE"",""error"":""Torque sample age 6026 ms exceeds 1500 ms"",""source"":""/left_jaka_driver/joint_torque_raw"",""age_ms"":6026,""fresh"":false},""right"":{""values"":[100.91801631177077,-0.6735351477982476,-1.208251953125,2.589111328125,0.320556640625,0.38836669921875],""received_at_ms"":1788503650720,""valid"":true,""status"":""STALE"",""error"":""Torque sample age 5431 ms exceeds 1500 ms"",""source"":""/right_jaka_driver/joint_torque_raw"",""age_ms"":5431,""fresh"":false}}"
51,1788503656248,RUNNING,3.216,"{""left"":{""valid"":true,""status"":""VALID"",""sample_index"":134,""time_from_start_s"":3.216,""joints_rad"":[2.8713235977312905,0.6151763652187213,-1.6753404608310747,1.3258111787863147,-0.1518995940424723,-0.03290025871076044],""source"":""LATEST SUCCESSFUL PHASE5 SERVO_J COMMAND \u2014 DRIVER MEMORY"",""error"":null},""right"":{""valid"":true,""status"":""VALID"",""sample_index"":134,""time_from_start_s"":3.216,""joints_rad"":[0.22427988585338698,2.6320848351968817,1.3774010711013218,-1.3759048014045545,3.280760171206609,1.8799870459804124],""source"":""LATEST SUCCESSFUL PHASE5 SERVO_J COMMAND \u2014 DRIVER MEMORY"",""error"":null}}","{""left"":{""valid"":true,""fresh"":true,""status"":""FRESH"",""joints_rad"":[2.878227705451605,0.6207539246739648,-1.6847295005029093,1.3337570524291646,-0.13408247632351158,-0.028291961707753284],""received_at_ms"":1788503656209,""age_ms"":39,""source"":""jaka_port10000_actual_feedback"",""mapping"":""port10000_joint_actual_position_deg_to_rad"",""error"":null},""right"":{""valid"":true,""fresh"":true,""status"":""FRESH"",""joints_rad"":[0.22584892133364504,2.62596706561338,1.3975538980443882,-1.3890902729026922,3.2825421278552764,1.912332826800659],""received_at_ms"":1788503656191,""age_ms"":57,""source"":""jaka_port10000_actual_feedback"",""mapping"":""port10000_joint_actual_position_deg_to_rad"",""error"":null}}","{""left"":{""values"":[-100.86188838278758,-6.061816330184229,0.0986328125,-2.76171875,0.0,0.93084716796875],""received_at_ms"":1788503650125,""valid"":true,""status"":""STALE"",""error"":""Torque sample age 6123 ms exceeds 1500 ms"",""source"":""/left_jaka_driver/joint_torque_raw"",""age_ms"":6123,""fresh"":false},""right"":{""values"":[100.91801631177077,-0.6735351477982476,-1.208251953125,2.589111328125,0.320556640625,0.38836669921875],""received_at_ms"":1788503650720,""valid"":true,""status"":""STALE"",""error"":""Torque sample age 5528 ms exceeds 1500 ms"",""source"":""/right_jaka_driver/joint_torque_raw"",""age_ms"":5528,""fresh"":false}}"
52,1788503656347,RUNNING,3.336,"{""left"":{""valid"":true,""status"":""VALID"",""sample_index"":139,""time_from_start_s"":3.336,""joints_rad"":[2.8665433860733533,0.6085296965993895,-1.6590096864726707,1.319757124418414,-0.17627049425173952,-0.03564140747462413],""source"":""LATEST SUCCESSFUL PHASE5 SERVO_J COMMAND \u2014 DRIVER MEMORY"",""error"":null},""right"":{""valid"":true,""status"":""VALID"",""sample_index"":139,""time_from_start_s"":3.336,""joints_rad"":[0.22142377489335294,2.636461575933379,1.3602039892133881,-1.3605882622919299,3.2772408881839135,1.8598925207878334],""source"":""LATEST SUCCESSFUL PHASE5 SERVO_J COMMAND \u2014 DRIVER MEMORY"",""error"":null}}","{""left"":{""valid"":true,""fresh"":true,""status"":""FRESH"",""joints_rad"":[2.8734219413562383,0.6172304539800386,-1.6796601916904919,1.3281604796497197,-0.14479652900272916,-0.031551538618777894],""received_at_ms"":1788503656278,""age_ms"":69,""source"":""jaka_port10000_actual_feedback"",""mapping"":""port10000_joint_actual_position_deg_to_rad"",""error"":null},""right"":{""valid"":true,""fresh"":true,""status"":""FRESH"",""joints_rad"":[0.2241590935518641,2.6325223477509456,1.3763057361318336,-1.3751286860842886,3.2803849008998114,1.8795319815033036],""received_at_ms"":1788503656332,""age_ms"":15,""source"":""jaka_port10000_actual_feedback"",""mapping"":""port10000_joint_actual_position_deg_to_rad"",""error"":null}}","{""left"":{""values"":[-100.86188838278758,-6.061816330184229,0.0986328125,-2.76171875,0.0,0.93084716796875],""received_at_ms"":1788503650125,""valid"":true,""status"":""STALE"",""error"":""Torque sample age 6222 ms exceeds 1500 ms"",""source"":""/left_jaka_driver/joint_torque_raw"",""age_ms"":6222,""fresh"":false},""right"":{""values"":[100.91801631177077,-0.6735351477982476,-1.208251953125,2.589111328125,0.320556640625,0.38836669921875],""received_at_ms"":1788503650720,""valid"":true,""status"":""STALE"",""error"":""Torque sample age 5627 ms exceeds 1500 ms"",""source"":""/right_jaka_driver/joint_torque_raw"",""age_ms"":5627,""fresh"":false}}"
53,1788503656447,RUNNING,3.432,"{""left"":{""valid"":true,""status"":""VALID"",""sample_index"":143,""time_from_start_s"":3.432,""joints_rad"":[2.8628815157303973,0.6022636056092241,-1.6425358969070525,1.315004069637884,-0.19983753319308822,-0.037940047453463945],""source"":""LATEST SUCCESSFUL PHASE5 SERVO_J COMMAND \u2014 DRIVER MEMORY"",""error"":null},""right"":{""valid"":true,""status"":""VALID"",""sample_index"":143,""time_from_start_s"":3.432,""joints_rad"":[0.2184502726823238,2.6400842203294186,1.3451245305123012,-1.3458796595762632,3.2739764337541457,1.8444931673996552],""source"":""LATEST SUCCESSFUL PHASE5 SERVO_J COMMAND \u2014 DRIVER MEMORY"",""error"":null}}","{""left"":{""valid"":true,""fresh"":true,""status"":""FRESH"",""joints_rad"":[2.8704379519341034,0.6139228805145842,-1.6724336559226092,1.3246490517276324,-0.15637329793120758,-0.033193544379054155],""received_at_ms"":1788503656351,""age_ms"":96,""source"":""jaka_port10000_actual_feedback"",""mapping"":""port10000_joint_actual_position_deg_to_rad"",""error"":null},""right"":{""valid"":true,""fresh"":true,""status"":""FRESH"",""joints_rad"":[0.2211749295968042,2.636824758890037,1.3586529524783875,-1.3592255950059666,3.2768616047388104,1.859386518612159],""received_at_ms"":1788503656446,""age_ms"":1,""source"":""jaka_port10000_actual_feedback"",""mapping"":""port10000_joint_actual_position_deg_to_rad"",""error"":null}}","{""left"":{""values"":[-100.86188838278758,-6.061816330184229,0.0986328125,-2.76171875,0.0,0.93084716796875],""received_at_ms"":1788503650125,""valid"":true,""status"":""STALE"",""error"":""Torque sample age 6322 ms exceeds 1500 ms"",""source"":""/left_jaka_driver/joint_torque_raw"",""age_ms"":6322,""fresh"":false},""right"":{""values"":[100.91801631177077,-0.6735351477982476,-1.208251953125,2.589111328125,0.320556640625,0.38836669921875],""received_at_ms"":1788503650720,""valid"":true,""status"":""STALE"",""error"":""Torque sample age 5727 ms exceeds 1500 ms"",""source"":""/right_jaka_driver/joint_torque_raw"",""age_ms"":5727,""fresh"":false}}"
54,1788503656552,RUNNING,3.528,"{""left"":{""valid"":true,""status"":""VALID"",""sample_index"":147,""time_from_start_s"":3.528,""joints_rad"":[2.859294533403294,0.5958357809206355,-1.625581266468306,1.310430212042913,-0.22385648312462123,-0.040387080087727574],""source"":""LATEST SUCCESSFUL PHASE5 SERVO_J COMMAND \u2014 DRIVER MEMORY"",""error"":null},""right"":{""valid"":true,""status"":""VALID"",""sample_index"":147,""time_from_start_s"":3.528,""joints_rad"":[0.21538861303092985,2.643845045128251,1.3298045171062711,-1.3307514958330848,3.271197523632813,1.829280442746994],""source"":""LATEST SUCCESSFUL PHASE5 SERVO_J COMMAND \u2014 DRIVER MEMORY"",""error"":null}}","{""left"":{""valid"":true,""fresh"":true,""status"":""FRESH"",""joints_rad"":[2.866890570229425,0.6089013937236712,-1.6599821279730314,1.3202508220126066,-0.1743376228561348,-0.03519473889939085],""received_at_ms"":1788503656463,""age_ms"":89,""source"":""jaka_port10000_actual_feedback"",""mapping"":""port10000_joint_actual_position_deg_to_rad"",""error"":null},""right"":{""valid"":true,""fresh"":true,""status"":""FRESH"",""joints_rad"":[0.2211749295968042,2.636824758890037,1.3586529524783875,-1.3592255950059666,3.2768616047388104,1.859386518612159],""received_at_ms"":1788503656446,""age_ms"":106,""source"":""jaka_port10000_actual_feedback"",""mapping"":""port10000_joint_actual_position_deg_to_rad"",""error"":null}}","{""left"":{""values"":[-100.86188838278758,-6.061816330184229,0.0986328125,-2.76171875,0.0,0.93084716796875],""received_at_ms"":1788503650125,""valid"":true,""status"":""STALE"",""error"":""Torque sample age 6427 ms exceeds 1500 ms"",""source"":""/left_jaka_driver/joint_torque_raw"",""age_ms"":6427,""fresh"":false},""right"":{""values"":[100.91801631177077,-0.6735351477982476,-1.208251953125,2.589111328125,0.320556640625,0.38836669921875],""received_at_ms"":1788503650720,""valid"":true,""status"":""STALE"",""error"":""Torque sample age 5832 ms exceeds 1500 ms"",""source"":""/right_jaka_driver/joint_torque_raw"",""age_ms"":5832,""fresh"":false}}"
55,1788503656650,RUNNING,3.624,"{""left"":{""valid"":true,""status"":""VALID"",""sample_index"":151,""time_from_start_s"":3.624,""joints_rad"":[2.8557327906536467,0.5897723137561016,-1.6101187828281254,1.3061056062012601,-0.24587817494468084,-0.042908892390057386],""source"":""LATEST SUCCESSFUL PHASE5 SERVO_J COMMAND \u2014 DRIVER MEMORY"",""error"":null},""right"":{""valid"":true,""status"":""VALID"",""sample_index"":151,""time_from_start_s"":3.624,""joints_rad"":[0.21266031580736833,2.6477477554236644,1.315007734672077,-1.316639925190697,3.269524018130102,1.813903949695296],""source"":""LATEST SUCCESSFUL PHASE5 SERVO_J COMMAND \u2014 DRIVER MEMORY"",""error"":null}}","{""left"":{""valid"":true,""fresh"":true,""status"":""FRESH"",""joints_rad"":[2.8588252292230343,0.5953473412856085,-1.6243529766228189,1.3099444782466547,-0.22586969075174376,-0.04055185250546225],""received_at_ms"":1788503656649,""age_ms"":1,""source"":""jaka_port10000_actual_feedback"",""mapping"":""port10000_joint_actual_position_deg_to_rad"",""error"":null},""right"":{""valid"":true,""fresh"":true,""status"":""FRESH"",""joints_rad"":[0.2155783568173592,2.6434879023753757,1.3308016864067627,-1.3318417281080261,3.2713367649916223,1.8309001272257335],""received_at_ms"":1788503656628,""age_ms"":22,""source"":""jaka_port10000_actual_feedback"",""mapping"":""port10000_joint_actual_position_deg_to_rad"",""error"":null}}","{""left"":{""values"":[-100.86188838278758,-6.061816330184229,0.0986328125,-2.76171875,0.0,0.93084716796875],""received_at_ms"":1788503650125,""valid"":true,""status"":""STALE"",""error"":""Torque sample age 6525 ms exceeds 1500 ms"",""source"":""/left_jaka_driver/joint_torque_raw"",""age_ms"":6525,""fresh"":false},""right"":{""values"":[100.91801631177077,-0.6735351477982476,-1.208251953125,2.589111328125,0.320556640625,0.38836669921875],""received_at_ms"":1788503650720,""valid"":true,""status"":""STALE"",""error"":""Torque sample age 5930 ms exceeds 1500 ms"",""source"":""/right_jaka_driver/joint_torque_raw"",""age_ms"":5930,""fresh"":false}}"
56,1788503656749,RUNNING,3.72,"{""left"":{""valid"":true,""status"":""VALID"",""sample_index"":155,""time_from_start_s"":3.72,""joints_rad"":[2.8521805734485337,0.5842516228773427,-1.5968226289420964,1.302045275943728,-0.26506464210331093,-0.04541356263143095],""source"":""LATEST SUCCESSFUL PHASE5 SERVO_J COMMAND \u2014 DRIVER MEMORY"",""error"":null},""right"":{""valid"":true,""status"":""VALID"",""sample_index"":155,""time_from_start_s"":3.72,""joints_rad"":[0.2104173371151346,2.6517606176738653,1.3010287574283954,-1.3040910430714514,3.269032970173143,1.798210396976847],""source"":""LATEST SUCCESSFUL PHASE5 SERVO_J COMMAND \u2014 DRIVER MEMORY"",""error"":null}}","{""left"":{""valid"":true,""fresh"":true,""status"":""FRESH"",""joints_rad"":[2.856176692083133,0.5907932536683798,-1.612536573988042,1.3066608157919528,-0.24271962294927263,-0.042481313993541985],""received_at_ms"":1788503656720,""age_ms"":29,""source"":""jaka_port10000_actual_feedback"",""mapping"":""port10000_joint_actual_position_deg_to_rad"",""error"":null},""right"":{""valid"":true,""fresh"":true,""status"":""FRESH"",""joints_rad"":[0.2133972188511419,2.6464120270041667,1.3196443200975385,-1.3211877147550772,3.2698507916664745,1.8192874045146639],""received_at_ms"":1788503656702,""age_ms"":47,""source"":""jaka_port10000_actual_feedback"",""mapping"":""port10000_joint_actual_position_deg_to_rad"",""error"":null}}","{""left"":{""values"":[-100.86188838278758,-6.061816330184229,0.0986328125,-2.76171875,0.0,0.93084716796875],""received_at_ms"":1788503650125,""valid"":true,""status"":""STALE"",""error"":""Torque sample age 6624 ms exceeds 1500 ms"",""source"":""/left_jaka_driver/joint_torque_raw"",""age_ms"":6624,""fresh"":false},""right"":{""values"":[100.91801631177077,-0.6735351477982476,-1.208251953125,2.589111328125,0.320556640625,0.38836669921875],""received_at_ms"":1788503650720,""valid"":true,""status"":""STALE"",""error"":""Torque sample age 6029 ms exceeds 1500 ms"",""source"":""/right_jaka_driver/joint_torque_raw"",""age_ms"":6029,""fresh"":false}}"
57,1788503656849,RUNNING,3.8160000000000003,"{""left"":{""valid"":true,""status"":""VALID"",""sample_index"":159,""time_from_start_s"":3.8160000000000003,""joints_rad"":[2.848669205320387,0.5789294507710708,-1.5844128951603011,1.2981787622097487,-0.2830005738170012,-0.04787934370746375],""source"":""LATEST SUCCESSFUL PHASE5 SERVO_J COMMAND \u2014 DRIVER MEMORY"",""error"":null},""right"":{""valid"":true,""status"":""VALID"",""sample_index"":159,""time_from_start_s"":3.8160000000000003,""joints_rad"":[0.20839233363863136,2.655818550334181,1.2874236551169098,-1.292249400927064,3.2690365292785293,1.7823663945644757],""source"":""LATEST SUCCESSFUL PHASE5 SERVO_J COMMAND \u2014 DRIVER MEMORY"",""error"":null}}","{""left"":{""valid"":true,""fresh"":true,""status"":""FRESH"",""joints_rad"":[2.8535401977150703,0.5865269708448048,-1.602038418537296,1.303520968467615,-0.2577118266909787,-0.04432682514460079],""received_at_ms"":1788503656832,""age_ms"":17,""source"":""jaka_port10000_actual_feedback"",""mapping"":""port10000_joint_actual_position_deg_to_rad"",""error"":null},""right"":{""valid"":true,""fresh"":true,""status"":""FRESH"",""joints_rad"":[0.2104610514505118,2.6513136096754675,1.3018477213137278,-1.3047214059271368,3.268928036090945,1.7995372586990963],""received_at_ms"":1788503656818,""age_ms"":31,""source"":""jaka_port10000_actual_feedback"",""mapping"":""port10000_joint_actual_position_deg_to_rad"",""error"":null}}","{""left"":{""values"":[-100.86188838278758,-6.061816330184229,0.0986328125,-2.76171875,0.0,0.93084716796875],""received_at_ms"":1788503650125,""valid"":true,""status"":""STALE"",""error"":""Torque sample age 6724 ms exceeds 1500 ms"",""source"":""/left_jaka_driver/joint_torque_raw"",""age_ms"":6724,""fresh"":false},""right"":{""values"":[100.91801631177077,-0.6735351477982476,-1.208251953125,2.589111328125,0.320556640625,0.38836669921875],""received_at_ms"":1788503650720,""valid"":true,""status"":""STALE"",""error"":""Torque sample age 6129 ms exceeds 1500 ms"",""source"":""/right_jaka_driver/joint_torque_raw"",""age_ms"":6129,""fresh"":false}}"
58,1788503656955,RUNNING,3.936,"{""left"":{""valid"":true,""status"":""VALID"",""sample_index"":164,""time_from_start_s"":3.936,""joints_rad"":[2.844364724363153,0.5721650018172831,-1.568719237958256,1.2934584996357128,-0.3054253999960846,-0.05095910001292531],""source"":""LATEST SUCCESSFUL PHASE5 SERVO_J COMMAND \u2014 DRIVER MEMORY"",""error"":null},""right"":{""valid"":true,""status"":""VALID"",""sample_index"":164,""time_from_start_s"":3.936,""joints_rad"":[0.20586163260893886,2.661005304920527,1.2704094936423043,-1.277376546892662,3.269247075661171,1.762588685880012],""source"":""LATEST SUCCESSFUL PHASE5 SERVO_J COMMAND \u2014 DRIVER MEMORY"",""error"":null}}","{""left"":{""valid"":true,""fresh"":true,""status"":""FRESH"",""joints_rad"":[2.849453509271526,0.5802113224135381,-1.5874535746430054,1.2990387884155683,-0.2787201803643093,-0.04726299254523084],""received_at_ms"":1788503656946,""age_ms"":9,""source"":""jaka_port10000_actual_feedback"",""mapping"":""port10000_joint_actual_position_deg_to_rad"",""error"":null},""right"":{""valid"":true,""fresh"":true,""status"":""FRESH"",""joints_rad"":[0.20895116711461154,2.6543696811957096,1.291864961591096,-1.2959609002796764,3.269083893993148,1.78780480640134],""received_at_ms"":1788503656932,""age_ms"":23,""source"":""jaka_port10000_actual_feedback"",""mapping"":""port10000_joint_actual_position_deg_to_rad"",""error"":null}}","{""left"":{""values"":[-100.86188838278758,-6.061816330184229,0.0986328125,-2.76171875,0.0,0.93084716796875],""received_at_ms"":1788503650125,""valid"":true,""status"":""STALE"",""error"":""Torque sample age 6830 ms exceeds 1500 ms"",""source"":""/left_jaka_driver/joint_torque_raw"",""age_ms"":6830,""fresh"":false},""right"":{""values"":[100.91801631177077,-0.6735351477982476,-1.208251953125,2.589111328125,0.320556640625,0.38836669921875],""received_at_ms"":1788503650720,""valid"":true,""status"":""STALE"",""error"":""Torque sample age 6235 ms exceeds 1500 ms"",""source"":""/right_jaka_driver/joint_torque_raw"",""age_ms"":6235,""fresh"":false}}"
59,1788503657054,RUNNING,4.032,"{""left"":{""valid"":true,""status"":""VALID"",""sample_index"":168,""time_from_start_s"":4.032,""joints_rad"":[2.840986008532404,0.5666554505920064,-1.5559971806972226,1.2897444173288495,-0.32339227461866926,-0.05342755363063744],""source"":""LATEST SUCCESSFUL PHASE5 SERVO_J COMMAND \u2014 DRIVER MEMORY"",""error"":null},""right"":{""valid"":true,""status"":""VALID"",""sample_index"":168,""time_from_start_s"":4.032,""joints_rad"":[0.2038369259154946,2.6653247000083944,1.256759526627497,-1.265365279122705,3.269692130599277,1.7468327989301213],""source"":""LATEST SUCCESSFUL PHASE5 SERVO_J COMMAND \u2014 DRIVER MEMORY"",""error"":null}}","{""left"":{""valid"":true,""fresh"":true,""status"":""FRESH"",""joints_rad"":[2.845486724947593,0.5740154035689583,-1.572701004607598,1.2946166476897902,-0.29936899621172897,-0.05016320616326982],""received_at_ms"":1788503657017,""age_ms"":37,""source"":""jaka_port10000_actual_feedback"",""mapping"":""port10000_joint_actual_position_deg_to_rad"",""error"":null},""right"":{""valid"":true,""fresh"":true,""status"":""FRESH"",""joints_rad"":[0.2065902602354388,2.65909132042113,1.2759739132846126,-1.2822389471675717,3.2695272076231547,1.7693610395308899],""received_at_ms"":1788503657002,""age_ms"":52,""source"":""jaka_port10000_actual_feedback"",""mapping"":""port10000_joint_actual_position_deg_to_rad"",""error"":null}}","{""left"":{""values"":[-100.86188838278758,-6.061816330184229,0.0986328125,-2.76171875,0.0,0.93084716796875],""received_at_ms"":1788503650125,""valid"":true,""status"":""STALE"",""error"":""Torque sample age 6929 ms exceeds 1500 ms"",""source"":""/left_jaka_driver/joint_torque_raw"",""age_ms"":6929,""fresh"":false},""right"":{""values"":[100.91801631177077,-0.6735351477982476,-1.208251953125,2.589111328125,0.320556640625,0.38836669921875],""received_at_ms"":1788503650720,""valid"":true,""status"":""STALE"",""error"":""Torque sample age 6334 ms exceeds 1500 ms"",""source"":""/right_jaka_driver/joint_torque_raw"",""age_ms"":6334,""fresh"":false}}"
60,1788503657154,RUNNING,4.128,"{""left"":{""valid"":true,""status"":""VALID"",""sample_index"":172,""time_from_start_s"":4.128,""joints_rad"":[2.8376666829685058,0.5610630398162134,-1.5431268139665177,1.2861376680638703,-0.3413818515033686,-0.05587950879718233],""source"":""LATEST SUCCESSFUL PHASE5 SERVO_J COMMAND \u2014 DRIVER MEMORY"",""error"":null},""right"":{""valid"":true,""status"":""VALID"",""sample_index"":172,""time_from_start_s"":4.128,""joints_rad"":[0.20182109782494007,2.669818870431604,1.2430493222620513,-1.2532620177311304,3.2703982787759123,1.7311739210684716],""source"":""LATEST SUCCESSFUL PHASE5 SERVO_J COMMAND \u2014 DRIVER MEMORY"",""error"":null}}","{""left"":{""valid"":true,""fresh"":true,""status"":""FRESH"",""joints_rad"":[2.8429580919273034,0.5699287151254135,-1.5631736012868114,1.2918242954195247,-0.3126474611609018,-0.05210453589026312],""received_at_ms"":1788503657088,""age_ms"":66,""source"":""jaka_port10000_actual_feedback"",""mapping"":""port10000_joint_actual_position_deg_to_rad"",""error"":null},""right"":{""valid"":true,""fresh"":true,""status"":""FRESH"",""joints_rad"":[0.20506815859477454,2.6622671215280587,1.2655235798553714,-1.273298672607156,3.269671022753519,1.757412864537587],""received_at_ms"":1788503657076,""age_ms"":78,""source"":""jaka_port10000_actual_feedback"",""mapping"":""port10000_joint_actual_position_deg_to_rad"",""error"":null}}","{""left"":{""values"":[-100.86188838278758,-6.061816330184229,0.0986328125,-2.76171875,0.0,0.93084716796875],""received_at_ms"":1788503650125,""valid"":true,""status"":""STALE"",""error"":""Torque sample age 7029 ms exceeds 1500 ms"",""source"":""/left_jaka_driver/joint_torque_raw"",""age_ms"":7029,""fresh"":false},""right"":{""values"":[100.91801631177077,-0.6735351477982476,-1.208251953125,2.589111328125,0.320556640625,0.38836669921875],""received_at_ms"":1788503650720,""valid"":true,""status"":""STALE"",""error"":""Torque sample age 6434 ms exceeds 1500 ms"",""source"":""/right_jaka_driver/joint_torque_raw"",""age_ms"":6434,""fresh"":false}}"
61,1788503657255,RUNNING,4.224,"{""left"":{""valid"":true,""status"":""VALID"",""sample_index"":176,""time_from_start_s"":4.224,""joints_rad"":[2.8344105219741658,0.5553951799980249,-1.5301099534627725,1.282720159061749,-0.35939213963299393,-0.05828421840409832],""source"":""LATEST SUCCESSFUL PHASE5 SERVO_J COMMAND \u2014 DRIVER MEMORY"",""error"":null},""right"":{""valid"":true,""status"":""VALID"",""sample_index"":176,""time_from_start_s"":4.224,""joints_rad"":[0.19982392759119605,2.6744764428247154,1.2292592701649354,-1.2411004760717426,3.2713217908925087,1.7156388502960733],""source"":""LATEST SUCCESSFUL PHASE5 SERVO_J COMMAND \u2014 DRIVER MEMORY"",""error"":null}}","{""left"":{""valid"":true,""fresh"":true,""status"":""FRESH"",""joints_rad"":[2.8387277628863195,0.5628939910423252,-1.5473424177736714,1.287222385780791,-0.3349381082356726,-0.055196561193096266],""received_at_ms"":1788503657199,""age_ms"":56,""source"":""jaka_port10000_actual_feedback"",""mapping"":""port10000_joint_actual_position_deg_to_rad"",""error"":null},""right"":{""valid"":true,""fresh"":true,""status"":""FRESH"",""joints_rad"":[0.20304287853076033,2.6667613443519445,1.2520653459932434,-1.2611827714727366,3.270066514362021,1.7414856879155878],""received_at_ms"":1788503657187,""age_ms"":68,""source"":""jaka_port10000_actual_feedback"",""mapping"":""port10000_joint_actual_position_deg_to_rad"",""error"":null}}","{""left"":{""values"":[-100.86188838278758,-6.061816330184229,0.0986328125,-2.76171875,0.0,0.93084716796875],""received_at_ms"":1788503650125,""valid"":true,""status"":""STALE"",""error"":""Torque sample age 7130 ms exceeds 1500 ms"",""source"":""/left_jaka_driver/joint_torque_raw"",""age_ms"":7130,""fresh"":false},""right"":{""values"":[100.91801631177077,-0.6735351477982476,-1.208251953125,2.589111328125,0.320556640625,0.38836669921875],""received_at_ms"":1788503650720,""valid"":true,""status"":""STALE"",""error"":""Torque sample age 6535 ms exceeds 1500 ms"",""source"":""/right_jaka_driver/joint_torque_raw"",""age_ms"":6535,""fresh"":false}}"
62,1788503657357,RUNNING,4.344,"{""left"":{""valid"":true,""status"":""VALID"",""sample_index"":181,""time_from_start_s"":4.344,""joints_rad"":[2.830434671601324,0.5482152049155816,-1.5136353385000507,1.2788308793825518,-0.3819311826522017,-0.06117917198569073],""source"":""LATEST SUCCESSFUL PHASE5 SERVO_J COMMAND \u2014 DRIVER MEMORY"",""error"":null},""right"":{""valid"":true,""status"":""VALID"",""sample_index"":181,""time_from_start_s"":4.344,""joints_rad"":[0.19736416761177286,2.680476888088369,1.2118974042254866,-1.2258785903565963,3.2726714599583295,1.6964074278112924],""source"":""LATEST SUCCESSFUL PHASE5 SERVO_J COMMAND \u2014 DRIVER MEMORY"",""error"":null}}","{""left"":{""valid"":true,""fresh"":true,""status"":""FRESH"",""joints_rad"":[2.836498628365672,0.5590951073924344,-1.5385819121262114,1.2848255251190275,-0.34716204525079053,-0.05670644552899656],""received_at_ms"":1788503657312,""age_ms"":45,""source"":""jaka_port10000_actual_feedback"",""mapping"":""port10000_joint_actual_position_deg_to_rad"",""error"":null},""right"":{""valid"":true,""fresh"":true,""status"":""FRESH"",""joints_rad"":[0.2012092356186151,2.671003716164767,1.2394220063588712,-1.249929586587578,3.2707016396768216,1.7273923287386586],""received_at_ms"":1788503657299,""age_ms"":58,""source"":""jaka_port10000_actual_feedback"",""mapping"":""port10000_joint_actual_position_deg_to_rad"",""error"":null}}","{""left"":{""values"":[-100.86188838278758,-6.061816330184229,0.0986328125,-2.76171875,0.0,0.93084716796875],""received_at_ms"":1788503650125,""valid"":true,""status"":""STALE"",""error"":""Torque sample age 7232 ms exceeds 1500 ms"",""source"":""/left_jaka_driver/joint_torque_raw"",""age_ms"":7232,""fresh"":false},""right"":{""values"":[100.91801631177077,-0.6735351477982476,-1.208251953125,2.589111328125,0.320556640625,0.38836669921875],""received_at_ms"":1788503650720,""valid"":true,""status"":""STALE"",""error"":""Torque sample age 6637 ms exceeds 1500 ms"",""source"":""/right_jaka_driver/joint_torque_raw"",""age_ms"":6637,""fresh"":false}}"
63,1788503657456,RUNNING,4.44,"{""left"":{""valid"":true,""status"":""VALID"",""sample_index"":185,""time_from_start_s"":4.44,""joints_rad"":[2.8273310078128695,0.5423992705979148,-1.500292480416378,1.2760664338378231,-0.3999820611626462,-0.06338807773896435],""source"":""LATEST SUCCESSFUL PHASE5 SERVO_J COMMAND \u2014 DRIVER MEMORY"",""error"":null},""right"":{""valid"":true,""status"":""VALID"",""sample_index"":185,""time_from_start_s"":4.44,""joints_rad"":[0.19542545955730523,2.6853645076223702,1.197921794441714,-1.213721186678118,3.2738178730884417,1.6811495841205506],""source"":""LATEST SUCCESSFUL PHASE5 SERVO_J COMMAND \u2014 DRIVER MEMORY"",""error"":null}}","{""left"":{""valid"":true,""fresh"":true,""status"":""FRESH"",""joints_rad"":[2.8327475667372863,0.5524197466023316,-1.52336194291712,1.2808946945776856,-0.36793076521782225,-0.05953475158185338],""received_at_ms"":1788503657383,""age_ms"":73,""source"":""jaka_port10000_actual_feedback"",""mapping"":""port10000_joint_actual_position_deg_to_rad"",""error"":null},""right"":{""valid"":true,""fresh"":true,""status"":""FRESH"",""joints_rad"":[0.19757807810984088,2.679812043833732,1.214015422970515,-1.2279145270016971,3.272487286034537,1.6988458980259644],""received_at_ms"":1788503657438,""age_ms"":18,""source"":""jaka_port10000_actual_feedback"",""mapping"":""port10000_joint_actual_position_deg_to_rad"",""error"":null}}","{""left"":{""values"":[-100.86188838278758,-6.061816330184229,0.0986328125,-2.76171875,0.0,0.93084716796875],""received_at_ms"":1788503650125,""valid"":true,""status"":""STALE"",""error"":""Torque sample age 7331 ms exceeds 1500 ms"",""source"":""/left_jaka_driver/joint_torque_raw"",""age_ms"":7331,""fresh"":false},""right"":{""values"":[100.91801631177077,-0.6735351477982476,-1.208251953125,2.589111328125,0.320556640625,0.38836669921875],""received_at_ms"":1788503650720,""valid"":true,""status"":""STALE"",""error"":""Torque sample age 6736 ms exceeds 1500 ms"",""source"":""/right_jaka_driver/joint_torque_raw"",""age_ms"":6736,""fresh"":false}}"
64,1788503657556,RUNNING,4.5360000000000005,"{""left"":{""valid"":true,""status"":""VALID"",""sample_index"":189,""time_from_start_s"":4.5360000000000005,""joints_rad"":[2.8242922562939046,0.5365152127202295,-1.486800455149396,1.2735574420147275,-0.41805102337334,-0.06551521513950691],""source"":""LATEST SUCCESSFUL PHASE5 SERVO_J COMMAND \u2014 DRIVER MEMORY"",""error"":null},""right"":{""valid"":true,""status"":""VALID"",""sample_index"":189,""time_from_start_s"":4.5360000000000005,""joints_rad"":[0.19350044848403408,2.6902800461372522,1.1839087893421605,-1.2015820248337654,3.2749797096828233,1.665946477825541],""source"":""LATEST SUCCESSFUL PHASE5 SERVO_J COMMAND \u2014 DRIVER MEMORY"",""error"":null}}","{""left"":{""valid"":true,""fresh"":true,""status"":""FRESH"",""joints_rad"":[2.8303267950647704,0.5480935989854133,-1.5133430548789715,1.2785938270247816,-0.38182044447104346,-0.061200668352881966],""received_at_ms"":1788503657460,""age_ms"":96,""source"":""jaka_port10000_actual_feedback"",""mapping"":""port10000_joint_actual_position_deg_to_rad"",""error"":null},""right"":{""valid"":true,""fresh"":true,""status"":""FRESH"",""joints_rad"":[0.19518121744807707,2.685852104776109,1.1965184972192717,-1.2126106074555847,3.273997344903363,1.6798150023951435],""received_at_ms"":1788503657551,""age_ms"":5,""source"":""jaka_port10000_actual_feedback"",""mapping"":""port10000_joint_actual_position_deg_to_rad"",""error"":null}}","{""left"":{""values"":[-100.86188838278758,-6.061816330184229,0.0986328125,-2.76171875,0.0,0.93084716796875],""received_at_ms"":1788503650125,""valid"":true,""status"":""STALE"",""error"":""Torque sample age 7431 ms exceeds 1500 ms"",""source"":""/left_jaka_driver/joint_torque_raw"",""age_ms"":7431,""fresh"":false},""right"":{""values"":[100.91801631177077,-0.6735351477982476,-1.208251953125,2.589111328125,0.320556640625,0.38836669921875],""received_at_ms"":1788503650720,""valid"":true,""status"":""STALE"",""error"":""Torque sample age 6836 ms exceeds 1500 ms"",""source"":""/right_jaka_driver/joint_torque_raw"",""age_ms"":6836,""fresh"":false}}"
65,1788503657657,RUNNING,4.632,"{""left"":{""valid"":true,""status"":""VALID"",""sample_index"":193,""time_from_start_s"":4.632,""joints_rad"":[2.821312134370857,0.5305532488218119,-1.4731536322795038,1.271090917465005,-0.4361395731987977,-0.06762303685534075],""source"":""LATEST SUCCESSFUL PHASE5 SERVO_J COMMAND \u2014 DRIVER MEMORY"",""error"":null},""right"":{""valid"":true,""status"":""VALID"",""sample_index"":193,""time_from_start_s"":4.632,""joints_rad"":[0.19157717506889813,2.6952380941271725,1.169886549176275,-1.189422496860185,3.2764219497508567,1.6507647392285287],""source"":""LATEST SUCCESSFUL PHASE5 SERVO_J COMMAND \u2014 DRIVER MEMORY"",""error"":null}}","{""left"":{""valid"":true,""fresh"":true,""status"":""FRESH"",""joints_rad"":[2.826767370588253,0.5414541919779017,-1.4979314485180113,1.2754298941567663,-0.40314033941585503,-0.06375321238392367],""received_at_ms"":1788503657568,""age_ms"":89,""source"":""jaka_port10000_actual_feedback"",""mapping"":""port10000_joint_actual_position_deg_to_rad"",""error"":null},""right"":{""valid"":true,""fresh"":true,""status"":""FRESH"",""joints_rad"":[0.19518121744807707,2.685852104776109,1.1965184972192717,-1.2126106074555847,3.273997344903363,1.6798150023951435],""received_at_ms"":1788503657551,""age_ms"":106,""source"":""jaka_port10000_actual_feedback"",""mapping"":""port10000_joint_actual_position_deg_to_rad"",""error"":null}}","{""left"":{""values"":[-100.86188838278758,-6.061816330184229,0.0986328125,-2.76171875,0.0,0.93084716796875],""received_at_ms"":1788503650125,""valid"":true,""status"":""STALE"",""error"":""Torque sample age 7532 ms exceeds 1500 ms"",""source"":""/left_jaka_driver/joint_torque_raw"",""age_ms"":7532,""fresh"":false},""right"":{""values"":[100.91801631177077,-0.6735351477982476,-1.208251953125,2.589111328125,0.320556640625,0.38836669921875],""received_at_ms"":1788503650720,""valid"":true,""status"":""STALE"",""error"":""Torque sample age 6937 ms exceeds 1500 ms"",""source"":""/right_jaka_driver/joint_torque_raw"",""age_ms"":6937,""fresh"":false}}"
66,1788503657757,RUNNING,4.728,"{""left"":{""valid"":true,""status"":""VALID"",""sample_index"":197,""time_from_start_s"":4.728,""joints_rad"":[2.8183873716664087,0.5245083248294888,-1.4593488496905207,1.268500863250167,-0.45424809604969213,-0.06975845439260953],""source"":""LATEST SUCCESSFUL PHASE5 SERVO_J COMMAND \u2014 DRIVER MEMORY"",""error"":null},""right"":{""valid"":true,""status"":""VALID"",""sample_index"":197,""time_from_start_s"":4.728,""joints_rad"":[0.189659683798841,2.70030975920303,1.1558338752792063,-1.1772135298857096,3.2785663916778423,1.635642204329647],""source"":""LATEST SUCCESSFUL PHASE5 SERVO_J COMMAND \u2014 DRIVER MEMORY"",""error"":null}}","{""left"":{""valid"":true,""fresh"":true,""status"":""FRESH"",""joints_rad"":[2.821278659156581,0.5304287725601283,-1.4728245381622225,1.270983842420236,-0.43638467287614224,-0.06754022779490096],""received_at_ms"":1788503657745,""age_ms"":12,""source"":""jaka_port10000_actual_feedback"",""mapping"":""port10000_joint_actual_position_deg_to_rad"",""error"":null},""right"":{""valid"":true,""fresh"":true,""status"":""FRESH"",""joints_rad"":[0.19149002061303427,2.695307775064638,1.1696257659728422,-1.1892893434575114,3.2764781559021476,1.6505613642695414],""received_at_ms"":1788503657735,""age_ms"":22,""source"":""jaka_port10000_actual_feedback"",""mapping"":""port10000_joint_actual_position_deg_to_rad"",""error"":null}}","{""left"":{""values"":[-100.86188838278758,-6.061816330184229,0.0986328125,-2.76171875,0.0,0.93084716796875],""received_at_ms"":1788503650125,""valid"":true,""status"":""STALE"",""error"":""Torque sample age 7632 ms exceeds 1500 ms"",""source"":""/left_jaka_driver/joint_torque_raw"",""age_ms"":7632,""fresh"":false},""right"":{""values"":[100.91801631177077,-0.6735351477982476,-1.208251953125,2.589111328125,0.320556640625,0.38836669921875],""received_at_ms"":1788503650720,""valid"":true,""status"":""STALE"",""error"":""Torque sample age 7037 ms exceeds 1500 ms"",""source"":""/right_jaka_driver/joint_torque_raw"",""age_ms"":7037,""fresh"":false}}"
67,1788503657860,RUNNING,4.848,"{""left"":{""valid"":true,""status"":""VALID"",""sample_index"":202,""time_from_start_s"":4.848,""joints_rad"":[2.814807671383048,0.5168364813508872,-1.441867171128901,1.2652209489275033,-0.4769116443802776,-0.07242395093877775],""source"":""LATEST SUCCESSFUL PHASE5 SERVO_J COMMAND \u2014 DRIVER MEMORY"",""error"":null},""right"":{""valid"":true,""status"":""VALID"",""sample_index"":202,""time_from_start_s"":4.848,""joints_rad"":[0.1872854889401711,2.7068689666299797,1.138172352743014,-1.161892302232656,3.2823766230115123,1.616885927460952],""source"":""LATEST SUCCESSFUL PHASE5 SERVO_J COMMAND \u2014 DRIVER MEMORY"",""error"":null}}","{""left"":{""valid"":true,""fresh"":true,""status"":""FRESH"",""joints_rad"":[2.819097521190364,0.5258027773777173,-1.4625899274285277,1.269102202953661,-0.45002267565122595,-0.06905028666372647],""received_at_ms"":1788503657813,""age_ms"":47,""source"":""jaka_port10000_actual_feedback"",""mapping"":""port10000_joint_actual_position_deg_to_rad"",""error"":null},""right"":{""valid"":true,""fresh"":true,""status"":""FRESH"",""joints_rad"":[0.19023163822234637,2.6986992988671137,1.1604219466953754,-1.1811999169074427,3.277808271325092,1.6404227466447063],""received_at_ms"":1788503657806,""age_ms"":54,""source"":""jaka_port10000_actual_feedback"",""mapping"":""port10000_joint_actual_position_deg_to_rad"",""error"":null}}","{""left"":{""values"":[-100.86188838278758,-6.061816330184229,0.0986328125,-2.76171875,0.0,0.93084716796875],""received_at_ms"":1788503650125,""valid"":true,""status"":""STALE"",""error"":""Torque sample age 7735 ms exceeds 1500 ms"",""source"":""/left_jaka_driver/joint_torque_raw"",""age_ms"":7735,""fresh"":false},""right"":{""values"":[100.91801631177077,-0.6735351477982476,-1.208251953125,2.589111328125,0.320556640625,0.38836669921875],""received_at_ms"":1788503650720,""valid"":true,""status"":""STALE"",""error"":""Torque sample age 7140 ms exceeds 1500 ms"",""source"":""/right_jaka_driver/joint_torque_raw"",""age_ms"":7140,""fresh"":false}}"
68,1788503657960,RUNNING,4.944,"{""left"":{""valid"":true,""status"":""VALID"",""sample_index"":206,""time_from_start_s"":4.944,""joints_rad"":[2.8120051353798985,0.5106112019526754,-1.4276987792231437,1.2628484064875203,-0.49506434283749645,-0.07446514340091057],""source"":""LATEST SUCCESSFUL PHASE5 SERVO_J COMMAND \u2014 DRIVER MEMORY"",""error"":null},""right"":{""valid"":true,""status"":""VALID"",""sample_index"":206,""time_from_start_s"":4.944,""joints_rad"":[0.18541687484185607,2.71230126580587,1.1239252005272526,-1.149620829533722,3.286145138948055,1.6020374985629737],""source"":""LATEST SUCCESSFUL PHASE5 SERVO_J COMMAND \u2014 DRIVER MEMORY"",""error"":null}}","{""left"":{""valid"":true,""fresh"":true,""status"":""FRESH"",""joints_rad"":[2.815670043605297,0.5187561850557154,-1.446447202643907,1.2660581742052575,-0.47110293688973864,-0.07155500867326353],""received_at_ms"":1788503657921,""age_ms"":39,""source"":""jaka_port10000_actual_feedback"",""mapping"":""port10000_joint_actual_position_deg_to_rad"",""error"":null},""right"":{""valid"":true,""fresh"":true,""status"":""FRESH"",""joints_rad"":[0.18788277411501236,2.7051826734394973,1.1426494334552424,-1.1658122215572349,3.281343610257932,1.6217752998505486],""received_at_ms"":1788503657917,""age_ms"":43,""source"":""jaka_port10000_actual_feedback"",""mapping"":""port10000_joint_actual_position_deg_to_rad"",""error"":null}}","{""left"":{""values"":[-100.86188838278758,-6.061816330184229,0.0986328125,-2.76171875,0.0,0.93084716796875],""received_at_ms"":1788503650125,""valid"":true,""status"":""STALE"",""error"":""Torque sample age 7834 ms exceeds 1500 ms"",""source"":""/left_jaka_driver/joint_torque_raw"",""age_ms"":7834,""fresh"":false},""right"":{""values"":[100.91801631177077,-0.6735351477982476,-1.208251953125,2.589111328125,0.320556640625,0.38836669921875],""received_at_ms"":1788503650720,""valid"":true,""status"":""STALE"",""error"":""Torque sample age 7239 ms exceeds 1500 ms"",""source"":""/right_jaka_driver/joint_torque_raw"",""age_ms"":7239,""fresh"":false}}"
69,1788503658061,RUNNING,5.04,"{""left"":{""valid"":true,""status"":""VALID"",""sample_index"":210,""time_from_start_s"":5.04,""joints_rad"":[2.8092576414423274,0.504313041294899,-1.4133654481584437,1.2609827015733233,-0.5132359949846484,-0.07633664428926977],""source"":""LATEST SUCCESSFUL PHASE5 SERVO_J COMMAND \u2014 DRIVER MEMORY"",""error"":null},""right"":{""valid"":true,""status"":""VALID"",""sample_index"":210,""time_from_start_s"":5.04,""joints_rad"":[0.18358359442628217,2.717878981537569,1.1095495261246189,-1.1373724863064456,3.290258925705959,1.5873437147679816],""source"":""LATEST SUCCESSFUL PHASE5 SERVO_J COMMAND \u2014 DRIVER MEMORY"",""error"":null}}","{""left"":{""valid"":true,""fresh"":true,""status"":""FRESH"",""joints_rad"":[2.811655262726935,0.5099237718430729,-1.426277654209085,1.262750600739803,-0.49702474147328357,-0.07450304431280713],""received_at_ms"":1788503658057,""age_ms"":4,""source"":""jaka_port10000_actual_feedback"",""mapping"":""port10000_joint_actual_position_deg_to_rad"",""error"":null},""right"":{""valid"":true,""fresh"":true,""status"":""FRESH"",""joints_rad"":[0.18658843794173338,2.708718012372337,1.1332897562755724,-1.1575072468445449,3.283692648898191,1.6118164511386688],""received_at_ms"":1788503658026,""age_ms"":35,""source"":""jaka_port10000_actual_feedback"",""mapping"":""port10000_joint_actual_position_deg_to_rad"",""error"":null}}","{""left"":{""values"":[-100.86188838278758,-6.061816330184229,0.0986328125,-2.76171875,0.0,0.93084716796875],""received_at_ms"":1788503650125,""valid"":true,""status"":""STALE"",""error"":""Torque sample age 7936 ms exceeds 1500 ms"",""source"":""/left_jaka_driver/joint_torque_raw"",""age_ms"":7936,""fresh"":false},""right"":{""values"":[100.91801631177077,-0.6735351477982476,-1.208251953125,2.589111328125,0.320556640625,0.38836669921875],""received_at_ms"":1788503650720,""valid"":true,""status"":""STALE"",""error"":""Torque sample age 7341 ms exceeds 1500 ms"",""source"":""/right_jaka_driver/joint_torque_raw"",""age_ms"":7341,""fresh"":false}}"
70,1788503658164,RUNNING,5.136,"{""left"":{""valid"":true,""status"":""VALID"",""sample_index"":214,""time_from_start_s"":5.136,""joints_rad"":[2.8065653146330596,0.4979452653339602,-1.3988647888640882,1.2597926173157628,-0.5314262755275382,-0.07798216075205903],""source"":""LATEST SUCCESSFUL PHASE5 SERVO_J COMMAND \u2014 DRIVER MEMORY"",""error"":null},""right"":{""valid"":true,""status"":""VALID"",""sample_index"":214,""time_from_start_s"":5.136,""joints_rad"":[0.1817863345174884,2.7235661472289823,1.0950468919229643,-1.1251707094410186,3.2944458185860874,1.5727929421034725],""source"":""LATEST SUCCESSFUL PHASE5 SERVO_J COMMAND \u2014 DRIVER MEMORY"",""error"":null}}","{""left"":{""valid"":true,""fresh"":true,""status"":""FRESH"",""joints_rad"":[2.811655262726935,0.5099237718430729,-1.426277654209085,1.262750600739803,-0.49702474147328357,-0.07450304431280713],""received_at_ms"":1788503658057,""age_ms"":107,""source"":""jaka_port10000_actual_feedback"",""mapping"":""port10000_joint_actual_position_deg_to_rad"",""error"":null},""right"":{""valid"":true,""fresh"":true,""status"":""FRESH"",""joints_rad"":[0.1844673393017847,2.7151055683687857,1.1165237744150645,-1.1431979904391443,3.2883305123195155,1.5945471163218858],""received_at_ms"":1788503658099,""age_ms"":65,""source"":""jaka_port10000_actual_feedback"",""mapping"":""port10000_joint_actual_position_deg_to_rad"",""error"":null}}","{""left"":{""values"":[-100.86188838278758,-6.061816330184229,0.0986328125,-2.76171875,0.0,0.93084716796875],""received_at_ms"":1788503650125,""valid"":true,""status"":""STALE"",""error"":""Torque sample age 8039 ms exceeds 1500 ms"",""source"":""/left_jaka_driver/joint_torque_raw"",""age_ms"":8039,""fresh"":false},""right"":{""values"":[100.91801631177077,-0.6735351477982476,-1.208251953125,2.589111328125,0.320556640625,0.38836669921875],""received_at_ms"":1788503650720,""valid"":true,""status"":""STALE"",""error"":""Torque sample age 7444 ms exceeds 1500 ms"",""source"":""/right_jaka_driver/joint_torque_raw"",""age_ms"":7444,""fresh"":false}}"
71,1788503658260,RUNNING,5.232,"{""left"":{""valid"":true,""status"":""VALID"",""sample_index"":218,""time_from_start_s"":5.232,""joints_rad"":[2.803927069351415,0.4915074852490159,-1.3841938024534481,1.2592463576005555,-0.5496351385319175,-0.07940231181593765],""source"":""LATEST SUCCESSFUL PHASE5 SERVO_J COMMAND \u2014 DRIVER MEMORY"",""error"":null},""right"":{""valid"":true,""status"":""VALID"",""sample_index"":218,""time_from_start_s"":5.232,""joints_rad"":[0.18001593943508165,2.7293156624986454,1.0804515866749902,-1.113015087512464,3.298548632692421,1.5583415538973313],""source"":""LATEST SUCCESSFUL PHASE5 SERVO_J COMMAND \u2014 DRIVER MEMORY"",""error"":null}}","{""left"":{""valid"":true,""fresh"":true,""status"":""FRESH"",""joints_rad"":[2.8064541815559916,0.4977956534038895,-1.398785925963371,1.2597905223284205,-0.5317550482587188,-0.07801447223489454],""received_at_ms"":1788503658246,""age_ms"":14,""source"":""jaka_port10000_actual_feedback"",""mapping"":""port10000_joint_actual_position_deg_to_rad"",""error"":null},""right"":{""valid"":true,""fresh"":true,""status"":""FRESH"",""joints_rad"":[0.1831010955633235,2.7193481147145335,1.1056060418121392,-1.1342338048679763,3.291458316872015,1.5836295582518858],""received_at_ms"":1788503658174,""age_ms"":86,""source"":""jaka_port10000_actual_feedback"",""mapping"":""port10000_joint_actual_position_deg_to_rad"",""error"":null}}","{""left"":{""values"":[-100.86188838278758,-6.061816330184229,0.0986328125,-2.76171875,0.0,0.93084716796875],""received_at_ms"":1788503650125,""valid"":true,""status"":""STALE"",""error"":""Torque sample age 8135 ms exceeds 1500 ms"",""source"":""/left_jaka_driver/joint_torque_raw"",""age_ms"":8135,""fresh"":false},""right"":{""values"":[100.91801631177077,-0.6735351477982476,-1.208251953125,2.589111328125,0.320556640625,0.38836669921875],""received_at_ms"":1788503650720,""valid"":true,""status"":""STALE"",""error"":""Torque sample age 7540 ms exceeds 1500 ms"",""source"":""/right_jaka_driver/joint_torque_raw"",""age_ms"":7540,""fresh"":false}}"
72,1788503658368,RUNNING,5.352,"{""left"":{""valid"":true,""status"":""VALID"",""sample_index"":223,""time_from_start_s"":5.352,""joints_rad"":[2.8006045281747176,0.4829932382847975,-1.3652965125997771,1.2590430108701907,-0.5732661452128796,-0.08075465890036593],""source"":""LATEST SUCCESSFUL PHASE5 SERVO_J COMMAND \u2014 DRIVER MEMORY"",""error"":null},""right"":{""valid"":true,""status"":""VALID"",""sample_index"":223,""time_from_start_s"":5.352,""joints_rad"":[0.1777191699849879,2.736906913992174,1.0617556803343822,-1.097110299729204,3.3036787856980436,1.5394957566794079],""source"":""LATEST SUCCESSFUL PHASE5 SERVO_J COMMAND \u2014 DRIVER MEMORY"",""error"":null}}","{""left"":{""valid"":true,""fresh"":true,""status"":""FRESH"",""joints_rad"":[2.80445281250273,0.49312183619997385,-1.3876765562085767,1.2593351659265752,-0.5454651331319098,-0.07906900016894951],""received_at_ms"":1788503658318,""age_ms"":50,""source"":""jaka_port10000_actual_feedback"",""mapping"":""port10000_joint_actual_position_deg_to_rad"",""error"":null},""right"":{""valid"":true,""fresh"":true,""status"":""FRESH"",""joints_rad"":[0.18132749197744688,2.725100545396182,1.0913449564940936,-1.1220219106246971,3.2955930018699893,1.5691764867161206],""received_at_ms"":1788503658294,""age_ms"":74,""source"":""jaka_port10000_actual_feedback"",""mapping"":""port10000_joint_actual_position_deg_to_rad"",""error"":null}}","{""left"":{""values"":[-100.86188838278758,-6.061816330184229,0.0986328125,-2.76171875,0.0,0.93084716796875],""received_at_ms"":1788503650125,""valid"":true,""status"":""STALE"",""error"":""Torque sample age 8243 ms exceeds 1500 ms"",""source"":""/left_jaka_driver/joint_torque_raw"",""age_ms"":8243,""fresh"":false},""right"":{""values"":[100.91801631177077,-0.6735351477982476,-1.208251953125,2.589111328125,0.320556640625,0.38836669921875],""received_at_ms"":1788503650720,""valid"":true,""status"":""STALE"",""error"":""Torque sample age 7648 ms exceeds 1500 ms"",""source"":""/right_jaka_driver/joint_torque_raw"",""age_ms"":7648,""fresh"":false}}"
73,1788503658470,RUNNING,5.448,"{""left"":{""valid"":true,""status"":""VALID"",""sample_index"":227,""time_from_start_s"":5.448,""joints_rad"":[2.797627046077954,0.47471547081419035,-1.3487802435993812,1.2590496166144793,-0.5954386761482122,-0.08097701033468101],""source"":""LATEST SUCCESSFUL PHASE5 SERVO_J COMMAND \u2014 DRIVER MEMORY"",""error"":null},""right"":{""valid"":true,""status"":""VALID"",""sample_index"":227,""time_from_start_s"":5.448,""joints_rad"":[0.1755337972699453,2.7444536374478665,1.0452055644952079,-1.0816435817185577,3.3080862741087746,1.521365465462637],""source"":""LATEST SUCCESSFUL PHASE5 SERVO_J COMMAND \u2014 DRIVER MEMORY"",""error"":null}}","{""left"":{""valid"":true,""fresh"":true,""status"":""FRESH"",""joints_rad"":[2.8019121367106017,0.4865784223013219,-1.3728161248253963,1.2591074004591902,-0.5636811345349747,-0.08027956053813277],""received_at_ms"":1788503658429,""age_ms"":41,""source"":""jaka_port10000_actual_feedback"",""mapping"":""port10000_joint_actual_position_deg_to_rad"",""error"":null},""right"":{""valid"":true,""fresh"":true,""status"":""FRESH"",""joints_rad"":[0.17865504382679315,2.7338130544892123,1.0691380852234185,-1.1036620940912678,3.301740749627214,1.547161601663165],""received_at_ms"":1788503658405,""age_ms"":65,""source"":""jaka_port10000_actual_feedback"",""mapping"":""port10000_joint_actual_position_deg_to_rad"",""error"":null}}","{""left"":{""values"":[-100.86188838278758,-6.061816330184229,0.0986328125,-2.76171875,0.0,0.93084716796875],""received_at_ms"":1788503650125,""valid"":true,""status"":""STALE"",""error"":""Torque sample age 8345 ms exceeds 1500 ms"",""source"":""/left_jaka_driver/joint_torque_raw"",""age_ms"":8345,""fresh"":false},""right"":{""values"":[100.91801631177077,-0.6735351477982476,-1.208251953125,2.589111328125,0.320556640625,0.38836669921875],""received_at_ms"":1788503650720,""valid"":true,""status"":""STALE"",""error"":""Torque sample age 7750 ms exceeds 1500 ms"",""source"":""/right_jaka_driver/joint_torque_raw"",""age_ms"":7750,""fresh"":false}}"
74,1788503658569,RUNNING,5.5440000000000005,"{""left"":{""valid"":true,""status"":""VALID"",""sample_index"":231,""time_from_start_s"":5.5440000000000005,""joints_rad"":[2.7943597293044675,0.4651669046748172,-1.3310427471364117,1.2590885761847779,-0.620503024943799,-0.08067205693980067],""source"":""LATEST SUCCESSFUL PHASE5 SERVO_J COMMAND \u2014 DRIVER MEMORY"",""error"":null},""right"":{""valid"":true,""status"":""VALID"",""sample_index"":231,""time_from_start_s"":5.5440000000000005,""joints_rad"":[0.17307273427680764,2.753285775241956,1.0272825551608666,-1.0639147464496694,3.3129681369061372,1.500762841101949],""source"":""LATEST SUCCESSFUL PHASE5 SERVO_J COMMAND \u2014 DRIVER MEMORY"",""error"":null}}","{""left"":{""valid"":true,""fresh"":true,""status"":""FRESH"",""joints_rad"":[2.799623137396611,0.4803346814352374,-1.3598612439195432,1.2591313114699423,-0.5806027997647605,-0.08086668929850367],""received_at_ms"":1788503658501,""age_ms"":68,""source"":""jaka_port10000_actual_feedback"",""mapping"":""port10000_joint_actual_position_deg_to_rad"",""error"":null},""right"":{""valid"":true,""fresh"":true,""status"":""FRESH"",""joints_rad"":[0.1773486648816754,2.738043383530196,1.0589275600334012,-1.0946619547375087,3.30453310189748,1.5368550833642882],""received_at_ms"":1788503658530,""age_ms"":39,""source"":""jaka_port10000_actual_feedback"",""mapping"":""port10000_joint_actual_position_deg_to_rad"",""error"":null}}","{""left"":{""values"":[-100.86188838278758,-6.061816330184229,0.0986328125,-2.76171875,0.0,0.93084716796875],""received_at_ms"":1788503650125,""valid"":true,""status"":""STALE"",""error"":""Torque sample age 8444 ms exceeds 1500 ms"",""source"":""/left_jaka_driver/joint_torque_raw"",""age_ms"":8444,""fresh"":false},""right"":{""values"":[100.91801631177077,-0.6735351477982476,-1.208251953125,2.589111328125,0.320556640625,0.38836669921875],""received_at_ms"":1788503650720,""valid"":true,""status"":""STALE"",""error"":""Torque sample age 7849 ms exceeds 1500 ms"",""source"":""/right_jaka_driver/joint_torque_raw"",""age_ms"":7849,""fresh"":false}}"
75,1788503658668,RUNNING,5.64,"{""left"":{""valid"":true,""status"":""VALID"",""sample_index"":235,""time_from_start_s"":5.64,""joints_rad"":[2.79106890226657,0.45537967856414213,-1.312975384605646,1.2590550390441768,-0.6460897197627147,-0.08060833232127457],""source"":""LATEST SUCCESSFUL PHASE5 SERVO_J COMMAND \u2014 DRIVER MEMORY"",""error"":null},""right"":{""valid"":true,""status"":""VALID"",""sample_index"":235,""time_from_start_s"":5.64,""joints_rad"":[0.17062783829472958,2.7623429613068438,1.0091582014396545,-1.046091712999938,3.3184180838696213,1.4801701231338875],""source"":""LATEST SUCCESSFUL PHASE5 SERVO_J COMMAND \u2014 DRIVER MEMORY"",""error"":null}}","{""left"":{""valid"":true,""fresh"":true,""status"":""FRESH"",""joints_rad"":[2.7973941774088886,0.47377939929767193,-1.3473974986652013,1.2591313114699423,-0.5978361807989525,-0.08060297004852733],""received_at_ms"":1788503658577,""age_ms"":91,""source"":""jaka_port10000_actual_feedback"",""mapping"":""port10000_joint_actual_position_deg_to_rad"",""error"":null},""right"":{""valid"":true,""fresh"":true,""status"":""FRESH"",""joints_rad"":[0.17443658302472287,2.7481341791335265,1.0379312491319095,-1.0746002676504598,3.3101897140031933,1.5129465160729185],""received_at_ms"":1788503658604,""age_ms"":64,""source"":""jaka_port10000_actual_feedback"",""mapping"":""port10000_joint_actual_position_deg_to_rad"",""error"":null}}","{""left"":{""values"":[-100.86188838278758,-6.061816330184229,0.0986328125,-2.76171875,0.0,0.93084716796875],""received_at_ms"":1788503650125,""valid"":true,""status"":""STALE"",""error"":""Torque sample age 8543 ms exceeds 1500 ms"",""source"":""/left_jaka_driver/joint_torque_raw"",""age_ms"":8543,""fresh"":false},""right"":{""values"":[100.91801631177077,-0.6735351477982476,-1.208251953125,2.589111328125,0.320556640625,0.38836669921875],""received_at_ms"":1788503650720,""valid"":true,""status"":""STALE"",""error"":""Torque sample age 7948 ms exceeds 1500 ms"",""source"":""/right_jaka_driver/joint_torque_raw"",""age_ms"":7948,""fresh"":false}}"
76,1788503658769,RUNNING,5.736,"{""left"":{""valid"":true,""status"":""VALID"",""sample_index"":239,""time_from_start_s"":5.736,""joints_rad"":[2.7881423108662684,0.446777992805506,-1.295815417959415,1.258882848302523,-0.6688316890302192,-0.08154450880491526],""source"":""LATEST SUCCESSFUL PHASE5 SERVO_J COMMAND \u2014 DRIVER MEMORY"",""error"":null},""right"":{""valid"":true,""status"":""VALID"",""sample_index"":239,""time_from_start_s"":5.736,""joints_rad"":[0.16857593270963306,2.7702006502399583,0.9923971693497854,-1.0310154250856858,3.324447053648853,1.462817131826537],""source"":""LATEST SUCCESSFUL PHASE5 SERVO_J COMMAND \u2014 DRIVER MEMORY"",""error"":null}}","{""left"":{""valid"":true,""fresh"":true,""status"":""FRESH"",""joints_rad"":[2.7932954461935053,0.46173523119550947,-1.324891128894884,1.2591313114699423,-0.6293067361404379,-0.08009979162517737],""received_at_ms"":1788503658686,""age_ms"":83,""source"":""jaka_port10000_actual_feedback"",""mapping"":""port10000_joint_actual_position_deg_to_rad"",""error"":null},""right"":{""valid"":true,""fresh"":true,""status"":""FRESH"",""joints_rad"":[0.17175209210223039,2.758045205823901,1.018049330957816,-1.0545986198896797,3.315702510978543,1.4902364663788934],""received_at_ms"":1788503658698,""age_ms"":71,""source"":""jaka_port10000_actual_feedback"",""mapping"":""port10000_joint_actual_position_deg_to_rad"",""error"":null}}","{""left"":{""values"":[-100.86188838278758,-6.061816330184229,0.0986328125,-2.76171875,0.0,0.93084716796875],""received_at_ms"":1788503650125,""valid"":true,""status"":""STALE"",""error"":""Torque sample age 8644 ms exceeds 1500 ms"",""source"":""/left_jaka_driver/joint_torque_raw"",""age_ms"":8644,""fresh"":false},""right"":{""values"":[100.91801631177077,-0.6735351477982476,-1.208251953125,2.589111328125,0.320556640625,0.38836669921875],""received_at_ms"":1788503650720,""valid"":true,""status"":""STALE"",""error"":""Torque sample age 8049 ms exceeds 1500 ms"",""source"":""/right_jaka_driver/joint_torque_raw"",""age_ms"":8049,""fresh"":false}}"
77,1788503658870,RUNNING,5.856,"{""left"":{""valid"":true,""status"":""VALID"",""sample_index"":244,""time_from_start_s"":5.856,""joints_rad"":[2.7855653688543174,0.43960282856708865,-1.2773166355447716,1.2584913131022084,-0.6884975350181335,-0.08440494168132542],""source"":""LATEST SUCCESSFUL PHASE5 SERVO_J COMMAND \u2014 DRIVER MEMORY"",""error"":null},""right"":{""valid"":true,""status"":""VALID"",""sample_index"":244,""time_from_start_s"":5.856,""joints_rad"":[0.16701479253257312,2.776570549931454,0.9752924941990538,-1.0194789656014884,3.3326914398438854,1.449575221774042],""source"":""LATEST SUCCESSFUL PHASE5 SERVO_J COMMAND \u2014 DRIVER MEMORY"",""error"":null}}","{""left"":{""valid"":true,""fresh"":true,""status"":""FRESH"",""joints_rad"":[2.790850763510237,0.4544008340798537,-1.3113250336849824,1.2590834894484377,-0.64832558899942,-0.08078273896148275],""received_at_ms"":1788503658803,""age_ms"":67,""source"":""jaka_port10000_actual_feedback"",""mapping"":""port10000_joint_actual_position_deg_to_rad"",""error"":null},""right"":{""valid"":true,""fresh"":true,""status"":""FRESH"",""joints_rad"":[0.16942713900564874,2.766673764579911,1.0006122699999163,-1.0379764531595361,3.3212271761928056,1.4709418514980963],""received_at_ms"":1788503658791,""age_ms"":79,""source"":""jaka_port10000_actual_feedback"",""mapping"":""port10000_joint_actual_position_deg_to_rad"",""error"":null}}","{""left"":{""values"":[-100.86188838278758,-6.061816330184229,0.0986328125,-2.76171875,0.0,0.93084716796875],""received_at_ms"":1788503650125,""valid"":true,""status"":""STALE"",""error"":""Torque sample age 8745 ms exceeds 1500 ms"",""source"":""/left_jaka_driver/joint_torque_raw"",""age_ms"":8745,""fresh"":false},""right"":{""values"":[100.91801631177077,-0.6735351477982476,-1.208251953125,2.589111328125,0.320556640625,0.38836669921875],""received_at_ms"":1788503650720,""valid"":true,""status"":""STALE"",""error"":""Torque sample age 8150 ms exceeds 1500 ms"",""source"":""/right_jaka_driver/joint_torque_raw"",""age_ms"":8150,""fresh"":false}}"
78,1788503658972,RUNNING,5.952,"{""left"":{""valid"":true,""status"":""VALID"",""sample_index"":248,""time_from_start_s"":5.952,""joints_rad"":[2.7846323091515797,0.4373285384959903,-1.265435171153454,1.2581930433412565,-0.6952930413222079,-0.08689080682526898],""source"":""LATEST SUCCESSFUL PHASE5 SERVO_J COMMAND \u2014 DRIVER MEMORY"",""error"":null},""right"":{""valid"":true,""status"":""VALID"",""sample_index"":248,""time_from_start_s"":5.952,""joints_rad"":[0.16662298011438406,2.7786116089907598,0.9649937823443389,-1.0165716985035764,3.3396794226921687,1.4462447237675038],""source"":""LATEST SUCCESSFUL PHASE5 SERVO_J COMMAND \u2014 DRIVER MEMORY"",""error"":null}}","{""left"":{""valid"":true,""fresh"":true,""status"":""FRESH"",""joints_rad"":[2.787519104501105,0.44483747697647597,-1.2918626926630685,1.2586160902747536,-0.6739599378551615,-0.08219697925437375],""received_at_ms"":1788503658922,""age_ms"":50,""source"":""jaka_port10000_actual_feedback"",""mapping"":""port10000_joint_actual_position_deg_to_rad"",""error"":null},""right"":{""valid"":true,""fresh"":true,""status"":""FRESH"",""joints_rad"":[0.16815671384312206,2.7714554431316,0.9899104346254626,-1.0288925380016811,3.325361686657855,1.4602759699062335],""received_at_ms"":1788503658905,""age_ms"":67,""source"":""jaka_port10000_actual_feedback"",""mapping"":""port10000_joint_actual_position_deg_to_rad"",""error"":null}}","{""left"":{""values"":[-100.86188838278758,-6.061816330184229,0.0986328125,-2.76171875,0.0,0.93084716796875],""received_at_ms"":1788503650125,""valid"":true,""status"":""STALE"",""error"":""Torque sample age 8847 ms exceeds 1500 ms"",""source"":""/left_jaka_driver/joint_torque_raw"",""age_ms"":8847,""fresh"":false},""right"":{""values"":[100.91801631177077,-0.6735351477982476,-1.208251953125,2.589111328125,0.320556640625,0.38836669921875],""received_at_ms"":1788503650720,""valid"":true,""status"":""STALE"",""error"":""Torque sample age 8252 ms exceeds 1500 ms"",""source"":""/right_jaka_driver/joint_torque_raw"",""age_ms"":8252,""fresh"":false}}"
79,1788503659072,RUNNING,6.048,"{""left"":{""valid"":true,""status"":""VALID"",""sample_index"":252,""time_from_start_s"":6.048,""joints_rad"":[2.7846416442531385,0.4372893982713371,-1.2554612879285798,1.2582568683063742,-0.6952797280996359,-0.0864971474001051],""source"":""LATEST SUCCESSFUL PHASE5 SERVO_J COMMAND \u2014 DRIVER MEMORY"",""error"":null},""right"":{""valid"":true,""status"":""VALID"",""sample_index"":252,""time_from_start_s"":6.048,""joints_rad"":[0.16666029878783348,2.7792947711051927,0.9562183270241406,-1.0166526492757866,3.3468192471592095,1.4462898381799931],""source"":""LATEST SUCCESSFUL PHASE5 SERVO_J COMMAND \u2014 DRIVER MEMORY"",""error"":null}}","{""left"":{""valid"":true,""fresh"":true,""status"":""FRESH"",""joints_rad"":[2.784582937100475,0.43723936061084384,-1.265221812427702,1.2581846448836604,-0.695555420288863,-0.08703852259940602],""received_at_ms"":1788503659064,""age_ms"":8,""source"":""jaka_port10000_actual_feedback"",""mapping"":""port10000_joint_actual_position_deg_to_rad"",""error"":null},""right"":{""valid"":true,""fresh"":true,""status"":""FRESH"",""joints_rad"":[0.16656287917020085,2.7786221141061387,0.966792850551097,-1.0166445154428858,3.3386881481614576,1.446206521740057],""received_at_ms"":1788503659050,""age_ms"":22,""source"":""jaka_port10000_actual_feedback"",""mapping"":""port10000_joint_actual_position_deg_to_rad"",""error"":null}}","{""left"":{""values"":[-100.86188838278758,-6.061816330184229,0.0986328125,-2.76171875,0.0,0.93084716796875],""received_at_ms"":1788503650125,""valid"":true,""status"":""STALE"",""error"":""Torque sample age 8947 ms exceeds 1500 ms"",""source"":""/left_jaka_driver/joint_torque_raw"",""age_ms"":8947,""fresh"":false},""right"":{""values"":[100.91801631177077,-0.6735351477982476,-1.208251953125,2.589111328125,0.320556640625,0.38836669921875],""received_at_ms"":1788503650720,""valid"":true,""status"":""STALE"",""error"":""Torque sample age 8352 ms exceeds 1500 ms"",""source"":""/right_jaka_driver/joint_torque_raw"",""age_ms"":8352,""fresh"":false}}"
80,1788503659174,RUNNING,6.144,"{""left"":{""valid"":true,""status"":""VALID"",""sample_index"":256,""time_from_start_s"":6.144,""joints_rad"":[2.785777322962589,0.4387133043226315,-1.246763855201345,1.2598980248036977,-0.6882005225103249,-0.07557432182543991],""source"":""LATEST SUCCESSFUL PHASE5 SERVO_J COMMAND \u2014 DRIVER MEMORY"",""error"":null},""right"":{""valid"":true,""status"":""VALID"",""sample_index"":256,""time_from_start_s"":6.144,""joints_rad"":[0.16785229599014534,2.7798137842270805,0.9480840674783101,-1.021296306140902,3.354449739902528,1.4505782358391397],""source"":""LATEST SUCCESSFUL PHASE5 SERVO_J COMMAND \u2014 DRIVER MEMORY"",""error"":null}}","{""left"":{""valid"":true,""fresh"":true,""status"":""FRESH"",""joints_rad"":[2.784582937100475,0.43723936061084384,-1.265221812427702,1.2581846448836604,-0.695555420288863,-0.08703852259940602],""received_at_ms"":1788503659064,""age_ms"":110,""source"":""jaka_port10000_actual_feedback"",""mapping"":""port10000_joint_actual_position_deg_to_rad"",""error"":null},""right"":{""valid"":true,""fresh"":true,""status"":""FRESH"",""joints_rad"":[0.16667074051797412,2.7794609193446473,0.9556236160029592,-1.0170400070513876,3.347604511711121,1.4468776008374489],""received_at_ms"":1788503659159,""age_ms"":15,""source"":""jaka_port10000_actual_feedback"",""mapping"":""port10000_joint_actual_position_deg_to_rad"",""error"":null}}","{""left"":{""values"":[-100.86188838278758,-6.061816330184229,0.0986328125,-2.76171875,0.0,0.93084716796875],""received_at_ms"":1788503650125,""valid"":true,""status"":""STALE"",""error"":""Torque sample age 9049 ms exceeds 1500 ms"",""source"":""/left_jaka_driver/joint_torque_raw"",""age_ms"":9049,""fresh"":false},""right"":{""values"":[100.91801631177077,-0.6735351477982476,-1.208251953125,2.589111328125,0.320556640625,0.38836669921875],""received_at_ms"":1788503650720,""valid"":true,""status"":""STALE"",""error"":""Torque sample age 8454 ms exceeds 1500 ms"",""source"":""/right_jaka_driver/joint_torque_raw"",""age_ms"":8454,""fresh"":false}}"
81,1788503659276,RUNNING,6.264,"{""left"":{""valid"":true,""status"":""VALID"",""sample_index"":261,""time_from_start_s"":6.264,""joints_rad"":[2.7891760325186943,0.4424362044460929,-1.2376440986838866,1.2654123105060509,-0.6674243607618509,-0.0393231040077541],""source"":""LATEST SUCCESSFUL PHASE5 SERVO_J COMMAND \u2014 DRIVER MEMORY"",""error"":null},""right"":{""valid"":true,""status"":""VALID"",""sample_index"":261,""time_from_start_s"":6.264,""joints_rad"":[0.17258329112007334,2.780201163142993,0.939548436304739,-1.0397160943821577,3.36543422303781,1.4675450278506752],""source"":""LATEST SUCCESSFUL PHASE5 SERVO_J COMMAND \u2014 DRIVER MEMORY"",""error"":null}}","{""left"":{""valid"":true,""fresh"":true,""status"":""FRESH"",""joints_rad"":[2.7847028412200867,0.4375269908715725,-1.2538007268685014,1.258556050948485,-0.6942492158766704,-0.08516910043759489],""received_at_ms"":1788503659177,""age_ms"":99,""source"":""jaka_port10000_actual_feedback"",""mapping"":""port10000_joint_actual_position_deg_to_rad"",""error"":null},""right"":{""valid"":true,""fresh"":true,""status"":""FRESH"",""joints_rad"":[0.16728195482202252,2.7798084143987194,0.9501706838209534,-1.0193649601479693,3.3525539164039264,1.4491545573796005],""received_at_ms"":1788503659271,""age_ms"":5,""source"":""jaka_port10000_actual_feedback"",""mapping"":""port10000_joint_actual_position_deg_to_rad"",""error"":null}}","{""left"":{""values"":[-100.86188838278758,-6.061816330184229,0.0986328125,-2.76171875,0.0,0.93084716796875],""received_at_ms"":1788503650125,""valid"":true,""status"":""STALE"",""error"":""Torque sample age 9151 ms exceeds 1500 ms"",""source"":""/left_jaka_driver/joint_torque_raw"",""age_ms"":9151,""fresh"":false},""right"":{""values"":[100.91801631177077,-0.6735351477982476,-1.208251953125,2.589111328125,0.320556640625,0.38836669921875],""received_at_ms"":1788503650720,""valid"":true,""status"":""STALE"",""error"":""Torque sample age 8556 ms exceeds 1500 ms"",""source"":""/right_jaka_driver/joint_torque_raw"",""age_ms"":8556,""fresh"":false}}"
82,1788503659382,RUNNING,6.36,"{""left"":{""valid"":true,""status"":""VALID"",""sample_index"":265,""time_from_start_s"":6.36,""joints_rad"":[2.7932116196505152,0.44637983122614583,-1.2313004813852955,1.2718808893300673,-0.643261121075531,0.005079550648791922],""source"":""LATEST SUCCESSFUL PHASE5 SERVO_J COMMAND \u2014 DRIVER MEMORY"",""error"":null},""right"":{""valid"":true,""status"":""VALID"",""sample_index"":265,""time_from_start_s"":6.36,""joints_rad"":[0.17876773763945578,2.7803460924360177,0.9339492186115378,-1.0637750233295533,3.375395347823078,1.4896253327401132],""source"":""LATEST SUCCESSFUL PHASE5 SERVO_J COMMAND \u2014 DRIVER MEMORY"",""error"":null}}","{""left"":{""valid"":true,""fresh"":true,""status"":""FRESH"",""joints_rad"":[2.785673593350046,0.43874941947966933,-1.2467420917746606,1.2598863409043553,-0.6877897523150394,-0.07549770745351872],""received_at_ms"":1788503659299,""age_ms"":83,""source"":""jaka_port10000_actual_feedback"",""mapping"":""port10000_joint_actual_position_deg_to_rad"",""error"":null},""right"":{""valid"":true,""fresh"":true,""status"":""FRESH"",""joints_rad"":[0.17093719787447423,2.7802039060072214,0.9418657091082636,-1.0331109988037515,3.362357081746528,1.4619776659269281],""received_at_ms"":1788503659341,""age_ms"":41,""source"":""jaka_port10000_actual_feedback"",""mapping"":""port10000_joint_actual_position_deg_to_rad"",""error"":null}}","{""left"":{""values"":[-100.86188838278758,-6.061816330184229,0.0986328125,-2.76171875,0.0,0.93084716796875],""received_at_ms"":1788503650125,""valid"":true,""status"":""STALE"",""error"":""Torque sample age 9257 ms exceeds 1500 ms"",""source"":""/left_jaka_driver/joint_torque_raw"",""age_ms"":9257,""fresh"":false},""right"":{""values"":[100.91801631177077,-0.6735351477982476,-1.208251953125,2.589111328125,0.320556640625,0.38836669921875],""received_at_ms"":1788503650720,""valid"":true,""status"":""STALE"",""error"":""Torque sample age 8662 ms exceeds 1500 ms"",""source"":""/right_jaka_driver/joint_torque_raw"",""age_ms"":8662,""fresh"":false}}"
83,1788503659478,RUNNING,6.456,"{""left"":{""valid"":true,""status"":""VALID"",""sample_index"":269,""time_from_start_s"":6.456,""joints_rad"":[2.797875624308392,0.45041512798391775,-1.2251894038493334,1.2786702192366817,-0.616045324770732,0.056109667449541725],""source"":""LATEST SUCCESSFUL PHASE5 SERVO_J COMMAND \u2014 DRIVER MEMORY"",""error"":null},""right"":{""valid"":true,""status"":""VALID"",""sample_index"":269,""time_from_start_s"":6.456,""joints_rad"":[0.18608186282441877,2.780457229326273,0.9289606689439854,-1.092196443210573,3.3860666150879566,1.5155775443230732],""source"":""LATEST SUCCESSFUL PHASE5 SERVO_J COMMAND \u2014 DRIVER MEMORY"",""error"":null}}","{""left"":{""valid"":true,""fresh"":true,""status"":""FRESH"",""joints_rad"":[2.7930917662697974,0.4463115820627104,-1.2310786344026377,1.271642878745789,-0.643675857339182,0.0037419859162758427],""received_at_ms"":1788503659472,""age_ms"":6,""source"":""jaka_port10000_actual_feedback"",""mapping"":""port10000_joint_actual_position_deg_to_rad"",""error"":null},""right"":{""valid"":true,""fresh"":true,""status"":""FRESH"",""joints_rad"":[0.17493993598099802,2.7803117673549944,0.9372397139258526,-1.048510562392873,3.3695954857533246,1.476167018212717],""received_at_ms"":1788503659412,""age_ms"":66,""source"":""jaka_port10000_actual_feedback"",""mapping"":""port10000_joint_actual_position_deg_to_rad"",""error"":null}}","{""left"":{""values"":[-100.86188838278758,-6.061816330184229,0.0986328125,-2.76171875,0.0,0.93084716796875],""received_at_ms"":1788503650125,""valid"":true,""status"":""STALE"",""error"":""Torque sample age 9353 ms exceeds 1500 ms"",""source"":""/left_jaka_driver/joint_torque_raw"",""age_ms"":9353,""fresh"":false},""right"":{""values"":[100.91801631177077,-0.6735351477982476,-1.208251953125,2.589111328125,0.320556640625,0.38836669921875],""received_at_ms"":1788503650720,""valid"":true,""status"":""STALE"",""error"":""Torque sample age 8758 ms exceeds 1500 ms"",""source"":""/right_jaka_driver/joint_torque_raw"",""age_ms"":8758,""fresh"":false}}"
84,1788503659582,RUNNING,6.5520000000000005,"{""left"":{""valid"":true,""status"":""VALID"",""sample_index"":273,""time_from_start_s"":6.5520000000000005,""joints_rad"":[2.802613086120513,0.4538570911669862,-1.2187418282345022,1.284230135985778,-0.5894433578034775,0.1061558401702355],""source"":""LATEST SUCCESSFUL PHASE5 SERVO_J COMMAND \u2014 DRIVER MEMORY"",""error"":null},""right"":{""valid"":true,""status"":""VALID"",""sample_index"":273,""time_from_start_s"":6.5520000000000005,""joints_rad"":[0.19336178983379315,2.7806516524815654,0.9240135581793817,-1.1204360622192802,3.3970120429672392,1.5411634283444873],""source"":""LATEST SUCCESSFUL PHASE5 SERVO_J COMMAND \u2014 DRIVER MEMORY"",""error"":null}}","{""left"":{""valid"":true,""fresh"":true,""status"":""FRESH"",""joints_rad"":[2.7965551976374554,0.4492236639196629,-1.226560675100925,1.2770237288296875,-0.6232186786436312,0.041839730960508865],""received_at_ms"":1788503659541,""age_ms"":41,""source"":""jaka_port10000_actual_feedback"",""mapping"":""port10000_joint_actual_position_deg_to_rad"",""error"":null},""right"":{""valid"":true,""fresh"":true,""status"":""FRESH"",""joints_rad"":[0.1830530990088937,2.7804437142464455,0.9310080158316069,-1.0801130646258092,3.3817236041925076,1.504198053197297],""received_at_ms"":1788503659531,""age_ms"":51,""source"":""jaka_port10000_actual_feedback"",""mapping"":""port10000_joint_actual_position_deg_to_rad"",""error"":null}}","{""left"":{""values"":[-100.86188838278758,-6.061816330184229,0.0986328125,-2.76171875,0.0,0.93084716796875],""received_at_ms"":1788503650125,""valid"":true,""status"":""STALE"",""error"":""Torque sample age 9457 ms exceeds 1500 ms"",""source"":""/left_jaka_driver/joint_torque_raw"",""age_ms"":9457,""fresh"":false},""right"":{""values"":[100.91801631177077,-0.6735351477982476,-1.208251953125,2.589111328125,0.320556640625,0.38836669921875],""received_at_ms"":1788503650720,""valid"":true,""status"":""STALE"",""error"":""Torque sample age 8862 ms exceeds 1500 ms"",""source"":""/right_jaka_driver/joint_torque_raw"",""age_ms"":8862,""fresh"":false}}"
85,1788503659680,RUNNING,6.648000000000001,"{""left"":{""valid"":true,""status"":""VALID"",""sample_index"":277,""time_from_start_s"":6.648000000000001,""joints_rad"":[2.807030879926617,0.456273806115901,-1.2115704054291432,1.287471714549007,-0.5660494773687246,0.1496207497467245],""source"":""LATEST SUCCESSFUL PHASE5 SERVO_J COMMAND \u2014 DRIVER MEMORY"",""error"":null},""right"":{""valid"":true,""status"":""VALID"",""sample_index"":277,""time_from_start_s"":6.648000000000001,""joints_rad"":[0.19971870665489266,2.7810067804492533,0.9186644515040441,-1.145030813246571,3.4078555935040287,1.5631827035789974],""source"":""LATEST SUCCESSFUL PHASE5 SERVO_J COMMAND \u2014 DRIVER MEMORY"",""error"":null}}","{""left"":{""valid"":true,""fresh"":true,""status"":""FRESH"",""joints_rad"":[2.801624506449873,0.45321435925434794,-1.2197535419522967,1.2835311889457484,-0.5944924790179817,0.0965238634852196],""received_at_ms"":1788503659660,""age_ms"":20,""source"":""jaka_port10000_actual_feedback"",""mapping"":""port10000_joint_actual_position_deg_to_rad"",""error"":null},""right"":{""valid"":true,""fresh"":true,""status"":""FRESH"",""joints_rad"":[0.19283235334074308,2.7806234831594008,0.9243087440307518,-1.117983218735582,3.396440220445324,1.5388204986349587],""received_at_ms"":1788503659647,""age_ms"":33,""source"":""jaka_port10000_actual_feedback"",""mapping"":""port10000_joint_actual_position_deg_to_rad"",""error"":null}}","{""left"":{""values"":[-100.86188838278758,-6.061816330184229,0.0986328125,-2.76171875,0.0,0.93084716796875],""received_at_ms"":1788503650125,""valid"":true,""status"":""STALE"",""error"":""Torque sample age 9555 ms exceeds 1500 ms"",""source"":""/left_jaka_driver/joint_torque_raw"",""age_ms"":9555,""fresh"":false},""right"":{""values"":[100.91801631177077,-0.6735351477982476,-1.208251953125,2.589111328125,0.320556640625,0.38836669921875],""received_at_ms"":1788503650720,""valid"":true,""status"":""STALE"",""error"":""Torque sample age 8960 ms exceeds 1500 ms"",""source"":""/right_jaka_driver/joint_torque_raw"",""age_ms"":8960,""fresh"":false}}"
86,1788503659779,RUNNING,6.768,"{""left"":{""valid"":true,""status"":""VALID"",""sample_index"":282,""time_from_start_s"":6.768,""joints_rad"":[2.8121111046101435,0.4579789707402294,-1.2015889028768676,1.288335646721075,-0.5413559612423641,0.1943388007090882],""source"":""LATEST SUCCESSFUL PHASE5 SERVO_J COMMAND \u2014 DRIVER MEMORY"",""error"":null},""right"":{""valid"":true,""status"":""VALID"",""sample_index"":282,""time_from_start_s"":6.768,""joints_rad"":[0.20626329494388648,2.7816473055006474,0.9113328587621784,-1.1702683200172788,3.421083520157255,1.5854357493492763],""source"":""LATEST SUCCESSFUL PHASE5 SERVO_J COMMAND \u2014 DRIVER MEMORY"",""error"":null}}","{""left"":{""valid"":true,""fresh"":true,""status"":""FRESH"",""joints_rad"":[2.8054595184152804,0.45551540134017726,-1.2140730188358309,1.2868268941722891,-0.5739276135075829,0.13442997137758364],""received_at_ms"":1788503659729,""age_ms"":50,""source"":""jaka_port10000_actual_feedback"",""mapping"":""port10000_joint_actual_position_deg_to_rad"",""error"":null},""right"":{""valid"":true,""fresh"":true,""status"":""FRESH"",""joints_rad"":[0.1972665368383599,2.7808392058549476,0.920857355434933,-1.1349767915305502,3.403762574789141,1.5540764216266412],""received_at_ms"":1788503659756,""age_ms"":23,""source"":""jaka_port10000_actual_feedback"",""mapping"":""port10000_joint_actual_position_deg_to_rad"",""error"":null}}","{""left"":{""values"":[-100.86188838278758,-6.061816330184229,0.0986328125,-2.76171875,0.0,0.93084716796875],""received_at_ms"":1788503650125,""valid"":true,""status"":""STALE"",""error"":""Torque sample age 9654 ms exceeds 1500 ms"",""source"":""/left_jaka_driver/joint_torque_raw"",""age_ms"":9654,""fresh"":false},""right"":{""values"":[100.91801631177077,-0.6735351477982476,-1.208251953125,2.589111328125,0.320556640625,0.38836669921875],""received_at_ms"":1788503650720,""valid"":true,""status"":""STALE"",""error"":""Torque sample age 9059 ms exceeds 1500 ms"",""source"":""/right_jaka_driver/joint_torque_raw"",""age_ms"":9059,""fresh"":false}}"
87,1788503659880,RUNNING,6.864,"{""left"":{""valid"":true,""status"":""VALID"",""sample_index"":286,""time_from_start_s"":6.864,""joints_rad"":[2.81630261599333,0.45895711236963954,-1.1931863747626668,1.2877287870610599,-0.5223712859511082,0.22818701815451112],""source"":""LATEST SUCCESSFUL PHASE5 SERVO_J COMMAND \u2014 DRIVER MEMORY"",""error"":null},""right"":{""valid"":true,""status"":""VALID"",""sample_index"":286,""time_from_start_s"":6.864,""joints_rad"":[0.21127442839753155,2.782290745485191,0.9053808592709851,-1.189521101863982,3.431667098059803,1.6023403162627055],""source"":""LATEST SUCCESSFUL PHASE5 SERVO_J COMMAND \u2014 DRIVER MEMORY"",""error"":null}}","{""left"":{""valid"":true,""fresh"":true,""status"":""FRESH"",""joints_rad"":[2.8086114085114566,0.45694150987198184,-1.2084165812630425,1.288240959932255,-0.5578807072988967,0.16375534253544277],""received_at_ms"":1788503659800,""age_ms"":80,""source"":""jaka_port10000_actual_feedback"",""mapping"":""port10000_joint_actual_position_deg_to_rad"",""error"":null},""right"":{""valid"":true,""fresh"":true,""status"":""FRESH"",""joints_rad"":[0.20383386174776416,2.781390380832727,0.9143738063296245,-1.1602634707992945,3.415998380043172,1.5765827913969586],""received_at_ms"":1788503659826,""age_ms"":54,""source"":""jaka_port10000_actual_feedback"",""mapping"":""port10000_joint_actual_position_deg_to_rad"",""error"":null}}","{""left"":{""values"":[-100.86188838278758,-6.061816330184229,0.0986328125,-2.76171875,0.0,0.93084716796875],""received_at_ms"":1788503650125,""valid"":true,""status"":""STALE"",""error"":""Torque sample age 9755 ms exceeds 1500 ms"",""source"":""/left_jaka_driver/joint_torque_raw"",""age_ms"":9755,""fresh"":false},""right"":{""values"":[100.91801631177077,-0.6735351477982476,-1.208251953125,2.589111328125,0.320556640625,0.38836669921875],""received_at_ms"":1788503650720,""valid"":true,""status"":""STALE"",""error"":""Torque sample age 9160 ms exceeds 1500 ms"",""source"":""/right_jaka_driver/joint_torque_raw"",""age_ms"":9160,""fresh"":false}}"
88,1788503659980,RUNNING,6.96,"{""left"":{""valid"":true,""status"":""VALID"",""sample_index"":290,""time_from_start_s"":6.96,""joints_rad"":[2.8207866038962597,0.4598519756459032,-1.1844702180296678,1.286209743326027,-0.5032850692058909,0.26159202560672784],""source"":""LATEST SUCCESSFUL PHASE5 SERVO_J COMMAND \u2014 DRIVER MEMORY"",""error"":null},""right"":{""valid"":true,""status"":""VALID"",""sample_index"":290,""time_from_start_s"":6.96,""joints_rad"":[0.2163268315436213,2.7832677143357136,0.8995064739104665,-1.20877246855763,3.442481386967793,1.6191990885145309],""source"":""LATEST SUCCESSFUL PHASE5 SERVO_J COMMAND \u2014 DRIVER MEMORY"",""error"":null}}","{""left"":{""valid"":true,""fresh"":true,""status"":""FRESH"",""joints_rad"":[2.8126260148568942,0.45810389915381006,-1.2001833395826094,1.2882650454759326,-0.5389335874721715,0.19855755688606008],""received_at_ms"":1788503659910,""age_ms"":70,""source"":""jaka_port10000_actual_feedback"",""mapping"":""port10000_joint_actual_position_deg_to_rad"",""error"":null},""right"":{""valid"":true,""fresh"":true,""status"":""FRESH"",""joints_rad"":[0.20724929656099186,2.7817260076478854,0.9103831109949394,-1.173158486911804,3.422841466974392,1.5875603887932273],""received_at_ms"":1788503659897,""age_ms"":83,""source"":""jaka_port10000_actual_feedback"",""mapping"":""port10000_joint_actual_position_deg_to_rad"",""error"":null}}","{""left"":{""values"":[-100.86188838278758,-6.061816330184229,0.0986328125,-2.76171875,0.0,0.93084716796875],""received_at_ms"":1788503650125,""valid"":true,""status"":""STALE"",""error"":""Torque sample age 9855 ms exceeds 1500 ms"",""source"":""/left_jaka_driver/joint_torque_raw"",""age_ms"":9855,""fresh"":false},""right"":{""values"":[100.91801631177077,-0.6735351477982476,-1.208251953125,2.589111328125,0.320556640625,0.38836669921875],""received_at_ms"":1788503650720,""valid"":true,""status"":""STALE"",""error"":""Torque sample age 9260 ms exceeds 1500 ms"",""source"":""/right_jaka_driver/joint_torque_raw"",""age_ms"":9260,""fresh"":false}}"
89,1788503660080,RUNNING,7.056,"{""left"":{""valid"":true,""status"":""VALID"",""sample_index"":294,""time_from_start_s"":7.056,""joints_rad"":[2.8255605399677637,0.4607161977552945,-1.1754351383456352,1.2839070968471302,-0.4841304023313274,0.2945857772242115],""source"":""LATEST SUCCESSFUL PHASE5 SERVO_J COMMAND \u2014 DRIVER MEMORY"",""error"":null},""right"":{""valid"":true,""status"":""VALID"",""sample_index"":294,""time_from_start_s"":7.056,""joints_rad"":[0.2214174988315669,2.7846668046172445,0.8937184649879428,-1.2280267154807034,3.453622232207106,1.6359462583578506],""source"":""LATEST SUCCESSFUL PHASE5 SERVO_J COMMAND \u2014 DRIVER MEMORY"",""error"":null}}","{""left"":{""valid"":true,""fresh"":true,""status"":""FRESH"",""joints_rad"":[2.8207393524177147,0.4598656345007731,-1.1843521560694696,1.2861678578467362,-0.504095419338963,0.2600484734935487],""received_at_ms"":1788503660073,""age_ms"":7,""source"":""jaka_port10000_actual_feedback"",""mapping"":""port10000_joint_actual_position_deg_to_rad"",""error"":null},""right"":{""valid"":true,""fresh"":true,""status"":""FRESH"",""joints_rad"":[0.21264218941672916,2.7824929053212117,0.9040074232374042,-1.1938073027592238,3.4343941503591924,1.605392941359629],""received_at_ms"":1788503660010,""age_ms"":70,""source"":""jaka_port10000_actual_feedback"",""mapping"":""port10000_joint_actual_position_deg_to_rad"",""error"":null}}","{""left"":{""values"":[-100.86188838278758,-6.061816330184229,0.0986328125,-2.76171875,0.0,0.93084716796875],""received_at_ms"":1788503650125,""valid"":true,""status"":""STALE"",""error"":""Torque sample age 9955 ms exceeds 1500 ms"",""source"":""/left_jaka_driver/joint_torque_raw"",""age_ms"":9955,""fresh"":false},""right"":{""values"":[100.91801631177077,-0.6735351477982476,-1.208251953125,2.589111328125,0.320556640625,0.38836669921875],""received_at_ms"":1788503650720,""valid"":true,""status"":""STALE"",""error"":""Torque sample age 9360 ms exceeds 1500 ms"",""source"":""/right_jaka_driver/joint_torque_raw"",""age_ms"":9360,""fresh"":false}}"
90,1788503660182,RUNNING,7.152,"{""left"":{""valid"":true,""status"":""VALID"",""sample_index"":298,""time_from_start_s"":7.152,""joints_rad"":[2.8305629505348917,0.4615387451990159,-1.166100784792725,1.2810644661983603,-0.4650604396733391,0.32730347978874047],""source"":""LATEST SUCCESSFUL PHASE5 SERVO_J COMMAND \u2014 DRIVER MEMORY"",""error"":null},""right"":{""valid"":true,""status"":""VALID"",""sample_index"":298,""time_from_start_s"":7.152,""joints_rad"":[0.22652057261712452,2.7864430553505186,0.8879891469930904,-1.2472908205294295,3.46510875194544,1.6525100575629377],""source"":""LATEST SUCCESSFUL PHASE5 SERVO_J COMMAND \u2014 DRIVER MEMORY"",""error"":null}}","{""left"":{""valid"":true,""fresh"":true,""status"":""FRESH"",""joints_rad"":[2.824286734122393,0.46048889157666034,-1.1774972008993367,1.2844659872931166,-0.48949870720575883,0.2845562123171279],""received_at_ms"":1788503660166,""age_ms"":16,""source"":""jaka_port10000_actual_feedback"",""mapping"":""port10000_joint_actual_position_deg_to_rad"",""error"":null},""right"":{""valid"":true,""fresh"":true,""status"":""FRESH"",""joints_rad"":[0.21736400317507462,2.7834875684619234,0.8987105234905265,-1.211352225064897,3.44432908806032,1.620624778807634],""received_at_ms"":1788503660122,""age_ms"":60,""source"":""jaka_port10000_actual_feedback"",""mapping"":""port10000_joint_actual_position_deg_to_rad"",""error"":null}}","{""left"":{""values"":[-100.86188838278758,-6.061816330184229,0.0986328125,-2.76171875,0.0,0.93084716796875],""received_at_ms"":1788503650125,""valid"":true,""status"":""STALE"",""error"":""Torque sample age 10056 ms exceeds 1500 ms"",""source"":""/left_jaka_driver/joint_torque_raw"",""age_ms"":10056,""fresh"":false},""right"":{""values"":[100.91801631177077,-0.6735351477982476,-1.208251953125,2.589111328125,0.320556640625,0.38836669921875],""received_at_ms"":1788503650720,""valid"":true,""status"":""STALE"",""error"":""Torque sample age 9461 ms exceeds 1500 ms"",""source"":""/right_jaka_driver/joint_torque_raw"",""age_ms"":9461,""fresh"":false}}"
91,1788503660285,RUNNING,7.272,"{""left"":{""valid"":true,""status"":""VALID"",""sample_index"":303,""time_from_start_s"":7.272,""joints_rad"":[2.837004329933536,0.4624256024900678,-1.1540574817090432,1.277144101608723,-0.4416487696848796,0.3680825398202946],""source"":""LATEST SUCCESSFUL PHASE5 SERVO_J COMMAND \u2014 DRIVER MEMORY"",""error"":null},""right"":{""valid"":true,""status"":""VALID"",""sample_index"":303,""time_from_start_s"":7.272,""joints_rad"":[0.23286469105013974,2.7890027223209626,0.880841365388376,-1.2713951678692004,3.479891473250794,1.6728735868519995],""source"":""LATEST SUCCESSFUL PHASE5 SERVO_J COMMAND \u2014 DRIVER MEMORY"",""error"":null}}","{""left"":{""valid"":true,""fresh"":true,""status"":""FRESH"",""joints_rad"":[2.831824811161757,0.46177118497810055,-1.1635595250916857,1.2801517079151117,-0.4606407352215838,0.33395531333387457],""received_at_ms"":1788503660284,""age_ms"":1,""source"":""jaka_port10000_actual_feedback"",""mapping"":""port10000_joint_actual_position_deg_to_rad"",""error"":null},""right"":{""valid"":true,""fresh"":true,""status"":""FRESH"",""joints_rad"":[0.22666381556140117,2.7863877820799625,0.888152328713512,-1.2463342083284694,3.4653494845054893,1.650932944867291],""received_at_ms"":1788503660257,""age_ms"":28,""source"":""jaka_port10000_actual_feedback"",""mapping"":""port10000_joint_actual_position_deg_to_rad"",""error"":null}}","{""left"":{""values"":[-100.86188838278758,-6.061816330184229,0.0986328125,-2.76171875,0.0,0.93084716796875],""received_at_ms"":1788503650125,""valid"":true,""status"":""STALE"",""error"":""Torque sample age 10160 ms exceeds 1500 ms"",""source"":""/left_jaka_driver/joint_torque_raw"",""age_ms"":10160,""fresh"":false},""right"":{""values"":[100.91801631177077,-0.6735351477982476,-1.208251953125,2.589111328125,0.320556640625,0.38836669921875],""received_at_ms"":1788503650720,""valid"":true,""status"":""STALE"",""error"":""Torque sample age 9565 ms exceeds 1500 ms"",""source"":""/right_jaka_driver/joint_torque_raw"",""age_ms"":9565,""fresh"":false}}"
92,1788503660386,RUNNING,7.368,"{""left"":{""valid"":true,""status"":""VALID"",""sample_index"":307,""time_from_start_s"":7.368,""joints_rad"":[2.842215275501285,0.46293283659224055,-1.1441515384827337,1.2739128279022809,-0.42346727768120535,0.4007963646309626],""source"":""LATEST SUCCESSFUL PHASE5 SERVO_J COMMAND \u2014 DRIVER MEMORY"",""error"":null},""right"":{""valid"":true,""status"":""VALID"",""sample_index"":307,""time_from_start_s"":7.368,""joints_rad"":[0.237879617394337,2.7911460045379557,0.8750841095758148,-1.290702383591518,3.491962383226466,1.6888740365114896],""source"":""LATEST SUCCESSFUL PHASE5 SERVO_J COMMAND \u2014 DRIVER MEMORY"",""error"":null}}","{""left"":{""valid"":true,""fresh"":true,""status"":""FRESH"",""joints_rad"":[2.831824811161757,0.46177118497810055,-1.1635595250916857,1.2801517079151117,-0.4606407352215838,0.33395531333387457],""received_at_ms"":1788503660284,""age_ms"":102,""source"":""jaka_port10000_actual_feedback"",""mapping"":""port10000_joint_actual_position_deg_to_rad"",""error"":null},""right"":{""valid"":true,""fresh"":true,""status"":""FRESH"",""joints_rad"":[0.22997138902685563,2.7877660685902623,0.8843653133025348,-1.2594449471365259,3.4730793732296474,1.661970407056903],""received_at_ms"":1788503660363,""age_ms"":23,""source"":""jaka_port10000_actual_feedback"",""mapping"":""port10000_joint_actual_position_deg_to_rad"",""error"":null}}","{""left"":{""values"":[-100.86188838278758,-6.061816330184229,0.0986328125,-2.76171875,0.0,0.93084716796875],""received_at_ms"":1788503650125,""valid"":true,""status"":""STALE"",""error"":""Torque sample age 10261 ms exceeds 1500 ms"",""source"":""/left_jaka_driver/joint_torque_raw"",""age_ms"":10261,""fresh"":false},""right"":{""values"":[100.91801631177077,-0.6735351477982476,-1.208251953125,2.589111328125,0.320556640625,0.38836669921875],""received_at_ms"":1788503650720,""valid"":true,""status"":""STALE"",""error"":""Torque sample age 9666 ms exceeds 1500 ms"",""source"":""/right_jaka_driver/joint_torque_raw"",""age_ms"":9666,""fresh"":false}}"
93,1788503660482,RUNNING,7.464,"{""left"":{""valid"":true,""status"":""VALID"",""sample_index"":311,""time_from_start_s"":7.464,""joints_rad"":[2.847447012952091,0.463186971733799,-1.1340059761081291,1.2705540000291233,-0.4058370297087133,0.4336543246318391],""source"":""LATEST SUCCESSFUL PHASE5 SERVO_J COMMAND \u2014 DRIVER MEMORY"",""error"":null},""right"":{""valid"":true,""status"":""VALID"",""sample_index"":311,""time_from_start_s"":7.464,""joints_rad"":[0.24283726245100634,2.7932638803862577,0.8692749975708443,-1.31002781260145,3.5041496839496347,1.7046700560571764],""source"":""LATEST SUCCESSFUL PHASE5 SERVO_J COMMAND \u2014 DRIVER MEMORY"",""error"":null}}","{""left"":{""valid"":true,""fresh"":true,""status"":""FRESH"",""joints_rad"":[2.8361151795290094,0.4623583137384714,-1.1556500419874978,1.277431263210028,-0.4454087232406537,0.36114754307994623],""received_at_ms"":1788503660408,""age_ms"":74,""source"":""jaka_port10000_actual_feedback"",""mapping"":""port10000_joint_actual_position_deg_to_rad"",""error"":null},""right"":{""valid"":true,""fresh"":true,""status"":""FRESH"",""joints_rad"":[0.23579572727368592,2.7902707905997994,0.8777499918387006,-1.2823228975045926,3.487172732406576,1.6808574875573596],""received_at_ms"":1788503660431,""age_ms"":51,""source"":""jaka_port10000_actual_feedback"",""mapping"":""port10000_joint_actual_position_deg_to_rad"",""error"":null}}","{""left"":{""values"":[-100.86188838278758,-6.061816330184229,0.0986328125,-2.76171875,0.0,0.93084716796875],""received_at_ms"":1788503650125,""valid"":true,""status"":""STALE"",""error"":""Torque sample age 10357 ms exceeds 1500 ms"",""source"":""/left_jaka_driver/joint_torque_raw"",""age_ms"":10357,""fresh"":false},""right"":{""values"":[100.91801631177077,-0.6735351477982476,-1.208251953125,2.589111328125,0.320556640625,0.38836669921875],""received_at_ms"":1788503650720,""valid"":true,""status"":""STALE"",""error"":""Torque sample age 9762 ms exceeds 1500 ms"",""source"":""/right_jaka_driver/joint_torque_raw"",""age_ms"":9762,""fresh"":false}}"
94,1788503660583,RUNNING,7.5600000000000005,"{""left"":{""valid"":true,""status"":""VALID"",""sample_index"":315,""time_from_start_s"":7.5600000000000005,""joints_rad"":[2.8527527518708475,0.46313306001151305,-1.123583835389028,1.2667067573780109,-0.38862638723889015,0.4665622921298395],""source"":""LATEST SUCCESSFUL PHASE5 SERVO_J COMMAND \u2014 DRIVER MEMORY"",""error"":null},""right"":{""valid"":true,""status"":""VALID"",""sample_index"":315,""time_from_start_s"":7.5600000000000005,""joints_rad"":[0.24777121060062668,2.7953634948391137,0.8634439029375973,-1.3293588723070358,3.5163788829357534,1.720387989236272],""source"":""LATEST SUCCESSFUL PHASE5 SERVO_J COMMAND \u2014 DRIVER MEMORY"",""error"":null}}","{""left"":{""valid"":true,""fresh"":true,""status"":""FRESH"",""joints_rad"":[2.8422990556017504,0.4629576598036063,-1.144085141297933,1.273752109146824,-0.42394501316547784,0.39935314947195255],""received_at_ms"":1788503660523,""age_ms"":60,""source"":""jaka_port10000_actual_feedback"",""mapping"":""port10000_joint_actual_position_deg_to_rad"",""error"":null},""right"":{""valid"":true,""fresh"":true,""status"":""FRESH"",""joints_rad"":[0.23905547871763574,2.791708767370517,0.873819161297359,-1.2952777784104457,3.4954178423259226,1.6915715402365774],""received_at_ms"":1788503660498,""age_ms"":85,""source"":""jaka_port10000_actual_feedback"",""mapping"":""port10000_joint_actual_position_deg_to_rad"",""error"":null}}","{""left"":{""values"":[-100.86188838278758,-6.061816330184229,0.0986328125,-2.76171875,0.0,0.93084716796875],""received_at_ms"":1788503650125,""valid"":true,""status"":""STALE"",""error"":""Torque sample age 10458 ms exceeds 1500 ms"",""source"":""/left_jaka_driver/joint_torque_raw"",""age_ms"":10458,""fresh"":false},""right"":{""values"":[100.91801631177077,-0.6735351477982476,-1.208251953125,2.589111328125,0.320556640625,0.38836669921875],""received_at_ms"":1788503650720,""valid"":true,""status"":""STALE"",""error"":""Torque sample age 9863 ms exceeds 1500 ms"",""source"":""/right_jaka_driver/joint_torque_raw"",""age_ms"":9863,""fresh"":false}}"
95,1788503660683,RUNNING,7.656000000000001,"{""left"":{""valid"":true,""status"":""VALID"",""sample_index"":319,""time_from_start_s"":7.656000000000001,""joints_rad"":[2.858216830927524,0.46257850151518415,-1.1128223849139267,1.261697056567868,-0.37155645774549206,0.49938434641381224],""source"":""LATEST SUCCESSFUL PHASE5 SERVO_J COMMAND \u2014 DRIVER MEMORY"",""error"":null},""right"":{""valid"":true,""status"":""VALID"",""sample_index"":319,""time_from_start_s"":7.656000000000001,""joints_rad"":[0.2527164299751805,2.7976141214683516,0.8576457200131915,-1.3486727428607028,3.5287413670913623,1.7360833830316456],""source"":""LATEST SUCCESSFUL PHASE5 SERVO_J COMMAND \u2014 DRIVER MEMORY"",""error"":null}}","{""left"":{""valid"":true,""fresh"":true,""status"":""FRESH"",""joints_rad"":[2.852245861541791,0.46310147493397064,-1.124263262450108,1.2670050153244645,-0.39066490045552477,0.4620905802312155],""received_at_ms"":1788503660668,""age_ms"":15,""source"":""jaka_port10000_actual_feedback"",""mapping"":""port10000_joint_actual_position_deg_to_rad"",""error"":null},""right"":{""valid"":true,""fresh"":true,""status"":""FRESH"",""joints_rad"":[0.24818739042992047,2.7955797331185157,0.8630454183577233,-1.3310027483365925,3.5175887598140063,1.7211604561114877],""received_at_ms"":1788503660677,""age_ms"":6,""source"":""jaka_port10000_actual_feedback"",""mapping"":""port10000_joint_actual_position_deg_to_rad"",""error"":null}}","{""left"":{""values"":[-100.86188838278758,-6.061816330184229,0.0986328125,-2.76171875,0.0,0.93084716796875],""received_at_ms"":1788503650125,""valid"":true,""status"":""STALE"",""error"":""Torque sample age 10558 ms exceeds 1500 ms"",""source"":""/left_jaka_driver/joint_torque_raw"",""age_ms"":10558,""fresh"":false},""right"":{""values"":[100.91801631177077,-0.6735351477982476,-1.208251953125,2.589111328125,0.320556640625,0.38836669921875],""received_at_ms"":1788503650720,""valid"":true,""status"":""STALE"",""error"":""Torque sample age 9963 ms exceeds 1500 ms"",""source"":""/right_jaka_driver/joint_torque_raw"",""age_ms"":9963,""fresh"":false}}"
96,1788503660788,RUNNING,7.776,"{""left"":{""valid"":true,""status"":""VALID"",""sample_index"":324,""time_from_start_s"":7.776,""joints_rad"":[2.865302290420005,0.461009496435858,-1.0988533250017012,1.253332065640485,-0.3502891431631493,0.5402521851632222],""source"":""LATEST SUCCESSFUL PHASE5 SERVO_J COMMAND \u2014 DRIVER MEMORY"",""error"":null},""right"":{""valid"":true,""status"":""VALID"",""sample_index"":324,""time_from_start_s"":7.776,""joints_rad"":[0.25890553823620616,2.8008550984010148,0.8504580840668045,-1.372789890304331,3.544576223517082,1.7555660908293533],""source"":""LATEST SUCCESSFUL PHASE5 SERVO_J COMMAND \u2014 DRIVER MEMORY"",""error"":null}}","{""left"":{""valid"":true,""fresh"":true,""status"":""FRESH"",""joints_rad"":[2.8587053251034225,0.4624422640754923,-1.1117757807179391,1.261348403218751,-0.3708428470747748,0.5006199451994667],""received_at_ms"":1788503660780,""age_ms"":8,""source"":""jaka_port10000_actual_feedback"",""mapping"":""port10000_joint_actual_position_deg_to_rad"",""error"":null},""right"":{""valid"":true,""fresh"":true,""status"":""FRESH"",""joints_rad"":[0.2527294352753105,2.7977010062913896,0.8578322944149415,-1.348763393337812,3.529009670840282,1.735637438658005],""received_at_ms"":1788503660765,""age_ms"":23,""source"":""jaka_port10000_actual_feedback"",""mapping"":""port10000_joint_actual_position_deg_to_rad"",""error"":null}}","{""left"":{""values"":[-100.86188838278758,-6.061816330184229,0.0986328125,-2.76171875,0.0,0.93084716796875],""received_at_ms"":1788503650125,""valid"":true,""status"":""STALE"",""error"":""Torque sample age 10663 ms exceeds 1500 ms"",""source"":""/left_jaka_driver/joint_torque_raw"",""age_ms"":10663,""fresh"":false},""right"":{""values"":[100.91801631177077,-0.6735351477982476,-1.208251953125,2.589111328125,0.320556640625,0.38836669921875],""received_at_ms"":1788503650720,""valid"":true,""status"":""STALE"",""error"":""Torque sample age 10068 ms exceeds 1500 ms"",""source"":""/right_jaka_driver/joint_torque_raw"",""age_ms"":10068,""fresh"":false}}"
97,1788503660883,RUNNING,7.872,"{""left"":{""valid"":true,""status"":""VALID"",""sample_index"":328,""time_from_start_s"":7.872,""joints_rad"":[2.8711394743027805,0.4591683288211369,-1.0872812258449234,1.245186028334712,-0.33350797821636313,0.5728770158411013],""source"":""LATEST SUCCESSFUL PHASE5 SERVO_J COMMAND \u2014 DRIVER MEMORY"",""error"":null},""right"":{""valid"":true,""status"":""VALID"",""sample_index"":328,""time_from_start_s"":7.872,""joints_rad"":[0.2638278419078729,2.803828343534888,0.8447140510510929,-1.392093804777993,3.5575953311264086,1.7709228558484507],""source"":""LATEST SUCCESSFUL PHASE5 SERVO_J COMMAND \u2014 DRIVER MEMORY"",""error"":null}}","{""left"":{""valid"":true,""fresh"":true,""status"":""FRESH"",""joints_rad"":[2.8587053251034225,0.4624422640754923,-1.1117757807179391,1.261348403218751,-0.3708428470747748,0.5006199451994667],""received_at_ms"":1788503660780,""age_ms"":103,""source"":""jaka_port10000_actual_feedback"",""mapping"":""port10000_joint_actual_position_deg_to_rad"",""error"":null},""right"":{""valid"":true,""fresh"":true,""status"":""FRESH"",""joints_rad"":[0.25730743390329164,2.8000257848550465,0.8526669924936641,-1.3666798962412345,3.540514532203578,1.75009051019377],""received_at_ms"":1788503660852,""age_ms"":31,""source"":""jaka_port10000_actual_feedback"",""mapping"":""port10000_joint_actual_position_deg_to_rad"",""error"":null}}","{""left"":{""values"":[-100.86188838278758,-6.061816330184229,0.0986328125,-2.76171875,0.0,0.93084716796875],""received_at_ms"":1788503650125,""valid"":true,""status"":""STALE"",""error"":""Torque sample age 10758 ms exceeds 1500 ms"",""source"":""/left_jaka_driver/joint_torque_raw"",""age_ms"":10758,""fresh"":false},""right"":{""values"":[100.91801631177077,-0.6735351477982476,-1.208251953125,2.589111328125,0.320556640625,0.38836669921875],""received_at_ms"":1788503650720,""valid"":true,""status"":""STALE"",""error"":""Torque sample age 10163 ms exceeds 1500 ms"",""source"":""/right_jaka_driver/joint_torque_raw"",""age_ms"":10163,""fresh"":false}}"
98,1788503660984,RUNNING,7.968,"{""left"":{""valid"":true,""status"":""VALID"",""sample_index"":332,""time_from_start_s"":7.968,""joints_rad"":[2.8770664500870047,0.4570251907366826,-1.0753941845722093,1.2362428893820305,-0.31721645892880507,0.6055328195967019],""source"":""LATEST SUCCESSFUL PHASE5 SERVO_J COMMAND \u2014 DRIVER MEMORY"",""error"":null},""right"":{""valid"":true,""status"":""VALID"",""sample_index"":332,""time_from_start_s"":7.968,""joints_rad"":[0.2686851189208384,2.807090117698687,0.8389175407647156,-1.4114447351755128,3.5708948017792914,1.785975599850993],""source"":""LATEST SUCCESSFUL PHASE5 SERVO_J COMMAND \u2014 DRIVER MEMORY"",""error"":null}}","{""left"":{""valid"":true,""fresh"":true,""status"":""FRESH"",""joints_rad"":[2.865991725664648,0.4608363866307324,-1.0977780655840192,1.2527078016909026,-0.35006225886882947,0.5384660137655621],""received_at_ms"":1788503660892,""age_ms"":92,""source"":""jaka_port10000_actual_feedback"",""mapping"":""port10000_joint_actual_position_deg_to_rad"",""error"":null},""right"":{""valid"":true,""fresh"":true,""status"":""FRESH"",""joints_rad"":[0.2610584955316778,2.8021709690386722,0.8484127524419279,-1.3811207504722356,3.550030067285451,1.7620027314044817],""received_at_ms"":1788503660968,""age_ms"":16,""source"":""jaka_port10000_actual_feedback"",""mapping"":""port10000_joint_actual_position_deg_to_rad"",""error"":null}}","{""left"":{""values"":[-100.86188838278758,-6.061816330184229,0.0986328125,-2.76171875,0.0,0.93084716796875],""received_at_ms"":1788503650125,""valid"":true,""status"":""STALE"",""error"":""Torque sample age 10859 ms exceeds 1500 ms"",""source"":""/left_jaka_driver/joint_torque_raw"",""age_ms"":10859,""fresh"":false},""right"":{""values"":[100.91801631177077,-0.6735351477982476,-1.208251953125,2.589111328125,0.320556640625,0.38836669921875],""received_at_ms"":1788503650720,""valid"":true,""status"":""STALE"",""error"":""Torque sample age 10264 ms exceeds 1500 ms"",""source"":""/right_jaka_driver/joint_torque_raw"",""age_ms"":10264,""fresh"":false}}"
99,1788503661100,RUNNING,8.064,"{""left"":{""valid"":true,""status"":""VALID"",""sample_index"":336,""time_from_start_s"":8.064,""joints_rad"":[2.883024875382131,0.45478716693254606,-1.063228689068716,1.227000829879182,-0.3016776215895774,0.6383079707003736],""source"":""LATEST SUCCESSFUL PHASE5 SERVO_J COMMAND \u2014 DRIVER MEMORY"",""error"":null},""right"":{""valid"":true,""status"":""VALID"",""sample_index"":336,""time_from_start_s"":8.064,""joints_rad"":[0.273449227143158,2.8105516291274015,0.8330208461863658,-1.4308721559388065,3.58440402787114,1.800672403298414],""source"":""LATEST SUCCESSFUL PHASE5 SERVO_J COMMAND \u2014 DRIVER MEMORY"",""error"":null}}","{""left"":{""valid"":true,""fresh"":true,""status"":""FRESH"",""joints_rad"":[2.877244910549807,0.4569654208827341,-1.0752477848029498,1.236085634960759,-0.31836393805995883,0.6040797471321119],""received_at_ms"":1788503661077,""age_ms"":23,""source"":""jaka_port10000_actual_feedback"",""mapping"":""port10000_joint_actual_position_deg_to_rad"",""error"":null},""right"":{""valid"":true,""fresh"":true,""status"":""FRESH"",""joints_rad"":[0.26681092621332597,2.8058501231018766,0.8416056192932997,-1.4035911664599618,3.5654057198638203,1.7798232411990447],""received_at_ms"":1788503661040,""age_ms"":60,""source"":""jaka_port10000_actual_feedback"",""mapping"":""port10000_joint_actual_position_deg_to_rad"",""error"":null}}","{""left"":{""values"":[-100.86188838278758,-6.061816330184229,0.0986328125,-2.76171875,0.0,0.93084716796875],""received_at_ms"":1788503650125,""valid"":true,""status"":""STALE"",""error"":""Torque sample age 10975 ms exceeds 1500 ms"",""source"":""/left_jaka_driver/joint_torque_raw"",""age_ms"":10975,""fresh"":false},""right"":{""values"":[100.91801631177077,-0.6735351477982476,-1.208251953125,2.589111328125,0.320556640625,0.38836669921875],""received_at_ms"":1788503650720,""valid"":true,""status"":""STALE"",""error"":""Torque sample age 10380 ms exceeds 1500 ms"",""source"":""/right_jaka_driver/joint_torque_raw"",""age_ms"":10380,""fresh"":false}}"
100,1788503661184,RUNNING,8.16,"{""left"":{""valid"":true,""status"":""VALID"",""sample_index"":340,""time_from_start_s"":8.16,""joints_rad"":[2.8889762695159207,0.45256922137017136,-1.0508044396493468,1.2177809145682457,-0.28704890994276583,0.6712606486622738],""source"":""LATEST SUCCESSFUL PHASE5 SERVO_J COMMAND \u2014 DRIVER MEMORY"",""error"":null},""right"":{""valid"":true,""status"":""VALID"",""sample_index"":340,""time_from_start_s"":8.16,""joints_rad"":[0.27811431887174515,2.8141159651266117,0.8270048749340245,-1.450385543301757,3.598037850789687,1.8150317290731355],""source"":""LATEST SUCCESSFUL PHASE5 SERVO_J COMMAND \u2014 DRIVER MEMORY"",""error"":null}}","{""left"":{""valid"":true,""fresh"":true,""status"":""FRESH"",""joints_rad"":[2.8811518300803964,0.45546740478574743,-1.0670984934595378,1.2300935705728118,-0.3078177860547831,0.6256392757832222],""received_at_ms"":1788503661146,""age_ms"":38,""source"":""jaka_port10000_actual_feedback"",""mapping"":""port10000_joint_actual_position_deg_to_rad"",""error"":null},""right"":{""valid"":true,""fresh"":true,""status"":""FRESH"",""joints_rad"":[0.27209595772128997,2.80952927716508,0.8350622053946477,-1.4245516981117878,3.580026517540702,1.7957383750492053],""received_at_ms"":1788503661135,""age_ms"":49,""source"":""jaka_port10000_actual_feedback"",""mapping"":""port10000_joint_actual_position_deg_to_rad"",""error"":null}}","{""left"":{""values"":[-100.86188838278758,-6.061816330184229,0.0986328125,-2.76171875,0.0,0.93084716796875],""received_at_ms"":1788503650125,""valid"":true,""status"":""STALE"",""error"":""Torque sample age 11058 ms exceeds 1500 ms"",""source"":""/left_jaka_driver/joint_torque_raw"",""age_ms"":11058,""fresh"":false},""right"":{""values"":[100.91801631177077,-0.6735351477982476,-1.208251953125,2.589111328125,0.320556640625,0.38836669921875],""received_at_ms"":1788503650720,""valid"":true,""status"":""STALE"",""error"":""Torque sample age 10463 ms exceeds 1500 ms"",""source"":""/right_jaka_driver/joint_torque_raw"",""age_ms"":10463,""fresh"":false}}"
101,1788503661288,RUNNING,8.256,"{""left"":{""valid"":true,""status"":""VALID"",""sample_index"":344,""time_from_start_s"":8.256,""joints_rad"":[2.8949234022948405,0.45030192289599597,-1.0381068451702384,1.208521604249892,-0.27327971882426716,0.7043877351769291],""source"":""LATEST SUCCESSFUL PHASE5 SERVO_J COMMAND \u2014 DRIVER MEMORY"",""error"":null},""right"":{""valid"":true,""status"":""VALID"",""sample_index"":344,""time_from_start_s"":8.256,""joints_rad"":[0.2827108708848449,2.8177089487598317,0.8209011618138684,-1.4699606327983565,3.611719895909205,1.8291730874709553],""source"":""LATEST SUCCESSFUL PHASE5 SERVO_J COMMAND \u2014 DRIVER MEMORY"",""error"":null}}","{""left"":{""valid"":true,""fresh"":true,""status"":""FRESH"",""joints_rad"":[2.8885340492175566,0.4526390987328906,-1.0518666560115328,1.2186845277854501,-0.2886551180654366,0.666805135119536],""received_at_ms"":1788503661257,""age_ms"":31,""source"":""jaka_port10000_actual_feedback"",""mapping"":""port10000_joint_actual_position_deg_to_rad"",""error"":null},""right"":{""valid"":true,""fresh"":true,""status"":""FRESH"",""joints_rad"":[0.27605069927338394,2.812417622544206,0.8300768469192511,-1.4408022842441817,3.591771012610297,1.8078544507165502],""received_at_ms"":1788503661239,""age_ms"":49,""source"":""jaka_port10000_actual_feedback"",""mapping"":""port10000_joint_actual_position_deg_to_rad"",""error"":null}}","{""left"":{""values"":[-100.86188838278758,-6.061816330184229,0.0986328125,-2.76171875,0.0,0.93084716796875],""received_at_ms"":1788503650125,""valid"":true,""status"":""STALE"",""error"":""Torque sample age 11163 ms exceeds 1500 ms"",""source"":""/left_jaka_driver/joint_torque_raw"",""age_ms"":11163,""fresh"":false},""right"":{""values"":[100.91801631177077,-0.6735351477982476,-1.208251953125,2.589111328125,0.320556640625,0.38836669921875],""received_at_ms"":1788503650720,""valid"":true,""status"":""STALE"",""error"":""Torque sample age 10568 ms exceeds 1500 ms"",""source"":""/right_jaka_driver/joint_torque_raw"",""age_ms"":10568,""fresh"":false}}"
102,1788503661387,RUNNING,8.376,"{""left"":{""valid"":true,""status"":""VALID"",""sample_index"":349,""time_from_start_s"":8.376,""joints_rad"":[2.902731772358061,0.44674305642725376,-1.0210866714582503,1.1950447895701708,-0.25597057712601257,0.7470859821894211],""source"":""LATEST SUCCESSFUL PHASE5 SERVO_J COMMAND \u2014 DRIVER MEMORY"",""error"":null},""right"":{""valid"":true,""status"":""VALID"",""sample_index"":349,""time_from_start_s"":8.376,""joints_rad"":[0.2888716795774702,2.822840510022104,0.812512255315606,-1.4966110358554032,3.6304943944028416,1.8463763835888736],""source"":""LATEST SUCCESSFUL PHASE5 SERVO_J COMMAND \u2014 DRIVER MEMORY"",""error"":null}}","{""left"":{""valid"":true,""fresh"":true,""status"":""FRESH"",""joints_rad"":[2.8925367873240804,0.451212990201086,-1.0432738765051892,1.21235701111527,-0.27895981407060805,0.6888441057161693],""received_at_ms"":1788503661349,""age_ms"":38,""source"":""jaka_port10000_actual_feedback"",""mapping"":""port10000_joint_actual_position_deg_to_rad"",""error"":null},""right"":{""valid"":true,""fresh"":true,""status"":""FRESH"",""joints_rad"":[0.28028120284729297,2.815701284998908,0.824480099606881,-1.4588385167342912,3.604102810973188,1.8210370970897882],""received_at_ms"":1788503661356,""age_ms"":31,""source"":""jaka_port10000_actual_feedback"",""mapping"":""port10000_joint_actual_position_deg_to_rad"",""error"":null}}","{""left"":{""values"":[-100.86188838278758,-6.061816330184229,0.0986328125,-2.76171875,0.0,0.93084716796875],""received_at_ms"":1788503650125,""valid"":true,""status"":""STALE"",""error"":""Torque sample age 11262 ms exceeds 1500 ms"",""source"":""/left_jaka_driver/joint_torque_raw"",""age_ms"":11262,""fresh"":false},""right"":{""values"":[100.91801631177077,-0.6735351477982476,-1.208251953125,2.589111328125,0.320556640625,0.38836669921875],""received_at_ms"":1788503650720,""valid"":true,""status"":""STALE"",""error"":""Torque sample age 10667 ms exceeds 1500 ms"",""source"":""/right_jaka_driver/joint_torque_raw"",""age_ms"":10667,""fresh"":false}}"
103,1788503661485,RUNNING,8.472,"{""left"":{""valid"":true,""status"":""VALID"",""sample_index"":353,""time_from_start_s"":8.472,""joints_rad"":[2.9097890918837765,0.4427167545619868,-1.005438274478635,1.1806329804968125,-0.24047131162405583,0.7840313407368451],""source"":""LATEST SUCCESSFUL PHASE5 SERVO_J COMMAND \u2014 DRIVER MEMORY"",""error"":null},""right"":{""valid"":true,""status"":""VALID"",""sample_index"":353,""time_from_start_s"":8.472,""joints_rad"":[0.2947853055948384,2.8284861790372604,0.8040684178119091,-1.5229742157092585,3.6494229164093506,1.8590956842030915],""source"":""LATEST SUCCESSFUL PHASE5 SERVO_J COMMAND \u2014 DRIVER MEMORY"",""error"":null}}","{""left"":{""valid"":true,""fresh"":true,""status"":""FRESH"",""joints_rad"":[2.899523689385664,0.4482649545615424,-1.0279819997309159,1.200804153197544,-0.26303281198153383,0.7277448767492448],""received_at_ms"":1788503661439,""age_ms"":46,""source"":""jaka_port10000_actual_feedback"",""mapping"":""port10000_joint_actual_position_deg_to_rad"",""error"":null},""right"":{""valid"":true,""fresh"":true,""status"":""FRESH"",""joints_rad"":[0.28603363352894107,2.820243329844298,0.816762253654562,-1.4836338858185991,3.6213721457899712,1.8384621152758494],""received_at_ms"":1788503661424,""age_ms"":61,""source"":""jaka_port10000_actual_feedback"",""mapping"":""port10000_joint_actual_position_deg_to_rad"",""error"":null}}","{""left"":{""values"":[-100.86188838278758,-6.061816330184229,0.0986328125,-2.76171875,0.0,0.93084716796875],""received_at_ms"":1788503650125,""valid"":true,""status"":""STALE"",""error"":""Torque sample age 11360 ms exceeds 1500 ms"",""source"":""/left_jaka_driver/joint_torque_raw"",""age_ms"":11360,""fresh"":false},""right"":{""values"":[100.91801631177077,-0.6735351477982476,-1.208251953125,2.589111328125,0.320556640625,0.38836669921875],""received_at_ms"":1788503650720,""valid"":true,""status"":""STALE"",""error"":""Torque sample age 10765 ms exceeds 1500 ms"",""source"":""/right_jaka_driver/joint_torque_raw"",""age_ms"":10765,""fresh"":false}}"
104,1788503661597,RUNNING,8.568,"{""left"":{""valid"":true,""status"":""VALID"",""sample_index"":357,""time_from_start_s"":8.568,""joints_rad"":[2.9173935472737105,0.4377273790928295,-0.9883386426936223,1.1635371162922812,-0.2240021850631116,0.8228501806514467],""source"":""LATEST SUCCESSFUL PHASE5 SERVO_J COMMAND \u2014 DRIVER MEMORY"",""error"":null},""right"":{""valid"":true,""status"":""VALID"",""sample_index"":357,""time_from_start_s"":8.568,""joints_rad"":[0.30127314489545903,2.8352484985447415,0.7944955764014993,-1.5525147020881622,3.6709057287546316,1.8710147958136363],""source"":""LATEST SUCCESSFUL PHASE5 SERVO_J COMMAND \u2014 DRIVER MEMORY"",""error"":null}}","{""left"":{""valid"":true,""fresh"":true,""status"":""FRESH"",""joints_rad"":[2.9043893182743736,0.4458082291064352,-1.0171723030086888,1.191600333920077,-0.2522110724874682,0.754325892191268],""received_at_ms"":1788503661511,""age_ms"":86,""source"":""jaka_port10000_actual_feedback"",""mapping"":""port10000_joint_actual_position_deg_to_rad"",""error"":null},""right"":{""valid"":true,""fresh"":true,""status"":""FRESH"",""joints_rad"":[0.2898206489399184,2.823646721885687,0.8112735422228903,-1.50078331651577,3.6334042711202947,1.8486127756725232],""received_at_ms"":1788503661496,""age_ms"":101,""source"":""jaka_port10000_actual_feedback"",""mapping"":""port10000_joint_actual_position_deg_to_rad"",""error"":null}}","{""left"":{""values"":[-100.86188838278758,-6.061816330184229,0.0986328125,-2.76171875,0.0,0.93084716796875],""received_at_ms"":1788503650125,""valid"":true,""status"":""STALE"",""error"":""Torque sample age 11472 ms exceeds 1500 ms"",""source"":""/left_jaka_driver/joint_torque_raw"",""age_ms"":11472,""fresh"":false},""right"":{""values"":[100.91801631177077,-0.6735351477982476,-1.208251953125,2.589111328125,0.320556640625,0.38836669921875],""received_at_ms"":1788503650720,""valid"":true,""status"":""STALE"",""error"":""Torque sample age 10877 ms exceeds 1500 ms"",""source"":""/right_jaka_driver/joint_torque_raw"",""age_ms"":10877,""fresh"":false}}"
105,1788503661686,RUNNING,8.664,"{""left"":{""valid"":true,""status"":""VALID"",""sample_index"":361,""time_from_start_s"":8.664,""joints_rad"":[2.9249523093358683,0.43227094286435525,-0.9710591898334795,1.1459458632458126,-0.20830364924174632,0.8614521259007321],""source"":""LATEST SUCCESSFUL PHASE5 SERVO_J COMMAND \u2014 DRIVER MEMORY"",""error"":null},""right"":{""valid"":true,""status"":""VALID"",""sample_index"":361,""time_from_start_s"":8.664,""joints_rad"":[0.30748104268893195,2.8420840445172475,0.7851373093450417,-1.5811770215874144,3.691921549851841,1.882781758332923],""source"":""LATEST SUCCESSFUL PHASE5 SERVO_J COMMAND \u2014 DRIVER MEMORY"",""error"":null}}","{""left"":{""valid"":true,""fresh"":true,""status"":""FRESH"",""joints_rad"":[2.9097581255864338,0.4428240651513753,-1.005379811384664,1.1802631986978973,-0.2402627229612402,0.782021474893615],""received_at_ms"":1788503661628,""age_ms"":58,""source"":""jaka_port10000_actual_feedback"",""mapping"":""port10000_joint_actual_position_deg_to_rad"",""error"":null},""right"":{""valid"":true,""fresh"":true,""status"":""FRESH"",""joints_rad"":[0.3019126390635855,2.8358228368793004,0.7935848047868529,-1.554712245073143,3.6724368145118964,1.872125851355391],""received_at_ms"":1788503661686,""age_ms"":0,""source"":""jaka_port10000_actual_feedback"",""mapping"":""port10000_joint_actual_position_deg_to_rad"",""error"":null}}","{""left"":{""values"":[-100.86188838278758,-6.061816330184229,0.0986328125,-2.76171875,0.0,0.93084716796875],""received_at_ms"":1788503650125,""valid"":true,""status"":""STALE"",""error"":""Torque sample age 11561 ms exceeds 1500 ms"",""source"":""/left_jaka_driver/joint_torque_raw"",""age_ms"":11561,""fresh"":false},""right"":{""values"":[100.91801631177077,-0.6735351477982476,-1.208251953125,2.589111328125,0.320556640625,0.38836669921875],""received_at_ms"":1788503650720,""valid"":true,""status"":""STALE"",""error"":""Torque sample age 10966 ms exceeds 1500 ms"",""source"":""/right_jaka_driver/joint_torque_raw"",""age_ms"":10966,""fresh"":false}}"
106,1788503661787,RUNNING,8.76,"{""left"":{""valid"":true,""status"":""VALID"",""sample_index"":365,""time_from_start_s"":8.76,""joints_rad"":[2.931744238093618,0.4269896397951245,-0.9551624826230248,1.130636970443608,-0.1954731390057374,0.8972789967024345],""source"":""LATEST SUCCESSFUL PHASE5 SERVO_J COMMAND \u2014 DRIVER MEMORY"",""error"":null},""right"":{""valid"":true,""status"":""VALID"",""sample_index"":365,""time_from_start_s"":8.76,""joints_rad"":[0.3124327087466148,2.8477317140792855,0.7775665499263983,-1.6042514285089955,3.708930791877054,1.8951973989848987],""source"":""LATEST SUCCESSFUL PHASE5 SERVO_J COMMAND \u2014 DRIVER MEMORY"",""error"":null}}","{""left"":{""valid"":true,""fresh"":true,""status"":""FRESH"",""joints_rad"":[2.9188301725053747,0.4369159511004493,-0.9853422098412927,1.1607528611215536,-0.22129169212376265,0.8276213431946203],""received_at_ms"":1788503661743,""age_ms"":44,""source"":""jaka_port10000_actual_feedback"",""mapping"":""port10000_joint_actual_position_deg_to_rad"",""error"":null},""right"":{""valid"":true,""fresh"":true,""status"":""FRESH"",""joints_rad"":[0.30663445282193097,2.8410239180502437,0.7865141269211735,-1.5764278061593815,3.68868740064429,1.8808024066658302],""received_at_ms"":1788503661758,""age_ms"":29,""source"":""jaka_port10000_actual_feedback"",""mapping"":""port10000_joint_actual_position_deg_to_rad"",""error"":null}}","{""left"":{""values"":[-100.86188838278758,-6.061816330184229,0.0986328125,-2.76171875,0.0,0.93084716796875],""received_at_ms"":1788503650125,""valid"":true,""status"":""STALE"",""error"":""Torque sample age 11662 ms exceeds 1500 ms"",""source"":""/left_jaka_driver/joint_torque_raw"",""age_ms"":11662,""fresh"":false},""right"":{""values"":[100.91801631177077,-0.6735351477982476,-1.208251953125,2.589111328125,0.320556640625,0.38836669921875],""received_at_ms"":1788503650720,""valid"":true,""status"":""STALE"",""error"":""Torque sample age 11067 ms exceeds 1500 ms"",""source"":""/right_jaka_driver/joint_torque_raw"",""age_ms"":11067,""fresh"":false}}"
107,1788503661890,RUNNING,8.856,"{""left"":{""valid"":true,""status"":""VALID"",""sample_index"":369,""time_from_start_s"":8.856,""joints_rad"":[2.9371855818506973,0.42243688185336087,-0.9419337959362953,1.1200256951471197,-0.1871574838912753,0.9282335525047707],""source"":""LATEST SUCCESSFUL PHASE5 SERVO_J COMMAND \u2014 DRIVER MEMORY"",""error"":null},""right"":{""valid"":true,""status"":""VALID"",""sample_index"":369,""time_from_start_s"":8.856,""joints_rad"":[0.315429709306264,2.851231681418295,0.7729399095089534,-1.6183059862225997,3.7193286171878457,1.9088852315961446],""source"":""LATEST SUCCESSFUL PHASE5 SERVO_J COMMAND \u2014 DRIVER MEMORY"",""error"":null}}","{""left"":{""valid"":true,""fresh"":true,""status"":""FRESH"",""joints_rad"":[2.9328278876392946,0.4260701260627061,-0.9528888595980094,1.1285991839108378,-0.1938238748888011,0.9011806879808741],""received_at_ms"":1788503661887,""age_ms"":3,""source"":""jaka_port10000_actual_feedback"",""mapping"":""port10000_joint_actual_position_deg_to_rad"",""error"":null},""right"":{""valid"":true,""fresh"":true,""status"":""FRESH"",""joints_rad"":[0.3128542826772631,2.848226368274448,0.7769266842741183,-1.6054295932739209,3.710043423904618,1.896274052353059],""received_at_ms"":1788503661874,""age_ms"":16,""source"":""jaka_port10000_actual_feedback"",""mapping"":""port10000_joint_actual_position_deg_to_rad"",""error"":null}}","{""left"":{""values"":[-100.86188838278758,-6.061816330184229,0.0986328125,-2.76171875,0.0,0.93084716796875],""received_at_ms"":1788503650125,""valid"":true,""status"":""STALE"",""error"":""Torque sample age 11765 ms exceeds 1500 ms"",""source"":""/left_jaka_driver/joint_torque_raw"",""age_ms"":11765,""fresh"":false},""right"":{""values"":[100.91801631177077,-0.6735351477982476,-1.208251953125,2.589111328125,0.320556640625,0.38836669921875],""received_at_ms"":1788503650720,""valid"":true,""status"":""STALE"",""error"":""Torque sample age 11170 ms exceeds 1500 ms"",""source"":""/right_jaka_driver/joint_torque_raw"",""age_ms"":11170,""fresh"":false}}"
108,1788503661988,RUNNING,8.976,"{""left"":{""valid"":true,""status"":""VALID"",""sample_index"":374,""time_from_start_s"":8.976,""joints_rad"":[2.941872654162136,0.4180704928224894,-0.9296929179658734,1.1148430889701755,-0.18351883351810205,0.9592046173542934],""source"":""LATEST SUCCESSFUL PHASE5 SERVO_J COMMAND \u2014 DRIVER MEMORY"",""error"":null},""right"":{""valid"":true,""status"":""VALID"",""sample_index"":374,""time_from_start_s"":8.976,""joints_rad"":[0.316492764710733,2.8524938721905717,0.7712875381810657,-1.6233137445224928,3.723042915134328,1.927885883701453],""source"":""LATEST SUCCESSFUL PHASE5 SERVO_J COMMAND \u2014 DRIVER MEMORY"",""error"":null}}","{""left"":{""valid"":true,""fresh"":true,""status"":""FRESH"",""joints_rad"":[2.9328278876392946,0.4260701260627061,-0.9528888595980094,1.1285991839108378,-0.1938238748888011,0.9011806879808741],""received_at_ms"":1788503661887,""age_ms"":101,""source"":""jaka_port10000_actual_feedback"",""mapping"":""port10000_joint_actual_position_deg_to_rad"",""error"":null},""right"":{""valid"":true,""fresh"":true,""status"":""FRESH"",""joints_rad"":[0.3128542826772631,2.848226368274448,0.7769266842741183,-1.6054295932739209,3.710043423904618,1.896274052353059],""received_at_ms"":1788503661874,""age_ms"":114,""source"":""jaka_port10000_actual_feedback"",""mapping"":""port10000_joint_actual_position_deg_to_rad"",""error"":null}}","{""left"":{""values"":[-100.86188838278758,-6.061816330184229,0.0986328125,-2.76171875,0.0,0.93084716796875],""received_at_ms"":1788503650125,""valid"":true,""status"":""STALE"",""error"":""Torque sample age 11863 ms exceeds 1500 ms"",""source"":""/left_jaka_driver/joint_torque_raw"",""age_ms"":11863,""fresh"":false},""right"":{""values"":[100.91801631177077,-0.6735351477982476,-1.208251953125,2.589111328125,0.320556640625,0.38836669921875],""received_at_ms"":1788503650720,""valid"":true,""status"":""STALE"",""error"":""Torque sample age 11268 ms exceeds 1500 ms"",""source"":""/right_jaka_driver/joint_torque_raw"",""age_ms"":11268,""fresh"":false}}"
109,1788503662100,RUNNING,9.072000000000001,"{""left"":{""valid"":true,""status"":""VALID"",""sample_index"":378,""time_from_start_s"":9.072000000000001,""joints_rad"":[2.944552263118665,0.41522026428269,-0.9221029285581352,1.1158738666205572,-0.18386021742962638,0.9798122266276593],""source"":""LATEST SUCCESSFUL PHASE5 SERVO_J COMMAND \u2014 DRIVER MEMORY"",""error"":null},""right"":{""valid"":true,""status"":""VALID"",""sample_index"":378,""time_from_start_s"":9.072000000000001,""joints_rad"":[0.31631272175950104,2.8523264296590525,0.7716309376116188,-1.622990994710693,3.722596534126203,1.9438697276359462],""source"":""LATEST SUCCESSFUL PHASE5 SERVO_J COMMAND \u2014 DRIVER MEMORY"",""error"":null}}","{""left"":{""valid"":true,""fresh"":true,""status"":""FRESH"",""joints_rad"":[2.9390595857335406,0.42067723320696887,-0.937237444997825,1.1171182335582936,-0.1850394582305884,0.937912189286646],""received_at_ms"":1788503662000,""age_ms"":100,""source"":""jaka_port10000_actual_feedback"",""mapping"":""port10000_joint_actual_position_deg_to_rad"",""error"":null},""right"":{""valid"":true,""fresh"":true,""status"":""FRESH"",""joints_rad"":[0.3165095257297149,2.8525767759679694,0.7712461611576522,-1.6230343803729372,3.7229384400171277,1.9239694605224809],""received_at_ms"":1788503662059,""age_ms"":41,""source"":""jaka_port10000_actual_feedback"",""mapping"":""port10000_joint_actual_position_deg_to_rad"",""error"":null}}","{""left"":{""values"":[-100.86188838278758,-6.061816330184229,0.0986328125,-2.76171875,0.0,0.93084716796875],""received_at_ms"":1788503650125,""valid"":true,""status"":""STALE"",""error"":""Torque sample age 11975 ms exceeds 1500 ms"",""source"":""/left_jaka_driver/joint_torque_raw"",""age_ms"":11975,""fresh"":false},""right"":{""values"":[100.91801631177077,-0.6735351477982476,-1.208251953125,2.589111328125,0.320556640625,0.38836669921875],""received_at_ms"":1788503650720,""valid"":true,""status"":""STALE"",""error"":""Torque sample age 11380 ms exceeds 1500 ms"",""source"":""/right_jaka_driver/joint_torque_raw"",""age_ms"":11380,""fresh"":false}}"
110,1788503662190,RUNNING,9.168000000000001,"{""left"":{""valid"":true,""status"":""VALID"",""sample_index"":382,""time_from_start_s"":9.168000000000001,""joints_rad"":[2.9467462455763713,0.4126847454045593,-0.9156277175381418,1.1220218216199918,-0.18528549393605848,0.9979048290044297],""source"":""LATEST SUCCESSFUL PHASE5 SERVO_J COMMAND \u2014 DRIVER MEMORY"",""error"":null},""right"":{""valid"":true,""status"":""VALID"",""sample_index"":382,""time_from_start_s"":9.168000000000001,""joints_rad"":[0.3145378643734665,2.850665406671321,0.7749872055722823,-1.6196684412891948,3.7181269432117268,1.9612704817722117],""source"":""LATEST SUCCESSFUL PHASE5 SERVO_J COMMAND \u2014 DRIVER MEMORY"",""error"":null}}","{""left"":{""valid"":true,""fresh"":true,""status"":""FRESH"",""joints_rad"":[2.9446203792633194,0.4150686176556851,-0.9218617924194558,1.1159319332657132,-0.18429647156801443,0.9785268736451801],""received_at_ms"":1788503662184,""age_ms"":6,""source"":""jaka_port10000_actual_feedback"",""mapping"":""port10000_joint_actual_position_deg_to_rad"",""error"":null},""right"":{""valid"":true,""fresh"":true,""status"":""FRESH"",""joints_rad"":[0.31649748295787616,2.85248078285911,0.7713180687228344,-1.6230942451662806,3.722890443462698,1.9357020873531623],""received_at_ms"":1788503662130,""age_ms"":60,""source"":""jaka_port10000_actual_feedback"",""mapping"":""port10000_joint_actual_position_deg_to_rad"",""error"":null}}","{""left"":{""values"":[-100.86188838278758,-6.061816330184229,0.0986328125,-2.76171875,0.0,0.93084716796875],""received_at_ms"":1788503650125,""valid"":true,""status"":""STALE"",""error"":""Torque sample age 12064 ms exceeds 1500 ms"",""source"":""/left_jaka_driver/joint_torque_raw"",""age_ms"":12064,""fresh"":false},""right"":{""values"":[100.91801631177077,-0.6735351477982476,-1.208251953125,2.589111328125,0.320556640625,0.38836669921875],""received_at_ms"":1788503650720,""valid"":true,""status"":""STALE"",""error"":""Torque sample age 11469 ms exceeds 1500 ms"",""source"":""/right_jaka_driver/joint_torque_raw"",""age_ms"":11469,""fresh"":false}}"
111,1788503662290,RUNNING,9.264,"{""left"":{""valid"":true,""status"":""VALID"",""sample_index"":386,""time_from_start_s"":9.264,""joints_rad"":[2.948580954962785,0.4104486147180621,-0.9100821459393534,1.1338350125457908,-0.18716907781562037,1.0137344237619876],""source"":""LATEST SUCCESSFUL PHASE5 SERVO_J COMMAND \u2014 DRIVER MEMORY"",""error"":null},""right"":{""valid"":true,""status"":""VALID"",""sample_index"":386,""time_from_start_s"":9.264,""joints_rad"":[0.3102888838517544,2.846709808534319,0.7829906468217009,-1.6118335732830835,3.707396964902494,1.980789942850207],""source"":""LATEST SUCCESSFUL PHASE5 SERVO_J COMMAND \u2014 DRIVER MEMORY"",""error"":null}}","{""left"":{""valid"":true,""fresh"":true,""status"":""FRESH"",""joints_rad"":[2.946310032512175,0.4131391561676054,-0.9170200745414983,1.1199824933937417,-0.18506336924134076,0.9927280941698824],""received_at_ms"":1788503662256,""age_ms"":34,""source"":""jaka_port10000_actual_feedback"",""mapping"":""port10000_joint_actual_position_deg_to_rad"",""error"":null},""right"":{""valid"":true,""fresh"":true,""status"":""FRESH"",""joints_rad"":[0.3152991398934568,2.8511504929032396,0.7738587445149625,-1.620493704580809,3.7194149693232013,1.9567224837983317],""received_at_ms"":1788503662247,""age_ms"":43,""source"":""jaka_port10000_actual_feedback"",""mapping"":""port10000_joint_actual_position_deg_to_rad"",""error"":null}}","{""left"":{""values"":[-100.86188838278758,-6.061816330184229,0.0986328125,-2.76171875,0.0,0.93084716796875],""received_at_ms"":1788503650125,""valid"":true,""status"":""STALE"",""error"":""Torque sample age 12165 ms exceeds 1500 ms"",""source"":""/left_jaka_driver/joint_torque_raw"",""age_ms"":12165,""fresh"":false},""right"":{""values"":[100.91801631177077,-0.6735351477982476,-1.208251953125,2.589111328125,0.320556640625,0.38836669921875],""received_at_ms"":1788503650720,""valid"":true,""status"":""STALE"",""error"":""Torque sample age 11570 ms exceeds 1500 ms"",""source"":""/right_jaka_driver/joint_torque_raw"",""age_ms"":11570,""fresh"":false}}"
112,1788503662393,RUNNING,9.36,"{""left"":{""valid"":true,""status"":""VALID"",""sample_index"":390,""time_from_start_s"":9.36,""joints_rad"":[2.950197634208642,0.40842119013635725,-0.9051564132423243,1.1500236625074893,-0.1890542770050806,1.0279849689253513],""source"":""LATEST SUCCESSFUL PHASE5 SERVO_J COMMAND \u2014 DRIVER MEMORY"",""error"":null},""right"":{""valid"":true,""status"":""VALID"",""sample_index"":390,""time_from_start_s"":9.36,""joints_rad"":[0.30386756798473263,2.84077729274493,0.7950175473397404,-1.6002527071059514,3.691116193278554,2.0020165057820267],""source"":""LATEST SUCCESSFUL PHASE5 SERVO_J COMMAND \u2014 DRIVER MEMORY"",""error"":null}}","{""left"":{""valid"":true,""fresh"":true,""status"":""FRESH"",""joints_rad"":[2.9486829821631866,0.4103228928865873,-0.9101052545780219,1.1337763540710284,-0.18724450720755806,1.0128855998328656],""received_at_ms"":1788503662370,""age_ms"":23,""source"":""jaka_port10000_actual_feedback"",""mapping"":""port10000_joint_actual_position_deg_to_rad"",""error"":null},""right"":{""valid"":true,""fresh"":true,""status"":""FRESH"",""joints_rad"":[0.30943884786403547,2.8457216462649115,0.7847883453568015,-1.6100794994670842,3.705033979885544,1.983998489348499],""received_at_ms"":1788503662388,""age_ms"":5,""source"":""jaka_port10000_actual_feedback"",""mapping"":""port10000_joint_actual_position_deg_to_rad"",""error"":null}}","{""left"":{""values"":[-100.86188838278758,-6.061816330184229,0.0986328125,-2.76171875,0.0,0.93084716796875],""received_at_ms"":1788503650125,""valid"":true,""status"":""STALE"",""error"":""Torque sample age 12268 ms exceeds 1500 ms"",""source"":""/left_jaka_driver/joint_torque_raw"",""age_ms"":12268,""fresh"":false},""right"":{""values"":[100.91801631177077,-0.6735351477982476,-1.208251953125,2.589111328125,0.320556640625,0.38836669921875],""received_at_ms"":1788503650720,""valid"":true,""status"":""STALE"",""error"":""Torque sample age 11673 ms exceeds 1500 ms"",""source"":""/right_jaka_driver/joint_torque_raw"",""age_ms"":11673,""fresh"":false}}"
113,1788503662496,RUNNING,9.48,"{""left"":{""valid"":true,""status"":""VALID"",""sample_index"":395,""time_from_start_s"":9.48,""joints_rad"":[2.9521188387821558,0.4059832575252056,-0.8993282092938836,1.1728942221786032,-0.19095919812290554,1.0449236001589315],""source"":""LATEST SUCCESSFUL PHASE5 SERVO_J COMMAND \u2014 DRIVER MEMORY"",""error"":null},""right"":{""valid"":true,""status"":""VALID"",""sample_index"":395,""time_from_start_s"":9.48,""joints_rad"":[0.29434111161342025,2.832092745614035,0.8126845165972467,-1.5837390585089692,3.666795560909867,2.029339051001718],""source"":""LATEST SUCCESSFUL PHASE5 SERVO_J COMMAND \u2014 DRIVER MEMORY"",""error"":null}}","{""left"":{""valid"":true,""fresh"":true,""status"":""FRESH"",""joints_rad"":[2.949785506651671,0.40898056015887846,-0.90677359556889,1.1439868792610457,-0.1885269751419235,1.0223650065992225],""received_at_ms"":1788503662439,""age_ms"":57,""source"":""jaka_port10000_actual_feedback"",""mapping"":""port10000_joint_actual_position_deg_to_rad"",""error"":null},""right"":{""valid"":true,""fresh"":true,""status"":""FRESH"",""joints_rad"":[0.30943884786403547,2.8457216462649115,0.7847883453568015,-1.6100794994670842,3.705033979885544,1.983998489348499],""received_at_ms"":1788503662388,""age_ms"":108,""source"":""jaka_port10000_actual_feedback"",""mapping"":""port10000_joint_actual_position_deg_to_rad"",""error"":null}}","{""left"":{""values"":[-100.86188838278758,-6.061816330184229,0.0986328125,-2.76171875,0.0,0.93084716796875],""received_at_ms"":1788503650125,""valid"":true,""status"":""STALE"",""error"":""Torque sample age 12371 ms exceeds 1500 ms"",""source"":""/left_jaka_driver/joint_torque_raw"",""age_ms"":12371,""fresh"":false},""right"":{""values"":[100.91801631177077,-0.6735351477982476,-1.208251953125,2.589111328125,0.320556640625,0.38836669921875],""received_at_ms"":1788503650720,""valid"":true,""status"":""STALE"",""error"":""Torque sample age 11776 ms exceeds 1500 ms"",""source"":""/right_jaka_driver/joint_torque_raw"",""age_ms"":11776,""fresh"":false}}"
114,1788503662594,RUNNING,9.576,"{""left"":{""valid"":true,""status"":""VALID"",""sample_index"":399,""time_from_start_s"":9.576,""joints_rad"":[2.953704998980371,0.4039594572927706,-0.8945525760806775,1.1904061543554303,-0.19193860493007897,1.0587611969180573],""source"":""LATEST SUCCESSFUL PHASE5 SERVO_J COMMAND \u2014 DRIVER MEMORY"",""error"":null},""right"":{""valid"":true,""status"":""VALID"",""sample_index"":399,""time_from_start_s"":9.576,""joints_rad"":[0.2869684876406949,2.8255142030222706,0.8261426095763088,-1.5717736813953254,3.6477696863082216,2.05042222581595],""source"":""LATEST SUCCESSFUL PHASE5 SERVO_J COMMAND \u2014 DRIVER MEMORY"",""error"":null}}","{""left"":{""valid"":true,""fresh"":true,""status"":""FRESH"",""joints_rad"":[2.9509239849227473,0.4074706758229782,-0.9032262138642114,1.1575650172427858,-0.18986913333670713,1.0327313896914427],""received_at_ms"":1788503662511,""age_ms"":83,""source"":""jaka_port10000_actual_feedback"",""mapping"":""port10000_joint_actual_position_deg_to_rad"",""error"":null},""right"":{""valid"":true,""fresh"":true,""status"":""FRESH"",""joints_rad"":[0.2955969906323188,2.8332102535219903,0.8104946017777251,-1.5858234371216426,3.6699680462849504,2.025188259695565],""received_at_ms"":1788503662577,""age_ms"":17,""source"":""jaka_port10000_actual_feedback"",""mapping"":""port10000_joint_actual_position_deg_to_rad"",""error"":null}}","{""left"":{""values"":[-100.86188838278758,-6.061816330184229,0.0986328125,-2.76171875,0.0,0.93084716796875],""received_at_ms"":1788503650125,""valid"":true,""status"":""STALE"",""error"":""Torque sample age 12469 ms exceeds 1500 ms"",""source"":""/left_jaka_driver/joint_torque_raw"",""age_ms"":12469,""fresh"":false},""right"":{""values"":[100.91801631177077,-0.6735351477982476,-1.208251953125,2.589111328125,0.320556640625,0.38836669921875],""received_at_ms"":1788503650720,""valid"":true,""status"":""STALE"",""error"":""Torque sample age 11874 ms exceeds 1500 ms"",""source"":""/right_jaka_driver/joint_torque_raw"",""age_ms"":11874,""fresh"":false}}"
115,1788503662697,RUNNING,9.672,"{""left"":{""valid"":true,""status"":""VALID"",""sample_index"":403,""time_from_start_s"":9.672,""joints_rad"":[2.955390152758446,0.40179128086440785,-0.8894952446122654,1.205616228549591,-0.19241873319654054,1.0733533622199594],""source"":""LATEST SUCCESSFUL PHASE5 SERVO_J COMMAND \u2014 DRIVER MEMORY"",""error"":null},""right"":{""valid"":true,""status"":""VALID"",""sample_index"":403,""time_from_start_s"":9.672,""joints_rad"":[0.280688692073799,2.820075358156102,0.8373580754744729,-1.5625226932242267,3.6313285416151935,2.0700578807600376],""source"":""LATEST SUCCESSFUL PHASE5 SERVO_J COMMAND \u2014 DRIVER MEMORY"",""error"":null}}","{""left"":{""valid"":true,""fresh"":true,""status"":""FRESH"",""joints_rad"":[2.9526857202697108,0.40519354474790115,-0.8977493706714532,1.178669189492051,-0.19137919220553262,1.0487662531282902],""received_at_ms"":1788503662626,""age_ms"":71,""source"":""jaka_port10000_actual_feedback"",""mapping"":""port10000_joint_actual_position_deg_to_rad"",""error"":null},""right"":{""valid"":true,""fresh"":true,""status"":""FRESH"",""joints_rad"":[0.28985660272250946,2.82806903714439,0.8208250310873544,-1.5764637599419726,3.6554791954995194,2.041139347328317],""received_at_ms"":1788503662646,""age_ms"":51,""source"":""jaka_port10000_actual_feedback"",""mapping"":""port10000_joint_actual_position_deg_to_rad"",""error"":null}}","{""left"":{""values"":[-100.86188838278758,-6.061816330184229,0.0986328125,-2.76171875,0.0,0.93084716796875],""received_at_ms"":1788503650125,""valid"":true,""status"":""STALE"",""error"":""Torque sample age 12572 ms exceeds 1500 ms"",""source"":""/left_jaka_driver/joint_torque_raw"",""age_ms"":12572,""fresh"":false},""right"":{""values"":[100.91801631177077,-0.6735351477982476,-1.208251953125,2.589111328125,0.320556640625,0.38836669921875],""received_at_ms"":1788503650720,""valid"":true,""status"":""STALE"",""error"":""Torque sample age 11977 ms exceeds 1500 ms"",""source"":""/right_jaka_driver/joint_torque_raw"",""age_ms"":11977,""fresh"":false}}"
116,1788503662807,RUNNING,9.768,"{""left"":{""valid"":true,""status"":""VALID"",""sample_index"":408,""time_from_start_s"":9.792,""joints_rad"":[2.957585777848996,0.39892057620536486,-0.8829020684197623,1.2221305242742027,-0.19249203523906147,1.0923535442252177],""source"":""LATEST SUCCESSFUL PHASE5 SERVO_J COMMAND \u2014 DRIVER MEMORY"",""error"":null},""right"":{""valid"":true,""status"":""VALID"",""sample_index"":407,""time_from_start_s"":9.768,""joints_rad"":[0.2753739963582228,2.8156106973855013,0.8466416741200901,-1.5554840050645327,3.617216076903782,2.088546059739139],""source"":""LATEST SUCCESSFUL PHASE5 SERVO_J COMMAND \u2014 DRIVER MEMORY"",""error"":null}}","{""left"":{""valid"":true,""fresh"":true,""status"":""FRESH"",""joints_rad"":[2.9539320598885594,0.4036477066294098,-0.8941662097171089,1.1917321062786026,-0.1920382285310857,1.059072771427167],""received_at_ms"":1788503662746,""age_ms"":61,""source"":""jaka_port10000_actual_feedback"",""mapping"":""port10000_joint_actual_position_deg_to_rad"",""error"":null},""right"":{""valid"":true,""fresh"":true,""status"":""FRESH"",""joints_rad"":[0.28165931482466766,2.820854369615421,0.8359011851660815,-1.5637244271987407,3.6338596275221406,2.066270168694858],""received_at_ms"":1788503662762,""age_ms"":45,""source"":""jaka_port10000_actual_feedback"",""mapping"":""port10000_joint_actual_position_deg_to_rad"",""error"":null}}","{""left"":{""values"":[-100.86188838278758,-6.061816330184229,0.0986328125,-2.76171875,0.0,0.93084716796875],""received_at_ms"":1788503650125,""valid"":true,""status"":""STALE"",""error"":""Torque sample age 12682 ms exceeds 1500 ms"",""source"":""/left_jaka_driver/joint_torque_raw"",""age_ms"":12682,""fresh"":false},""right"":{""values"":[100.91801631177077,-0.6735351477982476,-1.208251953125,2.589111328125,0.320556640625,0.38836669921875],""received_at_ms"":1788503650720,""valid"":true,""status"":""STALE"",""error"":""Torque sample age 12087 ms exceeds 1500 ms"",""source"":""/right_jaka_driver/joint_torque_raw"",""age_ms"":12087,""fresh"":false}}"
117,1788503662897,RUNNING,9.864,"{""left"":{""valid"":true,""status"":""VALID"",""sample_index"":411,""time_from_start_s"":9.864,""joints_rad"":[2.9588985702052613,0.3971704158057985,-0.8789474966526919,1.2318622689630627,-0.19234754183060832,1.1037759713736672],""source"":""LATEST SUCCESSFUL PHASE5 SERVO_J COMMAND \u2014 DRIVER MEMORY"",""error"":null},""right"":{""valid"":true,""status"":""VALID"",""sample_index"":411,""time_from_start_s"":9.864,""joints_rad"":[0.27020745601496227,2.811303511072695,0.8556179524766097,-1.5487968779983747,3.6034160481213418,2.106795585239377],""source"":""LATEST SUCCESSFUL PHASE5 SERVO_J COMMAND \u2014 DRIVER MEMORY"",""error"":null}}","{""left"":{""valid"":true,""fresh"":true,""status"":""FRESH"",""joints_rad"":[2.9573356264628736,0.39926151968622287,-0.8836680542663631,1.2200867253065024,-0.19244576291142634,1.0893329409323944],""received_at_ms"":1788503662889,""age_ms"":8,""source"":""jaka_port10000_actual_feedback"",""mapping"":""port10000_joint_actual_position_deg_to_rad"",""error"":null},""right"":{""valid"":true,""fresh"":true,""status"":""FRESH"",""joints_rad"":[0.277500893348866,2.8173790700088506,0.843235407748812,-1.5580079502996838,3.622822165332528,2.080064029372145],""received_at_ms"":1788503662879,""age_ms"":18,""source"":""jaka_port10000_actual_feedback"",""mapping"":""port10000_joint_actual_position_deg_to_rad"",""error"":null}}","{""left"":{""values"":[-100.86188838278758,-6.061816330184229,0.0986328125,-2.76171875,0.0,0.93084716796875],""received_at_ms"":1788503650125,""valid"":true,""status"":""STALE"",""error"":""Torque sample age 12772 ms exceeds 1500 ms"",""source"":""/left_jaka_driver/joint_torque_raw"",""age_ms"":12772,""fresh"":false},""right"":{""values"":[100.91801631177077,-0.6735351477982476,-1.208251953125,2.589111328125,0.320556640625,0.38836669921875],""received_at_ms"":1788503650720,""valid"":true,""status"":""STALE"",""error"":""Torque sample age 12177 ms exceeds 1500 ms"",""source"":""/right_jaka_driver/joint_torque_raw"",""age_ms"":12177,""fresh"":false}}"
118,1788503662996,RUNNING,9.984,"{""left"":{""valid"":true,""status"":""VALID"",""sample_index"":416,""time_from_start_s"":9.984,""joints_rad"":[2.961063714870599,0.3942180118213318,-0.872388523436441,1.2480913036690677,-0.19182444678903174,1.122773423960998],""source"":""LATEST SUCCESSFUL PHASE5 SERVO_J COMMAND \u2014 DRIVER MEMORY"",""error"":null},""right"":{""valid"":true,""status"":""VALID"",""sample_index"":416,""time_from_start_s"":9.984,""joints_rad"":[0.26374721447422844,2.805980998779898,0.8667497861742289,-1.5406280428683388,3.5859308752995562,2.1292360327236226],""source"":""LATEST SUCCESSFUL PHASE5 SERVO_J COMMAND \u2014 DRIVER MEMORY"",""error"":null}}","{""left"":{""valid"":true,""fresh"":true,""status"":""FRESH"",""joints_rad"":[2.9573356264628736,0.39926151968622287,-0.8836680542663631,1.2200867253065024,-0.19244576291142634,1.0893329409323944],""received_at_ms"":1788503662889,""age_ms"":107,""source"":""jaka_port10000_actual_feedback"",""mapping"":""port10000_joint_actual_position_deg_to_rad"",""error"":null},""right"":{""valid"":true,""fresh"":true,""status"":""FRESH"",""joints_rad"":[0.271352971058716,2.8123816687616148,0.8534220219280769,-1.5501583319888392,3.606811212906433,2.101587778773589],""received_at_ms"":1788503662951,""age_ms"":45,""source"":""jaka_port10000_actual_feedback"",""mapping"":""port10000_joint_actual_position_deg_to_rad"",""error"":null}}","{""left"":{""values"":[-100.86188838278758,-6.061816330184229,0.0986328125,-2.76171875,0.0,0.93084716796875],""received_at_ms"":1788503650125,""valid"":true,""status"":""STALE"",""error"":""Torque sample age 12871 ms exceeds 1500 ms"",""source"":""/left_jaka_driver/joint_torque_raw"",""age_ms"":12871,""fresh"":false},""right"":{""values"":[100.91801631177077,-0.6735351477982476,-1.208251953125,2.589111328125,0.320556640625,0.38836669921875],""received_at_ms"":1788503650720,""valid"":true,""status"":""STALE"",""error"":""Torque sample age 12276 ms exceeds 1500 ms"",""source"":""/right_jaka_driver/joint_torque_raw"",""age_ms"":12276,""fresh"":false}}"
119,1788503663106,RUNNING,10.08,"{""left"":{""valid"":true,""status"":""VALID"",""sample_index"":420,""time_from_start_s"":10.08,""joints_rad"":[2.962777011924781,0.39182546820107517,-0.8671727211973476,1.2610766361464703,-0.19120636429185095,1.1379267070461638],""source"":""LATEST SUCCESSFUL PHASE5 SERVO_J COMMAND \u2014 DRIVER MEMORY"",""error"":null},""right"":{""valid"":true,""status"":""VALID"",""sample_index"":420,""time_from_start_s"":10.08,""joints_rad"":[0.25857233468178015,2.801810160907167,0.8755254151561689,-1.5344375325507509,3.5716994474720516,2.146757472630756],""source"":""LATEST SUCCESSFUL PHASE5 SERVO_J COMMAND \u2014 DRIVER MEMORY"",""error"":null}}","{""left"":{""valid"":true,""fresh"":true,""status"":""FRESH"",""joints_rad"":[2.9593848175376403,0.39656498599189155,-0.8774841781936219,1.234479757515999,-0.19187050238996903,1.1074770347702771],""received_at_ms"":1788503662999,""age_ms"":107,""source"":""jaka_port10000_actual_feedback"",""mapping"":""port10000_joint_actual_position_deg_to_rad"",""error"":null},""right"":{""valid"":true,""fresh"":true,""status"":""FRESH"",""joints_rad"":[0.26742214051737434,2.809241821437277,0.8601691157504365,-1.545232838306786,3.5964088760316217,2.115177784994243],""received_at_ms"":1788503663022,""age_ms"":84,""source"":""jaka_port10000_actual_feedback"",""mapping"":""port10000_joint_actual_position_deg_to_rad"",""error"":null}}","{""left"":{""values"":[-100.86188838278758,-6.061816330184229,0.0986328125,-2.76171875,0.0,0.93084716796875],""received_at_ms"":1788503650125,""valid"":true,""status"":""STALE"",""error"":""Torque sample age 12981 ms exceeds 1500 ms"",""source"":""/left_jaka_driver/joint_torque_raw"",""age_ms"":12981,""fresh"":false},""right"":{""values"":[100.91801631177077,-0.6735351477982476,-1.208251953125,2.589111328125,0.320556640625,0.38836669921875],""received_at_ms"":1788503650720,""valid"":true,""status"":""STALE"",""error"":""Torque sample age 12386 ms exceeds 1500 ms"",""source"":""/right_jaka_driver/joint_torque_raw"",""age_ms"":12386,""fresh"":false}}"
120,1788503663198,RUNNING,10.176,"{""left"":{""valid"":true,""status"":""VALID"",""sample_index"":424,""time_from_start_s"":10.176,""joints_rad"":[2.9644778667536555,0.38940988392588993,-0.8619923198793904,1.2740467394136141,-0.19048139781288778,1.1530164285847917],""source"":""LATEST SUCCESSFUL PHASE5 SERVO_J COMMAND \u2014 DRIVER MEMORY"",""error"":null},""right"":{""valid"":true,""status"":""VALID"",""sample_index"":424,""time_from_start_s"":10.176,""joints_rad"":[0.2533859856831025,2.7977419012587563,0.8841441230025939,-1.5287243790468656,3.557268155860523,2.1638637156127647],""source"":""LATEST SUCCESSFUL PHASE5 SERVO_J COMMAND \u2014 DRIVER MEMORY"",""error"":null}}","{""left"":{""valid"":true,""fresh"":true,""status"":""FRESH"",""joints_rad"":[2.9627524303293633,0.39203498391834035,-0.8676571018402679,1.2597545685458296,-0.1911994232925772,1.1354482049615138],""received_at_ms"":1788503663186,""age_ms"":12,""source"":""jaka_port10000_actual_feedback"",""mapping"":""port10000_joint_actual_position_deg_to_rad"",""error"":null},""right"":{""valid"":true,""fresh"":true,""status"":""FRESH"",""joints_rad"":[0.2609865879664957,2.803944747157474,0.8713863468530042,-1.5373352234415116,3.578276824965578,2.137312748699736],""received_at_ms"":1788503663136,""age_ms"":62,""source"":""jaka_port10000_actual_feedback"",""mapping"":""port10000_joint_actual_position_deg_to_rad"",""error"":null}}","{""left"":{""values"":[-100.86188838278758,-6.061816330184229,0.0986328125,-2.76171875,0.0,0.93084716796875],""received_at_ms"":1788503650125,""valid"":true,""status"":""STALE"",""error"":""Torque sample age 13073 ms exceeds 1500 ms"",""source"":""/left_jaka_driver/joint_torque_raw"",""age_ms"":13073,""fresh"":false},""right"":{""values"":[100.91801631177077,-0.6735351477982476,-1.208251953125,2.589111328125,0.320556640625,0.38836669921875],""received_at_ms"":1788503650720,""valid"":true,""status"":""STALE"",""error"":""Torque sample age 12478 ms exceeds 1500 ms"",""source"":""/right_jaka_driver/joint_torque_raw"",""age_ms"":12478,""fresh"":false}}"
121,1788503663308,RUNNING,10.272,"{""left"":{""valid"":true,""status"":""VALID"",""sample_index"":428,""time_from_start_s"":10.272,""joints_rad"":[2.9661710871109155,0.38697611997345893,-0.8568558913876348,1.28698219411564,-0.18970746850511988,1.1680155018221061],""source"":""LATEST SUCCESSFUL PHASE5 SERVO_J COMMAND \u2014 DRIVER MEMORY"",""error"":null},""right"":{""valid"":true,""status"":""VALID"",""sample_index"":428,""time_from_start_s"":10.272,""joints_rad"":[0.24818403128150002,2.79378644209161,0.8925868336598265,-1.5235959226888451,3.54268892285315,2.1805897604860323],""source"":""LATEST SUCCESSFUL PHASE5 SERVO_J COMMAND \u2014 DRIVER MEMORY"",""error"":null}}","{""left"":{""valid"":true,""fresh"":true,""status"":""FRESH"",""joints_rad"":[2.9640226809589647,0.39027324857137724,-0.8637981788641084,1.269365922203637,-0.19075593512964545,1.148175494932907],""received_at_ms"":1788503663255,""age_ms"":53,""source"":""jaka_port10000_actual_feedback"",""mapping"":""port10000_joint_actual_position_deg_to_rad"",""error"":null},""right"":{""valid"":true,""fresh"":true,""status"":""FRESH"",""joints_rad"":[0.2575231565988381,2.8012122596805518,0.8771387775346522,-1.5333445281068265,3.568905105014069,2.1488535638456234],""received_at_ms"":1788503663250,""age_ms"":58,""source"":""jaka_port10000_actual_feedback"",""mapping"":""port10000_joint_actual_position_deg_to_rad"",""error"":null}}","{""left"":{""values"":[-100.86188838278758,-6.061816330184229,0.0986328125,-2.76171875,0.0,0.93084716796875],""received_at_ms"":1788503650125,""valid"":true,""status"":""STALE"",""error"":""Torque sample age 13183 ms exceeds 1500 ms"",""source"":""/left_jaka_driver/joint_torque_raw"",""age_ms"":13183,""fresh"":false},""right"":{""values"":[100.91801631177077,-0.6735351477982476,-1.208251953125,2.589111328125,0.320556640625,0.38836669921875],""received_at_ms"":1788503650720,""valid"":true,""status"":""STALE"",""error"":""Torque sample age 12588 ms exceeds 1500 ms"",""source"":""/right_jaka_driver/joint_torque_raw"",""age_ms"":12588,""fresh"":false}}"
122,1788503663407,RUNNING,10.392,"{""left"":{""valid"":true,""status"":""VALID"",""sample_index"":433,""time_from_start_s"":10.392,""joints_rad"":[2.9682826362567742,0.38391416545388785,-0.8505072561575707,1.303079536350906,-0.1887066360585925,1.1866047228027155],""source"":""LATEST SUCCESSFUL PHASE5 SERVO_J COMMAND \u2014 DRIVER MEMORY"",""error"":null},""right"":{""valid"":true,""status"":""VALID"",""sample_index"":433,""time_from_start_s"":10.392,""joints_rad"":[0.24165789884952021,2.7889887427088773,0.9029075397845113,-1.5180133599336594,3.524354291466597,2.201089984125716],""source"":""LATEST SUCCESSFUL PHASE5 SERVO_J COMMAND \u2014 DRIVER MEMORY"",""error"":null}}","{""left"":{""valid"":true,""fresh"":true,""status"":""FRESH"",""joints_rad"":[2.9653051488933304,0.3884636912029095,-0.8598792165616802,1.279444675035129,-0.19022867116261796,1.15929690745954],""received_at_ms"":1788503663369,""age_ms"":38,""source"":""jaka_port10000_actual_feedback"",""mapping"":""port10000_joint_actual_position_deg_to_rad"",""error"":null},""right"":{""valid"":true,""fresh"":true,""status"":""FRESH"",""joints_rad"":[0.24718068451737013,2.793290733804525,0.8941684786451366,-1.5228582408949942,3.5402148591710105,2.1817861815015043],""received_at_ms"":1788503663393,""age_ms"":14,""source"":""jaka_port10000_actual_feedback"",""mapping"":""port10000_joint_actual_position_deg_to_rad"",""error"":null}}","{""left"":{""values"":[-100.86188838278758,-6.061816330184229,0.0986328125,-2.76171875,0.0,0.93084716796875],""received_at_ms"":1788503650125,""valid"":true,""status"":""STALE"",""error"":""Torque sample age 13282 ms exceeds 1500 ms"",""source"":""/left_jaka_driver/joint_torque_raw"",""age_ms"":13282,""fresh"":false},""right"":{""values"":[100.91801631177077,-0.6735351477982476,-1.208251953125,2.589111328125,0.320556640625,0.38836669921875],""received_at_ms"":1788503650720,""valid"":true,""status"":""STALE"",""error"":""Torque sample age 12687 ms exceeds 1500 ms"",""source"":""/right_jaka_driver/joint_torque_raw"",""age_ms"":12687,""fresh"":false}}"
123,1788503663500,RUNNING,10.488,"{""left"":{""valid"":true,""status"":""VALID"",""sample_index"":437,""time_from_start_s"":10.488,""joints_rad"":[2.9699690646682777,0.38144979981788363,-0.8454873292921115,1.315895358204787,-0.1878333823783851,1.2013428472986556],""source"":""LATEST SUCCESSFUL PHASE5 SERVO_J COMMAND \u2014 DRIVER MEMORY"",""error"":null},""right"":{""valid"":true,""status"":""VALID"",""sample_index"":437,""time_from_start_s"":10.488,""joints_rad"":[0.23642264935233204,2.7852302195039567,0.9110360311123544,-1.5140265211792945,3.509661972471213,2.2173066172511495],""source"":""LATEST SUCCESSFUL PHASE5 SERVO_J COMMAND \u2014 DRIVER MEMORY"",""error"":null}}","{""left"":{""valid"":true,""fresh"":true,""status"":""FRESH"",""joints_rad"":[2.9672944751747536,0.38558738859562286,-0.853911237717411,1.2946046049179516,-0.18932982659784087,1.1768657407759653],""received_at_ms"":1788503663437,""age_ms"":63,""source"":""jaka_port10000_actual_feedback"",""mapping"":""port10000_joint_actual_position_deg_to_rad"",""error"":null},""right"":{""valid"":true,""fresh"":true,""status"":""FRESH"",""joints_rad"":[0.24718068451737013,2.793290733804525,0.8941684786451366,-1.5228582408949942,3.5402148591710105,2.1817861815015043],""received_at_ms"":1788503663393,""age_ms"":107,""source"":""jaka_port10000_actual_feedback"",""mapping"":""port10000_joint_actual_position_deg_to_rad"",""error"":null}}","{""left"":{""values"":[-100.86188838278758,-6.061816330184229,0.0986328125,-2.76171875,0.0,0.93084716796875],""received_at_ms"":1788503650125,""valid"":true,""status"":""STALE"",""error"":""Torque sample age 13375 ms exceeds 1500 ms"",""source"":""/left_jaka_driver/joint_torque_raw"",""age_ms"":13375,""fresh"":false},""right"":{""values"":[100.91801631177077,-0.6735351477982476,-1.208251953125,2.589111328125,0.320556640625,0.38836669921875],""received_at_ms"":1788503650720,""valid"":true,""status"":""STALE"",""error"":""Torque sample age 12780 ms exceeds 1500 ms"",""source"":""/right_jaka_driver/joint_torque_raw"",""age_ms"":12780,""fresh"":false}}"
124,1788503663601,RUNNING,10.584,"{""left"":{""valid"":true,""status"":""VALID"",""sample_index"":441,""time_from_start_s"":10.584,""joints_rad"":[2.9716493661203924,0.37896818892926476,-0.8405122406343271,1.328670732203288,-0.18674873577837722,1.2159847895188618],""source"":""LATEST SUCCESSFUL PHASE5 SERVO_J COMMAND \u2014 DRIVER MEMORY"",""error"":null},""right"":{""valid"":true,""status"":""VALID"",""sample_index"":441,""time_from_start_s"":10.584,""joints_rad"":[0.2311836272216992,2.781491676128552,0.9191318760263568,-1.5101344941817503,3.4949563572360662,2.233466143857332],""source"":""LATEST SUCCESSFUL PHASE5 SERVO_J COMMAND \u2014 DRIVER MEMORY"",""error"":null}}","{""left"":{""valid"":true,""fresh"":true,""status"":""FRESH"",""joints_rad"":[2.9688404878261703,0.3833463858360622,-0.8492492887524089,1.3064810468789974,-0.1885868399352669,1.190503743551049],""received_at_ms"":1788503663529,""age_ms"":72,""source"":""jaka_port10000_actual_feedback"",""mapping"":""port10000_joint_actual_position_deg_to_rad"",""error"":null},""right"":{""valid"":true,""fresh"":true,""status"":""FRESH"",""joints_rad"":[0.24110484432532747,2.7888085537524785,0.9037677895311054,-1.5176451169522125,3.5227777982131108,2.201188657730075],""received_at_ms"":1788503663501,""age_ms"":100,""source"":""jaka_port10000_actual_feedback"",""mapping"":""port10000_joint_actual_position_deg_to_rad"",""error"":null}}","{""left"":{""values"":[-100.86188838278758,-6.061816330184229,0.0986328125,-2.76171875,0.0,0.93084716796875],""received_at_ms"":1788503650125,""valid"":true,""status"":""STALE"",""error"":""Torque sample age 13476 ms exceeds 1500 ms"",""source"":""/left_jaka_driver/joint_torque_raw"",""age_ms"":13476,""fresh"":false},""right"":{""values"":[100.91801631177077,-0.6735351477982476,-1.208251953125,2.589111328125,0.320556640625,0.38836669921875],""received_at_ms"":1788503650720,""valid"":true,""status"":""STALE"",""error"":""Torque sample age 12881 ms exceeds 1500 ms"",""source"":""/right_jaka_driver/joint_torque_raw"",""age_ms"":12881,""fresh"":false}}"
125,1788503663701,RUNNING,10.68,"{""left"":{""valid"":true,""status"":""VALID"",""sample_index"":445,""time_from_start_s"":10.68,""joints_rad"":[2.9733191629670506,0.3764645711865934,-0.8355732551984995,1.341421373633664,-0.1852345122482999,1.2305563365040062],""source"":""LATEST SUCCESSFUL PHASE5 SERVO_J COMMAND \u2014 DRIVER MEMORY"",""error"":null},""right"":{""valid"":true,""status"":""VALID"",""sample_index"":445,""time_from_start_s"":10.68,""joints_rad"":[0.2259399464179083,2.7777806676291075,0.9271817441814678,-1.506219615270108,3.480164254998856,2.249461409715861],""source"":""LATEST SUCCESSFUL PHASE5 SERVO_J COMMAND \u2014 DRIVER MEMORY"",""error"":null}}","{""left"":{""valid"":true,""fresh"":true,""status"":""FRESH"",""joints_rad"":[2.970422279727252,0.3810093899676417,-0.8445754715484933,1.3183454460682043,-0.18770003814232858,1.2040459277501983],""received_at_ms"":1788503663618,""age_ms"":83,""source"":""jaka_port10000_actual_feedback"",""mapping"":""port10000_joint_actual_position_deg_to_rad"",""error"":null},""right"":{""valid"":true,""fresh"":true,""status"":""FRESH"",""joints_rad"":[0.23212861598232062,2.7822892253975042,0.9178613232409595,-1.5107302969887362,3.4971556666621333,2.229363507845019],""received_at_ms"":1788503663676,""age_ms"":25,""source"":""jaka_port10000_actual_feedback"",""mapping"":""port10000_joint_actual_position_deg_to_rad"",""error"":null}}","{""left"":{""values"":[-100.86188838278758,-6.061816330184229,0.0986328125,-2.76171875,0.0,0.93084716796875],""received_at_ms"":1788503650125,""valid"":true,""status"":""STALE"",""error"":""Torque sample age 13576 ms exceeds 1500 ms"",""source"":""/left_jaka_driver/joint_torque_raw"",""age_ms"":13576,""fresh"":false},""right"":{""values"":[100.91801631177077,-0.6735351477982476,-1.208251953125,2.589111328125,0.320556640625,0.38836669921875],""received_at_ms"":1788503650720,""valid"":true,""status"":""STALE"",""error"":""Torque sample age 12981 ms exceeds 1500 ms"",""source"":""/right_jaka_driver/joint_torque_raw"",""age_ms"":12981,""fresh"":false}}"
126,1788503663804,RUNNING,10.776,"{""left"":{""valid"":true,""status"":""VALID"",""sample_index"":449,""time_from_start_s"":10.776,""joints_rad"":[2.974978066667936,0.3739382961289659,-0.8306690432100027,1.3541488361258507,-0.18321992071691104,1.2450606866006861],""source"":""LATEST SUCCESSFUL PHASE5 SERVO_J COMMAND \u2014 DRIVER MEMORY"",""error"":null},""right"":{""valid"":true,""status"":""VALID"",""sample_index"":449,""time_from_start_s"":10.776,""joints_rad"":[0.2206859277780753,2.7741303260764503,0.9351315151875004,-1.5023857056593528,3.465235584811899,2.265177535729519],""source"":""LATEST SUCCESSFUL PHASE5 SERVO_J COMMAND \u2014 DRIVER MEMORY"",""error"":null}}","{""left"":{""valid"":true,""fresh"":true,""status"":""FRESH"",""joints_rad"":[2.9736340346167722,0.3761917576333618,-0.8350480682277066,1.3426973269895806,-0.18499146167615857,1.2317415104525449],""received_at_ms"":1788503663796,""age_ms"":8,""source"":""jaka_port10000_actual_feedback"",""mapping"":""port10000_joint_actual_position_deg_to_rad"",""error"":null},""right"":{""valid"":true,""fresh"":true,""status"":""FRESH"",""joints_rad"":[0.22818574266914024,2.779472962116486,0.923985159987432,-1.507722222022924,3.4859024817769746,2.2415754020882983],""received_at_ms"":1788503663748,""age_ms"":56,""source"":""jaka_port10000_actual_feedback"",""mapping"":""port10000_joint_actual_position_deg_to_rad"",""error"":null}}","{""left"":{""values"":[-100.86188838278758,-6.061816330184229,0.0986328125,-2.76171875,0.0,0.93084716796875],""received_at_ms"":1788503650125,""valid"":true,""status"":""STALE"",""error"":""Torque sample age 13679 ms exceeds 1500 ms"",""source"":""/left_jaka_driver/joint_torque_raw"",""age_ms"":13679,""fresh"":false},""right"":{""values"":[100.91801631177077,-0.6735351477982476,-1.208251953125,2.589111328125,0.320556640625,0.38836669921875],""received_at_ms"":1788503650720,""valid"":true,""status"":""STALE"",""error"":""Torque sample age 13084 ms exceeds 1500 ms"",""source"":""/right_jaka_driver/joint_torque_raw"",""age_ms"":13084,""fresh"":false}}"
127,1788503663905,RUNNING,10.872,"{""left"":{""valid"":true,""status"":""VALID"",""sample_index"":453,""time_from_start_s"":10.872,""joints_rad"":[2.976628878081723,0.3713919524916263,-0.8258040788956403,1.3668442894792536,-0.18078310606981426,1.259483360964004],""source"":""LATEST SUCCESSFUL PHASE5 SERVO_J COMMAND \u2014 DRIVER MEMORY"",""error"":null},""right"":{""valid"":true,""status"":""VALID"",""sample_index"":453,""time_from_start_s"":10.872,""joints_rad"":[0.21541633808282876,2.7705708485599834,0.9429327671989707,-1.4988263558540653,3.4501654102811257,2.280572173452833],""source"":""LATEST SUCCESSFUL PHASE5 SERVO_J COMMAND \u2014 DRIVER MEMORY"",""error"":null}}","{""left"":{""valid"":true,""fresh"":true,""status"":""FRESH"",""joints_rad"":[2.9747606446489345,0.37447801884082854,-0.8317282774574881,1.3511462913655599,-0.18369730003580478,1.2415085474796304],""received_at_ms"":1788503663865,""age_ms"":40,""source"":""jaka_port10000_actual_feedback"",""mapping"":""port10000_joint_actual_position_deg_to_rad"",""error"":null},""right"":{""valid"":true,""fresh"":true,""status"":""FRESH"",""joints_rad"":[0.22157042120530612,2.774775059368893,0.9341237776122671,-1.502820639351623,3.4673388107869125,2.2621044883490313],""received_at_ms"":1788503663858,""age_ms"":47,""source"":""jaka_port10000_actual_feedback"",""mapping"":""port10000_joint_actual_position_deg_to_rad"",""error"":null}}","{""left"":{""values"":[-100.86188838278758,-6.061816330184229,0.0986328125,-2.76171875,0.0,0.93084716796875],""received_at_ms"":1788503650125,""valid"":true,""status"":""STALE"",""error"":""Torque sample age 13780 ms exceeds 1500 ms"",""source"":""/left_jaka_driver/joint_torque_raw"",""age_ms"":13780,""fresh"":false},""right"":{""values"":[100.91801631177077,-0.6735351477982476,-1.208251953125,2.589111328125,0.320556640625,0.38836669921875],""received_at_ms"":1788503650720,""valid"":true,""status"":""STALE"",""error"":""Torque sample age 13185 ms exceeds 1500 ms"",""source"":""/right_jaka_driver/joint_torque_raw"",""age_ms"":13185,""fresh"":false}}"
128,1788503664004,RUNNING,10.992,"{""left"":{""valid"":true,""status"":""VALID"",""sample_index"":458,""time_from_start_s"":10.992,""joints_rad"":[2.978687764593681,0.3681872997099032,-0.8197893708277296,1.382647067825381,-0.17738505767916207,1.277361103281926],""source"":""LATEST SUCCESSFUL PHASE5 SERVO_J COMMAND \u2014 DRIVER MEMORY"",""error"":null},""right"":{""valid"":true,""status"":""VALID"",""sample_index"":458,""time_from_start_s"":10.992,""joints_rad"":[0.20880198563399008,2.7662804683570235,0.9524264797237163,-1.4950742146944762,3.4311692508080602,2.2993895817797902],""source"":""LATEST SUCCESSFUL PHASE5 SERVO_J COMMAND \u2014 DRIVER MEMORY"",""error"":null}}","{""left"":{""valid"":true,""fresh"":true,""status"":""FRESH"",""joints_rad"":[2.976785924712949,0.37130221773389965,-0.8256524372654455,1.3668575707590875,-0.18064122851556272,1.2597126806437817],""received_at_ms"":1788503663977,""age_ms"":27,""source"":""jaka_port10000_actual_feedback"",""mapping"":""port10000_joint_actual_position_deg_to_rad"",""error"":null},""right"":{""valid"":true,""fresh"":true,""status"":""FRESH"",""joints_rad"":[0.2180710360550575,2.772378198707129,0.9392410829791145,-1.5003878249072682,3.4573799620750325,2.272422874886822],""received_at_ms"":1788503663927,""age_ms"":77,""source"":""jaka_port10000_actual_feedback"",""mapping"":""port10000_joint_actual_position_deg_to_rad"",""error"":null}}","{""left"":{""values"":[-100.86188838278758,-6.061816330184229,0.0986328125,-2.76171875,0.0,0.93084716796875],""received_at_ms"":1788503650125,""valid"":true,""status"":""STALE"",""error"":""Torque sample age 13879 ms exceeds 1500 ms"",""source"":""/left_jaka_driver/joint_torque_raw"",""age_ms"":13879,""fresh"":false},""right"":{""values"":[100.91801631177077,-0.6735351477982476,-1.208251953125,2.589111328125,0.320556640625,0.38836669921875],""received_at_ms"":1788503650720,""valid"":true,""status"":""STALE"",""error"":""Torque sample age 13284 ms exceeds 1500 ms"",""source"":""/right_jaka_driver/joint_torque_raw"",""age_ms"":13284,""fresh"":false}}"
129,1788503664106,RUNNING,11.064,"{""left"":{""valid"":true,""status"":""VALID"",""sample_index"":461,""time_from_start_s"":11.064,""joints_rad"":[2.9799239223526985,0.36625611859884666,-0.8162214922507341,1.392082762924554,-0.1752820242403617,1.2879900761711107],""source"":""LATEST SUCCESSFUL PHASE5 SERVO_J COMMAND \u2014 DRIVER MEMORY"",""error"":null},""right"":{""valid"":true,""status"":""VALID"",""sample_index"":462,""time_from_start_s"":11.088000000000001,""joints_rad"":[0.20348765688404383,2.7629804313799755,0.959808148592054,-1.4927884403599896,3.4158964100229268,2.3141748290706503],""source"":""LATEST SUCCESSFUL PHASE5 SERVO_J COMMAND \u2014 DRIVER MEMORY"",""error"":null}}","{""left"":{""valid"":true,""fresh"":true,""status"":""FRESH"",""joints_rad"":[2.9778406271799294,0.3695645679306141,-0.8224885043974303,1.3753903109391628,-0.17881962837525622,1.2691922619430636],""received_at_ms"":1788503664046,""age_ms"":60,""source"":""jaka_port10000_actual_feedback"",""mapping"":""port10000_joint_actual_position_deg_to_rad"",""error"":null},""right"":{""valid"":true,""fresh"":true,""status"":""FRESH"",""joints_rad"":[0.20826804524538098,2.76599064271068,0.9531188939934222,-1.4946713480082112,3.429612471807504,2.3006457215561964],""received_at_ms"":1788503664104,""age_ms"":2,""source"":""jaka_port10000_actual_feedback"",""mapping"":""port10000_joint_actual_position_deg_to_rad"",""error"":null}}","{""left"":{""values"":[-100.86188838278758,-6.061816330184229,0.0986328125,-2.76171875,0.0,0.93084716796875],""received_at_ms"":1788503650125,""valid"":true,""status"":""STALE"",""error"":""Torque sample age 13980 ms exceeds 1500 ms"",""source"":""/left_jaka_driver/joint_torque_raw"",""age_ms"":13980,""fresh"":false},""right"":{""values"":[100.91801631177077,-0.6735351477982476,-1.208251953125,2.589111328125,0.320556640625,0.38836669921875],""received_at_ms"":1788503650720,""valid"":true,""status"":""STALE"",""error"":""Torque sample age 13385 ms exceeds 1500 ms"",""source"":""/right_jaka_driver/joint_torque_raw"",""age_ms"":13385,""fresh"":false}}"
130,1788503664205,RUNNING,11.184000000000001,"{""left"":{""valid"":true,""status"":""VALID"",""sample_index"":466,""time_from_start_s"":11.184000000000001,""joints_rad"":[2.9819890714483805,0.36302687680231754,-0.8103486452932551,1.407721347665322,-0.1717964037452277,1.305524650601932],""source"":""LATEST SUCCESSFUL PHASE5 SERVO_J COMMAND \u2014 DRIVER MEMORY"",""error"":null},""right"":{""valid"":true,""status"":""VALID"",""sample_index"":466,""time_from_start_s"":11.184000000000001,""joints_rad"":[0.19815647135304423,2.7597777254620834,0.9670335700056171,-1.4911075645836789,3.400599811076633,2.328811555241357],""source"":""LATEST SUCCESSFUL PHASE5 SERVO_J COMMAND \u2014 DRIVER MEMORY"",""error"":null}}","{""left"":{""valid"":true,""fresh"":true,""status"":""FRESH"",""joints_rad"":[2.97948245840728,0.36703593491032477,-0.8177907761827623,1.3879858285520301,-0.17617109123535482,1.2834893010437005],""received_at_ms"":1788503664140,""age_ms"":65,""source"":""jaka_port10000_actual_feedback"",""mapping"":""port10000_joint_actual_position_deg_to_rad"",""error"":null},""right"":{""valid"":true,""fresh"":true,""status"":""FRESH"",""joints_rad"":[0.20826804524538098,2.76599064271068,0.9531188939934222,-1.4946713480082112,3.429612471807504,2.3006457215561964],""received_at_ms"":1788503664104,""age_ms"":101,""source"":""jaka_port10000_actual_feedback"",""mapping"":""port10000_joint_actual_position_deg_to_rad"",""error"":null}}","{""left"":{""values"":[-100.86188838278758,-6.061816330184229,0.0986328125,-2.76171875,0.0,0.93084716796875],""received_at_ms"":1788503650125,""valid"":true,""status"":""STALE"",""error"":""Torque sample age 14080 ms exceeds 1500 ms"",""source"":""/left_jaka_driver/joint_torque_raw"",""age_ms"":14080,""fresh"":false},""right"":{""values"":[100.91801631177077,-0.6735351477982476,-1.208251953125,2.589111328125,0.320556640625,0.38836669921875],""received_at_ms"":1788503650720,""valid"":true,""status"":""STALE"",""error"":""Torque sample age 13485 ms exceeds 1500 ms"",""source"":""/right_jaka_driver/joint_torque_raw"",""age_ms"":13485,""fresh"":false}}"
131,1788503664304,RUNNING,11.28,"{""left"":{""valid"":true,""status"":""VALID"",""sample_index"":470,""time_from_start_s"":11.28,""joints_rad"":[2.9836456016388584,0.3604299245030719,-0.8057105813783709,1.4201766329214265,-0.16895980651410292,1.3194144874737601],""source"":""LATEST SUCCESSFUL PHASE5 SERVO_J COMMAND \u2014 DRIVER MEMORY"",""error"":null},""right"":{""valid"":true,""status"":""VALID"",""sample_index"":470,""time_from_start_s"":11.28,""joints_rad"":[0.19280939385662638,2.7566255232630397,0.9741775039479332,-1.4897620736656056,3.3852766063501085,2.34341338610992],""source"":""LATEST SUCCESSFUL PHASE5 SERVO_J COMMAND \u2014 DRIVER MEMORY"",""error"":null}}","{""left"":{""valid"":true,""fresh"":true,""status"":""FRESH"",""joints_rad"":[2.9806808014716997,0.3651183416611586,-0.8141953979236539,1.397549185655408,-0.1740259070517286,1.2929809251148212],""received_at_ms"":1788503664235,""age_ms"":69,""source"":""jaka_port10000_actual_feedback"",""mapping"":""port10000_joint_actual_position_deg_to_rad"",""error"":null},""right"":{""valid"":true,""fresh"":true,""status"":""FRESH"",""joints_rad"":[0.20474457455145478,2.7637855937337106,0.9581641172621622,-1.4931373781286335,3.4196775341063765,2.3105806592573233],""received_at_ms"":1788503664216,""age_ms"":88,""source"":""jaka_port10000_actual_feedback"",""mapping"":""port10000_joint_actual_position_deg_to_rad"",""error"":null}}","{""left"":{""values"":[-100.86188838278758,-6.061816330184229,0.0986328125,-2.76171875,0.0,0.93084716796875],""received_at_ms"":1788503650125,""valid"":true,""status"":""STALE"",""error"":""Torque sample age 14179 ms exceeds 1500 ms"",""source"":""/left_jaka_driver/joint_torque_raw"",""age_ms"":14179,""fresh"":false},""right"":{""values"":[100.91801631177077,-0.6735351477982476,-1.208251953125,2.589111328125,0.320556640625,0.38836669921875],""received_at_ms"":1788503650720,""valid"":true,""status"":""STALE"",""error"":""Torque sample age 13584 ms exceeds 1500 ms"",""source"":""/right_jaka_driver/joint_torque_raw"",""age_ms"":13584,""fresh"":false}}"
132,1788503664409,RUNNING,11.376,"{""left"":{""valid"":true,""status"":""VALID"",""sample_index"":474,""time_from_start_s"":11.376,""joints_rad"":[2.985361811042605,0.35765469604173605,-0.8009332908140032,1.433665040480494,-0.16568336739229547,1.3341465285612533],""source"":""LATEST SUCCESSFUL PHASE5 SERVO_J COMMAND \u2014 DRIVER MEMORY"",""error"":null},""right"":{""valid"":true,""status"":""VALID"",""sample_index"":474,""time_from_start_s"":11.376,""joints_rad"":[0.18705470105039565,2.7535267414446283,0.9811986982021007,-1.4884451300808865,3.3685276344674526,2.3593465455317757],""source"":""LATEST SUCCESSFUL PHASE5 SERVO_J COMMAND \u2014 DRIVER MEMORY"",""error"":null}}","{""left"":{""valid"":true,""fresh"":true,""status"":""FRESH"",""joints_rad"":[2.983377335166031,0.3608161050549925,-0.8064536409605827,1.418329773861353,-0.16942399741299516,1.3171291261124896],""received_at_ms"":1788503664374,""age_ms"":35,""source"":""jaka_port10000_actual_feedback"",""mapping"":""port10000_joint_actual_position_deg_to_rad"",""error"":null},""right"":{""valid"":true,""fresh"":true,""status"":""FRESH"",""joints_rad"":[0.191813604656354,2.756091658792144,0.9754334520789453,-1.4895180888587727,3.3822508681595354,2.346065995477171],""received_at_ms"":1788503664402,""age_ms"":7,""source"":""jaka_port10000_actual_feedback"",""mapping"":""port10000_joint_actual_position_deg_to_rad"",""error"":null}}","{""left"":{""values"":[-100.86188838278758,-6.061816330184229,0.0986328125,-2.76171875,0.0,0.93084716796875],""received_at_ms"":1788503650125,""valid"":true,""status"":""STALE"",""error"":""Torque sample age 14284 ms exceeds 1500 ms"",""source"":""/left_jaka_driver/joint_torque_raw"",""age_ms"":14284,""fresh"":false},""right"":{""values"":[100.91801631177077,-0.6735351477982476,-1.208251953125,2.589111328125,0.320556640625,0.38836669921875],""received_at_ms"":1788503650720,""valid"":true,""status"":""STALE"",""error"":""Torque sample age 13689 ms exceeds 1500 ms"",""source"":""/right_jaka_driver/joint_torque_raw"",""age_ms"":13689,""fresh"":false}}"
133,1788503664505,RUNNING,11.472,"{""left"":{""valid"":true,""status"":""VALID"",""sample_index"":478,""time_from_start_s"":11.472,""joints_rad"":[2.9872123520145544,0.3544758357536775,-0.7957331292313808,1.449543075576913,-0.1616123914944558,1.35097105955124],""source"":""LATEST SUCCESSFUL PHASE5 SERVO_J COMMAND \u2014 DRIVER MEMORY"",""error"":null},""right"":{""valid"":true,""status"":""VALID"",""sample_index"":478,""time_from_start_s"":11.472,""joints_rad"":[0.18039573184356023,2.7505538900035367,0.9879341507420317,-1.4871525332555975,3.348606640045753,2.3781937995840314],""source"":""LATEST SUCCESSFUL PHASE5 SERVO_J COMMAND \u2014 DRIVER MEMORY"",""error"":null}}","{""left"":{""valid"":true,""fresh"":true,""status"":""FRESH"",""joints_rad"":[2.984635543023794,0.3587667394473008,-0.8028823482451519,1.4276056752369273,-0.16707513330566118,1.327878958041373],""received_at_ms"":1788503664482,""age_ms"":23,""source"":""jaka_port10000_actual_feedback"",""mapping"":""port10000_joint_actual_position_deg_to_rad"",""error"":null},""right"":{""valid"":true,""fresh"":true,""status"":""FRESH"",""joints_rad"":[0.1875712328435314,2.7536947981303803,0.9807184835869093,-1.4885354684899,3.3697153898729364,2.3580501242530656],""received_at_ms"":1788503664476,""age_ms"":29,""source"":""jaka_port10000_actual_feedback"",""mapping"":""port10000_joint_actual_position_deg_to_rad"",""error"":null}}","{""left"":{""values"":[-100.86188838278758,-6.061816330184229,0.0986328125,-2.76171875,0.0,0.93084716796875],""received_at_ms"":1788503650125,""valid"":true,""status"":""STALE"",""error"":""Torque sample age 14380 ms exceeds 1500 ms"",""source"":""/left_jaka_driver/joint_torque_raw"",""age_ms"":14380,""fresh"":false},""right"":{""values"":[100.91801631177077,-0.6735351477982476,-1.208251953125,2.589111328125,0.320556640625,0.38836669921875],""received_at_ms"":1788503650720,""valid"":true,""status"":""STALE"",""error"":""Torque sample age 13785 ms exceeds 1500 ms"",""source"":""/right_jaka_driver/joint_torque_raw"",""age_ms"":13785,""fresh"":false}}"
134,1788503664620,RUNNING,11.568,"{""left"":{""valid"":true,""status"":""VALID"",""sample_index"":482,""time_from_start_s"":11.568,""joints_rad"":[2.9891590216404107,0.35096774101688505,-0.7901472119142402,1.4670914610530361,-0.1568859786101181,1.3693500772976261],""source"":""LATEST SUCCESSFUL PHASE5 SERVO_J COMMAND \u2014 DRIVER MEMORY"",""error"":null},""right"":{""valid"":true,""status"":""VALID"",""sample_index"":483,""time_from_start_s"":11.592,""joints_rad"":[0.1712843433933544,2.7470190154238776,0.995984315906983,-1.4856860053247345,3.3209340132051186,2.404061637284312],""source"":""LATEST SUCCESSFUL PHASE5 SERVO_J COMMAND \u2014 DRIVER MEMORY"",""error"":null}}","{""left"":{""valid"":true,""fresh"":true,""status"":""FRESH"",""joints_rad"":[2.98655313627296,0.3554951197644374,-0.7973456402590503,1.4442037564233936,-0.1630963062098897,1.3449564811733619],""received_at_ms"":1788503664602,""age_ms"":18,""source"":""jaka_port10000_actual_feedback"",""mapping"":""port10000_joint_actual_position_deg_to_rad"",""error"":null},""right"":{""valid"":true,""fresh"":true,""status"":""FRESH"",""joints_rad"":[0.1798174331086214,2.7501715019693793,0.9886520522347747,-1.4869535020558924,3.346717709918183,2.3797056460130355],""received_at_ms"":1788503664588,""age_ms"":32,""source"":""jaka_port10000_actual_feedback"",""mapping"":""port10000_joint_actual_position_deg_to_rad"",""error"":null}}","{""left"":{""values"":[-100.86188838278758,-6.061816330184229,0.0986328125,-2.76171875,0.0,0.93084716796875],""received_at_ms"":1788503650125,""valid"":true,""status"":""STALE"",""error"":""Torque sample age 14495 ms exceeds 1500 ms"",""source"":""/left_jaka_driver/joint_torque_raw"",""age_ms"":14495,""fresh"":false},""right"":{""values"":[100.91801631177077,-0.6735351477982476,-1.208251953125,2.589111328125,0.320556640625,0.38836669921875],""received_at_ms"":1788503650720,""valid"":true,""status"":""STALE"",""error"":""Torque sample age 13900 ms exceeds 1500 ms"",""source"":""/right_jaka_driver/joint_torque_raw"",""age_ms"":13900,""fresh"":false}}"
135,1788503664706,RUNNING,11.688,"{""left"":{""valid"":true,""status"":""VALID"",""sample_index"":487,""time_from_start_s"":11.688,""joints_rad"":[2.9915501893832968,0.3465897079287234,-0.7831255983096876,1.4881265799858974,-0.15077975903805899,1.3917105656485629],""source"":""LATEST SUCCESSFUL PHASE5 SERVO_J COMMAND \u2014 DRIVER MEMORY"",""error"":null},""right"":{""valid"":true,""status"":""VALID"",""sample_index"":487,""time_from_start_s"":11.688,""joints_rad"":[0.16435399767686865,2.7442755004215456,1.0023118526007633,-1.484743662031093,3.3000386625277462,2.423168379764133],""source"":""LATEST SUCCESSFUL PHASE5 SERVO_J COMMAND \u2014 DRIVER MEMORY"",""error"":null}}","{""left"":{""valid"":true,""fresh"":true,""status"":""FRESH"",""joints_rad"":[2.98655313627296,0.3554951197644374,-0.7973456402590503,1.4442037564233936,-0.1630963062098897,1.3449564811733619],""received_at_ms"":1788503664602,""age_ms"":104,""source"":""jaka_port10000_actual_feedback"",""mapping"":""port10000_joint_actual_position_deg_to_rad"",""error"":null},""right"":{""valid"":true,""fresh"":true,""status"":""FRESH"",""joints_rad"":[0.17432872167694963,2.7480142750139143,0.9935656776779144,-1.4860427892522015,3.329927642513997,2.3953331496024672],""received_at_ms"":1788503664703,""age_ms"":3,""source"":""jaka_port10000_actual_feedback"",""mapping"":""port10000_joint_actual_position_deg_to_rad"",""error"":null}}","{""left"":{""values"":[-100.86188838278758,-6.061816330184229,0.0986328125,-2.76171875,0.0,0.93084716796875],""received_at_ms"":1788503650125,""valid"":true,""status"":""STALE"",""error"":""Torque sample age 14581 ms exceeds 1500 ms"",""source"":""/left_jaka_driver/joint_torque_raw"",""age_ms"":14581,""fresh"":false},""right"":{""values"":[100.91801631177077,-0.6735351477982476,-1.208251953125,2.589111328125,0.320556640625,0.38836669921875],""received_at_ms"":1788503650720,""valid"":true,""status"":""STALE"",""error"":""Torque sample age 13986 ms exceeds 1500 ms"",""source"":""/right_jaka_driver/joint_torque_raw"",""age_ms"":13986,""fresh"":false}}"
136,1788503664806,RUNNING,11.784,"{""left"":{""valid"":true,""status"":""VALID"",""sample_index"":491,""time_from_start_s"":11.784,""joints_rad"":[2.9932615377958096,0.3436037273496653,-0.7781273264219076,1.5012072246498909,-0.14643568948452462,1.406301380250582],""source"":""LATEST SUCCESSFUL PHASE5 SERVO_J COMMAND \u2014 DRIVER MEMORY"",""error"":null},""right"":{""valid"":true,""status"":""VALID"",""sample_index"":491,""time_from_start_s"":11.784,""joints_rad"":[0.1587039353466483,2.74153136249501,1.0087451161140324,-1.4840849553301307,3.2836134952247877,2.437578825066768],""source"":""LATEST SUCCESSFUL PHASE5 SERVO_J COMMAND \u2014 DRIVER MEMORY"",""error"":null}}","{""left"":{""valid"":true,""fresh"":true,""status"":""FRESH"",""joints_rad"":[2.991394679617992,0.3468424754647504,-0.7836596409295368,1.4866398663893088,-0.15113608844474816,1.3906642108221408],""received_at_ms"":1788503664793,""age_ms"":13,""source"":""jaka_port10000_actual_feedback"",""mapping"":""port10000_joint_actual_position_deg_to_rad"",""error"":null},""right"":{""valid"":true,""fresh"":true,""status"":""FRESH"",""joints_rad"":[0.16584380351837918,2.744814562896233,1.0008520782391404,-1.4848681826656094,3.3048207321582086,2.418774143187228],""received_at_ms"":1788503664775,""age_ms"":31,""source"":""jaka_port10000_actual_feedback"",""mapping"":""port10000_joint_actual_position_deg_to_rad"",""error"":null}}","{""left"":{""values"":[-100.86188838278758,-6.061816330184229,0.0986328125,-2.76171875,0.0,0.93084716796875],""received_at_ms"":1788503650125,""valid"":true,""status"":""STALE"",""error"":""Torque sample age 14681 ms exceeds 1500 ms"",""source"":""/left_jaka_driver/joint_torque_raw"",""age_ms"":14681,""fresh"":false},""right"":{""values"":[100.91801631177077,-0.6735351477982476,-1.208251953125,2.589111328125,0.320556640625,0.38836669921875],""received_at_ms"":1788503650720,""valid"":true,""status"":""STALE"",""error"":""Torque sample age 14086 ms exceeds 1500 ms"",""source"":""/right_jaka_driver/joint_torque_raw"",""age_ms"":14086,""fresh"":false}}"
137,1788503664907,RUNNING,11.88,"{""left"":{""valid"":true,""status"":""VALID"",""sample_index"":495,""time_from_start_s"":11.88,""joints_rad"":[2.9946830585347644,0.3415166618890534,-0.7743802776723576,1.509036983576501,-0.14304489023798828,1.4158647811169922],""source"":""LATEST SUCCESSFUL PHASE5 SERVO_J COMMAND \u2014 DRIVER MEMORY"",""error"":null},""right"":{""valid"":true,""status"":""VALID"",""sample_index"":495,""time_from_start_s"":11.88,""joints_rad"":[0.15487988842643613,2.7387289401857338,1.0154257092705772,-1.4837280243086428,3.2735706846468298,2.4454754315159946],""source"":""LATEST SUCCESSFUL PHASE5 SERVO_J COMMAND \u2014 DRIVER MEMORY"",""error"":null}}","{""left"":{""valid"":true,""fresh"":true,""status"":""FRESH"",""joints_rad"":[2.992712926802023,0.34445765757482527,-0.779776806942625,1.4976295065574163,-0.1476246605226608,1.4020971646202547],""received_at_ms"":1788503664862,""age_ms"":45,""source"":""jaka_port10000_actual_feedback"",""mapping"":""port10000_joint_actual_position_deg_to_rad"",""error"":null},""right"":{""valid"":true,""fresh"":true,""status"":""FRESH"",""joints_rad"":[0.16109807874928142,2.742741286277789,1.005561849225647,-1.4843290504596682,3.2909190101331482,2.4309502581808404],""received_at_ms"":1788503664844,""age_ms"":63,""source"":""jaka_port10000_actual_feedback"",""mapping"":""port10000_joint_actual_position_deg_to_rad"",""error"":null}}","{""left"":{""values"":[-100.86188838278758,-6.061816330184229,0.0986328125,-2.76171875,0.0,0.93084716796875],""received_at_ms"":1788503650125,""valid"":true,""status"":""STALE"",""error"":""Torque sample age 14782 ms exceeds 1500 ms"",""source"":""/left_jaka_driver/joint_torque_raw"",""age_ms"":14782,""fresh"":false},""right"":{""values"":[100.91801631177077,-0.6735351477982476,-1.208251953125,2.589111328125,0.320556640625,0.38836669921875],""received_at_ms"":1788503650720,""valid"":true,""status"":""STALE"",""error"":""Torque sample age 14187 ms exceeds 1500 ms"",""source"":""/right_jaka_driver/joint_torque_raw"",""age_ms"":14187,""fresh"":false}}"
138,1788503665007,RUNNING,11.976,"{""left"":{""valid"":true,""status"":""VALID"",""sample_index"":499,""time_from_start_s"":11.976,""joints_rad"":[2.9958051186407006,0.3405978243639609,-0.7725550121034447,1.5116180377163748,-0.1406688720086146,1.4196677460949383],""source"":""LATEST SUCCESSFUL PHASE5 SERVO_J COMMAND \u2014 DRIVER MEMORY"",""error"":null},""right"":{""valid"":true,""status"":""VALID"",""sample_index"":499,""time_from_start_s"":11.976,""joints_rad"":[0.15271284860652562,2.735852381068811,1.0223664761784967,-1.4836068966064477,3.269321993750785,2.447529315917492],""source"":""LATEST SUCCESSFUL PHASE5 SERVO_J COMMAND \u2014 DRIVER MEMORY"",""error"":null}}","{""left"":{""valid"":true,""fresh"":true,""status"":""FRESH"",""joints_rad"":[2.9942350284426875,0.34206079691306146,-0.7754983068142861,1.5073965435845016,-0.14392159544870442,1.413362392277252],""received_at_ms"":1788503664972,""age_ms"":35,""source"":""jaka_port10000_actual_feedback"",""mapping"":""port10000_joint_actual_position_deg_to_rad"",""error"":null},""right"":{""valid"":true,""fresh"":true,""status"":""FRESH"",""joints_rad"":[0.1554655521872453,2.73928989768197,1.0137230088079725,-1.4838016119597155,3.2749920080440744,2.444324541705948],""received_at_ms"":1788503664957,""age_ms"":50,""source"":""jaka_port10000_actual_feedback"",""mapping"":""port10000_joint_actual_position_deg_to_rad"",""error"":null}}","{""left"":{""values"":[-100.86188838278758,-6.061816330184229,0.0986328125,-2.76171875,0.0,0.93084716796875],""received_at_ms"":1788503650125,""valid"":true,""status"":""STALE"",""error"":""Torque sample age 14882 ms exceeds 1500 ms"",""source"":""/left_jaka_driver/joint_torque_raw"",""age_ms"":14882,""fresh"":false},""right"":{""values"":[100.91801631177077,-0.6735351477982476,-1.208251953125,2.589111328125,0.320556640625,0.38836669921875],""received_at_ms"":1788503650720,""valid"":true,""status"":""STALE"",""error"":""Torque sample age 14287 ms exceeds 1500 ms"",""source"":""/right_jaka_driver/joint_torque_raw"",""age_ms"":14287,""fresh"":false}}"
139,1788503665107,RUNNING,12.072000000000001,"{""left"":{""valid"":true,""status"":""VALID"",""sample_index"":503,""time_from_start_s"":12.072000000000001,""joints_rad"":[2.996736030091594,0.3410517501862735,-0.7736415640190493,1.5112888226082593,-0.13887863439211887,1.418252763786809],""source"":""LATEST SUCCESSFUL PHASE5 SERVO_J COMMAND \u2014 DRIVER MEMORY"",""error"":null},""right"":{""valid"":true,""status"":""VALID"",""sample_index"":504,""time_from_start_s"":12.096,""joints_rad"":[0.15078517300590502,2.7322106583531256,1.0312064734040058,-1.4835517324317953,3.2666351898461645,2.447183597151088],""source"":""LATEST SUCCESSFUL PHASE5 SERVO_J COMMAND \u2014 DRIVER MEMORY"",""error"":null}}","{""left"":{""valid"":true,""fresh"":true,""status"":""FRESH"",""joints_rad"":[2.995241734355238,0.3408502365438782,-0.7731853964895432,1.5111236942021358,-0.14152473478694058,1.418527519665604],""received_at_ms"":1788503665042,""age_ms"":65,""source"":""jaka_port10000_actual_feedback"",""mapping"":""port10000_joint_actual_position_deg_to_rad"",""error"":null},""right"":{""valid"":true,""fresh"":true,""status"":""FRESH"",""joints_rad"":[0.1535839127206702,2.737408258215395,1.0183130502077924,-1.4836577968293512,3.2708814085897773,2.447176758769557],""received_at_ms"":1788503665072,""age_ms"":35,""source"":""jaka_port10000_actual_feedback"",""mapping"":""port10000_joint_actual_position_deg_to_rad"",""error"":null}}","{""left"":{""values"":[-100.86188838278758,-6.061816330184229,0.0986328125,-2.76171875,0.0,0.93084716796875],""received_at_ms"":1788503650125,""valid"":true,""status"":""STALE"",""error"":""Torque sample age 14982 ms exceeds 1500 ms"",""source"":""/left_jaka_driver/joint_torque_raw"",""age_ms"":14982,""fresh"":false},""right"":{""values"":[100.91801631177077,-0.6735351477982476,-1.208251953125,2.589111328125,0.320556640625,0.38836669921875],""received_at_ms"":1788503650720,""valid"":true,""status"":""STALE"",""error"":""Torque sample age 14387 ms exceeds 1500 ms"",""source"":""/right_jaka_driver/joint_torque_raw"",""age_ms"":14387,""fresh"":false}}"
140,1788503665215,RUNNING,12.192,"{""left"":{""valid"":true,""status"":""VALID"",""sample_index"":508,""time_from_start_s"":12.192,""joints_rad"":[2.9977161572591458,0.34520642728757794,-0.7838260288694406,1.5096610693397934,-0.1370668795908527,1.4060439252067745],""source"":""LATEST SUCCESSFUL PHASE5 SERVO_J COMMAND \u2014 DRIVER MEMORY"",""error"":null},""right"":{""valid"":true,""status"":""VALID"",""sample_index"":508,""time_from_start_s"":12.192,""joints_rad"":[0.14951005213841584,2.729256223594076,1.0384796412330004,-1.4835116270255184,3.264902844513407,2.4451332905517527],""source"":""LATEST SUCCESSFUL PHASE5 SERVO_J COMMAND \u2014 DRIVER MEMORY"",""error"":null}}","{""left"":{""valid"":true,""fresh"":true,""status"":""FRESH"",""joints_rad"":[2.996440077419657,0.3408024145223736,-0.772993584804749,1.5115191858106374,-0.13941550438590544,1.4188032816874192],""received_at_ms"":1788503665152,""age_ms"":63,""source"":""jaka_port10000_actual_feedback"",""mapping"":""port10000_joint_actual_position_deg_to_rad"",""error"":null},""right"":{""valid"":true,""fresh"":true,""status"":""FRESH"",""joints_rad"":[0.15158254366740834,2.7341125529888544,1.0266061566815685,-1.4837178361556198,3.267609788906914,2.4473565276825124],""received_at_ms"":1788503665197,""age_ms"":18,""source"":""jaka_port10000_actual_feedback"",""mapping"":""port10000_joint_actual_position_deg_to_rad"",""error"":null}}","{""left"":{""values"":[-100.86188838278758,-6.061816330184229,0.0986328125,-2.76171875,0.0,0.93084716796875],""received_at_ms"":1788503650125,""valid"":true,""status"":""STALE"",""error"":""Torque sample age 15090 ms exceeds 1500 ms"",""source"":""/left_jaka_driver/joint_torque_raw"",""age_ms"":15090,""fresh"":false},""right"":{""values"":[100.91801631177077,-0.6735351477982476,-1.208251953125,2.589111328125,0.320556640625,0.38836669921875],""received_at_ms"":1788503650720,""valid"":true,""status"":""STALE"",""error"":""Torque sample age 14495 ms exceeds 1500 ms"",""source"":""/right_jaka_driver/joint_torque_raw"",""age_ms"":14495,""fresh"":false}}"
141,1788503665316,RUNNING,12.288,"{""left"":{""valid"":true,""status"":""VALID"",""sample_index"":512,""time_from_start_s"":12.288,""joints_rad"":[2.9983776078063293,0.3518513820485646,-0.8003270427715256,1.5081983068236071,-0.13587378964818395,1.3870823384986963],""source"":""LATEST SUCCESSFUL PHASE5 SERVO_J COMMAND \u2014 DRIVER MEMORY"",""error"":null},""right"":{""valid"":true,""status"":""VALID"",""sample_index"":512,""time_from_start_s"":12.288,""joints_rad"":[0.1485560997609403,2.7262616274665743,1.045984699018312,-1.4834774665875543,3.2636634592239693,2.4409199504954566],""source"":""LATEST SUCCESSFUL PHASE5 SERVO_J COMMAND \u2014 DRIVER MEMORY"",""error"":null}}","{""left"":{""valid"":true,""fresh"":true,""status"":""FRESH"",""joints_rad"":[2.997111156517049,0.3420007575867928,-0.7759058411946268,1.5108240211695683,-0.1382290295603997,1.4156393488194037],""received_at_ms"":1788503665221,""age_ms"":95,""source"":""jaka_port10000_actual_feedback"",""mapping"":""port10000_joint_actual_position_deg_to_rad"",""error"":null},""right"":{""valid"":true,""fresh"":true,""status"":""FRESH"",""joints_rad"":[0.14982098285337045,2.7301817224475124,1.036145602774194,-1.4837057933837812,3.2652609247995796,2.4454151979555196],""received_at_ms"":1788503665268,""age_ms"":48,""source"":""jaka_port10000_actual_feedback"",""mapping"":""port10000_joint_actual_position_deg_to_rad"",""error"":null}}","{""left"":{""values"":[-100.86188838278758,-6.061816330184229,0.0986328125,-2.76171875,0.0,0.93084716796875],""received_at_ms"":1788503650125,""valid"":true,""status"":""STALE"",""error"":""Torque sample age 15191 ms exceeds 1500 ms"",""source"":""/left_jaka_driver/joint_torque_raw"",""age_ms"":15191,""fresh"":false},""right"":{""values"":[100.91801631177077,-0.6735351477982476,-1.208251953125,2.589111328125,0.320556640625,0.38836669921875],""received_at_ms"":1788503650720,""valid"":true,""status"":""STALE"",""error"":""Torque sample age 14596 ms exceeds 1500 ms"",""source"":""/right_jaka_driver/joint_torque_raw"",""age_ms"":14596,""fresh"":false}}"
142,1788503665412,RUNNING,12.384,"{""left"":{""valid"":true,""status"":""VALID"",""sample_index"":516,""time_from_start_s"":12.384,""joints_rad"":[2.998973672892307,0.36061329370771544,-0.8222269577028027,1.5069132344670138,-0.13480749047925747,1.3623242069667223],""source"":""LATEST SUCCESSFUL PHASE5 SERVO_J COMMAND \u2014 DRIVER MEMORY"",""error"":null},""right"":{""valid"":true,""status"":""VALID"",""sample_index"":516,""time_from_start_s"":12.384,""joints_rad"":[0.14785337793078482,2.72325275148201,1.0536478338324433,-1.4834509728008523,3.262813235997037,2.4349933110531476],""source"":""LATEST SUCCESSFUL PHASE5 SERVO_J COMMAND \u2014 DRIVER MEMORY"",""error"":null}}","{""left"":{""valid"":true,""fresh"":true,""status"":""FRESH"",""joints_rad"":[2.9984294037010804,0.3518039229293946,-0.8004734448115494,1.5081875268015055,-0.13578434687713126,1.3874644987044593],""received_at_ms"":1788503665408,""age_ms"":4,""source"":""jaka_port10000_actual_feedback"",""mapping"":""port10000_joint_actual_position_deg_to_rad"",""error"":null},""right"":{""valid"":true,""fresh"":true,""status"":""FRESH"",""joints_rad"":[0.14901795686452785,2.7279648052316294,1.0416823107602955,-1.4837178361556198,3.264182311321847,2.4432099744456246],""received_at_ms"":1788503665346,""age_ms"":66,""source"":""jaka_port10000_actual_feedback"",""mapping"":""port10000_joint_actual_position_deg_to_rad"",""error"":null}}","{""left"":{""values"":[-100.86188838278758,-6.061816330184229,0.0986328125,-2.76171875,0.0,0.93084716796875],""received_at_ms"":1788503650125,""valid"":true,""status"":""STALE"",""error"":""Torque sample age 15287 ms exceeds 1500 ms"",""source"":""/left_jaka_driver/joint_torque_raw"",""age_ms"":15287,""fresh"":false},""right"":{""values"":[100.91801631177077,-0.6735351477982476,-1.208251953125,2.589111328125,0.320556640625,0.38836669921875],""received_at_ms"":1788503650720,""valid"":true,""status"":""STALE"",""error"":""Torque sample age 14692 ms exceeds 1500 ms"",""source"":""/right_jaka_driver/joint_torque_raw"",""age_ms"":14692,""fresh"":false}}"
143,1788503665513,RUNNING,12.48,"{""left"":{""valid"":true,""status"":""VALID"",""sample_index"":520,""time_from_start_s"":12.48,""joints_rad"":[2.999551821437983,0.37014708754603237,-0.8461678134941896,1.505850434058284,-0.13377138065277455,1.3353861097101474],""source"":""LATEST SUCCESSFUL PHASE5 SERVO_J COMMAND \u2014 DRIVER MEMORY"",""error"":null},""right"":{""valid"":true,""status"":""VALID"",""sample_index"":520,""time_from_start_s"":12.48,""joints_rad"":[0.14725715124944794,2.720266988824979,1.0613382906093167,-1.4834328627408153,3.262134017664687,2.42830417702487],""source"":""LATEST SUCCESSFUL PHASE5 SERVO_J COMMAND \u2014 DRIVER MEMORY"",""error"":null}}","{""left"":{""valid"":true,""fresh"":true,""status"":""FRESH"",""joints_rad"":[2.9989927959836242,0.36062429337019836,-0.8220451907674236,1.5069411871826563,-0.13468182238864643,1.362693040630904],""received_at_ms"":1788503665497,""age_ms"":16,""source"":""jaka_port10000_actual_feedback"",""mapping"":""port10000_joint_actual_position_deg_to_rad"",""error"":null},""right"":{""valid"":true,""fresh"":true,""status"":""FRESH"",""joints_rad"":[0.14805924750640737,2.7244294662987896,1.0505147239729382,-1.4836937506119423,3.2630438330507716,2.4374097217424717],""received_at_ms"":1788503665457,""age_ms"":56,""source"":""jaka_port10000_actual_feedback"",""mapping"":""port10000_joint_actual_position_deg_to_rad"",""error"":null}}","{""left"":{""values"":[-100.86188838278758,-6.061816330184229,0.0986328125,-2.76171875,0.0,0.93084716796875],""received_at_ms"":1788503650125,""valid"":true,""status"":""STALE"",""error"":""Torque sample age 15388 ms exceeds 1500 ms"",""source"":""/left_jaka_driver/joint_torque_raw"",""age_ms"":15388,""fresh"":false},""right"":{""values"":[100.91801631177077,-0.6735351477982476,-1.208251953125,2.589111328125,0.320556640625,0.38836669921875],""received_at_ms"":1788503650720,""valid"":true,""status"":""STALE"",""error"":""Torque sample age 14793 ms exceeds 1500 ms"",""source"":""/right_jaka_driver/joint_torque_raw"",""age_ms"":14793,""fresh"":false}}"
144,1788503665623,RUNNING,12.6,"{""left"":{""valid"":true,""status"":""VALID"",""sample_index"":525,""time_from_start_s"":12.6,""joints_rad"":[3.000310441466088,0.38114152855936295,-0.8739088172858334,1.5046983687597355,-0.1324027579828681,1.30395952743615],""source"":""LATEST SUCCESSFUL PHASE5 SERVO_J COMMAND \u2014 DRIVER MEMORY"",""error"":null},""right"":{""valid"":true,""status"":""VALID"",""sample_index"":525,""time_from_start_s"":12.6,""joints_rad"":[0.14643014133346055,2.7166164432543005,1.070795149777923,-1.4834212868833552,3.2611743503164954,2.420404422469414],""source"":""LATEST SUCCESSFUL PHASE5 SERVO_J COMMAND \u2014 DRIVER MEMORY"",""error"":null}}","{""left"":{""valid"":true,""fresh"":true,""status"":""FRESH"",""joints_rad"":[2.9995321027224904,0.369408710028411,-0.8441201151466479,1.505946524041945,-0.13374702404127828,1.3383891562639576],""received_at_ms"":1788503665592,""age_ms"":31,""source"":""jaka_port10000_actual_feedback"",""mapping"":""port10000_joint_actual_position_deg_to_rad"",""error"":null},""right"":{""valid"":true,""fresh"":true,""status"":""FRESH"",""joints_rad"":[0.14731626084383337,2.720642450887812,1.0602817610000237,-1.4836577968293512,3.2621928105074987,2.4293084269534897],""received_at_ms"":1788503665571,""age_ms"":52,""source"":""jaka_port10000_actual_feedback"",""mapping"":""port10000_joint_actual_position_deg_to_rad"",""error"":null}}","{""left"":{""values"":[-100.86188838278758,-6.061816330184229,0.0986328125,-2.76171875,0.0,0.93084716796875],""received_at_ms"":1788503650125,""valid"":true,""status"":""STALE"",""error"":""Torque sample age 15498 ms exceeds 1500 ms"",""source"":""/left_jaka_driver/joint_torque_raw"",""age_ms"":15498,""fresh"":false},""right"":{""values"":[100.91801631177077,-0.6735351477982476,-1.208251953125,2.589111328125,0.320556640625,0.38836669921875],""received_at_ms"":1788503650720,""valid"":true,""status"":""STALE"",""error"":""Torque sample age 14903 ms exceeds 1500 ms"",""source"":""/right_jaka_driver/joint_torque_raw"",""age_ms"":14903,""fresh"":false}}"
145,1788503665713,RUNNING,12.696,"{""left"":{""valid"":true,""status"":""VALID"",""sample_index"":529,""time_from_start_s"":12.696,""joints_rad"":[3.000969134991496,0.3883240180229764,-0.8921344956463337,1.5037821057508067,-0.1312090222659469,1.2828992898068998],""source"":""LATEST SUCCESSFUL PHASE5 SERVO_J COMMAND \u2014 DRIVER MEMORY"",""error"":null},""right"":{""valid"":true,""status"":""VALID"",""sample_index"":529,""time_from_start_s"":12.696,""joints_rad"":[0.1455972366631636,2.713773251514381,1.0781609988150276,-1.4834186816331636,3.260155257043715,2.4151689254401965],""source"":""LATEST SUCCESSFUL PHASE5 SERVO_J COMMAND \u2014 DRIVER MEMORY"",""error"":null}}","{""left"":{""valid"":true,""fresh"":true,""status"":""FRESH"",""joints_rad"":[3.000322911406569,0.38063798390281733,-0.8718755626423382,1.5047480064446004,-0.13246473063983802,1.3070264622702457],""received_at_ms"":1788503665704,""age_ms"":9,""source"":""jaka_port10000_actual_feedback"",""mapping"":""port10000_joint_actual_position_deg_to_rad"",""error"":null},""right"":{""valid"":true,""fresh"":true,""status"":""FRESH"",""joints_rad"":[0.14686072990906288,2.7184492701497565,1.0659383731057372,-1.4836459285904375,3.26167758931231,2.42439480151035],""received_at_ms"":1788503665682,""age_ms"":31,""source"":""jaka_port10000_actual_feedback"",""mapping"":""port10000_joint_actual_position_deg_to_rad"",""error"":null}}","{""left"":{""values"":[-100.86188838278758,-6.061816330184229,0.0986328125,-2.76171875,0.0,0.93084716796875],""received_at_ms"":1788503650125,""valid"":true,""status"":""STALE"",""error"":""Torque sample age 15588 ms exceeds 1500 ms"",""source"":""/left_jaka_driver/joint_torque_raw"",""age_ms"":15588,""fresh"":false},""right"":{""values"":[100.91801631177077,-0.6735351477982476,-1.208251953125,2.589111328125,0.320556640625,0.38836669921875],""received_at_ms"":1788503650720,""valid"":true,""status"":""STALE"",""error"":""Torque sample age 14993 ms exceeds 1500 ms"",""source"":""/right_jaka_driver/joint_torque_raw"",""age_ms"":14993,""fresh"":false}}"
146,1788503665812,RUNNING,12.792,"{""left"":{""valid"":true,""status"":""VALID"",""sample_index"":533,""time_from_start_s"":12.792,""joints_rad"":[3.0016573581582033,0.39453233318174774,-0.9079753118558096,1.5028442471899457,-0.12996141061212732,1.2642357509267415],""source"":""LATEST SUCCESSFUL PHASE5 SERVO_J COMMAND \u2014 DRIVER MEMORY"",""error"":null},""right"":{""valid"":true,""status"":""VALID"",""sample_index"":533,""time_from_start_s"":12.792,""joints_rad"":[0.14466253362380327,2.710967801084483,1.0854191784043334,-1.4834189722285296,3.2589851042390783,2.4105877757635286],""source"":""LATEST SUCCESSFUL PHASE5 SERVO_J COMMAND \u2014 DRIVER MEMORY"",""error"":null}}","{""left"":{""valid"":true,""fresh"":true,""status"":""FRESH"",""joints_rad"":[3.000322911406569,0.38063798390281733,-0.8718755626423382,1.5047480064446004,-0.13246473063983802,1.3070264622702457],""received_at_ms"":1788503665704,""age_ms"":108,""source"":""jaka_port10000_actual_feedback"",""mapping"":""port10000_joint_actual_position_deg_to_rad"",""error"":null},""right"":{""valid"":true,""fresh"":true,""status"":""FRESH"",""joints_rad"":[0.14599801365980206,2.7150937001298723,1.0746149284161768,-1.4835858892641691,3.260706837182351,2.417899384166128],""received_at_ms"":1788503665752,""age_ms"":60,""source"":""jaka_port10000_actual_feedback"",""mapping"":""port10000_joint_actual_position_deg_to_rad"",""error"":null}}","{""left"":{""values"":[-100.86188838278758,-6.061816330184229,0.0986328125,-2.76171875,0.0,0.93084716796875],""received_at_ms"":1788503650125,""valid"":true,""status"":""STALE"",""error"":""Torque sample age 15687 ms exceeds 1500 ms"",""source"":""/left_jaka_driver/joint_torque_raw"",""age_ms"":15687,""fresh"":false},""right"":{""values"":[100.91801631177077,-0.6735351477982476,-1.208251953125,2.589111328125,0.320556640625,0.38836669921875],""received_at_ms"":1788503650720,""valid"":true,""status"":""STALE"",""error"":""Torque sample age 15092 ms exceeds 1500 ms"",""source"":""/right_jaka_driver/joint_torque_raw"",""age_ms"":15092,""fresh"":false}}"
147,1788503665915,RUNNING,12.888,"{""left"":{""valid"":true,""status"":""VALID"",""sample_index"":537,""time_from_start_s"":12.888,""joints_rad"":[3.0023499523432178,0.40058040796399574,-0.92346624437731,1.5019300703877332,-0.12870708477330264,1.2458321503921665],""source"":""LATEST SUCCESSFUL PHASE5 SERVO_J COMMAND \u2014 DRIVER MEMORY"",""error"":null},""right"":{""valid"":true,""status"":""VALID"",""sample_index"":537,""time_from_start_s"":12.888,""joints_rad"":[0.1437195811840093,2.7081743571426142,1.092652890755631,-1.483431508051918,3.2578048529933072,2.4060437076803325],""source"":""LATEST SUCCESSFUL PHASE5 SERVO_J COMMAND \u2014 DRIVER MEMORY"",""error"":null}}","{""left"":{""valid"":true,""fresh"":true,""status"":""FRESH"",""joints_rad"":[3.0016052048080093,0.3934850034608972,-0.9046404541571025,1.5029744028587237,-0.13006786997807424,1.2681496022479224],""received_at_ms"":1788503665890,""age_ms"":25,""source"":""jaka_port10000_actual_feedback"",""mapping"":""port10000_joint_actual_position_deg_to_rad"",""error"":null},""right"":{""valid"":true,""fresh"":true,""status"":""FRESH"",""joints_rad"":[0.14542275313834474,2.713212060663297,1.0795404220982299,-1.4835380672426646,3.259987761530529,2.4144598638092227],""received_at_ms"":1788503665822,""age_ms"":93,""source"":""jaka_port10000_actual_feedback"",""mapping"":""port10000_joint_actual_position_deg_to_rad"",""error"":null}}","{""left"":{""values"":[-100.86188838278758,-6.061816330184229,0.0986328125,-2.76171875,0.0,0.93084716796875],""received_at_ms"":1788503650125,""valid"":true,""status"":""STALE"",""error"":""Torque sample age 15790 ms exceeds 1500 ms"",""source"":""/left_jaka_driver/joint_torque_raw"",""age_ms"":15790,""fresh"":false},""right"":{""values"":[100.91801631177077,-0.6735351477982476,-1.208251953125,2.589111328125,0.320556640625,0.38836669921875],""received_at_ms"":1788503650720,""valid"":true,""status"":""STALE"",""error"":""Torque sample age 15195 ms exceeds 1500 ms"",""source"":""/right_jaka_driver/joint_torque_raw"",""age_ms"":15195,""fresh"":false}}"
148,1788503666021,RUNNING,13.008000000000001,"{""left"":{""valid"":true,""status"":""VALID"",""sample_index"":542,""time_from_start_s"":13.008000000000001,""joints_rad"":[3.0032190121719298,0.4080014416181525,-0.9425403940426512,1.5008213759078655,-0.12713409273370618,1.2229852989720769],""source"":""LATEST SUCCESSFUL PHASE5 SERVO_J COMMAND \u2014 DRIVER MEMORY"",""error"":null},""right"":{""valid"":true,""status"":""VALID"",""sample_index"":542,""time_from_start_s"":13.008000000000001,""joints_rad"":[0.14253569407509453,2.704721488153431,1.101629515626046,-1.48348667796714,3.256330604735001,2.400336583991951],""source"":""LATEST SUCCESSFUL PHASE5 SERVO_J COMMAND \u2014 DRIVER MEMORY"",""error"":null}}","{""left"":{""valid"":true,""fresh"":true,""status"":""FRESH"",""joints_rad"":[3.002120600536123,0.39802704830628727,-0.9162172230855808,1.502267369978741,-0.1291569826414584,1.2542478802228623],""received_at_ms"":1788503665968,""age_ms"":53,""source"":""jaka_port10000_actual_feedback"",""mapping"":""port10000_joint_actual_position_deg_to_rad"",""error"":null},""right"":{""valid"":true,""fresh"":true,""status"":""FRESH"",""joints_rad"":[0.14440400445395565,2.7102041602304103,1.0874979017568476,-1.4834661596774825,3.2586574715746592,2.409546412899008],""received_at_ms"":1788503665934,""age_ms"":87,""source"":""jaka_port10000_actual_feedback"",""mapping"":""port10000_joint_actual_position_deg_to_rad"",""error"":null}}","{""left"":{""values"":[-100.86188838278758,-6.061816330184229,0.0986328125,-2.76171875,0.0,0.93084716796875],""received_at_ms"":1788503650125,""valid"":true,""status"":""STALE"",""error"":""Torque sample age 15896 ms exceeds 1500 ms"",""source"":""/left_jaka_driver/joint_torque_raw"",""age_ms"":15896,""fresh"":false},""right"":{""values"":[100.91801631177077,-0.6735351477982476,-1.208251953125,2.589111328125,0.320556640625,0.38836669921875],""received_at_ms"":1788503650720,""valid"":true,""status"":""STALE"",""error"":""Torque sample age 15301 ms exceeds 1500 ms"",""source"":""/right_jaka_driver/joint_torque_raw"",""age_ms"":15301,""fresh"":false}}"
149,1788503666127,RUNNING,13.104000000000001,"{""left"":{""valid"":true,""status"":""VALID"",""sample_index"":546,""time_from_start_s"":13.104000000000001,""joints_rad"":[3.0039172373039262,0.4138307441212506,-0.9575825249257115,1.4999623337363603,-0.12587186214989127,1.2048230158901454],""source"":""LATEST SUCCESSFUL PHASE5 SERVO_J COMMAND \u2014 DRIVER MEMORY"",""error"":null},""right"":{""valid"":true,""status"":""VALID"",""sample_index"":546,""time_from_start_s"":13.104000000000001,""joints_rad"":[0.14158263907479615,2.702004415021633,1.108740955059686,-1.4835644768052596,3.2551525031748176,2.395745449326807],""source"":""LATEST SUCCESSFUL PHASE5 SERVO_J COMMAND \u2014 DRIVER MEMORY"",""error"":null}}","{""left"":{""valid"":true,""fresh"":true,""status"":""FRESH"",""joints_rad"":[3.0028517189597834,0.4044626008571659,-0.9328872118372291,1.5012966178487817,-0.12785077822926583,1.2343900475924463],""received_at_ms"":1788503666089,""age_ms"":38,""source"":""jaka_port10000_actual_feedback"",""mapping"":""port10000_joint_actual_position_deg_to_rad"",""error"":null},""right"":{""valid"":true,""fresh"":true,""status"":""FRESH"",""joints_rad"":[0.14249862850955342,2.704643366700631,1.1016033037056154,-1.4834420741338048,3.2562726536847344,2.4002586432845203],""received_at_ms"":1788503666118,""age_ms"":9,""source"":""jaka_port10000_actual_feedback"",""mapping"":""port10000_joint_actual_position_deg_to_rad"",""error"":null}}","{""left"":{""values"":[-100.86188838278758,-6.061816330184229,0.0986328125,-2.76171875,0.0,0.93084716796875],""received_at_ms"":1788503650125,""valid"":true,""status"":""STALE"",""error"":""Torque sample age 16002 ms exceeds 1500 ms"",""source"":""/left_jaka_driver/joint_torque_raw"",""age_ms"":16002,""fresh"":false},""right"":{""values"":[100.91801631177077,-0.6735351477982476,-1.208251953125,2.589111328125,0.320556640625,0.38836669921875],""received_at_ms"":1788503650720,""valid"":true,""status"":""STALE"",""error"":""Torque sample age 15407 ms exceeds 1500 ms"",""source"":""/right_jaka_driver/joint_torque_raw"",""age_ms"":15407,""fresh"":false}}"
150,1788503666217,RUNNING,13.200000000000001,"{""left"":{""valid"":true,""status"":""VALID"",""sample_index"":550,""time_from_start_s"":13.200000000000001,""joints_rad"":[3.004618712597564,0.4195682979233066,-0.9724545425396525,1.499131431878194,-0.12460668155776834,1.1867431038745373],""source"":""LATEST SUCCESSFUL PHASE5 SERVO_J COMMAND \u2014 DRIVER MEMORY"",""error"":null},""right"":{""valid"":true,""status"":""VALID"",""sample_index"":550,""time_from_start_s"":13.200000000000001,""joints_rad"":[0.14062361581322833,2.6993334322983094,1.1157874937021173,-1.4836642359123267,3.253975783395564,2.391134424485541],""source"":""LATEST SUCCESSFUL PHASE5 SERVO_J COMMAND \u2014 DRIVER MEMORY"",""error"":null}}","{""left"":{""valid"":true,""fresh"":true,""status"":""FRESH"",""joints_rad"":[3.003882335883086,0.41286356867871543,-0.9544107867057483,1.5000382354580937,-0.12608904288230274,1.2088995138670693],""received_at_ms"":1788503666197,""age_ms"":20,""source"":""jaka_port10000_actual_feedback"",""mapping"":""port10000_joint_actual_position_deg_to_rad"",""error"":null},""right"":{""valid"":true,""fresh"":true,""status"":""FRESH"",""joints_rad"":[0.14177955285773175,2.7026060438647774,1.1069722855506003,-1.4834420741338048,3.2554097629025485,2.396867119482045],""received_at_ms"":1788503666190,""age_ms"":27,""source"":""jaka_port10000_actual_feedback"",""mapping"":""port10000_joint_actual_position_deg_to_rad"",""error"":null}}","{""left"":{""values"":[-100.86188838278758,-6.061816330184229,0.0986328125,-2.76171875,0.0,0.93084716796875],""received_at_ms"":1788503650125,""valid"":true,""status"":""STALE"",""error"":""Torque sample age 16092 ms exceeds 1500 ms"",""source"":""/left_jaka_driver/joint_torque_raw"",""age_ms"":16092,""fresh"":false},""right"":{""values"":[100.91801631177077,-0.6735351477982476,-1.208251953125,2.589111328125,0.320556640625,0.38836669921875],""received_at_ms"":1788503650720,""valid"":true,""status"":""STALE"",""error"":""Torque sample age 15497 ms exceeds 1500 ms"",""source"":""/right_jaka_driver/joint_torque_raw"",""age_ms"":15497,""fresh"":false}}"
151,1788503666317,RUNNING,13.296000000000001,"{""left"":{""valid"":true,""status"":""VALID"",""sample_index"":554,""time_from_start_s"":13.296000000000001,""joints_rad"":[3.0053240577616545,0.4252175975696077,-0.9871792232853326,1.498332272329686,-0.12333902508798855,1.1687252193079336],""source"":""LATEST SUCCESSFUL PHASE5 SERVO_J COMMAND \u2014 DRIVER MEMORY"",""error"":null},""right"":{""valid"":true,""status"":""VALID"",""sample_index"":554,""time_from_start_s"":13.296000000000001,""joints_rad"":[0.13965883526426592,2.6967075331671855,1.122776117289333,-1.4837745633019357,3.2528004680810385,2.386509275887284],""source"":""LATEST SUCCESSFUL PHASE5 SERVO_J COMMAND \u2014 DRIVER MEMORY"",""error"":null}}","{""left"":{""valid"":true,""fresh"":true,""status"":""FRESH"",""joints_rad"":[3.0043137812741794,0.4167823564482183,-0.9642619486027799,1.4994629749366362,-0.12521428386120317,1.1968553457649067],""received_at_ms"":1788503666265,""age_ms"":52,""source"":""jaka_port10000_actual_feedback"",""mapping"":""port10000_joint_actual_position_deg_to_rad"",""error"":null},""right"":{""valid"":true,""fresh"":true,""status"":""FRESH"",""joints_rad"":[0.1406290318148171,2.69923860560598,1.115960556665446,-1.4838735195248978,3.2539717861318302,2.391030738463376],""received_at_ms"":1788503666303,""age_ms"":14,""source"":""jaka_port10000_actual_feedback"",""mapping"":""port10000_joint_actual_position_deg_to_rad"",""error"":null}}","{""left"":{""values"":[-100.86188838278758,-6.061816330184229,0.0986328125,-2.76171875,0.0,0.93084716796875],""received_at_ms"":1788503650125,""valid"":true,""status"":""STALE"",""error"":""Torque sample age 16192 ms exceeds 1500 ms"",""source"":""/left_jaka_driver/joint_torque_raw"",""age_ms"":16192,""fresh"":false},""right"":{""values"":[100.91801631177077,-0.6735351477982476,-1.208251953125,2.589111328125,0.320556640625,0.38836669921875],""received_at_ms"":1788503650720,""valid"":true,""status"":""STALE"",""error"":""Torque sample age 15597 ms exceeds 1500 ms"",""source"":""/right_jaka_driver/joint_torque_raw"",""age_ms"":15597,""fresh"":false}}"
152,1788503666416,RUNNING,13.392,"{""left"":{""valid"":true,""status"":""VALID"",""sample_index"":558,""time_from_start_s"":13.392,""joints_rad"":[3.006033735462988,0.43078161247582125,-1.0017735572320978,1.49756709695857,-0.12206923709951488,1.15075448832539],""source"":""LATEST SUCCESSFUL PHASE5 SERVO_J COMMAND \u2014 DRIVER MEMORY"",""error"":null},""right"":{""valid"":true,""status"":""VALID"",""sample_index"":558,""time_from_start_s"":13.392,""joints_rad"":[0.138689306230051,2.694119324515049,1.1297207915197367,-1.483884968694908,3.25162636934468,2.381876598573196],""source"":""LATEST SUCCESSFUL PHASE5 SERVO_J COMMAND \u2014 DRIVER MEMORY"",""error"":null}}","{""left"":{""valid"":true,""fresh"":true,""status"":""FRESH"",""joints_rad"":[3.0049728175997323,0.42206738795618237,-0.9778519548234338,1.4987438992848148,-0.12399185525310637,1.1801134494480763],""received_at_ms"":1788503666353,""age_ms"":63,""source"":""jaka_port10000_actual_feedback"",""mapping"":""port10000_joint_actual_position_deg_to_rad"",""error"":null},""right"":{""valid"":true,""fresh"":true,""status"":""FRESH"",""joints_rad"":[0.13999390650001636,2.697476870259017,1.120694238662705,-1.483909473307489,3.2531567173711484,2.3879268449216293],""received_at_ms"":1788503666416,""age_ms"":0,""source"":""jaka_port10000_actual_feedback"",""mapping"":""port10000_joint_actual_position_deg_to_rad"",""error"":null}}","{""left"":{""values"":[-100.86188838278758,-6.061816330184229,0.0986328125,-2.76171875,0.0,0.93084716796875],""received_at_ms"":1788503650125,""valid"":true,""status"":""STALE"",""error"":""Torque sample age 16291 ms exceeds 1500 ms"",""source"":""/left_jaka_driver/joint_torque_raw"",""age_ms"":16291,""fresh"":false},""right"":{""values"":[100.91801631177077,-0.6735351477982476,-1.208251953125,2.589111328125,0.320556640625,0.38836669921875],""received_at_ms"":1788503650720,""valid"":true,""status"":""STALE"",""error"":""Torque sample age 15696 ms exceeds 1500 ms"",""source"":""/right_jaka_driver/joint_torque_raw"",""age_ms"":15696,""fresh"":false}}"
153,1788503666522,RUNNING,13.488,"{""left"":{""valid"":true,""status"":""VALID"",""sample_index"":562,""time_from_start_s"":13.488,""joints_rad"":[3.0067478457875843,0.436262322220905,-1.0162418051254027,1.496835017400409,-0.12079736471363613,1.1328283806109485],""source"":""LATEST SUCCESSFUL PHASE5 SERVO_J COMMAND \u2014 DRIVER MEMORY"",""error"":null},""right"":{""valid"":true,""status"":""VALID"",""sample_index"":563,""time_from_start_s"":13.512,""joints_rad"":[0.13747355233027736,2.690914964429696,1.1383690996977966,-1.4840161842253945,3.2501597765545926,2.376082929157137],""source"":""LATEST SUCCESSFUL PHASE5 SERVO_J COMMAND \u2014 DRIVER MEMORY"",""error"":null}}","{""left"":{""valid"":true,""fresh"":true,""status"":""FRESH"",""joints_rad"":[3.0056559394689626,0.4277240000618959,-0.9930960095762027,1.4979169622852198,-0.1226854763079886,1.1616578143387128],""received_at_ms"":1788503666444,""age_ms"":78,""source"":""jaka_port10000_actual_feedback"",""mapping"":""port10000_joint_actual_position_deg_to_rad"",""error"":null},""right"":{""valid"":true,""fresh"":true,""status"":""FRESH"",""joints_rad"":[0.13885542822894045,2.6944328415106136,1.1287477114301823,-1.483981380872671,3.2518025164045263,2.382569905848483],""received_at_ms"":1788503666485,""age_ms"":37,""source"":""jaka_port10000_actual_feedback"",""mapping"":""port10000_joint_actual_position_deg_to_rad"",""error"":null}}","{""left"":{""values"":[-100.86188838278758,-6.061816330184229,0.0986328125,-2.76171875,0.0,0.93084716796875],""received_at_ms"":1788503650125,""valid"":true,""status"":""STALE"",""error"":""Torque sample age 16397 ms exceeds 1500 ms"",""source"":""/left_jaka_driver/joint_torque_raw"",""age_ms"":16397,""fresh"":false},""right"":{""values"":[100.91801631177077,-0.6735351477982476,-1.208251953125,2.589111328125,0.320556640625,0.38836669921875],""received_at_ms"":1788503650720,""valid"":true,""status"":""STALE"",""error"":""Torque sample age 15802 ms exceeds 1500 ms"",""source"":""/right_jaka_driver/joint_torque_raw"",""age_ms"":15802,""fresh"":false}}"
154,1788503666628,RUNNING,13.584,"{""left"":{""valid"":true,""status"":""VALID"",""sample_index"":566,""time_from_start_s"":13.584,""joints_rad"":[3.0074659807005215,0.4416608900416786,-1.0305710987764265,1.4961303270906277,-0.11952303600595993,1.1149613485307657],""source"":""LATEST SUCCESSFUL PHASE5 SERVO_J COMMAND \u2014 DRIVER MEMORY"",""error"":null},""right"":{""valid"":true,""status"":""VALID"",""sample_index"":567,""time_from_start_s"":13.608,""joints_rad"":[0.1364996850133642,2.688360462672058,1.1452755642467882,-1.4841242618966168,3.248986781232789,2.3714448634444905],""source"":""LATEST SUCCESSFUL PHASE5 SERVO_J COMMAND \u2014 DRIVER MEMORY"",""error"":null}}","{""left"":{""valid"":true,""fresh"":true,""status"":""FRESH"",""joints_rad"":[3.0069382328704033,0.4378027528933876,-1.0198927477137725,1.4965508930796838,-0.1204444735484279,1.1284014381065868],""received_at_ms"":1788503666619,""age_ms"":9,""source"":""jaka_port10000_actual_feedback"",""mapping"":""port10000_joint_actual_position_deg_to_rad"",""error"":null},""right"":{""valid"":true,""fresh"":true,""status"":""FRESH"",""joints_rad"":[0.13812430980528004,2.6924913372506953,1.1338648422641047,-1.484017334655262,3.250891803600836,2.3794660123067364],""received_at_ms"":1788503666555,""age_ms"":73,""source"":""jaka_port10000_actual_feedback"",""mapping"":""port10000_joint_actual_position_deg_to_rad"",""error"":null}}","{""left"":{""values"":[-100.86188838278758,-6.061816330184229,0.0986328125,-2.76171875,0.0,0.93084716796875],""received_at_ms"":1788503650125,""valid"":true,""status"":""STALE"",""error"":""Torque sample age 16503 ms exceeds 1500 ms"",""source"":""/left_jaka_driver/joint_torque_raw"",""age_ms"":16503,""fresh"":false},""right"":{""values"":[100.91801631177077,-0.6735351477982476,-1.208251953125,2.589111328125,0.320556640625,0.38836669921875],""received_at_ms"":1788503650720,""valid"":true,""status"":""STALE"",""error"":""Torque sample age 15908 ms exceeds 1500 ms"",""source"":""/right_jaka_driver/joint_torque_raw"",""age_ms"":15908,""fresh"":false}}"
155,1788503666727,RUNNING,13.704,"{""left"":{""valid"":true,""status"":""VALID"",""sample_index"":571,""time_from_start_s"":13.704,""joints_rad"":[3.0083686816670867,0.44829795811507256,-1.0482702109150346,1.4952769926616947,-0.11792608322612132,1.0927316421252067],""source"":""LATEST SUCCESSFUL PHASE5 SERVO_J COMMAND \u2014 DRIVER MEMORY"",""error"":null},""right"":{""valid"":true,""status"":""VALID"",""sample_index"":571,""time_from_start_s"":13.704,""joints_rad"":[0.13552276701780458,2.68582575212832,1.152149956130633,-1.4842504088023665,3.2478143741677568,2.366795291032195],""source"":""LATEST SUCCESSFUL PHASE5 SERVO_J COMMAND \u2014 DRIVER MEMORY"",""error"":null}}","{""left"":{""valid"":true,""fresh"":true,""status"":""FRESH"",""joints_rad"":[3.0074056320440867,0.44138591384773196,-1.029384197251968,1.496071451134161,-0.11953376074473723,1.1164771741240362],""received_at_ms"":1788503666687,""age_ms"":40,""source"":""jaka_port10000_actual_feedback"",""mapping"":""port10000_joint_actual_position_deg_to_rad"",""error"":null},""right"":{""valid"":true,""fresh"":true,""status"":""FRESH"",""joints_rad"":[0.1368779701864309,2.6893155361437664,1.1424935755530392,-1.4841012849922832,3.2494056557427626,2.3733299582555],""received_at_ms"":1788503666681,""age_ms"":46,""source"":""jaka_port10000_actual_feedback"",""mapping"":""port10000_joint_actual_position_deg_to_rad"",""error"":null}}","{""left"":{""values"":[-100.86188838278758,-6.061816330184229,0.0986328125,-2.76171875,0.0,0.93084716796875],""received_at_ms"":1788503650125,""valid"":true,""status"":""STALE"",""error"":""Torque sample age 16602 ms exceeds 1500 ms"",""source"":""/left_jaka_driver/joint_torque_raw"",""age_ms"":16602,""fresh"":false},""right"":{""values"":[100.91801631177077,-0.6735351477982476,-1.208251953125,2.589111328125,0.320556640625,0.38836669921875],""received_at_ms"":1788503650720,""valid"":true,""status"":""STALE"",""error"":""Torque sample age 16007 ms exceeds 1500 ms"",""source"":""/right_jaka_driver/joint_torque_raw"",""age_ms"":16007,""fresh"":false}}"
156,1788503666820,RUNNING,13.8,"{""left"":{""valid"":true,""status"":""VALID"",""sample_index"":575,""time_from_start_s"":13.8,""joints_rad"":[3.00909490637703,0.4535210259297123,-1.0622622128238153,1.4946145953803303,-0.11664527864628672,1.0750306879738447],""source"":""LATEST SUCCESSFUL PHASE5 SERVO_J COMMAND \u2014 DRIVER MEMORY"",""error"":null},""right"":{""valid"":true,""status"":""VALID"",""sample_index"":575,""time_from_start_s"":13.8,""joints_rad"":[0.13454092850745145,2.6833239837094602,1.1589755662425125,-1.4844007747656338,3.246643017017633,2.3621304767844897],""source"":""LATEST SUCCESSFUL PHASE5 SERVO_J COMMAND \u2014 DRIVER MEMORY"",""error"":null}}","{""left"":{""valid"":true,""fresh"":true,""status"":""FRESH"",""joints_rad"":[3.0082564800544342,0.44748601411637734,-1.0462580404602493,1.495292510688996,-0.11801165910407299,1.0956485893636612],""received_at_ms"":1788503666795,""age_ms"":25,""source"":""jaka_port10000_actual_feedback"",""mapping"":""port10000_joint_actual_position_deg_to_rad"",""error"":null},""right"":{""valid"":true,""fresh"":true,""status"":""FRESH"",""joints_rad"":[0.13554768023056082,2.6860079626783118,1.151709437602345,-1.4842330573508087,3.2478477748524326,2.367254118063457],""received_at_ms"":1788503666798,""age_ms"":22,""source"":""jaka_port10000_actual_feedback"",""mapping"":""port10000_joint_actual_position_deg_to_rad"",""error"":null}}","{""left"":{""values"":[-100.86188838278758,-6.061816330184229,0.0986328125,-2.76171875,0.0,0.93084716796875],""received_at_ms"":1788503650125,""valid"":true,""status"":""STALE"",""error"":""Torque sample age 16695 ms exceeds 1500 ms"",""source"":""/left_jaka_driver/joint_torque_raw"",""age_ms"":16695,""fresh"":false},""right"":{""values"":[100.91801631177077,-0.6735351477982476,-1.208251953125,2.589111328125,0.320556640625,0.38836669921875],""received_at_ms"":1788503650720,""valid"":true,""status"":""STALE"",""error"":""Torque sample age 16100 ms exceeds 1500 ms"",""source"":""/right_jaka_driver/joint_torque_raw"",""age_ms"":16100,""fresh"":false}}"
157,1788503666919,RUNNING,13.896,"{""left"":{""valid"":true,""status"":""VALID"",""sample_index"":579,""time_from_start_s"":13.896,""joints_rad"":[3.0098251114587415,0.45866756234394207,-1.0761171080483796,1.493973773353527,-0.11536187490320504,1.0573926929615034],""source"":""LATEST SUCCESSFUL PHASE5 SERVO_J COMMAND \u2014 DRIVER MEMORY"",""error"":null},""right"":{""valid"":true,""status"":""VALID"",""sample_index"":579,""time_from_start_s"":13.896,""joints_rad"":[0.13355313980296588,2.680863356116813,1.1657459583931449,-1.4845741281732643,3.245473058805727,2.3574514746088298],""source"":""LATEST SUCCESSFUL PHASE5 SERVO_J COMMAND \u2014 DRIVER MEMORY"",""error"":null}}","{""left"":{""valid"":true,""fresh"":true,""status"":""FRESH"",""joints_rad"":[3.0087479647717963,0.45094944548403487,-1.0555217245310595,1.4948371542871506,-0.11716081109372575,1.0838201439570452],""received_at_ms"":1788503666863,""age_ms"":56,""source"":""jaka_port10000_actual_feedback"",""mapping"":""port10000_joint_actual_position_deg_to_rad"",""error"":null},""right"":{""valid"":true,""fresh"":true,""status"":""FRESH"",""joints_rad"":[0.13490051214392132,2.6843540886791217,1.156323390012917,-1.4843049649159907,3.247116656428772,2.364102227967281],""received_at_ms"":1788503666912,""age_ms"":7,""source"":""jaka_port10000_actual_feedback"",""mapping"":""port10000_joint_actual_position_deg_to_rad"",""error"":null}}","{""left"":{""values"":[-100.86188838278758,-6.061816330184229,0.0986328125,-2.76171875,0.0,0.93084716796875],""received_at_ms"":1788503650125,""valid"":true,""status"":""STALE"",""error"":""Torque sample age 16794 ms exceeds 1500 ms"",""source"":""/left_jaka_driver/joint_torque_raw"",""age_ms"":16794,""fresh"":false},""right"":{""values"":[100.91801631177077,-0.6735351477982476,-1.208251953125,2.589111328125,0.320556640625,0.38836669921875],""received_at_ms"":1788503650720,""valid"":true,""status"":""STALE"",""error"":""Torque sample age 16199 ms exceeds 1500 ms"",""source"":""/right_jaka_driver/joint_torque_raw"",""age_ms"":16199,""fresh"":false}}"
158,1788503667024,RUNNING,13.992,"{""left"":{""valid"":true,""status"":""VALID"",""sample_index"":583,""time_from_start_s"":13.992,""joints_rad"":[3.0105597750549196,0.46373725884768746,-1.0898492307912295,1.4933598714303051,-0.11407625216263888,1.039803675211886],""source"":""LATEST SUCCESSFUL PHASE5 SERVO_J COMMAND \u2014 DRIVER MEMORY"",""error"":null},""right"":{""valid"":true,""status"":""VALID"",""sample_index"":583,""time_from_start_s"":13.992,""joints_rad"":[0.13255919932591279,2.6784466380342695,1.1724632356113411,-1.4847646112073976,3.24430468315421,2.35276227418539],""source"":""LATEST SUCCESSFUL PHASE5 SERVO_J COMMAND \u2014 DRIVER MEMORY"",""error"":null}}","{""left"":{""valid"":true,""fresh"":true,""status"":""FRESH"",""joints_rad"":[3.0094070010973493,0.455719081263885,-1.068033291806906,1.4942858047764456,-0.11604624383340217,1.0675215612702214],""received_at_ms"":1788503666951,""age_ms"":73,""source"":""jaka_port10000_actual_feedback"",""mapping"":""port10000_joint_actual_position_deg_to_rad"",""error"":null},""right"":{""valid"":true,""fresh"":true,""status"":""FRESH"",""joints_rad"":[0.1337740766446842,2.6814420068221696,1.1641011007585795,-1.484496776600785,3.245738544451397,2.358661338557114],""received_at_ms"":1788503666982,""age_ms"":42,""source"":""jaka_port10000_actual_feedback"",""mapping"":""port10000_joint_actual_position_deg_to_rad"",""error"":null}}","{""left"":{""values"":[-100.86188838278758,-6.061816330184229,0.0986328125,-2.76171875,0.0,0.93084716796875],""received_at_ms"":1788503650125,""valid"":true,""status"":""STALE"",""error"":""Torque sample age 16899 ms exceeds 1500 ms"",""source"":""/left_jaka_driver/joint_torque_raw"",""age_ms"":16899,""fresh"":false},""right"":{""values"":[100.91801631177077,-0.6735351477982476,-1.208251953125,2.589111328125,0.320556640625,0.38836669921875],""received_at_ms"":1788503650720,""valid"":true,""status"":""STALE"",""error"":""Torque sample age 16304 ms exceeds 1500 ms"",""source"":""/right_jaka_driver/joint_torque_raw"",""age_ms"":16304,""fresh"":false}}"
159,1788503667120,RUNNING,14.088000000000001,"{""left"":{""valid"":true,""status"":""VALID"",""sample_index"":587,""time_from_start_s"":14.088000000000001,""joints_rad"":[3.0112993457041948,0.46872989202321547,-1.1034717809724628,1.4927776697902226,-0.1127887619857486,1.0222507388066286],""source"":""LATEST SUCCESSFUL PHASE5 SERVO_J COMMAND \u2014 DRIVER MEMORY"",""error"":null},""right"":{""valid"":true,""status"":""VALID"",""sample_index"":587,""time_from_start_s"":14.088000000000001,""joints_rad"":[0.1315597215428564,2.676070690320481,1.1791363064445664,-1.4849644950769048,3.243137855517799,2.3480679476965607],""source"":""LATEST SUCCESSFUL PHASE5 SERVO_J COMMAND \u2014 DRIVER MEMORY"",""error"":null}}","{""left"":{""valid"":true,""fresh"":true,""status"":""FRESH"",""joints_rad"":[3.0100780801947407,0.4604288522503917,-1.080964261702007,1.4936986760160746,-0.11495576211675612,1.0515467371596423],""received_at_ms"":1788503667037,""age_ms"":83,""source"":""jaka_port10000_actual_feedback"",""mapping"":""port10000_joint_actual_position_deg_to_rad"",""error"":null},""right"":{""valid"":true,""fresh"":true,""status"":""FRESH"",""joints_rad"":[0.1330310899821102,2.6796204066818627,1.169206363353588,-1.4846285489593105,3.24483969988662,2.355149910635026],""received_at_ms"":1788503667052,""age_ms"":68,""source"":""jaka_port10000_actual_feedback"",""mapping"":""port10000_joint_actual_position_deg_to_rad"",""error"":null}}","{""left"":{""values"":[-100.86188838278758,-6.061816330184229,0.0986328125,-2.76171875,0.0,0.93084716796875],""received_at_ms"":1788503650125,""valid"":true,""status"":""STALE"",""error"":""Torque sample age 16995 ms exceeds 1500 ms"",""source"":""/left_jaka_driver/joint_torque_raw"",""age_ms"":16995,""fresh"":false},""right"":{""values"":[100.91801631177077,-0.6735351477982476,-1.208251953125,2.589111328125,0.320556640625,0.38836669921875],""received_at_ms"":1788503650720,""valid"":true,""status"":""STALE"",""error"":""Torque sample age 16400 ms exceeds 1500 ms"",""source"":""/right_jaka_driver/joint_torque_raw"",""age_ms"":16400,""fresh"":false}}"
160,1788503667222,RUNNING,14.208,"{""left"":{""valid"":true,""status"":""VALID"",""sample_index"":592,""time_from_start_s"":14.208,""joints_rad"":[3.0122310860988324,0.47486332931328734,-1.1203567857361014,1.4920968103920473,-0.11117703487480743,1.0003505002292155],""source"":""LATEST SUCCESSFUL PHASE5 SERVO_J COMMAND \u2014 DRIVER MEMORY"",""error"":null},""right"":{""valid"":true,""status"":""VALID"",""sample_index"":592,""time_from_start_s"":14.208,""joints_rad"":[0.13030482398199275,2.673142931933538,1.1874371205717278,-1.4852174498029433,3.24168100242285,2.342199160613021],""source"":""LATEST SUCCESSFUL PHASE5 SERVO_J COMMAND \u2014 DRIVER MEMORY"",""error"":null}}","{""left"":{""valid"":true,""fresh"":true,""status"":""FRESH"",""joints_rad"":[3.0105814331510157,0.46379646504211475,-1.0900603941646256,1.493291141635734,-0.11415273612791353,1.039766113774531],""received_at_ms"":1788503667152,""age_ms"":70,""source"":""jaka_port10000_actual_feedback"",""mapping"":""port10000_joint_actual_position_deg_to_rad"",""error"":null},""right"":{""valid"":true,""fresh"":true,""status"":""FRESH"",""joints_rad"":[0.13220415298251528,2.67758308384601,1.1747551141115284,-1.4847844068615135,3.2438570795177473,2.3511112187459116],""received_at_ms"":1788503667165,""age_ms"":57,""source"":""jaka_port10000_actual_feedback"",""mapping"":""port10000_joint_actual_position_deg_to_rad"",""error"":null}}","{""left"":{""values"":[-100.86188838278758,-6.061816330184229,0.0986328125,-2.76171875,0.0,0.93084716796875],""received_at_ms"":1788503650125,""valid"":true,""status"":""STALE"",""error"":""Torque sample age 17097 ms exceeds 1500 ms"",""source"":""/left_jaka_driver/joint_torque_raw"",""age_ms"":17097,""fresh"":false},""right"":{""values"":[100.91801631177077,-0.6735351477982476,-1.208251953125,2.589111328125,0.320556640625,0.38836669921875],""received_at_ms"":1788503650720,""valid"":true,""status"":""STALE"",""error"":""Torque sample age 16502 ms exceeds 1500 ms"",""source"":""/right_jaka_driver/joint_torque_raw"",""age_ms"":16502,""fresh"":false}}"
161,1788503667325,RUNNING,14.304,"{""left"":{""valid"":true,""status"":""VALID"",""sample_index"":596,""time_from_start_s"":14.304,""joints_rad"":[3.0129823515178242,0.47968617129881147,-1.1337431234030753,1.4915845370495762,-0.10988547041216498,0.9828219580682048],""source"":""LATEST SUCCESSFUL PHASE5 SERVO_J COMMAND \u2014 DRIVER MEMORY"",""error"":null},""right"":{""valid"":true,""status"":""VALID"",""sample_index"":596,""time_from_start_s"":14.304,""joints_rad"":[0.1292971978132796,2.6708224260374456,1.1940422677469267,-1.4854225593907546,3.240516640644718,2.3374563933204433],""source"":""LATEST SUCCESSFUL PHASE5 SERVO_J COMMAND \u2014 DRIVER MEMORY"",""error"":null}}","{""left"":{""valid"":true,""fresh"":true,""status"":""FRESH"",""joints_rad"":[3.0121993533676146,0.47457038251467576,-1.1193498115398939,1.4920926240383896,-0.11121674326020867,1.0018240520995758],""received_at_ms"":1788503667319,""age_ms"":6,""source"":""jaka_port10000_actual_feedback"",""mapping"":""port10000_joint_actual_position_deg_to_rad"",""error"":null},""right"":{""valid"":true,""fresh"":true,""status"":""FRESH"",""joints_rad"":[0.13114945051553512,2.6750064542712906,1.182101379466098,-1.4850119977959737,3.2425986971270593,2.346053952705333],""received_at_ms"":1788503667280,""age_ms"":45,""source"":""jaka_port10000_actual_feedback"",""mapping"":""port10000_joint_actual_position_deg_to_rad"",""error"":null}}","{""left"":{""values"":[-100.86188838278758,-6.061816330184229,0.0986328125,-2.76171875,0.0,0.93084716796875],""received_at_ms"":1788503650125,""valid"":true,""status"":""STALE"",""error"":""Torque sample age 17200 ms exceeds 1500 ms"",""source"":""/left_jaka_driver/joint_torque_raw"",""age_ms"":17200,""fresh"":false},""right"":{""values"":[100.91801631177077,-0.6735351477982476,-1.208251953125,2.589111328125,0.320556640625,0.38836669921875],""received_at_ms"":1788503650720,""valid"":true,""status"":""STALE"",""error"":""Torque sample age 16605 ms exceeds 1500 ms"",""source"":""/right_jaka_driver/joint_torque_raw"",""age_ms"":16605,""fresh"":false}}"
162,1788503667423,RUNNING,14.4,"{""left"":{""valid"":true,""status"":""VALID"",""sample_index"":600,""time_from_start_s"":14.4,""joints_rad"":[3.013741152381289,0.48442623458226397,-1.1469704297099326,1.491094049170403,-0.10859007750868549,0.9646438502089998],""source"":""LATEST SUCCESSFUL PHASE5 SERVO_J COMMAND \u2014 DRIVER MEMORY"",""error"":null},""right"":{""valid"":true,""status"":""VALID"",""sample_index"":600,""time_from_start_s"":14.4,""joints_rad"":[0.12826022700477868,2.6686248953888163,1.2002953503566276,-1.4856791257172777,3.2393606156521773,2.3320037343734827],""source"":""LATEST SUCCESSFUL PHASE5 SERVO_J COMMAND \u2014 DRIVER MEMORY"",""error"":null}}","{""left"":{""valid"":true,""fresh"":true,""status"":""FRESH"",""joints_rad"":[3.0128943434757587,0.47902847702304485,-1.1317414746961283,1.4916253993976307,-0.11005417944545524,0.9871433896293509],""received_at_ms"":1788503667406,""age_ms"":17,""source"":""jaka_port10000_actual_feedback"",""mapping"":""port10000_joint_actual_position_deg_to_rad"",""error"":null},""right"":{""valid"":true,""fresh"":true,""status"":""FRESH"",""joints_rad"":[0.12993906467927704,2.6722500557836164,1.189855179201008,-1.4852158522526067,3.2412804499430283,2.340469248164801],""received_at_ms"":1788503667352,""age_ms"":71,""source"":""jaka_port10000_actual_feedback"",""mapping"":""port10000_joint_actual_position_deg_to_rad"",""error"":null}}","{""left"":{""values"":[-100.86188838278758,-6.061816330184229,0.0986328125,-2.76171875,0.0,0.93084716796875],""received_at_ms"":1788503650125,""valid"":true,""status"":""STALE"",""error"":""Torque sample age 17298 ms exceeds 1500 ms"",""source"":""/left_jaka_driver/joint_torque_raw"",""age_ms"":17298,""fresh"":false},""right"":{""values"":[100.91801631177077,-0.6735351477982476,-1.208251953125,2.589111328125,0.320556640625,0.38836669921875],""received_at_ms"":1788503650720,""valid"":true,""status"":""STALE"",""error"":""Torque sample age 16703 ms exceeds 1500 ms"",""source"":""/right_jaka_driver/joint_torque_raw"",""age_ms"":16703,""fresh"":false}}"
163,1788503667526,RUNNING,14.496,"{""left"":{""valid"":true,""status"":""VALID"",""sample_index"":604,""time_from_start_s"":14.496,""joints_rad"":[3.0145090992564247,0.48907835827729507,-1.1600115864295706,1.490622642373607,-0.10728979793320667,0.9454216265846613],""source"":""LATEST SUCCESSFUL PHASE5 SERVO_J COMMAND \u2014 DRIVER MEMORY"",""error"":null},""right"":{""valid"":true,""status"":""VALID"",""sample_index"":604,""time_from_start_s"":14.496,""joints_rad"":[0.12717693347617998,2.6666244273307855,1.2059985525540884,-1.4860191852668796,3.2382177118494253,2.325462107976696],""source"":""LATEST SUCCESSFUL PHASE5 SERVO_J COMMAND \u2014 DRIVER MEMORY"",""error"":null}}","{""left"":{""valid"":true,""fresh"":true,""status"":""FRESH"",""joints_rad"":[3.0128943434757587,0.47902847702304485,-1.1317414746961283,1.4916253993976307,-0.11005417944545524,0.9871433896293509],""received_at_ms"":1788503667406,""age_ms"":120,""source"":""jaka_port10000_actual_feedback"",""mapping"":""port10000_joint_actual_position_deg_to_rad"",""error"":null},""right"":{""valid"":true,""fresh"":true,""status"":""FRESH"",""joints_rad"":[0.12919607801670305,2.670488320436653,1.1946728115352878,-1.485359667382971,3.2403695626064124,2.336886087210457],""received_at_ms"":1788503667424,""age_ms"":102,""source"":""jaka_port10000_actual_feedback"",""mapping"":""port10000_joint_actual_position_deg_to_rad"",""error"":null}}","{""left"":{""values"":[-100.86188838278758,-6.061816330184229,0.0986328125,-2.76171875,0.0,0.93084716796875],""received_at_ms"":1788503650125,""valid"":true,""status"":""STALE"",""error"":""Torque sample age 17401 ms exceeds 1500 ms"",""source"":""/left_jaka_driver/joint_torque_raw"",""age_ms"":17401,""fresh"":false},""right"":{""values"":[100.91801631177077,-0.6735351477982476,-1.208251953125,2.589111328125,0.320556640625,0.38836669921875],""received_at_ms"":1788503650720,""valid"":true,""status"":""STALE"",""error"":""Torque sample age 16806 ms exceeds 1500 ms"",""source"":""/right_jaka_driver/joint_torque_raw"",""age_ms"":16806,""fresh"":false}}"
164,1788503667629,RUNNING,14.592,"{""left"":{""valid"":true,""status"":""VALID"",""sample_index"":609,""time_from_start_s"":14.616,""joints_rad"":[3.015478959407477,0.4947857652165024,-1.1761082033717292,1.4900593074021673,-0.10565957813048829,0.9207341673419035],""source"":""LATEST SUCCESSFUL PHASE5 SERVO_J COMMAND \u2014 DRIVER MEMORY"",""error"":null},""right"":{""valid"":true,""status"":""VALID"",""sample_index"":608,""time_from_start_s"":14.592,""joints_rad"":[0.12606714897058222,2.6647443362146266,1.211402373682877,-1.48641197747923,3.237082226443946,2.318378012535989],""source"":""LATEST SUCCESSFUL PHASE5 SERVO_J COMMAND \u2014 DRIVER MEMORY"",""error"":null}}","{""left"":{""valid"":true,""fresh"":true,""status"":""FRESH"",""joints_rad"":[3.013829141823127,0.48497254485656194,-1.148315644871842,1.4910141850935823,-0.1084962985551251,0.9630311424142736],""received_at_ms"":1788503667527,""age_ms"":102,""source"":""jaka_port10000_actual_feedback"",""mapping"":""port10000_joint_actual_position_deg_to_rad"",""error"":null},""right"":{""valid"":true,""fresh"":true,""status"":""FRESH"",""joints_rad"":[0.12790174184342404,2.667827915057838,1.2022468423572423,-1.4857310734477953,3.238955496846447,2.329983135485894],""received_at_ms"":1788503667537,""age_ms"":92,""source"":""jaka_port10000_actual_feedback"",""mapping"":""port10000_joint_actual_position_deg_to_rad"",""error"":null}}","{""left"":{""values"":[-100.86188838278758,-6.061816330184229,0.0986328125,-2.76171875,0.0,0.93084716796875],""received_at_ms"":1788503650125,""valid"":true,""status"":""STALE"",""error"":""Torque sample age 17504 ms exceeds 1500 ms"",""source"":""/left_jaka_driver/joint_torque_raw"",""age_ms"":17504,""fresh"":false},""right"":{""values"":[100.91801631177077,-0.6735351477982476,-1.208251953125,2.589111328125,0.320556640625,0.38836669921875],""received_at_ms"":1788503650720,""valid"":true,""status"":""STALE"",""error"":""Torque sample age 16909 ms exceeds 1500 ms"",""source"":""/right_jaka_driver/joint_torque_raw"",""age_ms"":16909,""fresh"":false}}"
165,1788503667728,RUNNING,14.712,"{""left"":{""valid"":true,""status"":""VALID"",""sample_index"":613,""time_from_start_s"":14.712,""joints_rad"":[3.016258021351954,0.49928870197025543,-1.18891068517652,1.4896300724511473,-0.10435471603253169,0.9017117481990803],""source"":""LATEST SUCCESSFUL PHASE5 SERVO_J COMMAND \u2014 DRIVER MEMORY"",""error"":null},""right"":{""valid"":true,""status"":""VALID"",""sample_index"":613,""time_from_start_s"":14.712,""joints_rad"":[0.12470408538622454,2.6623170972276706,1.2184944670345235,-1.4868760766072853,3.2356557388857707,2.3103594935767067],""source"":""LATEST SUCCESSFUL PHASE5 SERVO_J COMMAND \u2014 DRIVER MEMORY"",""error"":null}}","{""left"":{""valid"":true,""fresh"":true,""status"":""FRESH"",""joints_rad"":[3.0148597587464296,0.4910726451252073,-1.1654291217864219,1.4903909280176948,-0.10672252043632327,0.9370972950588897],""received_at_ms"":1788503667641,""age_ms"":87,""source"":""jaka_port10000_actual_feedback"",""mapping"":""port10000_joint_actual_position_deg_to_rad"",""error"":null},""right"":{""valid"":true,""fresh"":true,""status"":""FRESH"",""joints_rad"":[0.1257925114423889,2.664160629233548,1.2127092185583224,-1.4864981456540467,3.2368103126628203,2.316692627764882],""received_at_ms"":1788503667725,""age_ms"":3,""source"":""jaka_port10000_actual_feedback"",""mapping"":""port10000_joint_actual_position_deg_to_rad"",""error"":null}}","{""left"":{""values"":[-100.86188838278758,-6.061816330184229,0.0986328125,-2.76171875,0.0,0.93084716796875],""received_at_ms"":1788503650125,""valid"":true,""status"":""STALE"",""error"":""Torque sample age 17603 ms exceeds 1500 ms"",""source"":""/left_jaka_driver/joint_torque_raw"",""age_ms"":17603,""fresh"":false},""right"":{""values"":[100.91801631177077,-0.6735351477982476,-1.208251953125,2.589111328125,0.320556640625,0.38836669921875],""received_at_ms"":1788503650720,""valid"":true,""status"":""STALE"",""error"":""Torque sample age 17008 ms exceeds 1500 ms"",""source"":""/right_jaka_driver/joint_torque_raw"",""age_ms"":17008,""fresh"":false}}"
166,1788503667829,RUNNING,14.808,"{""left"":{""valid"":true,""status"":""VALID"",""sample_index"":617,""time_from_start_s"":14.808,""joints_rad"":[3.0170353205350438,0.5037574473738665,-1.201731499351751,1.4892208387455792,-0.1030523202464376,0.8845010078321817],""source"":""LATEST SUCCESSFUL PHASE5 SERVO_J COMMAND \u2014 DRIVER MEMORY"",""error"":null},""right"":{""valid"":true,""status"":""VALID"",""sample_index"":617,""time_from_start_s"":14.808,""joints_rad"":[0.12368281029360449,2.6601110706136755,1.2250483078342835,-1.487142170912797,3.234494620581262,2.305884955370736],""source"":""LATEST SUCCESSFUL PHASE5 SERVO_J COMMAND \u2014 DRIVER MEMORY"",""error"":null}}","{""left"":{""valid"":true,""fresh"":true,""status"":""FRESH"",""joints_rad"":[3.0163099528219117,0.49924584747937156,-1.189038016045224,1.4895999448006914,-0.10426579498121605,0.9017198201868152],""received_at_ms"":1788503667826,""age_ms"":3,""source"":""jaka_port10000_actual_feedback"",""mapping"":""port10000_joint_actual_position_deg_to_rad"",""error"":null},""right"":{""valid"":true,""fresh"":true,""status"":""FRESH"",""joints_rad"":[0.12496557444279399,2.6627106096909907,1.2169395475993061,-1.486761690371098,3.235983375663225,2.311767134082829],""received_at_ms"":1788503667796,""age_ms"":33,""source"":""jaka_port10000_actual_feedback"",""mapping"":""port10000_joint_actual_position_deg_to_rad"",""error"":null}}","{""left"":{""values"":[-100.86188838278758,-6.061816330184229,0.0986328125,-2.76171875,0.0,0.93084716796875],""received_at_ms"":1788503650125,""valid"":true,""status"":""STALE"",""error"":""Torque sample age 17704 ms exceeds 1500 ms"",""source"":""/left_jaka_driver/joint_torque_raw"",""age_ms"":17704,""fresh"":false},""right"":{""values"":[100.91801631177077,-0.6735351477982476,-1.208251953125,2.589111328125,0.320556640625,0.38836669921875],""received_at_ms"":1788503650720,""valid"":true,""status"":""STALE"",""error"":""Torque sample age 17109 ms exceeds 1500 ms"",""source"":""/right_jaka_driver/joint_torque_raw"",""age_ms"":17109,""fresh"":false}}"
167,1788503667928,RUNNING,14.904,"{""left"":{""valid"":true,""status"":""VALID"",""sample_index"":621,""time_from_start_s"":14.904,""joints_rad"":[3.0178079715891153,0.5082056846611922,-1.214623739530927,1.4888319304762434,-0.10175432207595404,0.869768843895975],""source"":""LATEST SUCCESSFUL PHASE5 SERVO_J COMMAND \u2014 DRIVER MEMORY"",""error"":null},""right"":{""valid"":true,""status"":""VALID"",""sample_index"":621,""time_from_start_s"":14.904,""joints_rad"":[0.12274639223238314,2.6575726620327003,1.2326656403023089,-1.4872738836854906,3.2333091481673355,2.303704317711521],""source"":""LATEST SUCCESSFUL PHASE5 SERVO_J COMMAND \u2014 DRIVER MEMORY"",""error"":null}}","{""left"":{""valid"":true,""fresh"":true,""status"":""FRESH"",""joints_rad"":[3.01687317057153,0.5026733250644381,-1.198793184833396,1.48928840352921,-0.10333099663384789,0.8884893517920721],""received_at_ms"":1788503667896,""age_ms"":32,""source"":""jaka_port10000_actual_feedback"",""mapping"":""port10000_joint_actual_position_deg_to_rad"",""error"":null},""right"":{""valid"":true,""fresh"":true,""status"":""FRESH"",""joints_rad"":[0.12393495751949135,2.660589336518117,1.2232672388024115,-1.4870734061755042,3.2348089436095586,2.306769732835594],""received_at_ms"":1788503667907,""age_ms"":21,""source"":""jaka_port10000_actual_feedback"",""mapping"":""port10000_joint_actual_position_deg_to_rad"",""error"":null}}","{""left"":{""values"":[-100.86188838278758,-6.061816330184229,0.0986328125,-2.76171875,0.0,0.93084716796875],""received_at_ms"":1788503650125,""valid"":true,""status"":""STALE"",""error"":""Torque sample age 17803 ms exceeds 1500 ms"",""source"":""/left_jaka_driver/joint_torque_raw"",""age_ms"":17803,""fresh"":false},""right"":{""values"":[100.91801631177077,-0.6735351477982476,-1.208251953125,2.589111328125,0.320556640625,0.38836669921875],""received_at_ms"":1788503650720,""valid"":true,""status"":""STALE"",""error"":""Torque sample age 17208 ms exceeds 1500 ms"",""source"":""/right_jaka_driver/joint_torque_raw"",""age_ms"":17208,""fresh"":false}}"
168,1788503668029,RUNNING,15.0,"{""left"":{""valid"":true,""status"":""VALID"",""sample_index"":625,""time_from_start_s"":15.0,""joints_rad"":[3.0185759235143834,0.5126339624068771,-1.2275881102036834,1.4884623430251906,-0.10046074923038875,0.8573705868919215],""source"":""LATEST SUCCESSFUL PHASE5 SERVO_J COMMAND \u2014 DRIVER MEMORY"",""error"":null},""right"":{""valid"":true,""status"":""VALID"",""sample_index"":625,""time_from_start_s"":15.0,""joints_rad"":[0.12187716944530515,2.6547686604527807,1.241120417736748,-1.4872976325033074,3.2321044171659192,2.303315140676279],""source"":""LATEST SUCCESSFUL PHASE5 SERVO_J COMMAND \u2014 DRIVER MEMORY"",""error"":null}}","{""left"":{""valid"":true,""fresh"":true,""status"":""FRESH"",""joints_rad"":[3.017855965473329,0.5082580296049695,-1.2146603221291268,1.4888449153662784,-0.10177311574351774,0.8695661429760992],""received_at_ms"":1788503668007,""age_ms"":22,""source"":""jaka_port10000_actual_feedback"",""mapping"":""port10000_joint_actual_position_deg_to_rad"",""error"":null},""right"":{""valid"":true,""fresh"":true,""status"":""FRESH"",""joints_rad"":[0.12304815572655302,2.6583603765303945,1.2299783788421803,-1.4872290895447822,3.2336943763492347,2.3040852419131017],""received_at_ms"":1788503668023,""age_ms"":6,""source"":""jaka_port10000_actual_feedback"",""mapping"":""port10000_joint_actual_position_deg_to_rad"",""error"":null}}","{""left"":{""values"":[-100.86188838278758,-6.061816330184229,0.0986328125,-2.76171875,0.0,0.93084716796875],""received_at_ms"":1788503650125,""valid"":true,""status"":""STALE"",""error"":""Torque sample age 17904 ms exceeds 1500 ms"",""source"":""/left_jaka_driver/joint_torque_raw"",""age_ms"":17904,""fresh"":false},""right"":{""values"":[100.91801631177077,-0.6735351477982476,-1.208251953125,2.589111328125,0.320556640625,0.38836669921875],""received_at_ms"":1788503650720,""valid"":true,""status"":""STALE"",""error"":""Torque sample age 17309 ms exceeds 1500 ms"",""source"":""/right_jaka_driver/joint_torque_raw"",""age_ms"":17309,""fresh"":false}}"
169,1788503668129,RUNNING,15.096,"{""left"":{""valid"":true,""status"":""VALID"",""sample_index"":629,""time_from_start_s"":15.096,""joints_rad"":[3.019340972660277,0.5170330074911041,-1.240584413322932,1.4881060523348306,-0.09916986293399561,0.8464068370589883],""source"":""LATEST SUCCESSFUL PHASE5 SERVO_J COMMAND \u2014 DRIVER MEMORY"",""error"":null},""right"":{""valid"":true,""status"":""VALID"",""sample_index"":629,""time_from_start_s"":15.096,""joints_rad"":[0.12103377986094199,2.651798764389639,1.2501224360481644,-1.4872714956620152,3.2308909037959523,2.3040446466923705],""source"":""LATEST SUCCESSFUL PHASE5 SERVO_J COMMAND \u2014 DRIVER MEMORY"",""error"":null}}","{""left"":{""valid"":true,""fresh"":true,""status"":""FRESH"",""joints_rad"":[3.0183593184296034,0.511254061798943,-1.2232410588636318,1.4885932388881409,-0.1008622284069019,0.8612252144808183],""received_at_ms"":1788503668122,""age_ms"":7,""source"":""jaka_port10000_actual_feedback"",""mapping"":""port10000_joint_actual_position_deg_to_rad"",""error"":null},""right"":{""valid"":true,""fresh"":true,""status"":""FRESH"",""joints_rad"":[0.12304815572655302,2.6583603765303945,1.2299783788421803,-1.4872290895447822,3.2336943763492347,2.3040852419131017],""received_at_ms"":1788503668023,""age_ms"":106,""source"":""jaka_port10000_actual_feedback"",""mapping"":""port10000_joint_actual_position_deg_to_rad"",""error"":null}}","{""left"":{""values"":[-100.86188838278758,-6.061816330184229,0.0986328125,-2.76171875,0.0,0.93084716796875],""received_at_ms"":1788503650125,""valid"":true,""status"":""STALE"",""error"":""Torque sample age 18004 ms exceeds 1500 ms"",""source"":""/left_jaka_driver/joint_torque_raw"",""age_ms"":18004,""fresh"":false},""right"":{""values"":[100.91801631177077,-0.6735351477982476,-1.208251953125,2.589111328125,0.320556640625,0.38836669921875],""received_at_ms"":1788503650720,""valid"":true,""status"":""STALE"",""error"":""Torque sample age 17409 ms exceeds 1500 ms"",""source"":""/right_jaka_driver/joint_torque_raw"",""age_ms"":17409,""fresh"":false}}"
170,1788503668232,RUNNING,15.216000000000001,"{""left"":{""valid"":true,""status"":""VALID"",""sample_index"":634,""time_from_start_s"":15.216000000000001,""joints_rad"":[3.0202895023297853,0.5225021291950654,-1.256911123011969,1.487660953152389,-0.09756009791001272,0.8344517109432974],""source"":""LATEST SUCCESSFUL PHASE5 SERVO_J COMMAND \u2014 DRIVER MEMORY"",""error"":null},""right"":{""valid"":true,""status"":""VALID"",""sample_index"":634,""time_from_start_s"":15.216000000000001,""joints_rad"":[0.1200530556241503,2.647376861319523,1.2638007961594504,-1.4870700784297888,3.229343610652215,2.3098340960816994],""source"":""LATEST SUCCESSFUL PHASE5 SERVO_J COMMAND \u2014 DRIVER MEMORY"",""error"":null}}","{""left"":{""valid"":true,""fresh"":true,""status"":""FRESH"",""joints_rad"":[3.019282074005133,0.5163832354047039,-1.2387605265723654,1.488197921812564,-0.09926839373398069,0.8480546108794188],""received_at_ms"":1788503668192,""age_ms"":40,""source"":""jaka_port10000_actual_feedback"",""mapping"":""port10000_joint_actual_position_deg_to_rad"",""error"":null},""right"":{""valid"":true,""fresh"":true,""status"":""FRESH"",""joints_rad"":[0.1208670177603357,2.651145883534351,1.2518976198521266,-1.4871571819796,3.2306623903726703,2.3049840864778783],""received_at_ms"":1788503668217,""age_ms"":15,""source"":""jaka_port10000_actual_feedback"",""mapping"":""port10000_joint_actual_position_deg_to_rad"",""error"":null}}","{""left"":{""values"":[-100.86188838278758,-6.061816330184229,0.0986328125,-2.76171875,0.0,0.93084716796875],""received_at_ms"":1788503650125,""valid"":true,""status"":""STALE"",""error"":""Torque sample age 18107 ms exceeds 1500 ms"",""source"":""/left_jaka_driver/joint_torque_raw"",""age_ms"":18107,""fresh"":false},""right"":{""values"":[100.91801631177077,-0.6735351477982476,-1.208251953125,2.589111328125,0.320556640625,0.38836669921875],""received_at_ms"":1788503650720,""valid"":true,""status"":""STALE"",""error"":""Torque sample age 17512 ms exceeds 1500 ms"",""source"":""/right_jaka_driver/joint_torque_raw"",""age_ms"":17512,""fresh"":false}}"
171,1788503668346,RUNNING,15.312000000000001,"{""left"":{""valid"":true,""status"":""VALID"",""sample_index"":638,""time_from_start_s"":15.312000000000001,""joints_rad"":[3.0210427418945662,0.5268519721730645,-1.270029586721977,1.4873062589809019,-0.0962752333820821,0.8260525399911027],""source"":""LATEST SUCCESSFUL PHASE5 SERVO_J COMMAND \u2014 DRIVER MEMORY"",""error"":null},""right"":{""valid"":true,""status"":""VALID"",""sample_index"":638,""time_from_start_s"":15.312000000000001,""joints_rad"":[0.11933763909814313,2.6431723119809134,1.277070801770669,-1.4867581056934651,3.228076688059039,2.3191976676396955],""source"":""LATEST SUCCESSFUL PHASE5 SERVO_J COMMAND \u2014 DRIVER MEMORY"",""error"":null}}","{""left"":{""valid"":true,""fresh"":true,""status"":""FRESH"",""joints_rad"":[3.0198213807439993,0.5196909834030835,-1.248443787795355,1.4879462453344265,-0.09827373059326912,0.8404805800574642],""received_at_ms"":1788503668262,""age_ms"":84,""source"":""jaka_port10000_actual_feedback"",""mapping"":""port10000_joint_actual_position_deg_to_rad"",""error"":null},""right"":{""valid"":true,""fresh"":true,""status"":""FRESH"",""joints_rad"":[0.12027988899996482,2.6485333001770406,1.2598191457281533,-1.4868815944907101,3.229799499590484,2.3079919869107655],""received_at_ms"":1788503668287,""age_ms"":59,""source"":""jaka_port10000_actual_feedback"",""mapping"":""port10000_joint_actual_position_deg_to_rad"",""error"":null}}","{""left"":{""values"":[-100.86188838278758,-6.061816330184229,0.0986328125,-2.76171875,0.0,0.93084716796875],""received_at_ms"":1788503650125,""valid"":true,""status"":""STALE"",""error"":""Torque sample age 18221 ms exceeds 1500 ms"",""source"":""/left_jaka_driver/joint_torque_raw"",""age_ms"":18221,""fresh"":false},""right"":{""values"":[100.91801631177077,-0.6735351477982476,-1.208251953125,2.589111328125,0.320556640625,0.38836669921875],""received_at_ms"":1788503650720,""valid"":true,""status"":""STALE"",""error"":""Torque sample age 17626 ms exceeds 1500 ms"",""source"":""/right_jaka_driver/joint_torque_raw"",""age_ms"":17626,""fresh"":false}}"
172,1788503668434,RUNNING,15.408,"{""left"":{""valid"":true,""status"":""VALID"",""sample_index"":642,""time_from_start_s"":15.408,""joints_rad"":[3.021795212112215,0.5311655787564168,-1.2831480567270677,1.4869656283760058,-0.09499220173648314,0.8182538254578477],""source"":""LATEST SUCCESSFUL PHASE5 SERVO_J COMMAND \u2014 DRIVER MEMORY"",""error"":null},""right"":{""valid"":true,""status"":""VALID"",""sample_index"":642,""time_from_start_s"":15.408,""joints_rad"":[0.11866193054659202,2.6385856726853283,1.2917516411568686,-1.4863726718405372,3.2267922600492627,2.331515258547802],""source"":""LATEST SUCCESSFUL PHASE5 SERVO_J COMMAND \u2014 DRIVER MEMORY"",""error"":null}}","{""left"":{""valid"":true,""fresh"":true,""status"":""FRESH"",""joints_rad"":[3.0207200507758514,0.5247721604544147,-1.2635199418740821,1.4875266681822472,-0.09683557928962579,0.8300662004108139],""received_at_ms"":1788503668374,""age_ms"":60,""source"":""jaka_port10000_actual_feedback"",""mapping"":""port10000_joint_actual_position_deg_to_rad"",""error"":null},""right"":{""valid"":true,""fresh"":true,""status"":""FRESH"",""joints_rad"":[0.11954877057630439,2.644614512407538,1.2726661652862332,-1.486725736588507,3.228541117199796,2.3158058259719443],""received_at_ms"":1788503668400,""age_ms"":34,""source"":""jaka_port10000_actual_feedback"",""mapping"":""port10000_joint_actual_position_deg_to_rad"",""error"":null}}","{""left"":{""values"":[-100.86188838278758,-6.061816330184229,0.0986328125,-2.76171875,0.0,0.93084716796875],""received_at_ms"":1788503650125,""valid"":true,""status"":""STALE"",""error"":""Torque sample age 18309 ms exceeds 1500 ms"",""source"":""/left_jaka_driver/joint_torque_raw"",""age_ms"":18309,""fresh"":false},""right"":{""values"":[100.91801631177077,-0.6735351477982476,-1.208251953125,2.589111328125,0.320556640625,0.38836669921875],""received_at_ms"":1788503650720,""valid"":true,""status"":""STALE"",""error"":""Torque sample age 17714 ms exceeds 1500 ms"",""source"":""/right_jaka_driver/joint_torque_raw"",""age_ms"":17714,""fresh"":false}}"
173,1788503668539,RUNNING,15.528,"{""left"":{""valid"":true,""status"":""VALID"",""sample_index"":647,""time_from_start_s"":15.528,""joints_rad"":[3.0227426544054556,0.5364809410042839,-1.2994507133688138,1.4865835384382589,-0.09338950860214645,0.8086508619295274],""source"":""LATEST SUCCESSFUL PHASE5 SERVO_J COMMAND \u2014 DRIVER MEMORY"",""error"":null},""right"":{""valid"":true,""status"":""VALID"",""sample_index"":647,""time_from_start_s"":15.528,""joints_rad"":[0.11782267043271107,2.632803020664286,1.3104984895583922,-1.4859169729138721,3.225182146395355,2.3479629373603363],""source"":""LATEST SUCCESSFUL PHASE5 SERVO_J COMMAND \u2014 DRIVER MEMORY"",""error"":null}}","{""left"":{""valid"":true,""fresh"":true,""status"":""FRESH"",""joints_rad"":[3.0212953112973087,0.5280198691265257,-1.2734068830207796,1.4872510806933572,-0.0958768699315053,0.8240500504791896],""received_at_ms"":1788503668452,""age_ms"":87,""source"":""jaka_port10000_actual_feedback"",""mapping"":""port10000_joint_actual_position_deg_to_rad"",""error"":null},""right"":{""valid"":true,""fresh"":true,""status"":""FRESH"",""joints_rad"":[0.11897351005484706,2.640887361789904,1.2846145148124613,-1.4864740601103694,3.2274026389287203,2.3250815528145936],""received_at_ms"":1788503668514,""age_ms"":25,""source"":""jaka_port10000_actual_feedback"",""mapping"":""port10000_joint_actual_position_deg_to_rad"",""error"":null}}","{""left"":{""values"":[-100.86188838278758,-6.061816330184229,0.0986328125,-2.76171875,0.0,0.93084716796875],""received_at_ms"":1788503650125,""valid"":true,""status"":""STALE"",""error"":""Torque sample age 18414 ms exceeds 1500 ms"",""source"":""/left_jaka_driver/joint_torque_raw"",""age_ms"":18414,""fresh"":false},""right"":{""values"":[100.91801631177077,-0.6735351477982476,-1.208251953125,2.589111328125,0.320556640625,0.38836669921875],""received_at_ms"":1788503650720,""valid"":true,""status"":""STALE"",""error"":""Torque sample age 17819 ms exceeds 1500 ms"",""source"":""/right_jaka_driver/joint_torque_raw"",""age_ms"":17819,""fresh"":false}}"
174,1788503668637,RUNNING,15.624,"{""left"":{""valid"":true,""status"":""VALID"",""sample_index"":651,""time_from_start_s"":15.624,""joints_rad"":[3.0235114433638297,0.5406550716490608,-1.312352876948632,1.4863275790742287,-0.09210723964103563,0.8006486063082147],""source"":""LATEST SUCCESSFUL PHASE5 SERVO_J COMMAND \u2014 DRIVER MEMORY"",""error"":null},""right"":{""valid"":true,""status"":""VALID"",""sample_index"":651,""time_from_start_s"":15.624,""joints_rad"":[0.11712004101666056,2.628480574368312,1.324666933409322,-1.48565949149016,3.223904796858071,2.3596889840943684],""source"":""LATEST SUCCESSFUL PHASE5 SERVO_J COMMAND \u2014 DRIVER MEMORY"",""error"":null}}","{""left"":{""valid"":true,""fresh"":true,""status"":""FRESH"",""joints_rad"":[3.022757373611704,0.5361932460136151,-1.298573832702837,1.4866398663893088,-0.09331228312862483,0.809345476998212],""received_at_ms"":1788503668633,""age_ms"":4,""source"":""jaka_port10000_actual_feedback"",""mapping"":""port10000_joint_actual_position_deg_to_rad"",""error"":null},""right"":{""valid"":true,""fresh"":true,""status"":""FRESH"",""joints_rad"":[0.11817065859892967,2.635134931108256,1.303106103704416,-1.4860667002629537,3.225784893245047,2.341499865088104],""received_at_ms"":1788503668586,""age_ms"":51,""source"":""jaka_port10000_actual_feedback"",""mapping"":""port10000_joint_actual_position_deg_to_rad"",""error"":null}}","{""left"":{""values"":[-100.86188838278758,-6.061816330184229,0.0986328125,-2.76171875,0.0,0.93084716796875],""received_at_ms"":1788503650125,""valid"":true,""status"":""STALE"",""error"":""Torque sample age 18512 ms exceeds 1500 ms"",""source"":""/left_jaka_driver/joint_torque_raw"",""age_ms"":18512,""fresh"":false},""right"":{""values"":[100.91801631177077,-0.6735351477982476,-1.208251953125,2.589111328125,0.320556640625,0.38836669921875],""received_at_ms"":1788503650720,""valid"":true,""status"":""STALE"",""error"":""Torque sample age 17917 ms exceeds 1500 ms"",""source"":""/right_jaka_driver/joint_torque_raw"",""age_ms"":17917,""fresh"":false}}"
175,1788503668736,RUNNING,15.72,"{""left"":{""valid"":true,""status"":""VALID"",""sample_index"":655,""time_from_start_s"":15.72,""joints_rad"":[3.024291580612072,0.5447553979815595,-1.3251116428662455,1.4861175410315617,-0.09082456318588646,0.7922437414474254],""source"":""LATEST SUCCESSFUL PHASE5 SERVO_J COMMAND \u2014 DRIVER MEMORY"",""error"":null},""right"":{""valid"":true,""status"":""VALID"",""sample_index"":655,""time_from_start_s"":15.72,""joints_rad"":[0.1163792343899351,2.624528306260319,1.3377220835838068,-1.4855154255334733,3.222641655514656,2.3693475264110413],""source"":""LATEST SUCCESSFUL PHASE5 SERVO_J COMMAND \u2014 DRIVER MEMORY"",""error"":null}}","{""left"":{""valid"":true,""fresh"":true,""status"":""FRESH"",""joints_rad"":[3.022757373611704,0.5361932460136151,-1.298573832702837,1.4866398663893088,-0.09331228312862483,0.809345476998212],""received_at_ms"":1788503668633,""age_ms"":103,""source"":""jaka_port10000_actual_feedback"",""mapping"":""port10000_joint_actual_position_deg_to_rad"",""error"":null},""right"":{""valid"":true,""fresh"":true,""status"":""FRESH"",""joints_rad"":[0.11767917388156807,2.6321148133706047,1.3131728137640688,-1.4858869313499985,3.2248860486802697,2.3502125487140595],""received_at_ms"":1788503668657,""age_ms"":79,""source"":""jaka_port10000_actual_feedback"",""mapping"":""port10000_joint_actual_position_deg_to_rad"",""error"":null}}","{""left"":{""values"":[-100.86188838278758,-6.061816330184229,0.0986328125,-2.76171875,0.0,0.93084716796875],""received_at_ms"":1788503650125,""valid"":true,""status"":""STALE"",""error"":""Torque sample age 18611 ms exceeds 1500 ms"",""source"":""/left_jaka_driver/joint_torque_raw"",""age_ms"":18611,""fresh"":false},""right"":{""values"":[100.91801631177077,-0.6735351477982476,-1.208251953125,2.589111328125,0.320556640625,0.38836669921875],""received_at_ms"":1788503650720,""valid"":true,""status"":""STALE"",""error"":""Torque sample age 18016 ms exceeds 1500 ms"",""source"":""/right_jaka_driver/joint_torque_raw"",""age_ms"":18016,""fresh"":false}}"
176,1788503668854,RUNNING,15.816,"{""left"":{""valid"":true,""status"":""VALID"",""sample_index"":659,""time_from_start_s"":15.816,""joints_rad"":[3.02508034584784,0.5487930592178335,-1.3377616545905056,1.4859378753220016,-0.0895419643652459,0.7836823252496947],""source"":""LATEST SUCCESSFUL PHASE5 SERVO_J COMMAND \u2014 DRIVER MEMORY"",""error"":null},""right"":{""valid"":true,""status"":""VALID"",""sample_index"":659,""time_from_start_s"":15.816,""joints_rad"":[0.11562165585817415,2.620738287856898,1.3502796822352805,-1.4854185320285835,3.2213847850268365,2.3780729950273454],""source"":""LATEST SUCCESSFUL PHASE5 SERVO_J COMMAND \u2014 DRIVER MEMORY"",""error"":null}}","{""left"":{""valid"":true,""fresh"":true,""status"":""FRESH"",""joints_rad"":[3.024303386263121,0.5442824980307585,-1.3243279111452653,1.4861724672156247,-0.0908314721298401,0.792747395811746],""received_at_ms"":1788503668826,""age_ms"":28,""source"":""jaka_port10000_actual_feedback"",""mapping"":""port10000_joint_actual_position_deg_to_rad"",""error"":null},""right"":{""valid"":true,""fresh"":true,""status"":""FRESH"",""joints_rad"":[0.11680441486046851,2.6269257749715007,1.3303702410156697,-1.485587258317431,3.223388032583283,2.364042188641012],""received_at_ms"":1788503668770,""age_ms"":84,""source"":""jaka_port10000_actual_feedback"",""mapping"":""port10000_joint_actual_position_deg_to_rad"",""error"":null}}","{""left"":{""values"":[-100.86188838278758,-6.061816330184229,0.0986328125,-2.76171875,0.0,0.93084716796875],""received_at_ms"":1788503650125,""valid"":true,""status"":""STALE"",""error"":""Torque sample age 18729 ms exceeds 1500 ms"",""source"":""/left_jaka_driver/joint_torque_raw"",""age_ms"":18729,""fresh"":false},""right"":{""values"":[100.91801631177077,-0.6735351477982476,-1.208251953125,2.589111328125,0.320556640625,0.38836669921875],""received_at_ms"":1788503650720,""valid"":true,""status"":""STALE"",""error"":""Torque sample age 18134 ms exceeds 1500 ms"",""source"":""/right_jaka_driver/joint_torque_raw"",""age_ms"":18134,""fresh"":false}}"
177,1788503668939,RUNNING,15.912,"{""left"":{""valid"":true,""status"":""VALID"",""sample_index"":663,""time_from_start_s"":15.912,""joints_rad"":[3.0258755199296656,0.5527790809742867,-1.3503257758701281,1.4857636920311328,-0.08825949418377589,0.7751506467042468],""source"":""LATEST SUCCESSFUL PHASE5 SERVO_J COMMAND \u2014 DRIVER MEMORY"",""error"":null},""right"":{""valid"":true,""status"":""VALID"",""sample_index"":663,""time_from_start_s"":15.912,""joints_rad"":[0.11486114995525523,2.6169734144656482,1.3627853643025634,-1.4853224488676906,3.2201280580004235,2.38676343476421],""source"":""LATEST SUCCESSFUL PHASE5 SERVO_J COMMAND \u2014 DRIVER MEMORY"",""error"":null}}","{""left"":{""valid"":true,""fresh"":true,""status"":""FRESH"",""joints_rad"":[3.025082326708286,0.548177374789509,-1.336959382540724,1.485968787291917,-0.08962108629358202,0.7840947515120589],""received_at_ms"":1788503668932,""age_ms"":7,""source"":""jaka_port10000_actual_feedback"",""mapping"":""port10000_joint_actual_position_deg_to_rad"",""error"":null},""right"":{""valid"":true,""fresh"":true,""status"":""FRESH"",""joints_rad"":[0.11622915433901118,2.6239896075708704,1.3401014987930895,-1.4854793969696578,3.2224052376814853,2.3708973183440705],""received_at_ms"":1788503668879,""age_ms"":60,""source"":""jaka_port10000_actual_feedback"",""mapping"":""port10000_joint_actual_position_deg_to_rad"",""error"":null}}","{""left"":{""values"":[-100.86188838278758,-6.061816330184229,0.0986328125,-2.76171875,0.0,0.93084716796875],""received_at_ms"":1788503650125,""valid"":true,""status"":""STALE"",""error"":""Torque sample age 18814 ms exceeds 1500 ms"",""source"":""/left_jaka_driver/joint_torque_raw"",""age_ms"":18814,""fresh"":false},""right"":{""values"":[100.91801631177077,-0.6735351477982476,-1.208251953125,2.589111328125,0.320556640625,0.38836669921875],""received_at_ms"":1788503650720,""valid"":true,""status"":""STALE"",""error"":""Torque sample age 18219 ms exceeds 1500 ms"",""source"":""/right_jaka_driver/joint_torque_raw"",""age_ms"":18219,""fresh"":false}}"
178,1788503669040,RUNNING,16.008,"{""left"":{""valid"":true,""status"":""VALID"",""sample_index"":667,""time_from_start_s"":16.008,""joints_rad"":[3.0266770783694725,0.5567157226485576,-1.3628035317610234,1.4855858317349033,-0.08697701544078726,0.7666538561877145],""source"":""LATEST SUCCESSFUL PHASE5 SERVO_J COMMAND \u2014 DRIVER MEMORY"",""error"":null},""right"":{""valid"":true,""status"":""VALID"",""sample_index"":667,""time_from_start_s"":16.008,""joints_rad"":[0.1140947043987101,2.613258286696543,1.3752049065963983,-1.4852298518290223,3.218871839322371,2.3954209073117667],""source"":""LATEST SUCCESSFUL PHASE5 SERVO_J COMMAND \u2014 DRIVER MEMORY"",""error"":null}}","{""left"":{""valid"":true,""fresh"":true,""status"":""FRESH"",""joints_rad"":[3.0258853526971285,0.5521682446571192,-1.349446864272893,1.4858129293897138,-0.08830283910955071,0.7756457871360796],""received_at_ms"":1788503669018,""age_ms"":22,""source"":""jaka_port10000_actual_feedback"",""mapping"":""port10000_joint_actual_position_deg_to_rad"",""error"":null},""right"":{""valid"":true,""fresh"":true,""status"":""FRESH"",""joints_rad"":[0.11480304580720661,2.6170147482811257,1.3630272711826608,-1.4854074894044755,3.220116238367494,2.3869440500198316],""received_at_ms"":1788503669024,""age_ms"":16,""source"":""jaka_port10000_actual_feedback"",""mapping"":""port10000_joint_actual_position_deg_to_rad"",""error"":null}}","{""left"":{""values"":[-100.86188838278758,-6.061816330184229,0.0986328125,-2.76171875,0.0,0.93084716796875],""received_at_ms"":1788503650125,""valid"":true,""status"":""STALE"",""error"":""Torque sample age 18915 ms exceeds 1500 ms"",""source"":""/left_jaka_driver/joint_torque_raw"",""age_ms"":18915,""fresh"":false},""right"":{""values"":[100.91801631177077,-0.6735351477982476,-1.208251953125,2.589111328125,0.320556640625,0.38836669921875],""received_at_ms"":1788503650720,""valid"":true,""status"":""STALE"",""error"":""Torque sample age 18320 ms exceeds 1500 ms"",""source"":""/right_jaka_driver/joint_torque_raw"",""age_ms"":18320,""fresh"":false}}"
179,1788503669140,RUNNING,16.128,"{""left"":{""valid"":true,""status"":""VALID"",""sample_index"":672,""time_from_start_s"":16.128,""joints_rad"":[3.027688323980864,0.5615656331403733,-1.3782860106545551,1.4853702596297411,-0.08537435832073813,0.756075231714437],""source"":""LATEST SUCCESSFUL PHASE5 SERVO_J COMMAND \u2014 DRIVER MEMORY"",""error"":null},""right"":{""valid"":true,""status"":""VALID"",""sample_index"":672,""time_from_start_s"":16.128,""joints_rad"":[0.11312459573838579,2.6087140959398676,1.3905789066935528,-1.4851288846388495,3.2173035563739103,2.406194401868221],""source"":""LATEST SUCCESSFUL PHASE5 SERVO_J COMMAND \u2014 DRIVER MEMORY"",""error"":null}}","{""left"":{""valid"":true,""fresh"":true,""status"":""FRESH"",""joints_rad"":[3.026460613218586,0.5551162802966628,-1.358806541452563,1.4856572460204358,-0.08723626840365697,0.7694500428244249],""received_at_ms"":1788503669135,""age_ms"":5,""source"":""jaka_port10000_actual_feedback"",""mapping"":""port10000_joint_actual_position_deg_to_rad"",""error"":null},""right"":{""valid"":true,""fresh"":true,""status"":""FRESH"",""joints_rad"":[0.11396406603577293,2.612988099163849,1.3766293201751534,-1.4853835783937233,3.2187140408464425,2.396291858960588],""received_at_ms"":1788503669140,""age_ms"":0,""source"":""jaka_port10000_actual_feedback"",""mapping"":""port10000_joint_actual_position_deg_to_rad"",""error"":null}}","{""left"":{""values"":[-100.86188838278758,-6.061816330184229,0.0986328125,-2.76171875,0.0,0.93084716796875],""received_at_ms"":1788503650125,""valid"":true,""status"":""STALE"",""error"":""Torque sample age 19015 ms exceeds 1500 ms"",""source"":""/left_jaka_driver/joint_torque_raw"",""age_ms"":19015,""fresh"":false},""right"":{""values"":[100.91801631177077,-0.6735351477982476,-1.208251953125,2.589111328125,0.320556640625,0.38836669921875],""received_at_ms"":1788503650720,""valid"":true,""status"":""STALE"",""error"":""Torque sample age 18420 ms exceeds 1500 ms"",""source"":""/right_jaka_driver/joint_torque_raw"",""age_ms"":18420,""fresh"":false}}"
180,1788503669241,RUNNING,16.224,"{""left"":{""valid"":true,""status"":""VALID"",""sample_index"":676,""time_from_start_s"":16.224,""joints_rad"":[3.028505141849997,0.565385728551697,-1.3905889853439755,1.485223360140846,-0.08409322904013801,0.7476368633859073],""source"":""LATEST SUCCESSFUL PHASE5 SERVO_J COMMAND \u2014 DRIVER MEMORY"",""error"":null},""right"":{""valid"":true,""status"":""VALID"",""sample_index"":676,""time_from_start_s"":16.224,""joints_rad"":[0.11233730430905166,2.6051704484041815,1.4027583529747392,-1.4850682109786113,3.2160515719658234,2.4147835564094864],""source"":""LATEST SUCCESSFUL PHASE5 SERVO_J COMMAND \u2014 DRIVER MEMORY"",""error"":null}}","{""left"":{""valid"":true,""fresh"":true,""status"":""FRESH"",""joints_rad"":[3.027467319131136,0.5600656849894683,-1.374230190585362,1.4854055695422985,-0.08567821298040164,0.7588918480474104],""received_at_ms"":1788503669208,""age_ms"":33,""source"":""jaka_port10000_actual_feedback"",""mapping"":""port10000_joint_actual_position_deg_to_rad"",""error"":null},""right"":{""valid"":true,""fresh"":true,""status"":""FRESH"",""joints_rad"":[0.11396406603577293,2.612988099163849,1.3766293201751534,-1.4853835783937233,3.2187140408464425,2.396291858960588],""received_at_ms"":1788503669140,""age_ms"":101,""source"":""jaka_port10000_actual_feedback"",""mapping"":""port10000_joint_actual_position_deg_to_rad"",""error"":null}}","{""left"":{""values"":[-100.86188838278758,-6.061816330184229,0.0986328125,-2.76171875,0.0,0.93084716796875],""received_at_ms"":1788503650125,""valid"":true,""status"":""STALE"",""error"":""Torque sample age 19116 ms exceeds 1500 ms"",""source"":""/left_jaka_driver/joint_torque_raw"",""age_ms"":19116,""fresh"":false},""right"":{""values"":[100.91801631177077,-0.6735351477982476,-1.208251953125,2.589111328125,0.320556640625,0.38836669921875],""received_at_ms"":1788503650720,""valid"":true,""status"":""STALE"",""error"":""Torque sample age 18521 ms exceeds 1500 ms"",""source"":""/right_jaka_driver/joint_torque_raw"",""age_ms"":18521,""fresh"":false}}"
181,1788503669341,RUNNING,16.32,"{""left"":{""valid"":true,""status"":""VALID"",""sample_index"":680,""time_from_start_s"":16.32,""joints_rad"":[3.029329265492412,0.5691497541358901,-1.4028260857635604,1.4851175199262454,-0.0828135722250282,0.7392117865552934],""source"":""LATEST SUCCESSFUL PHASE5 SERVO_J COMMAND \u2014 DRIVER MEMORY"",""error"":null},""right"":{""valid"":true,""status"":""VALID"",""sample_index"":680,""time_from_start_s"":16.32,""joints_rad"":[0.11154017451058125,2.6017065376971553,1.4148484026934218,-1.485030172295353,3.2148025278290984,2.4233586827694737],""source"":""LATEST SUCCESSFUL PHASE5 SERVO_J COMMAND \u2014 DRIVER MEMORY"",""error"":null}}","{""left"":{""valid"":true,""fresh"":true,""status"":""FRESH"",""joints_rad"":[3.0282221740326234,0.5636369777048993,-1.3857470947204968,1.4852856654226865,-0.08452786647041217,0.751078183519157],""received_at_ms"":1788503669301,""age_ms"":40,""source"":""jaka_port10000_actual_feedback"",""mapping"":""port10000_joint_actual_position_deg_to_rad"",""error"":null},""right"":{""valid"":true,""fresh"":true,""status"":""FRESH"",""joints_rad"":[0.11235818859101294,2.605462064896325,1.4019400849875752,-1.4852158522526067,3.216149454043562,2.414232272874763],""received_at_ms"":1788503669327,""age_ms"":14,""source"":""jaka_port10000_actual_feedback"",""mapping"":""port10000_joint_actual_position_deg_to_rad"",""error"":null}}","{""left"":{""values"":[-100.86188838278758,-6.061816330184229,0.0986328125,-2.76171875,0.0,0.93084716796875],""received_at_ms"":1788503650125,""valid"":true,""status"":""STALE"",""error"":""Torque sample age 19216 ms exceeds 1500 ms"",""source"":""/left_jaka_driver/joint_torque_raw"",""age_ms"":19216,""fresh"":false},""right"":{""values"":[100.91801631177077,-0.6735351477982476,-1.208251953125,2.589111328125,0.320556640625,0.38836669921875],""received_at_ms"":1788503650720,""valid"":true,""status"":""STALE"",""error"":""Torque sample age 18621 ms exceeds 1500 ms"",""source"":""/right_jaka_driver/joint_torque_raw"",""age_ms"":18621,""fresh"":false}}"
182,1788503669442,RUNNING,16.416,"{""left"":{""valid"":true,""status"":""VALID"",""sample_index"":684,""time_from_start_s"":16.416,""joints_rad"":[3.0301609398305303,0.5728564476942971,-1.415002066661843,1.4850617424392811,-0.08153572666342955,0.7307950666782048],""source"":""LATEST SUCCESSFUL PHASE5 SERVO_J COMMAND \u2014 DRIVER MEMORY"",""error"":null},""right"":{""valid"":true,""status"":""VALID"",""sample_index"":684,""time_from_start_s"":16.416,""joints_rad"":[0.11073496152991688,2.598307609528699,1.4268755976025889,-1.4850140824389437,3.213556316556142,2.431930350786118],""source"":""LATEST SUCCESSFUL PHASE5 SERVO_J COMMAND \u2014 DRIVER MEMORY"",""error"":null}}","{""left"":{""valid"":true,""fresh"":true,""status"":""FRESH"",""joints_rad"":[3.0290252000214664,0.5674360358877153,-1.3980188537571194,1.4851298075204833,-0.08330543786231534,0.7425693543498343],""received_at_ms"":1788503669388,""age_ms"":54,""source"":""jaka_port10000_actual_feedback"",""mapping"":""port10000_joint_actual_position_deg_to_rad"",""error"":null},""right"":{""valid"":true,""fresh"":true,""status"":""FRESH"",""joints_rad"":[0.11174697428696455,2.6028494815390144,1.4109522671131731,-1.4851439446874244,3.215190744685441,2.420583875088621],""received_at_ms"":1788503669399,""age_ms"":43,""source"":""jaka_port10000_actual_feedback"",""mapping"":""port10000_joint_actual_position_deg_to_rad"",""error"":null}}","{""left"":{""values"":[-100.86188838278758,-6.061816330184229,0.0986328125,-2.76171875,0.0,0.93084716796875],""received_at_ms"":1788503650125,""valid"":true,""status"":""STALE"",""error"":""Torque sample age 19317 ms exceeds 1500 ms"",""source"":""/left_jaka_driver/joint_torque_raw"",""age_ms"":19317,""fresh"":false},""right"":{""values"":[100.91801631177077,-0.6735351477982476,-1.208251953125,2.589111328125,0.320556640625,0.38836669921875],""received_at_ms"":1788503650720,""valid"":true,""status"":""STALE"",""error"":""Torque sample age 18722 ms exceeds 1500 ms"",""source"":""/right_jaka_driver/joint_torque_raw"",""age_ms"":18722,""fresh"":false}}"
183,1788503669549,RUNNING,16.536,"{""left"":{""valid"":true,""status"":""VALID"",""sample_index"":689,""time_from_start_s"":16.536,""joints_rad"":[3.031211252365421,0.5774118160586872,-1.430135246678772,1.4850511265195214,-0.07994082781599199,0.7202877845666117],""source"":""LATEST SUCCESSFUL PHASE5 SERVO_J COMMAND \u2014 DRIVER MEMORY"",""error"":null},""right"":{""valid"":true,""status"":""VALID"",""sample_index"":689,""time_from_start_s"":16.536,""joints_rad"":[0.10972255275000671,2.59410590002779,1.4418701555089022,-1.4850123088053624,3.212000862002305,2.442647233249059],""source"":""LATEST SUCCESSFUL PHASE5 SERVO_J COMMAND \u2014 DRIVER MEMORY"",""error"":null}}","{""left"":{""valid"":true,""fresh"":true,""status"":""FRESH"",""joints_rad"":[3.029564506760332,0.5699168468865,-1.4059765079486626,1.485153893064161,-0.08244254708012935,0.7370087353529804],""received_at_ms"":1788503669497,""age_ms"":52,""source"":""jaka_port10000_actual_feedback"",""mapping"":""port10000_joint_actual_position_deg_to_rad"",""error"":null},""right"":{""valid"":true,""fresh"":true,""status"":""FRESH"",""joints_rad"":[0.11075231114625297,2.598511116617332,1.42598042463747,-1.4850839053611558,3.2135848672406815,2.4311898918871395],""received_at_ms"":1788503669517,""age_ms"":32,""source"":""jaka_port10000_actual_feedback"",""mapping"":""port10000_joint_actual_position_deg_to_rad"",""error"":null}}","{""left"":{""values"":[-100.86188838278758,-6.061816330184229,0.0986328125,-2.76171875,0.0,0.93084716796875],""received_at_ms"":1788503650125,""valid"":true,""status"":""STALE"",""error"":""Torque sample age 19424 ms exceeds 1500 ms"",""source"":""/left_jaka_driver/joint_torque_raw"",""age_ms"":19424,""fresh"":false},""right"":{""values"":[100.91801631177077,-0.6735351477982476,-1.208251953125,2.589111328125,0.320556640625,0.38836669921875],""received_at_ms"":1788503650720,""valid"":true,""status"":""STALE"",""error"":""Torque sample age 18829 ms exceeds 1500 ms"",""source"":""/right_jaka_driver/joint_torque_raw"",""age_ms"":18829,""fresh"":false}}"
184,1788503669651,RUNNING,16.632,"{""left"":{""valid"":true,""status"":""VALID"",""sample_index"":693,""time_from_start_s"":16.632,""joints_rad"":[3.032059927588236,0.58100049700065,-1.4421653572729534,1.4850692745970604,-0.07866609849887518,0.7119021827129245],""source"":""LATEST SUCCESSFUL PHASE5 SERVO_J COMMAND \u2014 DRIVER MEMORY"",""error"":null},""right"":{""valid"":true,""status"":""VALID"",""sample_index"":693,""time_from_start_s"":16.632,""joints_rad"":[0.10891015391779157,2.5907604530665154,1.4538402917749222,-1.4850276872871033,3.2107568364962384,2.451213049510245],""source"":""LATEST SUCCESSFUL PHASE5 SERVO_J COMMAND \u2014 DRIVER MEMORY"",""error"":null}}","{""left"":{""valid"":true,""fresh"":true,""status"":""FRESH"",""joints_rad"":[3.030523216118453,0.5742311262645048,-1.4201417746907736,1.485177804074913,-0.08087262341796045,0.7270977086626053],""received_at_ms"":1788503669574,""age_ms"":77,""source"":""jaka_port10000_actual_feedback"",""mapping"":""port10000_joint_actual_position_deg_to_rad"",""error"":null},""right"":{""valid"":true,""fresh"":true,""status"":""FRESH"",""joints_rad"":[0.10972169422295033,2.594316566826014,1.4411284862813796,-1.4850360833396512,3.2120508973611033,2.442095581718226],""received_at_ms"":1788503669627,""age_ms"":24,""source"":""jaka_port10000_actual_feedback"",""mapping"":""port10000_joint_actual_position_deg_to_rad"",""error"":null}}","{""left"":{""values"":[-100.86188838278758,-6.061816330184229,0.0986328125,-2.76171875,0.0,0.93084716796875],""received_at_ms"":1788503650125,""valid"":true,""status"":""STALE"",""error"":""Torque sample age 19526 ms exceeds 1500 ms"",""source"":""/left_jaka_driver/joint_torque_raw"",""age_ms"":19526,""fresh"":false},""right"":{""values"":[100.91801631177077,-0.6735351477982476,-1.208251953125,2.589111328125,0.320556640625,0.38836669921875],""received_at_ms"":1788503650720,""valid"":true,""status"":""STALE"",""error"":""Torque sample age 18931 ms exceeds 1500 ms"",""source"":""/right_jaka_driver/joint_torque_raw"",""age_ms"":18931,""fresh"":false}}"
185,1788503669744,RUNNING,16.728,"{""left"":{""valid"":true,""status"":""VALID"",""sample_index"":697,""time_from_start_s"":16.728,""joints_rad"":[3.0329160530524546,0.5845444152690731,-1.4541243811457298,1.485104086923124,-0.07739198322077152,0.7035394601737935],""source"":""LATEST SUCCESSFUL PHASE5 SERVO_J COMMAND \u2014 DRIVER MEMORY"",""error"":null},""right"":{""valid"":true,""status"":""VALID"",""sample_index"":697,""time_from_start_s"":16.728,""joints_rad"":[0.10809180791179375,2.587452236069335,1.4657484696906387,-1.4850806352532535,3.2095135894804403,2.4597593778457623],""source"":""LATEST SUCCESSFUL PHASE5 SERVO_J COMMAND \u2014 DRIVER MEMORY"",""error"":null}}","{""left"":{""valid"":true,""fresh"":true,""status"":""FRESH"",""joints_rad"":[3.031410017911391,0.5779341913384611,-1.4323297579233005,1.485153893064161,-0.0796262837991113,0.718924506308441],""received_at_ms"":1788503669663,""age_ms"":81,""source"":""jaka_port10000_actual_feedback"",""mapping"":""port10000_joint_actual_position_deg_to_rad"",""error"":null},""right"":{""valid"":true,""fresh"":true,""status"":""FRESH"",""joints_rad"":[0.10918238748408408,2.5920636958275396,1.4488224212229461,-1.4850119977959737,3.2112478713722608,2.447907877193218],""received_at_ms"":1788503669738,""age_ms"":6,""source"":""jaka_port10000_actual_feedback"",""mapping"":""port10000_joint_actual_position_deg_to_rad"",""error"":null}}","{""left"":{""values"":[-100.86188838278758,-6.061816330184229,0.0986328125,-2.76171875,0.0,0.93084716796875],""received_at_ms"":1788503650125,""valid"":true,""status"":""STALE"",""error"":""Torque sample age 19619 ms exceeds 1500 ms"",""source"":""/left_jaka_driver/joint_torque_raw"",""age_ms"":19619,""fresh"":false},""right"":{""values"":[100.91801631177077,-0.6735351477982476,-1.208251953125,2.589111328125,0.320556640625,0.38836669921875],""received_at_ms"":1788503650720,""valid"":true,""status"":""STALE"",""error"":""Torque sample age 19024 ms exceeds 1500 ms"",""source"":""/right_jaka_driver/joint_torque_raw"",""age_ms"":19024,""fresh"":false}}"
186,1788503669845,RUNNING,16.824,"{""left"":{""valid"":true,""status"":""VALID"",""sample_index"":701,""time_from_start_s"":16.824,""joints_rad"":[3.0337797923430214,0.5880429991460223,-1.4660145219775922,1.4851499422277619,-0.07611868748791675,0.6951973459303646],""source"":""LATEST SUCCESSFUL PHASE5 SERVO_J COMMAND \u2014 DRIVER MEMORY"",""error"":null},""right"":{""valid"":true,""status"":""VALID"",""sample_index"":701,""time_from_start_s"":16.824,""joints_rad"":[0.10726430622750811,2.5842036016824688,1.4775721194280504,-1.485177024061353,3.2082722563712402,2.4682850719071747],""source"":""LATEST SUCCESSFUL PHASE5 SERVO_J COMMAND \u2014 DRIVER MEMORY"",""error"":null}}","{""left"":{""valid"":true,""fresh"":true,""status"":""FRESH"",""joints_rad"":[3.032153004573965,0.5812419393368408,-1.4433672201129124,1.4851657613030742,-0.07852375931062648,0.7113145217038953],""received_at_ms"":1788503669752,""age_ms"":93,""source"":""jaka_port10000_actual_feedback"",""mapping"":""port10000_joint_actual_position_deg_to_rad"",""error"":null},""right"":{""valid"":true,""fresh"":true,""status"":""FRESH"",""joints_rad"":[0.10822367812596359,2.5882286838621327,1.4629396914106274,-1.4850360833396512,3.2097379870363603,2.457722910774733],""received_at_ms"":1788503669806,""age_ms"":39,""source"":""jaka_port10000_actual_feedback"",""mapping"":""port10000_joint_actual_position_deg_to_rad"",""error"":null}}","{""left"":{""values"":[-100.86188838278758,-6.061816330184229,0.0986328125,-2.76171875,0.0,0.93084716796875],""received_at_ms"":1788503650125,""valid"":true,""status"":""STALE"",""error"":""Torque sample age 19720 ms exceeds 1500 ms"",""source"":""/left_jaka_driver/joint_torque_raw"",""age_ms"":19720,""fresh"":false},""right"":{""values"":[100.91801631177077,-0.6735351477982476,-1.208251953125,2.589111328125,0.320556640625,0.38836669921875],""received_at_ms"":1788503650720,""valid"":true,""status"":""STALE"",""error"":""Torque sample age 19125 ms exceeds 1500 ms"",""source"":""/right_jaka_driver/joint_torque_raw"",""age_ms"":19125,""fresh"":false}}"
187,1788503669944,RUNNING,16.92,"{""left"":{""valid"":true,""status"":""VALID"",""sample_index"":705,""time_from_start_s"":16.92,""joints_rad"":[3.0346514274201657,0.5914927339287643,-1.4778408726172634,1.4852014504018338,-0.07484678347505792,0.6868696321239501],""source"":""LATEST SUCCESSFUL PHASE5 SERVO_J COMMAND \u2014 DRIVER MEMORY"",""error"":null},""right"":{""valid"":true,""status"":""VALID"",""sample_index"":705,""time_from_start_s"":16.92,""joints_rad"":[0.1064256565944168,2.581030103484851,1.4893052435221623,-1.485309868004077,3.2070340704732967,2.4767963370303097],""source"":""LATEST SUCCESSFUL PHASE5 SERVO_J COMMAND \u2014 DRIVER MEMORY"",""error"":null}}","{""left"":{""valid"":true,""fresh"":true,""status"":""FRESH"",""joints_rad"":[3.0337829675624026,0.5880488979525439,-1.4659575402202507,1.485153893064161,-0.07616285243145375,0.6950518927996626],""received_at_ms"":1788503669936,""age_ms"":8,""source"":""jaka_port10000_actual_feedback"",""mapping"":""port10000_joint_actual_position_deg_to_rad"",""error"":null},""right"":{""valid"":true,""fresh"":true,""status"":""FRESH"",""joints_rad"":[0.10768437138709734,2.586071456906667,1.4710170751888572,-1.4850479515785648,3.2088750962541743,2.463415476663038],""received_at_ms"":1788503669876,""age_ms"":68,""source"":""jaka_port10000_actual_feedback"",""mapping"":""port10000_joint_actual_position_deg_to_rad"",""error"":null}}","{""left"":{""values"":[-100.86188838278758,-6.061816330184229,0.0986328125,-2.76171875,0.0,0.93084716796875],""received_at_ms"":1788503650125,""valid"":true,""status"":""STALE"",""error"":""Torque sample age 19819 ms exceeds 1500 ms"",""source"":""/left_jaka_driver/joint_torque_raw"",""age_ms"":19819,""fresh"":false},""right"":{""values"":[100.91801631177077,-0.6735351477982476,-1.208251953125,2.589111328125,0.320556640625,0.38836669921875],""received_at_ms"":1788503650720,""valid"":true,""status"":""STALE"",""error"":""Torque sample age 19224 ms exceeds 1500 ms"",""source"":""/right_jaka_driver/joint_torque_raw"",""age_ms"":19224,""fresh"":false}}"
188,1788503670044,RUNNING,17.016000000000002,"{""left"":{""valid"":true,""status"":""VALID"",""sample_index"":709,""time_from_start_s"":17.016000000000002,""joints_rad"":[3.0355312854068743,0.5948890969110071,-1.4896095023970277,1.4852549415765046,-0.07357696992064285,0.678548751559235],""source"":""LATEST SUCCESSFUL PHASE5 SERVO_J COMMAND \u2014 DRIVER MEMORY"",""error"":null},""right"":{""valid"":true,""status"":""VALID"",""sample_index"":709,""time_from_start_s"":17.016000000000002,""joints_rad"":[0.10557529594102397,2.5779380311046682,1.5009552159473012,-1.4854651660595999,3.2057999779690642,2.485302751940365],""source"":""LATEST SUCCESSFUL PHASE5 SERVO_J COMMAND \u2014 DRIVER MEMORY"",""error"":null}}","{""left"":{""valid"":true,""fresh"":true,""status"":""FRESH"",""joints_rad"":[3.0344420038879556,0.5906614813098542,-1.4749815905847623,1.485153893064161,-0.07510814996447357,0.6886763795750526],""received_at_ms"":1788503670005,""age_ms"":39,""source"":""jaka_port10000_actual_feedback"",""mapping"":""port10000_joint_actual_position_deg_to_rad"",""error"":null},""right"":{""valid"":true,""fresh"":true,""status"":""FRESH"",""joints_rad"":[0.10664171169195594,2.5820807615719827,1.4854940577353744,-1.4853835783937233,3.2073650373853493,2.4739616286682136],""received_at_ms"":1788503669984,""age_ms"":60,""source"":""jaka_port10000_actual_feedback"",""mapping"":""port10000_joint_actual_position_deg_to_rad"",""error"":null}}","{""left"":{""values"":[-100.86188838278758,-6.061816330184229,0.0986328125,-2.76171875,0.0,0.93084716796875],""received_at_ms"":1788503650125,""valid"":true,""status"":""STALE"",""error"":""Torque sample age 19919 ms exceeds 1500 ms"",""source"":""/left_jaka_driver/joint_torque_raw"",""age_ms"":19919,""fresh"":false},""right"":{""values"":[100.91801631177077,-0.6735351477982476,-1.208251953125,2.589111328125,0.320556640625,0.38836669921875],""received_at_ms"":1788503650720,""valid"":true,""status"":""STALE"",""error"":""Torque sample age 19324 ms exceeds 1500 ms"",""source"":""/right_jaka_driver/joint_torque_raw"",""age_ms"":19324,""fresh"":false}}"
189,1788503670145,RUNNING,17.112000000000002,"{""left"":{""valid"":true,""status"":""VALID"",""sample_index"":713,""time_from_start_s"":17.112000000000002,""joints_rad"":[3.036419665376354,0.5982284923641381,-1.5013255444480642,1.4853099552027338,-0.07230983202200938,0.6702283552074869],""source"":""LATEST SUCCESSFUL PHASE5 SERVO_J COMMAND \u2014 DRIVER MEMORY"",""error"":null},""right"":{""valid"":true,""status"":""VALID"",""sample_index"":713,""time_from_start_s"":17.112000000000002,""joints_rad"":[0.10471430335989043,2.574921945335901,1.5125395811934321,-1.4856277436419634,3.204570252908259,2.493813290457022],""source"":""LATEST SUCCESSFUL PHASE5 SERVO_J COMMAND \u2014 DRIVER MEMORY"",""error"":null}}","{""left"":{""valid"":true,""fresh"":true,""status"":""FRESH"",""joints_rad"":[3.0351851650834547,0.5934417908082812,-1.4849404392966419,1.4851657613030742,-0.07400562547598877,0.681797338861242],""received_at_ms"":1788503670121,""age_ms"":24,""source"":""jaka_port10000_actual_feedback"",""mapping"":""port10000_joint_actual_position_deg_to_rad"",""error"":null},""right"":{""valid"":true,""fresh"":true,""status"":""FRESH"",""joints_rad"":[0.10553918720347111,2.577874343541751,1.5011575151073977,-1.4854914397414967,3.2057352489298365,2.4853825396944886],""received_at_ms"":1788503670120,""age_ms"":25,""source"":""jaka_port10000_actual_feedback"",""mapping"":""port10000_joint_actual_position_deg_to_rad"",""error"":null}}","{""left"":{""values"":[-100.86188838278758,-6.061816330184229,0.0986328125,-2.76171875,0.0,0.93084716796875],""received_at_ms"":1788503650125,""valid"":true,""status"":""STALE"",""error"":""Torque sample age 20020 ms exceeds 1500 ms"",""source"":""/left_jaka_driver/joint_torque_raw"",""age_ms"":20020,""fresh"":false},""right"":{""values"":[100.91801631177077,-0.6735351477982476,-1.208251953125,2.589111328125,0.320556640625,0.38836669921875],""received_at_ms"":1788503650720,""valid"":true,""status"":""STALE"",""error"":""Torque sample age 19425 ms exceeds 1500 ms"",""source"":""/right_jaka_driver/joint_torque_raw"",""age_ms"":19425,""fresh"":false}}"
190,1788503670245,RUNNING,17.232,"{""left"":{""valid"":true,""status"":""VALID"",""sample_index"":718,""time_from_start_s"":17.232,""joints_rad"":[3.037542410162062,0.6023219373445394,-1.5158996993686558,1.4853878871554624,-0.07072997193912113,0.6598252208177089],""source"":""LATEST SUCCESSFUL PHASE5 SERVO_J COMMAND \u2014 DRIVER MEMORY"",""error"":null},""right"":{""valid"":true,""status"":""VALID"",""sample_index"":718,""time_from_start_s"":17.232,""joints_rad"":[0.10362777546003052,2.5712272338229814,1.5269655278767693,-1.4858261138799742,3.203037913489844,2.5044631928961434],""source"":""LATEST SUCCESSFUL PHASE5 SERVO_J COMMAND \u2014 DRIVER MEMORY"",""error"":null}}","{""left"":{""valid"":true,""fresh"":true,""status"":""FRESH"",""joints_rad"":[3.036119788897898,0.5970251262955507,-1.4974879603550795,1.4852376688682565,-0.07262751349861403,0.672797199507483],""received_at_ms"":1788503670192,""age_ms"":53,""source"":""jaka_port10000_actual_feedback"",""mapping"":""port10000_joint_actual_position_deg_to_rad"",""error"":null},""right"":{""valid"":true,""fresh"":true,""status"":""FRESH"",""joints_rad"":[0.10496392668201378,2.5758609317166505,1.5087315459293522,-1.4855753900785174,3.204932222940994,2.491051020039116],""received_at_ms"":1788503670238,""age_ms"":7,""source"":""jaka_port10000_actual_feedback"",""mapping"":""port10000_joint_actual_position_deg_to_rad"",""error"":null}}","{""left"":{""values"":[-100.86188838278758,-6.061816330184229,0.0986328125,-2.76171875,0.0,0.93084716796875],""received_at_ms"":1788503650125,""valid"":true,""status"":""STALE"",""error"":""Torque sample age 20120 ms exceeds 1500 ms"",""source"":""/left_jaka_driver/joint_torque_raw"",""age_ms"":20120,""fresh"":false},""right"":{""values"":[100.91801631177077,-0.6735351477982476,-1.208251953125,2.589111328125,0.320556640625,0.38836669921875],""received_at_ms"":1788503650720,""valid"":true,""status"":""STALE"",""error"":""Torque sample age 19525 ms exceeds 1500 ms"",""source"":""/right_jaka_driver/joint_torque_raw"",""age_ms"":19525,""fresh"":false}}"
191,1788503670345,RUNNING,17.304000000000002,"{""left"":{""valid"":true,""status"":""VALID"",""sample_index"":721,""time_from_start_s"":17.304000000000002,""joints_rad"":[3.0382325292952763,0.6047677623631112,-1.5247197041112268,1.485450979526024,-0.0697711863854053,0.6534999375735268],""source"":""LATEST SUCCESSFUL PHASE5 SERVO_J COMMAND \u2014 DRIVER MEMORY"",""error"":null},""right"":{""valid"":true,""status"":""VALID"",""sample_index"":722,""time_from_start_s"":17.328,""joints_rad"":[0.10272820815829022,2.568219072866901,1.538814035596584,-1.4859952156011096,3.2017786028890014,2.513234484497965],""source"":""LATEST SUCCESSFUL PHASE5 SERVO_J COMMAND \u2014 DRIVER MEMORY"",""error"":null}}","{""left"":{""valid"":true,""fresh"":true,""status"":""FRESH"",""joints_rad"":[3.036778999756376,0.5995057627614103,-1.5062723770132922,1.4852497116400953,-0.07174053717275052,0.6666014551958283],""received_at_ms"":1788503670270,""age_ms"":75,""source"":""jaka_port10000_actual_feedback"",""mapping"":""port10000_joint_actual_position_deg_to_rad"",""error"":null},""right"":{""valid"":true,""fresh"":true,""status"":""FRESH"",""joints_rad"":[0.10388531320428128,2.572121912860103,1.5232802615081265,-1.485791112774064,3.203410295833255,2.5018008519679995],""received_at_ms"":1788503670310,""age_ms"":35,""source"":""jaka_port10000_actual_feedback"",""mapping"":""port10000_joint_actual_position_deg_to_rad"",""error"":null}}","{""left"":{""values"":[-100.86188838278758,-6.061816330184229,0.0986328125,-2.76171875,0.0,0.93084716796875],""received_at_ms"":1788503650125,""valid"":true,""status"":""STALE"",""error"":""Torque sample age 20220 ms exceeds 1500 ms"",""source"":""/left_jaka_driver/joint_torque_raw"",""age_ms"":20220,""fresh"":false},""right"":{""values"":[100.91801631177077,-0.6735351477982476,-1.208251953125,2.589111328125,0.320556640625,0.38836669921875],""received_at_ms"":1788503650720,""valid"":true,""status"":""STALE"",""error"":""Torque sample age 19625 ms exceeds 1500 ms"",""source"":""/right_jaka_driver/joint_torque_raw"",""age_ms"":19625,""fresh"":false}}"
192,1788503670447,RUNNING,17.424,"{""left"":{""valid"":true,""status"":""VALID"",""sample_index"":726,""time_from_start_s"":17.424,""joints_rad"":[3.039607000474423,0.6094228753410437,-1.5418275191137918,1.4856691016538488,-0.06790142900565162,0.6411395415467518],""source"":""LATEST SUCCESSFUL PHASE5 SERVO_J COMMAND \u2014 DRIVER MEMORY"",""error"":null},""right"":{""valid"":true,""status"":""VALID"",""sample_index"":726,""time_from_start_s"":17.424,""joints_rad"":[0.10164573577806334,2.56475469236834,1.55273936986629,-1.4862570305098999,3.2002932524141903,2.5236185232135773],""source"":""LATEST SUCCESSFUL PHASE5 SERVO_J COMMAND \u2014 DRIVER MEMORY"",""error"":null}}","{""left"":{""valid"":true,""fresh"":true,""status"":""FRESH"",""joints_rad"":[3.037833527690431,0.6034006395201609,-1.519946508103892,1.4853696157597074,-0.07031442864094595,0.6569300622117521],""received_at_ms"":1788503670379,""age_ms"":68,""source"":""jaka_port10000_actual_feedback"",""mapping"":""port10000_joint_actual_position_deg_to_rad"",""error"":null},""right"":{""valid"":true,""fresh"":true,""status"":""FRESH"",""joints_rad"":[0.10323831965056698,2.569892778339456,1.5320646781663392,-1.4858748885781596,3.202475497485887,2.5082364045188785],""received_at_ms"":1788503670379,""age_ms"":68,""source"":""jaka_port10000_actual_feedback"",""mapping"":""port10000_joint_actual_position_deg_to_rad"",""error"":null}}","{""left"":{""values"":[-100.86188838278758,-6.061816330184229,0.0986328125,-2.76171875,0.0,0.93084716796875],""received_at_ms"":1788503650125,""valid"":true,""status"":""STALE"",""error"":""Torque sample age 20322 ms exceeds 1500 ms"",""source"":""/left_jaka_driver/joint_torque_raw"",""age_ms"":20322,""fresh"":false},""right"":{""values"":[100.91801631177077,-0.6735351477982476,-1.208251953125,2.589111328125,0.320556640625,0.38836669921875],""received_at_ms"":1788503650720,""valid"":true,""status"":""STALE"",""error"":""Torque sample age 19727 ms exceeds 1500 ms"",""source"":""/right_jaka_driver/joint_torque_raw"",""age_ms"":19727,""fresh"":false}}"
193,1788503670552,RUNNING,17.52,"{""left"":{""valid"":true,""status"":""VALID"",""sample_index"":730,""time_from_start_s"":17.52,""joints_rad"":[3.0409530175802613,0.6138003832273965,-1.558191908718628,1.485970416893881,-0.06610427501511812,0.6292373999198682],""source"":""LATEST SUCCESSFUL PHASE5 SERVO_J COMMAND \u2014 DRIVER MEMORY"",""error"":null},""right"":{""valid"":true,""status"":""VALID"",""sample_index"":730,""time_from_start_s"":17.52,""joints_rad"":[0.10035177935327053,2.5607938102654377,1.568999688882794,-1.4866377475534056,3.1985525314551806,2.535833207505802],""source"":""LATEST SUCCESSFUL PHASE5 SERVO_J COMMAND \u2014 DRIVER MEMORY"",""error"":null}}","{""left"":{""valid"":true,""fresh"":true,""status"":""FRESH"",""joints_rad"":[3.0386365536792734,0.6062648993556087,-1.5300969939676408,1.4856092494660063,-0.06915203935911773,0.6497396547593858],""received_at_ms"":1788503670494,""age_ms"":58,""source"":""jaka_port10000_actual_feedback"",""mapping"":""port10000_joint_actual_position_deg_to_rad"",""error"":null},""right"":{""valid"":true,""fresh"":true,""status"":""FRESH"",""joints_rad"":[0.10255519778133641,2.5675439142321217,1.5409930844878414,-1.4860068354696105,3.201468791573337,2.5149595873304857],""received_at_ms"":1788503670496,""age_ms"":56,""source"":""jaka_port10000_actual_feedback"",""mapping"":""port10000_joint_actual_position_deg_to_rad"",""error"":null}}","{""left"":{""values"":[-100.86188838278758,-6.061816330184229,0.0986328125,-2.76171875,0.0,0.93084716796875],""received_at_ms"":1788503650125,""valid"":true,""status"":""STALE"",""error"":""Torque sample age 20427 ms exceeds 1500 ms"",""source"":""/left_jaka_driver/joint_torque_raw"",""age_ms"":20427,""fresh"":false},""right"":{""values"":[100.91801631177077,-0.6735351477982476,-1.208251953125,2.589111328125,0.320556640625,0.38836669921875],""received_at_ms"":1788503650720,""valid"":true,""status"":""STALE"",""error"":""Torque sample age 19832 ms exceeds 1500 ms"",""source"":""/right_jaka_driver/joint_torque_raw"",""age_ms"":19832,""fresh"":false}}"
194,1788503670651,RUNNING,17.64,"{""left"":{""valid"":true,""status"":""VALID"",""sample_index"":735,""time_from_start_s"":17.64,""joints_rad"":[3.0427105970028094,0.6193862584817317,-1.5792784224568508,1.4864312396247974,-0.06378217641367523,0.6138427494217266],""source"":""LATEST SUCCESSFUL PHASE5 SERVO_J COMMAND \u2014 DRIVER MEMORY"",""error"":null},""right"":{""valid"":true,""status"":""VALID"",""sample_index"":735,""time_from_start_s"":17.64,""joints_rad"":[0.09865778207035483,2.555777191261192,1.5899260839394445,-1.4871995884571054,3.196306246199681,2.5516387586796836],""source"":""LATEST SUCCESSFUL PHASE5 SERVO_J COMMAND \u2014 DRIVER MEMORY"",""error"":null}}","{""left"":{""valid"":true,""fresh"":true,""status"":""FRESH"",""joints_rad"":[3.0409135102214253,0.6138869267319931,-1.5581161607133076,1.4860167838463467,-0.06609596783887565,0.6290667533682887],""received_at_ms"":1788503670635,""age_ms"":16,""source"":""jaka_port10000_actual_feedback"",""mapping"":""port10000_joint_actual_position_deg_to_rad"",""error"":null},""right"":{""valid"":true,""fresh"":true,""status"":""FRESH"",""joints_rad"":[0.10024211292366832,2.560413197040174,1.5703662776672052,-1.4866178752407337,3.19836489803159,2.5369746469163665],""received_at_ms"":1788503670638,""age_ms"":13,""source"":""jaka_port10000_actual_feedback"",""mapping"":""port10000_joint_actual_position_deg_to_rad"",""error"":null}}","{""left"":{""values"":[-100.86188838278758,-6.061816330184229,0.0986328125,-2.76171875,0.0,0.93084716796875],""received_at_ms"":1788503650125,""valid"":true,""status"":""STALE"",""error"":""Torque sample age 20526 ms exceeds 1500 ms"",""source"":""/left_jaka_driver/joint_torque_raw"",""age_ms"":20526,""fresh"":false},""right"":{""values"":[100.91801631177077,-0.6735351477982476,-1.208251953125,2.589111328125,0.320556640625,0.38836669921875],""received_at_ms"":1788503650720,""valid"":true,""status"":""STALE"",""error"":""Torque sample age 19931 ms exceeds 1500 ms"",""source"":""/right_jaka_driver/joint_torque_raw"",""age_ms"":19931,""fresh"":false}}"
195,1788503670751,RUNNING,17.736,"{""left"":{""valid"":true,""status"":""VALID"",""sample_index"":739,""time_from_start_s"":17.736,""joints_rad"":[3.0439026495376647,0.6231241001180732,-1.593469837165993,1.4867711644344872,-0.0622168731850506,0.6034590905108317],""source"":""LATEST SUCCESSFUL PHASE5 SERVO_J COMMAND \u2014 DRIVER MEMORY"",""error"":null},""right"":{""valid"":true,""status"":""VALID"",""sample_index"":739,""time_from_start_s"":17.736,""joints_rad"":[0.0975065302593523,2.5524390600300215,1.6039955589983237,-1.4876081668308239,3.194793404201002,2.5623021089168163],""source"":""LATEST SUCCESSFUL PHASE5 SERVO_J COMMAND \u2014 DRIVER MEMORY"",""error"":null}}","{""left"":{""valid"":true,""fresh"":true,""status"":""FRESH"",""joints_rad"":[3.0423157077424774,0.6184408398162967,-1.5751818156063828,1.4863283251178279,-0.06426249945965562,0.6168068625705796],""received_at_ms"":1788503670743,""age_ms"":8,""source"":""jaka_port10000_actual_feedback"",""mapping"":""port10000_joint_actual_position_deg_to_rad"",""error"":null},""right"":{""valid"":true,""fresh"":true,""status"":""FRESH"",""joints_rad"":[0.10024211292366832,2.560413197040174,1.5703662776672052,-1.4866178752407337,3.19836489803159,2.5369746469163665],""received_at_ms"":1788503670638,""age_ms"":113,""source"":""jaka_port10000_actual_feedback"",""mapping"":""port10000_joint_actual_position_deg_to_rad"",""error"":null}}","{""left"":{""values"":[-100.86188838278758,-6.061816330184229,0.0986328125,-2.76171875,0.0,0.93084716796875],""received_at_ms"":1788503650125,""valid"":true,""status"":""STALE"",""error"":""Torque sample age 20626 ms exceeds 1500 ms"",""source"":""/left_jaka_driver/joint_torque_raw"",""age_ms"":20626,""fresh"":false},""right"":{""values"":[100.91801631177077,-0.6735351477982476,-1.208251953125,2.589111328125,0.320556640625,0.38836669921875],""received_at_ms"":1788503650720,""valid"":true,""status"":""STALE"",""error"":""Torque sample age 20031 ms exceeds 1500 ms"",""source"":""/right_jaka_driver/joint_torque_raw"",""age_ms"":20031,""fresh"":false}}"
196,1788503670851,RUNNING,17.808,"{""left"":{""valid"":true,""status"":""VALID"",""sample_index"":742,""time_from_start_s"":17.808,""joints_rad"":[3.0445401747826684,0.6251097630871629,-1.6010303878919714,1.4869604253106536,-0.06138228188026104,0.597921041137404],""source"":""LATEST SUCCESSFUL PHASE5 SERVO_J COMMAND \u2014 DRIVER MEMORY"",""error"":null},""right"":{""valid"":true,""status"":""VALID"",""sample_index"":743,""time_from_start_s"":17.832,""joints_rad"":[0.09674115285349572,2.550246769212761,1.6132915789118747,-1.487889931672417,3.1937928421358674,2.569361709652914],""source"":""LATEST SUCCESSFUL PHASE5 SERVO_J COMMAND \u2014 DRIVER MEMORY"",""error"":null}}","{""left"":{""valid"":true,""fresh"":true,""status"":""FRESH"",""joints_rad"":[3.0423157077424774,0.6184408398162967,-1.5751818156063828,1.4863283251178279,-0.06426249945965562,0.6168068625705796],""received_at_ms"":1788503670743,""age_ms"":108,""source"":""jaka_port10000_actual_feedback"",""mapping"":""port10000_joint_actual_position_deg_to_rad"",""error"":null},""right"":{""valid"":true,""fresh"":true,""status"":""FRESH"",""joints_rad"":[0.09774943368597001,2.552899205544488,1.6018129219979382,-1.487552673588102,3.1948655128813415,2.560883214207736],""received_at_ms"":1788503670829,""age_ms"":22,""source"":""jaka_port10000_actual_feedback"",""mapping"":""port10000_joint_actual_position_deg_to_rad"",""error"":null}}","{""left"":{""values"":[-100.86188838278758,-6.061816330184229,0.0986328125,-2.76171875,0.0,0.93084716796875],""received_at_ms"":1788503650125,""valid"":true,""status"":""STALE"",""error"":""Torque sample age 20726 ms exceeds 1500 ms"",""source"":""/left_jaka_driver/joint_torque_raw"",""age_ms"":20726,""fresh"":false},""right"":{""values"":[100.91801631177077,-0.6735351477982476,-1.208251953125,2.589111328125,0.320556640625,0.38836669921875],""received_at_ms"":1788503650720,""valid"":true,""status"":""STALE"",""error"":""Torque sample age 20131 ms exceeds 1500 ms"",""source"":""/right_jaka_driver/joint_torque_raw"",""age_ms"":20131,""fresh"":false}}"
197,1788503670953,RUNNING,17.928,"{""left"":{""valid"":true,""status"":""VALID"",""sample_index"":747,""time_from_start_s"":17.928,""joints_rad"":[3.0450254599204998,0.6266142083301012,-1.606770074342869,1.487108516988465,-0.060748338602224394,0.5937135372225331],""source"":""LATEST SUCCESSFUL PHASE5 SERVO_J COMMAND \u2014 DRIVER MEMORY"",""error"":null},""right"":{""valid"":true,""status"":""VALID"",""sample_index"":747,""time_from_start_s"":17.928,""joints_rad"":[0.0964204018276491,2.5493358178588506,1.6171706688725307,-1.488010936923047,3.1933750341413383,2.5723116654702736],""source"":""LATEST SUCCESSFUL PHASE5 SERVO_J COMMAND \u2014 DRIVER MEMORY"",""error"":null}}","{""left"":{""valid"":true,""fresh"":true,""status"":""FRESH"",""joints_rad"":[3.044556710502038,0.6253437915408595,-1.6017746992873194,1.4869754932044672,-0.061182516928661224,0.5972846567553223],""received_at_ms"":1788503670931,""age_ms"":22,""source"":""jaka_port10000_actual_feedback"",""mapping"":""port10000_joint_actual_position_deg_to_rad"",""error"":null},""right"":{""valid"":true,""fresh"":true,""status"":""FRESH"",""joints_rad"":[0.09687467466487046,2.5504784338719717,1.612083486514224,-1.4878762576314217,3.193739077382104,2.5686010601600544],""received_at_ms"":1788503670926,""age_ms"":27,""source"":""jaka_port10000_actual_feedback"",""mapping"":""port10000_joint_actual_position_deg_to_rad"",""error"":null}}","{""left"":{""values"":[-100.86188838278758,-6.061816330184229,0.0986328125,-2.76171875,0.0,0.93084716796875],""received_at_ms"":1788503650125,""valid"":true,""status"":""STALE"",""error"":""Torque sample age 20827 ms exceeds 1500 ms"",""source"":""/left_jaka_driver/joint_torque_raw"",""age_ms"":20827,""fresh"":false},""right"":{""values"":[100.91801631177077,-0.6735351477982476,-1.208251953125,2.589111328125,0.320556640625,0.38836669921875],""received_at_ms"":1788503650720,""valid"":true,""status"":""STALE"",""error"":""Torque sample age 20232 ms exceeds 1500 ms"",""source"":""/right_jaka_driver/joint_torque_raw"",""age_ms"":20232,""fresh"":false}}"
198,1788503671052,COMPLETED,18.0,"{""left"":{""valid"":true,""status"":""VALID"",""sample_index"":750,""time_from_start_s"":18.0,""joints_rad"":[3.0450602804554845,0.626721745147001,-1.607181010422846,1.4871193826507771,-0.06070293041925891,0.5934121097960219],""source"":""LATEST SUCCESSFUL PHASE5 SERVO_J COMMAND \u2014 DRIVER MEMORY"",""error"":null},""right"":{""valid"":true,""status"":""VALID"",""sample_index"":750,""time_from_start_s"":18.0,""joints_rad"":[0.09638667246286234,2.5492405555959423,1.6175774485263057,-1.4880238610454466,3.193331201064551,2.5726212919769362],""source"":""LATEST SUCCESSFUL PHASE5 SERVO_J COMMAND \u2014 DRIVER MEMORY"",""error"":null}}","{""left"":{""valid"":true,""fresh"":true,""status"":""FRESH"",""joints_rad"":[3.044892337317197,0.6264344477904307,-1.605789480165682,1.4870353579978108,-0.06075107153756823,0.5942285852350803],""received_at_ms"":1788503671001,""age_ms"":51,""source"":""jaka_port10000_actual_feedback"",""mapping"":""port10000_joint_actual_position_deg_to_rad"",""error"":null},""right"":{""valid"":true,""fresh"":true,""status"":""FRESH"",""joints_rad"":[0.09653904784971194,2.549531592752765,1.616313815555208,-1.4879961617510336,3.193355454012516,2.5716569571473715],""received_at_ms"":1788503671023,""age_ms"":29,""source"":""jaka_port10000_actual_feedback"",""mapping"":""port10000_joint_actual_position_deg_to_rad"",""error"":null}}","{""left"":{""values"":[-100.86188838278758,-6.061816330184229,0.0986328125,-2.76171875,0.0,0.93084716796875],""received_at_ms"":1788503650125,""valid"":true,""status"":""STALE"",""error"":""Torque sample age 20927 ms exceeds 1500 ms"",""source"":""/left_jaka_driver/joint_torque_raw"",""age_ms"":20927,""fresh"":false},""right"":{""values"":[100.91801631177077,-0.6735351477982476,-1.208251953125,2.589111328125,0.320556640625,0.38836669921875],""received_at_ms"":1788503650720,""valid"":true,""status"":""STALE"",""error"":""Torque sample age 20332 ms exceeds 1500 ms"",""source"":""/right_jaka_driver/joint_torque_raw"",""age_ms"":20332,""fresh"":false}}"
